date,location,location_name,value
2026-05-23,US,US,1088.0
2026-05-23,08,Colorado,8.0
2026-05-23,17,Illinois,21.0
2026-05-23,45,South Carolina,11.0
2026-05-23,50,Vermont,0.0
2026-05-23,05,Arkansas,8.0
2026-05-23,04,Arizona,53.0
2026-05-23,06,California,126.0
2026-05-23,13,Georgia,27.0
2026-05-23,38,North Dakota,7.0
2026-05-23,32,Nevada,22.0
2026-05-23,36,New York,44.0
2026-05-23,18,Indiana,14.0
2026-05-23,41,Oregon,4.0
2026-05-23,42,Pennsylvania,156.0
2026-05-23,49,Utah,3.0
2026-05-23,26,Michigan,17.0
2026-05-23,11,District of Columbia,0.0
2026-05-23,19,Iowa,0.0
2026-05-23,27,Minnesota,11.0
2026-05-23,30,Montana,2.0
2026-05-23,35,New Mexico,4.0
2026-05-23,55,Wisconsin,3.0
2026-05-23,09,Connecticut,2.0
2026-05-23,29,Missouri,13.0
2026-05-23,48,Texas,89.0
2026-05-23,33,New Hampshire,2.0
2026-05-23,72,Puerto Rico,82.0
2026-05-23,44,Rhode Island,4.0
2026-05-23,20,Kansas,5.0
2026-05-23,47,Tennessee,33.0
2026-05-23,12,Florida,117.0
2026-05-23,23,Maine,2.0
2026-05-23,54,West Virginia,2.0
2026-05-23,16,Idaho,3.0
2026-05-23,39,Ohio,14.0
2026-05-23,40,Oklahoma,7.0
2026-05-23,02,Alaska,0.0
2026-05-23,01,Alabama,14.0
2026-05-23,25,Massachusetts,10.0
2026-05-23,37,North Carolina,11.0
2026-05-23,46,South Dakota,4.0
2026-05-23,28,Mississippi,7.0
2026-05-23,34,New Jersey,31.0
2026-05-23,51,Virginia,15.0
2026-05-23,15,Hawaii,16.0
2026-05-23,21,Kentucky,6.0
2026-05-23,24,Maryland,11.0
2026-05-23,31,Nebraska,0.0
2026-05-23,53,Washington,15.0
2026-05-23,10,Delaware,2.0
2026-05-23,22,Louisiana,25.0
2026-05-23,56,Wyoming,5.0
2026-05-16,US,US,1256.0
2026-05-16,08,Colorado,12.0
2026-05-16,17,Illinois,24.0
2026-05-16,45,South Carolina,8.0
2026-05-16,50,Vermont,0.0
2026-05-16,05,Arkansas,9.0
2026-05-16,04,Arizona,62.0
2026-05-16,06,California,173.0
2026-05-16,13,Georgia,28.0
2026-05-16,38,North Dakota,7.0
2026-05-16,32,Nevada,31.0
2026-05-16,36,New York,42.0
2026-05-16,18,Indiana,18.0
2026-05-16,41,Oregon,10.0
2026-05-16,42,Pennsylvania,140.0
2026-05-16,49,Utah,7.0
2026-05-16,26,Michigan,23.0
2026-05-16,11,District of Columbia,1.0
2026-05-16,19,Iowa,4.0
2026-05-16,27,Minnesota,18.0
2026-05-16,30,Montana,2.0
2026-05-16,35,New Mexico,4.0
2026-05-16,55,Wisconsin,7.0
2026-05-16,09,Connecticut,5.0
2026-05-16,29,Missouri,9.0
2026-05-16,48,Texas,111.0
2026-05-16,33,New Hampshire,3.0
2026-05-16,72,Puerto Rico,72.0
2026-05-16,44,Rhode Island,10.0
2026-05-16,20,Kansas,3.0
2026-05-16,47,Tennessee,36.0
2026-05-16,12,Florida,111.0
2026-05-16,23,Maine,4.0
2026-05-16,54,West Virginia,5.0
2026-05-16,16,Idaho,8.0
2026-05-16,39,Ohio,14.0
2026-05-16,40,Oklahoma,10.0
2026-05-16,02,Alaska,0.0
2026-05-16,01,Alabama,23.0
2026-05-16,25,Massachusetts,17.0
2026-05-16,37,North Carolina,15.0
2026-05-16,46,South Dakota,3.0
2026-05-16,28,Mississippi,15.0
2026-05-16,34,New Jersey,37.0
2026-05-16,51,Virginia,18.0
2026-05-16,15,Hawaii,7.0
2026-05-16,21,Kentucky,13.0
2026-05-16,24,Maryland,13.0
2026-05-16,31,Nebraska,3.0
2026-05-16,53,Washington,28.0
2026-05-16,10,Delaware,5.0
2026-05-16,22,Louisiana,20.0
2026-05-16,56,Wyoming,8.0
2026-05-09,US,US,1455.0
2026-05-09,08,Colorado,15.0
2026-05-09,17,Illinois,44.0
2026-05-09,45,South Carolina,7.0
2026-05-09,50,Vermont,1.0
2026-05-09,05,Arkansas,7.0
2026-05-09,04,Arizona,51.0
2026-05-09,06,California,193.0
2026-05-09,13,Georgia,15.0
2026-05-09,38,North Dakota,3.0
2026-05-09,32,Nevada,46.0
2026-05-09,36,New York,77.0
2026-05-09,18,Indiana,18.0
2026-05-09,41,Oregon,13.0
2026-05-09,42,Pennsylvania,182.0
2026-05-09,49,Utah,11.0
2026-05-09,26,Michigan,21.0
2026-05-09,11,District of Columbia,0.0
2026-05-09,19,Iowa,4.0
2026-05-09,27,Minnesota,16.0
2026-05-09,30,Montana,5.0
2026-05-09,35,New Mexico,10.0
2026-05-09,55,Wisconsin,4.0
2026-05-09,09,Connecticut,8.0
2026-05-09,29,Missouri,13.0
2026-05-09,48,Texas,134.0
2026-05-09,33,New Hampshire,3.0
2026-05-09,72,Puerto Rico,64.0
2026-05-09,44,Rhode Island,6.0
2026-05-09,20,Kansas,3.0
2026-05-09,47,Tennessee,45.0
2026-05-09,12,Florida,148.0
2026-05-09,23,Maine,3.0
2026-05-09,54,West Virginia,3.0
2026-05-09,16,Idaho,8.0
2026-05-09,39,Ohio,22.0
2026-05-09,40,Oklahoma,8.0
2026-05-09,02,Alaska,4.0
2026-05-09,01,Alabama,20.0
2026-05-09,25,Massachusetts,19.0
2026-05-09,37,North Carolina,21.0
2026-05-09,46,South Dakota,7.0
2026-05-09,28,Mississippi,18.0
2026-05-09,34,New Jersey,42.0
2026-05-09,51,Virginia,14.0
2026-05-09,15,Hawaii,5.0
2026-05-09,21,Kentucky,9.0
2026-05-09,24,Maryland,20.0
2026-05-09,31,Nebraska,7.0
2026-05-09,53,Washington,29.0
2026-05-09,10,Delaware,4.0
2026-05-09,22,Louisiana,20.0
2026-05-09,56,Wyoming,5.0
2026-05-02,US,US,1636.0
2026-05-02,08,Colorado,28.0
2026-05-02,17,Illinois,27.0
2026-05-02,45,South Carolina,15.0
2026-05-02,50,Vermont,0.0
2026-05-02,05,Arkansas,7.0
2026-05-02,04,Arizona,71.0
2026-05-02,06,California,212.0
2026-05-02,13,Georgia,19.0
2026-05-02,38,North Dakota,5.0
2026-05-02,32,Nevada,44.0
2026-05-02,36,New York,78.0
2026-05-02,18,Indiana,21.0
2026-05-02,41,Oregon,13.0
2026-05-02,42,Pennsylvania,194.0
2026-05-02,49,Utah,10.0
2026-05-02,26,Michigan,28.0
2026-05-02,11,District of Columbia,1.0
2026-05-02,19,Iowa,12.0
2026-05-02,27,Minnesota,34.0
2026-05-02,30,Montana,0.0
2026-05-02,35,New Mexico,13.0
2026-05-02,55,Wisconsin,13.0
2026-05-02,09,Connecticut,9.0
2026-05-02,29,Missouri,8.0
2026-05-02,48,Texas,124.0
2026-05-02,33,New Hampshire,1.0
2026-05-02,72,Puerto Rico,104.0
2026-05-02,44,Rhode Island,4.0
2026-05-02,20,Kansas,4.0
2026-05-02,47,Tennessee,34.0
2026-05-02,12,Florida,163.0
2026-05-02,23,Maine,6.0
2026-05-02,54,West Virginia,8.0
2026-05-02,16,Idaho,7.0
2026-05-02,39,Ohio,27.0
2026-05-02,40,Oklahoma,7.0
2026-05-02,02,Alaska,3.0
2026-05-02,01,Alabama,20.0
2026-05-02,25,Massachusetts,30.0
2026-05-02,37,North Carolina,15.0
2026-05-02,46,South Dakota,5.0
2026-05-02,28,Mississippi,27.0
2026-05-02,34,New Jersey,40.0
2026-05-02,51,Virginia,24.0
2026-05-02,15,Hawaii,21.0
2026-05-02,21,Kentucky,21.0
2026-05-02,24,Maryland,12.0
2026-05-02,31,Nebraska,4.0
2026-05-02,53,Washington,29.0
2026-05-02,10,Delaware,4.0
2026-05-02,22,Louisiana,26.0
2026-05-02,56,Wyoming,4.0
2026-04-25,US,US,1870.0
2026-04-25,08,Colorado,39.0
2026-04-25,17,Illinois,78.0
2026-04-25,45,South Carolina,13.0
2026-04-25,50,Vermont,2.0
2026-04-25,05,Arkansas,7.0
2026-04-25,04,Arizona,69.0
2026-04-25,06,California,230.0
2026-04-25,13,Georgia,30.0
2026-04-25,38,North Dakota,7.0
2026-04-25,32,Nevada,30.0
2026-04-25,36,New York,76.0
2026-04-25,18,Indiana,21.0
2026-04-25,41,Oregon,10.0
2026-04-25,42,Pennsylvania,260.0
2026-04-25,49,Utah,13.0
2026-04-25,26,Michigan,34.0
2026-04-25,11,District of Columbia,2.0
2026-04-25,19,Iowa,17.0
2026-04-25,27,Minnesota,22.0
2026-04-25,30,Montana,4.0
2026-04-25,35,New Mexico,7.0
2026-04-25,55,Wisconsin,27.0
2026-04-25,09,Connecticut,18.0
2026-04-25,29,Missouri,16.0
2026-04-25,48,Texas,126.0
2026-04-25,33,New Hampshire,3.0
2026-04-25,72,Puerto Rico,74.0
2026-04-25,44,Rhode Island,4.0
2026-04-25,20,Kansas,9.0
2026-04-25,47,Tennessee,39.0
2026-04-25,12,Florida,185.0
2026-04-25,23,Maine,10.0
2026-04-25,54,West Virginia,16.0
2026-04-25,16,Idaho,7.0
2026-04-25,39,Ohio,37.0
2026-04-25,40,Oklahoma,7.0
2026-04-25,02,Alaska,5.0
2026-04-25,01,Alabama,28.0
2026-04-25,25,Massachusetts,27.0
2026-04-25,37,North Carolina,19.0
2026-04-25,46,South Dakota,8.0
2026-04-25,28,Mississippi,19.0
2026-04-25,34,New Jersey,44.0
2026-04-25,51,Virginia,19.0
2026-04-25,15,Hawaii,17.0
2026-04-25,21,Kentucky,32.0
2026-04-25,24,Maryland,11.0
2026-04-25,31,Nebraska,11.0
2026-04-25,53,Washington,39.0
2026-04-25,10,Delaware,6.0
2026-04-25,22,Louisiana,35.0
2026-04-25,56,Wyoming,1.0
2026-04-18,US,US,1936.0
2026-04-18,08,Colorado,20.0
2026-04-18,17,Illinois,85.0
2026-04-18,45,South Carolina,4.0
2026-04-18,50,Vermont,3.0
2026-04-18,05,Arkansas,3.0
2026-04-18,04,Arizona,61.0
2026-04-18,06,California,194.0
2026-04-18,13,Georgia,38.0
2026-04-18,38,North Dakota,10.0
2026-04-18,32,Nevada,20.0
2026-04-18,36,New York,142.0
2026-04-18,18,Indiana,39.0
2026-04-18,41,Oregon,10.0
2026-04-18,42,Pennsylvania,310.0
2026-04-18,49,Utah,5.0
2026-04-18,26,Michigan,50.0
2026-04-18,11,District of Columbia,5.0
2026-04-18,19,Iowa,16.0
2026-04-18,27,Minnesota,23.0
2026-04-18,30,Montana,5.0
2026-04-18,35,New Mexico,11.0
2026-04-18,55,Wisconsin,32.0
2026-04-18,09,Connecticut,34.0
2026-04-18,29,Missouri,24.0
2026-04-18,48,Texas,119.0
2026-04-18,33,New Hampshire,9.0
2026-04-18,72,Puerto Rico,85.0
2026-04-18,44,Rhode Island,11.0
2026-04-18,20,Kansas,7.0
2026-04-18,47,Tennessee,47.0
2026-04-18,12,Florida,170.0
2026-04-18,23,Maine,3.0
2026-04-18,54,West Virginia,29.0
2026-04-18,16,Idaho,7.0
2026-04-18,39,Ohio,28.0
2026-04-18,40,Oklahoma,7.0
2026-04-18,02,Alaska,3.0
2026-04-18,01,Alabama,26.0
2026-04-18,25,Massachusetts,45.0
2026-04-18,37,North Carolina,13.0
2026-04-18,46,South Dakota,5.0
2026-04-18,28,Mississippi,14.0
2026-04-18,34,New Jersey,29.0
2026-04-18,51,Virginia,13.0
2026-04-18,15,Hawaii,4.0
2026-04-18,21,Kentucky,35.0
2026-04-18,24,Maryland,6.0
2026-04-18,31,Nebraska,8.0
2026-04-18,53,Washington,40.0
2026-04-18,10,Delaware,2.0
2026-04-18,22,Louisiana,20.0
2026-04-18,56,Wyoming,6.0
2026-04-11,US,US,2228.0
2026-04-11,08,Colorado,25.0
2026-04-11,17,Illinois,96.0
2026-04-11,45,South Carolina,11.0
2026-04-11,50,Vermont,3.0
2026-04-11,05,Arkansas,9.0
2026-04-11,04,Arizona,67.0
2026-04-11,06,California,259.0
2026-04-11,13,Georgia,42.0
2026-04-11,38,North Dakota,11.0
2026-04-11,32,Nevada,21.0
2026-04-11,36,New York,169.0
2026-04-11,18,Indiana,31.0
2026-04-11,41,Oregon,5.0
2026-04-11,42,Pennsylvania,345.0
2026-04-11,49,Utah,6.0
2026-04-11,26,Michigan,72.0
2026-04-11,11,District of Columbia,1.0
2026-04-11,19,Iowa,17.0
2026-04-11,27,Minnesota,25.0
2026-04-11,30,Montana,9.0
2026-04-11,35,New Mexico,9.0
2026-04-11,55,Wisconsin,58.0
2026-04-11,09,Connecticut,29.0
2026-04-11,29,Missouri,37.0
2026-04-11,48,Texas,131.0
2026-04-11,33,New Hampshire,6.0
2026-04-11,72,Puerto Rico,65.0
2026-04-11,44,Rhode Island,18.0
2026-04-11,20,Kansas,11.0
2026-04-11,47,Tennessee,50.0
2026-04-11,12,Florida,155.0
2026-04-11,23,Maine,6.0
2026-04-11,54,West Virginia,11.0
2026-04-11,16,Idaho,15.0
2026-04-11,39,Ohio,42.0
2026-04-11,40,Oklahoma,6.0
2026-04-11,02,Alaska,10.0
2026-04-11,01,Alabama,33.0
2026-04-11,25,Massachusetts,52.0
2026-04-11,37,North Carolina,26.0
2026-04-11,46,South Dakota,10.0
2026-04-11,28,Mississippi,13.0
2026-04-11,34,New Jersey,53.0
2026-04-11,51,Virginia,21.0
2026-04-11,15,Hawaii,4.0
2026-04-11,21,Kentucky,37.0
2026-04-11,24,Maryland,9.0
2026-04-11,31,Nebraska,9.0
2026-04-11,53,Washington,41.0
2026-04-11,10,Delaware,6.0
2026-04-11,22,Louisiana,22.0
2026-04-11,56,Wyoming,9.0
2026-04-04,US,US,2895.0
2026-04-04,08,Colorado,34.0
2026-04-04,17,Illinois,103.0
2026-04-04,45,South Carolina,13.0
2026-04-04,50,Vermont,7.0
2026-04-04,05,Arkansas,22.0
2026-04-04,04,Arizona,74.0
2026-04-04,06,California,309.0
2026-04-04,13,Georgia,73.0
2026-04-04,38,North Dakota,10.0
2026-04-04,32,Nevada,34.0
2026-04-04,36,New York,217.0
2026-04-04,18,Indiana,51.0
2026-04-04,41,Oregon,13.0
2026-04-04,42,Pennsylvania,486.0
2026-04-04,49,Utah,3.0
2026-04-04,26,Michigan,78.0
2026-04-04,11,District of Columbia,1.0
2026-04-04,19,Iowa,20.0
2026-04-04,27,Minnesota,33.0
2026-04-04,30,Montana,14.0
2026-04-04,35,New Mexico,11.0
2026-04-04,55,Wisconsin,71.0
2026-04-04,09,Connecticut,34.0
2026-04-04,29,Missouri,44.0
2026-04-04,48,Texas,178.0
2026-04-04,33,New Hampshire,17.0
2026-04-04,72,Puerto Rico,111.0
2026-04-04,44,Rhode Island,16.0
2026-04-04,20,Kansas,14.0
2026-04-04,47,Tennessee,63.0
2026-04-04,12,Florida,201.0
2026-04-04,23,Maine,8.0
2026-04-04,54,West Virginia,18.0
2026-04-04,16,Idaho,26.0
2026-04-04,39,Ohio,35.0
2026-04-04,40,Oklahoma,45.0
2026-04-04,02,Alaska,7.0
2026-04-04,01,Alabama,30.0
2026-04-04,25,Massachusetts,38.0
2026-04-04,37,North Carolina,35.0
2026-04-04,46,South Dakota,11.0
2026-04-04,28,Mississippi,18.0
2026-04-04,34,New Jersey,65.0
2026-04-04,51,Virginia,26.0
2026-04-04,15,Hawaii,2.0
2026-04-04,21,Kentucky,51.0
2026-04-04,24,Maryland,10.0
2026-04-04,31,Nebraska,15.0
2026-04-04,53,Washington,55.0
2026-04-04,10,Delaware,7.0
2026-04-04,22,Louisiana,26.0
2026-04-04,56,Wyoming,10.0
2026-03-28,US,US,3300.0
2026-03-28,08,Colorado,34.0
2026-03-28,17,Illinois,103.0
2026-03-28,45,South Carolina,15.0
2026-03-28,50,Vermont,11.0
2026-03-28,05,Arkansas,31.0
2026-03-28,04,Arizona,125.0
2026-03-28,06,California,426.0
2026-03-28,13,Georgia,55.0
2026-03-28,38,North Dakota,15.0
2026-03-28,32,Nevada,45.0
2026-03-28,36,New York,190.0
2026-03-28,18,Indiana,58.0
2026-03-28,41,Oregon,24.0
2026-03-28,42,Pennsylvania,375.0
2026-03-28,49,Utah,8.0
2026-03-28,26,Michigan,96.0
2026-03-28,11,District of Columbia,0.0
2026-03-28,19,Iowa,28.0
2026-03-28,27,Minnesota,36.0
2026-03-28,30,Montana,13.0
2026-03-28,35,New Mexico,13.0
2026-03-28,55,Wisconsin,100.0
2026-03-28,09,Connecticut,41.0
2026-03-28,29,Missouri,59.0
2026-03-28,48,Texas,251.0
2026-03-28,33,New Hampshire,15.0
2026-03-28,72,Puerto Rico,55.0
2026-03-28,44,Rhode Island,11.0
2026-03-28,20,Kansas,17.0
2026-03-28,47,Tennessee,81.0
2026-03-28,12,Florida,334.0
2026-03-28,23,Maine,10.0
2026-03-28,54,West Virginia,24.0
2026-03-28,16,Idaho,47.0
2026-03-28,39,Ohio,60.0
2026-03-28,40,Oklahoma,23.0
2026-03-28,02,Alaska,9.0
2026-03-28,01,Alabama,45.0
2026-03-28,25,Massachusetts,46.0
2026-03-28,37,North Carolina,47.0
2026-03-28,46,South Dakota,13.0
2026-03-28,28,Mississippi,31.0
2026-03-28,34,New Jersey,63.0
2026-03-28,51,Virginia,29.0
2026-03-28,15,Hawaii,3.0
2026-03-28,21,Kentucky,64.0
2026-03-28,24,Maryland,9.0
2026-03-28,31,Nebraska,17.0
2026-03-28,53,Washington,48.0
2026-03-28,10,Delaware,4.0
2026-03-28,22,Louisiana,38.0
2026-03-28,56,Wyoming,4.0
2026-03-21,US,US,6075.0
2026-03-21,08,Colorado,97.0
2026-03-21,17,Illinois,185.0
2026-03-21,45,South Carolina,53.0
2026-03-21,50,Vermont,6.0
2026-03-21,05,Arkansas,46.0
2026-03-21,04,Arizona,136.0
2026-03-21,06,California,701.0
2026-03-21,13,Georgia,99.0
2026-03-21,38,North Dakota,24.0
2026-03-21,32,Nevada,48.0
2026-03-21,36,New York,252.0
2026-03-21,18,Indiana,185.0
2026-03-21,41,Oregon,49.0
2026-03-21,42,Pennsylvania,682.0
2026-03-21,49,Utah,49.0
2026-03-21,26,Michigan,165.0
2026-03-21,11,District of Columbia,1.0
2026-03-21,19,Iowa,68.0
2026-03-21,27,Minnesota,114.0
2026-03-21,30,Montana,34.0
2026-03-21,35,New Mexico,48.0
2026-03-21,55,Wisconsin,136.0
2026-03-21,09,Connecticut,32.0
2026-03-21,29,Missouri,124.0
2026-03-21,48,Texas,411.0
2026-03-21,33,New Hampshire,27.0
2026-03-21,72,Puerto Rico,151.0
2026-03-21,44,Rhode Island,11.0
2026-03-21,20,Kansas,45.0
2026-03-21,47,Tennessee,145.0
2026-03-21,12,Florida,495.0
2026-03-21,23,Maine,26.0
2026-03-21,54,West Virginia,68.0
2026-03-21,16,Idaho,50.0
2026-03-21,39,Ohio,257.0
2026-03-21,40,Oklahoma,67.0
2026-03-21,02,Alaska,10.0
2026-03-21,01,Alabama,58.0
2026-03-21,25,Massachusetts,38.0
2026-03-21,37,North Carolina,82.0
2026-03-21,46,South Dakota,27.0
2026-03-21,28,Mississippi,64.0
2026-03-21,34,New Jersey,161.0
2026-03-21,51,Virginia,89.0
2026-03-21,15,Hawaii,24.0
2026-03-21,21,Kentucky,122.0
2026-03-21,24,Maryland,52.0
2026-03-21,31,Nebraska,41.0
2026-03-21,53,Washington,79.0
2026-03-21,10,Delaware,24.0
2026-03-21,22,Louisiana,98.0
2026-03-21,56,Wyoming,13.0
2026-03-14,US,US,7781.0
2026-03-14,08,Colorado,110.0
2026-03-14,17,Illinois,240.0
2026-03-14,45,South Carolina,72.0
2026-03-14,50,Vermont,12.0
2026-03-14,05,Arkansas,78.0
2026-03-14,04,Arizona,196.0
2026-03-14,06,California,671.0
2026-03-14,13,Georgia,150.0
2026-03-14,38,North Dakota,22.0
2026-03-14,32,Nevada,51.0
2026-03-14,36,New York,270.0
2026-03-14,18,Indiana,246.0
2026-03-14,41,Oregon,102.0
2026-03-14,42,Pennsylvania,891.0
2026-03-14,49,Utah,19.0
2026-03-14,26,Michigan,217.0
2026-03-14,11,District of Columbia,8.0
2026-03-14,19,Iowa,112.0
2026-03-14,27,Minnesota,130.0
2026-03-14,30,Montana,51.0
2026-03-14,35,New Mexico,61.0
2026-03-14,55,Wisconsin,148.0
2026-03-14,09,Connecticut,36.0
2026-03-14,29,Missouri,221.0
2026-03-14,48,Texas,436.0
2026-03-14,33,New Hampshire,21.0
2026-03-14,72,Puerto Rico,123.0
2026-03-14,44,Rhode Island,14.0
2026-03-14,20,Kansas,62.0
2026-03-14,47,Tennessee,176.0
2026-03-14,12,Florida,736.0
2026-03-14,23,Maine,30.0
2026-03-14,54,West Virginia,105.0
2026-03-14,16,Idaho,75.0
2026-03-14,39,Ohio,417.0
2026-03-14,40,Oklahoma,116.0
2026-03-14,02,Alaska,13.0
2026-03-14,01,Alabama,105.0
2026-03-14,25,Massachusetts,58.0
2026-03-14,37,North Carolina,137.0
2026-03-14,46,South Dakota,20.0
2026-03-14,28,Mississippi,100.0
2026-03-14,34,New Jersey,171.0
2026-03-14,51,Virginia,122.0
2026-03-14,15,Hawaii,19.0
2026-03-14,21,Kentucky,221.0
2026-03-14,24,Maryland,51.0
2026-03-14,31,Nebraska,54.0
2026-03-14,53,Washington,91.0
2026-03-14,10,Delaware,38.0
2026-03-14,22,Louisiana,139.0
2026-03-14,56,Wyoming,11.0
2026-03-07,US,US,9589.0
2026-03-07,08,Colorado,99.0
2026-03-07,17,Illinois,381.0
2026-03-07,45,South Carolina,96.0
2026-03-07,50,Vermont,15.0
2026-03-07,05,Arkansas,108.0
2026-03-07,04,Arizona,237.0
2026-03-07,06,California,974.0
2026-03-07,13,Georgia,225.0
2026-03-07,38,North Dakota,27.0
2026-03-07,32,Nevada,60.0
2026-03-07,36,New York,259.0
2026-03-07,18,Indiana,288.0
2026-03-07,41,Oregon,147.0
2026-03-07,42,Pennsylvania,853.0
2026-03-07,49,Utah,19.0
2026-03-07,26,Michigan,247.0
2026-03-07,11,District of Columbia,12.0
2026-03-07,19,Iowa,77.0
2026-03-07,27,Minnesota,157.0
2026-03-07,30,Montana,38.0
2026-03-07,35,New Mexico,68.0
2026-03-07,55,Wisconsin,166.0
2026-03-07,09,Connecticut,36.0
2026-03-07,29,Missouri,250.0
2026-03-07,48,Texas,722.0
2026-03-07,33,New Hampshire,35.0
2026-03-07,72,Puerto Rico,89.0
2026-03-07,44,Rhode Island,17.0
2026-03-07,20,Kansas,102.0
2026-03-07,47,Tennessee,199.0
2026-03-07,12,Florida,1036.0
2026-03-07,23,Maine,35.0
2026-03-07,54,West Virginia,102.0
2026-03-07,16,Idaho,68.0
2026-03-07,39,Ohio,459.0
2026-03-07,40,Oklahoma,155.0
2026-03-07,02,Alaska,16.0
2026-03-07,01,Alabama,145.0
2026-03-07,25,Massachusetts,83.0
2026-03-07,37,North Carolina,199.0
2026-03-07,46,South Dakota,40.0
2026-03-07,28,Mississippi,135.0
2026-03-07,34,New Jersey,173.0
2026-03-07,51,Virginia,187.0
2026-03-07,15,Hawaii,18.0
2026-03-07,21,Kentucky,241.0
2026-03-07,24,Maryland,48.0
2026-03-07,31,Nebraska,59.0
2026-03-07,53,Washington,158.0
2026-03-07,10,Delaware,31.0
2026-03-07,22,Louisiana,186.0
2026-03-07,56,Wyoming,10.0
2026-02-28,US,US,11142.0
2026-02-28,08,Colorado,118.0
2026-02-28,17,Illinois,355.0
2026-02-28,45,South Carolina,184.0
2026-02-28,50,Vermont,14.0
2026-02-28,05,Arkansas,125.0
2026-02-28,04,Arizona,284.0
2026-02-28,06,California,1314.0
2026-02-28,13,Georgia,245.0
2026-02-28,38,North Dakota,18.0
2026-02-28,32,Nevada,68.0
2026-02-28,36,New York,314.0
2026-02-28,18,Indiana,292.0
2026-02-28,41,Oregon,197.0
2026-02-28,42,Pennsylvania,804.0
2026-02-28,49,Utah,43.0
2026-02-28,26,Michigan,292.0
2026-02-28,11,District of Columbia,5.0
2026-02-28,19,Iowa,119.0
2026-02-28,27,Minnesota,136.0
2026-02-28,30,Montana,47.0
2026-02-28,35,New Mexico,94.0
2026-02-28,55,Wisconsin,205.0
2026-02-28,09,Connecticut,39.0
2026-02-28,29,Missouri,305.0
2026-02-28,48,Texas,779.0
2026-02-28,33,New Hampshire,32.0
2026-02-28,72,Puerto Rico,109.0
2026-02-28,44,Rhode Island,23.0
2026-02-28,20,Kansas,130.0
2026-02-28,47,Tennessee,248.0
2026-02-28,12,Florida,1304.0
2026-02-28,23,Maine,43.0
2026-02-28,54,West Virginia,133.0
2026-02-28,16,Idaho,106.0
2026-02-28,39,Ohio,522.0
2026-02-28,40,Oklahoma,183.0
2026-02-28,02,Alaska,5.0
2026-02-28,01,Alabama,180.0
2026-02-28,25,Massachusetts,79.0
2026-02-28,37,North Carolina,233.0
2026-02-28,46,South Dakota,49.0
2026-02-28,28,Mississippi,151.0
2026-02-28,34,New Jersey,220.0
2026-02-28,51,Virginia,209.0
2026-02-28,15,Hawaii,9.0
2026-02-28,21,Kentucky,195.0
2026-02-28,24,Maryland,38.0
2026-02-28,31,Nebraska,84.0
2026-02-28,53,Washington,190.0
2026-02-28,10,Delaware,40.0
2026-02-28,22,Louisiana,215.0
2026-02-28,56,Wyoming,15.0
2026-02-21,US,US,14710.0
2026-02-21,08,Colorado,119.0
2026-02-21,17,Illinois,579.0
2026-02-21,45,South Carolina,258.0
2026-02-21,50,Vermont,22.0
2026-02-21,05,Arkansas,173.0
2026-02-21,04,Arizona,354.0
2026-02-21,06,California,1566.0
2026-02-21,13,Georgia,374.0
2026-02-21,38,North Dakota,22.0
2026-02-21,32,Nevada,90.0
2026-02-21,36,New York,325.0
2026-02-21,18,Indiana,359.0
2026-02-21,41,Oregon,309.0
2026-02-21,42,Pennsylvania,774.0
2026-02-21,49,Utah,65.0
2026-02-21,26,Michigan,341.0
2026-02-21,11,District of Columbia,7.0
2026-02-21,19,Iowa,199.0
2026-02-21,27,Minnesota,196.0
2026-02-21,30,Montana,53.0
2026-02-21,35,New Mexico,94.0
2026-02-21,55,Wisconsin,253.0
2026-02-21,09,Connecticut,33.0
2026-02-21,29,Missouri,441.0
2026-02-21,48,Texas,1037.0
2026-02-21,33,New Hampshire,55.0
2026-02-21,72,Puerto Rico,177.0
2026-02-21,44,Rhode Island,21.0
2026-02-21,20,Kansas,190.0
2026-02-21,47,Tennessee,321.0
2026-02-21,12,Florida,2027.0
2026-02-21,23,Maine,59.0
2026-02-21,54,West Virginia,147.0
2026-02-21,16,Idaho,119.0
2026-02-21,39,Ohio,663.0
2026-02-21,40,Oklahoma,254.0
2026-02-21,02,Alaska,8.0
2026-02-21,01,Alabama,333.0
2026-02-21,25,Massachusetts,89.0
2026-02-21,37,North Carolina,298.0
2026-02-21,46,South Dakota,55.0
2026-02-21,28,Mississippi,227.0
2026-02-21,34,New Jersey,231.0
2026-02-21,51,Virginia,284.0
2026-02-21,15,Hawaii,20.0
2026-02-21,21,Kentucky,243.0
2026-02-21,24,Maryland,70.0
2026-02-21,31,Nebraska,141.0
2026-02-21,53,Washington,230.0
2026-02-21,10,Delaware,49.0
2026-02-21,22,Louisiana,342.0
2026-02-21,56,Wyoming,13.0
2026-02-14,US,US,16222.0
2026-02-14,08,Colorado,128.0
2026-02-14,17,Illinois,557.0
2026-02-14,45,South Carolina,234.0
2026-02-14,50,Vermont,25.0
2026-02-14,05,Arkansas,234.0
2026-02-14,04,Arizona,415.0
2026-02-14,06,California,2151.0
2026-02-14,13,Georgia,440.0
2026-02-14,38,North Dakota,30.0
2026-02-14,32,Nevada,120.0
2026-02-14,36,New York,268.0
2026-02-14,18,Indiana,277.0
2026-02-14,41,Oregon,400.0
2026-02-14,42,Pennsylvania,784.0
2026-02-14,49,Utah,74.0
2026-02-14,26,Michigan,283.0
2026-02-14,11,District of Columbia,9.0
2026-02-14,19,Iowa,222.0
2026-02-14,27,Minnesota,200.0
2026-02-14,30,Montana,92.0
2026-02-14,35,New Mexico,78.0
2026-02-14,55,Wisconsin,258.0
2026-02-14,09,Connecticut,32.0
2026-02-14,29,Missouri,457.0
2026-02-14,48,Texas,1346.0
2026-02-14,33,New Hampshire,60.0
2026-02-14,72,Puerto Rico,137.0
2026-02-14,44,Rhode Island,14.0
2026-02-14,20,Kansas,211.0
2026-02-14,47,Tennessee,323.0
2026-02-14,12,Florida,2484.0
2026-02-14,23,Maine,47.0
2026-02-14,54,West Virginia,123.0
2026-02-14,16,Idaho,116.0
2026-02-14,39,Ohio,528.0
2026-02-14,40,Oklahoma,310.0
2026-02-14,02,Alaska,15.0
2026-02-14,01,Alabama,437.0
2026-02-14,25,Massachusetts,84.0
2026-02-14,37,North Carolina,266.0
2026-02-14,46,South Dakota,47.0
2026-02-14,28,Mississippi,243.0
2026-02-14,34,New Jersey,193.0
2026-02-14,51,Virginia,215.0
2026-02-14,15,Hawaii,23.0
2026-02-14,21,Kentucky,223.0
2026-02-14,24,Maryland,78.0
2026-02-14,31,Nebraska,152.0
2026-02-14,53,Washington,275.0
2026-02-14,10,Delaware,48.0
2026-02-14,22,Louisiana,425.0
2026-02-14,56,Wyoming,29.0
2026-02-07,US,US,15939.0
2026-02-07,08,Colorado,112.0
2026-02-07,17,Illinois,532.0
2026-02-07,45,South Carolina,255.0
2026-02-07,50,Vermont,32.0
2026-02-07,05,Arkansas,175.0
2026-02-07,04,Arizona,346.0
2026-02-07,06,California,2074.0
2026-02-07,13,Georgia,363.0
2026-02-07,38,North Dakota,42.0
2026-02-07,32,Nevada,104.0
2026-02-07,36,New York,297.0
2026-02-07,18,Indiana,350.0
2026-02-07,41,Oregon,573.0
2026-02-07,42,Pennsylvania,842.0
2026-02-07,49,Utah,91.0
2026-02-07,26,Michigan,303.0
2026-02-07,11,District of Columbia,10.0
2026-02-07,19,Iowa,231.0
2026-02-07,27,Minnesota,183.0
2026-02-07,30,Montana,84.0
2026-02-07,35,New Mexico,166.0
2026-02-07,55,Wisconsin,284.0
2026-02-07,09,Connecticut,55.0
2026-02-07,29,Missouri,410.0
2026-02-07,48,Texas,1390.0
2026-02-07,33,New Hampshire,61.0
2026-02-07,72,Puerto Rico,150.0
2026-02-07,44,Rhode Island,24.0
2026-02-07,20,Kansas,214.0
2026-02-07,47,Tennessee,318.0
2026-02-07,12,Florida,1928.0
2026-02-07,23,Maine,68.0
2026-02-07,54,West Virginia,154.0
2026-02-07,16,Idaho,107.0
2026-02-07,39,Ohio,514.0
2026-02-07,40,Oklahoma,238.0
2026-02-07,02,Alaska,16.0
2026-02-07,01,Alabama,355.0
2026-02-07,25,Massachusetts,120.0
2026-02-07,37,North Carolina,369.0
2026-02-07,46,South Dakota,57.0
2026-02-07,28,Mississippi,200.0
2026-02-07,34,New Jersey,202.0
2026-02-07,51,Virginia,279.0
2026-02-07,15,Hawaii,32.0
2026-02-07,21,Kentucky,260.0
2026-02-07,24,Maryland,90.0
2026-02-07,31,Nebraska,143.0
2026-02-07,53,Washington,334.0
2026-02-07,10,Delaware,51.0
2026-02-07,22,Louisiana,326.0
2026-02-07,56,Wyoming,21.0
2026-01-31,US,US,15729.0
2026-01-31,08,Colorado,149.0
2026-01-31,17,Illinois,554.0
2026-01-31,45,South Carolina,260.0
2026-01-31,50,Vermont,27.0
2026-01-31,05,Arkansas,212.0
2026-01-31,04,Arizona,263.0
2026-01-31,06,California,1648.0
2026-01-31,13,Georgia,339.0
2026-01-31,38,North Dakota,61.0
2026-01-31,32,Nevada,115.0
2026-01-31,36,New York,411.0
2026-01-31,18,Indiana,335.0
2026-01-31,41,Oregon,432.0
2026-01-31,42,Pennsylvania,1039.0
2026-01-31,49,Utah,66.0
2026-01-31,26,Michigan,332.0
2026-01-31,11,District of Columbia,15.0
2026-01-31,19,Iowa,223.0
2026-01-31,27,Minnesota,211.0
2026-01-31,30,Montana,79.0
2026-01-31,35,New Mexico,105.0
2026-01-31,55,Wisconsin,267.0
2026-01-31,09,Connecticut,83.0
2026-01-31,29,Missouri,437.0
2026-01-31,48,Texas,1320.0
2026-01-31,33,New Hampshire,49.0
2026-01-31,72,Puerto Rico,189.0
2026-01-31,44,Rhode Island,30.0
2026-01-31,20,Kansas,214.0
2026-01-31,47,Tennessee,373.0
2026-01-31,12,Florida,1579.0
2026-01-31,23,Maine,69.0
2026-01-31,54,West Virginia,218.0
2026-01-31,16,Idaho,101.0
2026-01-31,39,Ohio,610.0
2026-01-31,40,Oklahoma,239.0
2026-01-31,02,Alaska,28.0
2026-01-31,01,Alabama,262.0
2026-01-31,25,Massachusetts,238.0
2026-01-31,37,North Carolina,418.0
2026-01-31,46,South Dakota,61.0
2026-01-31,28,Mississippi,132.0
2026-01-31,34,New Jersey,298.0
2026-01-31,51,Virginia,381.0
2026-01-31,15,Hawaii,26.0
2026-01-31,21,Kentucky,289.0
2026-01-31,24,Maryland,113.0
2026-01-31,31,Nebraska,129.0
2026-01-31,53,Washington,298.0
2026-01-31,10,Delaware,74.0
2026-01-31,22,Louisiana,318.0
2026-01-31,56,Wyoming,10.0
2026-01-24,US,US,16802.0
2026-01-24,08,Colorado,183.0
2026-01-24,17,Illinois,654.0
2026-01-24,45,South Carolina,241.0
2026-01-24,50,Vermont,28.0
2026-01-24,05,Arkansas,167.0
2026-01-24,04,Arizona,198.0
2026-01-24,06,California,1624.0
2026-01-24,13,Georgia,341.0
2026-01-24,38,North Dakota,72.0
2026-01-24,32,Nevada,97.0
2026-01-24,36,New York,692.0
2026-01-24,18,Indiana,316.0
2026-01-24,41,Oregon,245.0
2026-01-24,42,Pennsylvania,1232.0
2026-01-24,49,Utah,77.0
2026-01-24,26,Michigan,413.0
2026-01-24,11,District of Columbia,33.0
2026-01-24,19,Iowa,241.0
2026-01-24,27,Minnesota,329.0
2026-01-24,30,Montana,64.0
2026-01-24,35,New Mexico,138.0
2026-01-24,55,Wisconsin,361.0
2026-01-24,09,Connecticut,117.0
2026-01-24,29,Missouri,454.0
2026-01-24,48,Texas,1376.0
2026-01-24,33,New Hampshire,118.0
2026-01-24,72,Puerto Rico,212.0
2026-01-24,44,Rhode Island,61.0
2026-01-24,20,Kansas,213.0
2026-01-24,47,Tennessee,312.0
2026-01-24,12,Florida,1533.0
2026-01-24,23,Maine,81.0
2026-01-24,54,West Virginia,186.0
2026-01-24,16,Idaho,97.0
2026-01-24,39,Ohio,724.0
2026-01-24,40,Oklahoma,166.0
2026-01-24,02,Alaska,26.0
2026-01-24,01,Alabama,250.0
2026-01-24,25,Massachusetts,269.0
2026-01-24,37,North Carolina,497.0
2026-01-24,46,South Dakota,67.0
2026-01-24,28,Mississippi,115.0
2026-01-24,34,New Jersey,399.0
2026-01-24,51,Virginia,449.0
2026-01-24,15,Hawaii,45.0
2026-01-24,21,Kentucky,283.0
2026-01-24,24,Maryland,169.0
2026-01-24,31,Nebraska,145.0
2026-01-24,53,Washington,236.0
2026-01-24,10,Delaware,101.0
2026-01-24,22,Louisiana,334.0
2026-01-24,56,Wyoming,18.0
2026-01-17,US,US,19731.0
2026-01-17,08,Colorado,270.0
2026-01-17,17,Illinois,751.0
2026-01-17,45,South Carolina,300.0
2026-01-17,50,Vermont,34.0
2026-01-17,05,Arkansas,142.0
2026-01-17,04,Arizona,145.0
2026-01-17,06,California,1396.0
2026-01-17,13,Georgia,349.0
2026-01-17,38,North Dakota,95.0
2026-01-17,32,Nevada,129.0
2026-01-17,36,New York,1233.0
2026-01-17,18,Indiana,383.0
2026-01-17,41,Oregon,203.0
2026-01-17,42,Pennsylvania,1867.0
2026-01-17,49,Utah,95.0
2026-01-17,26,Michigan,534.0
2026-01-17,11,District of Columbia,50.0
2026-01-17,19,Iowa,261.0
2026-01-17,27,Minnesota,415.0
2026-01-17,30,Montana,82.0
2026-01-17,35,New Mexico,147.0
2026-01-17,55,Wisconsin,452.0
2026-01-17,09,Connecticut,240.0
2026-01-17,29,Missouri,523.0
2026-01-17,48,Texas,1208.0
2026-01-17,33,New Hampshire,154.0
2026-01-17,72,Puerto Rico,297.0
2026-01-17,44,Rhode Island,83.0
2026-01-17,20,Kansas,189.0
2026-01-17,47,Tennessee,315.0
2026-01-17,12,Florida,1788.0
2026-01-17,23,Maine,118.0
2026-01-17,54,West Virginia,170.0
2026-01-17,16,Idaho,120.0
2026-01-17,39,Ohio,858.0
2026-01-17,40,Oklahoma,168.0
2026-01-17,02,Alaska,38.0
2026-01-17,01,Alabama,206.0
2026-01-17,25,Massachusetts,520.0
2026-01-17,37,North Carolina,617.0
2026-01-17,46,South Dakota,78.0
2026-01-17,28,Mississippi,142.0
2026-01-17,34,New Jersey,653.0
2026-01-17,51,Virginia,461.0
2026-01-17,15,Hawaii,50.0
2026-01-17,21,Kentucky,329.0
2026-01-17,24,Maryland,282.0
2026-01-17,31,Nebraska,125.0
2026-01-17,53,Washington,206.0
2026-01-17,10,Delaware,134.0
2026-01-17,22,Louisiana,296.0
2026-01-17,56,Wyoming,26.0
2026-01-10,US,US,29887.0
2026-01-10,08,Colorado,475.0
2026-01-10,17,Illinois,1193.0
2026-01-10,45,South Carolina,559.0
2026-01-10,50,Vermont,48.0
2026-01-10,05,Arkansas,165.0
2026-01-10,04,Arizona,223.0
2026-01-10,06,California,1494.0
2026-01-10,13,Georgia,705.0
2026-01-10,38,North Dakota,103.0
2026-01-10,32,Nevada,199.0
2026-01-10,36,New York,2387.0
2026-01-10,18,Indiana,642.0
2026-01-10,41,Oregon,170.0
2026-01-10,42,Pennsylvania,2245.0
2026-01-10,49,Utah,160.0
2026-01-10,26,Michigan,931.0
2026-01-10,11,District of Columbia,83.0
2026-01-10,19,Iowa,280.0
2026-01-10,27,Minnesota,705.0
2026-01-10,30,Montana,123.0
2026-01-10,35,New Mexico,247.0
2026-01-10,55,Wisconsin,722.0
2026-01-10,09,Connecticut,478.0
2026-01-10,29,Missouri,522.0
2026-01-10,48,Texas,1828.0
2026-01-10,33,New Hampshire,224.0
2026-01-10,72,Puerto Rico,309.0
2026-01-10,44,Rhode Island,159.0
2026-01-10,20,Kansas,268.0
2026-01-10,47,Tennessee,519.0
2026-01-10,12,Florida,2469.0
2026-01-10,23,Maine,172.0
2026-01-10,54,West Virginia,203.0
2026-01-10,16,Idaho,157.0
2026-01-10,39,Ohio,1379.0
2026-01-10,40,Oklahoma,169.0
2026-01-10,02,Alaska,46.0
2026-01-10,01,Alabama,316.0
2026-01-10,25,Massachusetts,914.0
2026-01-10,37,North Carolina,1360.0
2026-01-10,46,South Dakota,64.0
2026-01-10,28,Mississippi,194.0
2026-01-10,34,New Jersey,1208.0
2026-01-10,51,Virginia,862.0
2026-01-10,15,Hawaii,83.0
2026-01-10,21,Kentucky,438.0
2026-01-10,24,Maryland,587.0
2026-01-10,31,Nebraska,165.0
2026-01-10,53,Washington,261.0
2026-01-10,10,Delaware,174.0
2026-01-10,22,Louisiana,438.0
2026-01-10,56,Wyoming,56.0
2026-01-03,US,US,42548.0
2026-01-03,08,Colorado,830.0
2026-01-03,17,Illinois,1741.0
2026-01-03,45,South Carolina,891.0
2026-01-03,50,Vermont,58.0
2026-01-03,05,Arkansas,280.0
2026-01-03,04,Arizona,362.0
2026-01-03,06,California,1568.0
2026-01-03,13,Georgia,1316.0
2026-01-03,38,North Dakota,159.0
2026-01-03,32,Nevada,251.0
2026-01-03,36,New York,3800.0
2026-01-03,18,Indiana,906.0
2026-01-03,41,Oregon,198.0
2026-01-03,42,Pennsylvania,3327.0
2026-01-03,49,Utah,262.0
2026-01-03,26,Michigan,1266.0
2026-01-03,11,District of Columbia,106.0
2026-01-03,19,Iowa,382.0
2026-01-03,27,Minnesota,1063.0
2026-01-03,30,Montana,151.0
2026-01-03,35,New Mexico,409.0
2026-01-03,55,Wisconsin,1060.0
2026-01-03,09,Connecticut,778.0
2026-01-03,29,Missouri,941.0
2026-01-03,48,Texas,2382.0
2026-01-03,33,New Hampshire,290.0
2026-01-03,72,Puerto Rico,383.0
2026-01-03,44,Rhode Island,285.0
2026-01-03,20,Kansas,353.0
2026-01-03,47,Tennessee,863.0
2026-01-03,12,Florida,2604.0
2026-01-03,23,Maine,255.0
2026-01-03,54,West Virginia,229.0
2026-01-03,16,Idaho,235.0
2026-01-03,39,Ohio,1958.0
2026-01-03,40,Oklahoma,244.0
2026-01-03,02,Alaska,75.0
2026-01-03,01,Alabama,501.0
2026-01-03,25,Massachusetts,1281.0
2026-01-03,37,North Carolina,2374.0
2026-01-03,46,South Dakota,108.0
2026-01-03,28,Mississippi,230.0
2026-01-03,34,New Jersey,1724.0
2026-01-03,51,Virginia,1141.0
2026-01-03,15,Hawaii,110.0
2026-01-03,21,Kentucky,631.0
2026-01-03,24,Maryland,803.0
2026-01-03,31,Nebraska,202.0
2026-01-03,53,Washington,250.0
2026-01-03,10,Delaware,209.0
2026-01-03,22,Louisiana,662.0
2026-01-03,56,Wyoming,58.0
2025-12-27,US,US,37536.0
2025-12-27,08,Colorado,818.0
2025-12-27,17,Illinois,1491.0
2025-12-27,45,South Carolina,856.0
2025-12-27,50,Vermont,43.0
2025-12-27,05,Arkansas,297.0
2025-12-27,04,Arizona,316.0
2025-12-27,06,California,1247.0
2025-12-27,13,Georgia,1399.0
2025-12-27,38,North Dakota,104.0
2025-12-27,32,Nevada,273.0
2025-12-27,36,New York,3870.0
2025-12-27,18,Indiana,699.0
2025-12-27,41,Oregon,137.0
2025-12-27,42,Pennsylvania,2377.0
2025-12-27,49,Utah,234.0
2025-12-27,26,Michigan,929.0
2025-12-27,11,District of Columbia,98.0
2025-12-27,19,Iowa,263.0
2025-12-27,27,Minnesota,944.0
2025-12-27,30,Montana,122.0
2025-12-27,35,New Mexico,386.0
2025-12-27,55,Wisconsin,757.0
2025-12-27,09,Connecticut,652.0
2025-12-27,29,Missouri,809.0
2025-12-27,48,Texas,2831.0
2025-12-27,33,New Hampshire,196.0
2025-12-27,72,Puerto Rico,359.0
2025-12-27,44,Rhode Island,197.0
2025-12-27,20,Kansas,269.0
2025-12-27,47,Tennessee,861.0
2025-12-27,12,Florida,2185.0
2025-12-27,23,Maine,147.0
2025-12-27,54,West Virginia,192.0
2025-12-27,16,Idaho,152.0
2025-12-27,39,Ohio,1610.0
2025-12-27,40,Oklahoma,231.0
2025-12-27,02,Alaska,86.0
2025-12-27,01,Alabama,498.0
2025-12-27,25,Massachusetts,957.0
2025-12-27,37,North Carolina,2461.0
2025-12-27,46,South Dakota,60.0
2025-12-27,28,Mississippi,247.0
2025-12-27,34,New Jersey,1466.0
2025-12-27,51,Virginia,843.0
2025-12-27,15,Hawaii,88.0
2025-12-27,21,Kentucky,547.0
2025-12-27,24,Maryland,644.0
2025-12-27,31,Nebraska,167.0
2025-12-27,53,Washington,164.0
2025-12-27,10,Delaware,211.0
2025-12-27,22,Louisiana,688.0
2025-12-27,56,Wyoming,57.0
2025-12-20,US,US,21051.0
2025-12-20,08,Colorado,517.0
2025-12-20,17,Illinois,611.0
2025-12-20,45,South Carolina,391.0
2025-12-20,50,Vermont,13.0
2025-12-20,05,Arkansas,145.0
2025-12-20,04,Arizona,132.0
2025-12-20,06,California,719.0
2025-12-20,13,Georgia,674.0
2025-12-20,38,North Dakota,55.0
2025-12-20,32,Nevada,128.0
2025-12-20,36,New York,3178.0
2025-12-20,18,Indiana,351.0
2025-12-20,41,Oregon,57.0
2025-12-20,42,Pennsylvania,1256.0
2025-12-20,49,Utah,130.0
2025-12-20,26,Michigan,471.0
2025-12-20,11,District of Columbia,47.0
2025-12-20,19,Iowa,90.0
2025-12-20,27,Minnesota,542.0
2025-12-20,30,Montana,40.0
2025-12-20,35,New Mexico,170.0
2025-12-20,55,Wisconsin,322.0
2025-12-20,09,Connecticut,447.0
2025-12-20,29,Missouri,261.0
2025-12-20,48,Texas,1675.0
2025-12-20,33,New Hampshire,95.0
2025-12-20,72,Puerto Rico,244.0
2025-12-20,44,Rhode Island,141.0
2025-12-20,20,Kansas,101.0
2025-12-20,47,Tennessee,346.0
2025-12-20,12,Florida,1536.0
2025-12-20,23,Maine,82.0
2025-12-20,54,West Virginia,65.0
2025-12-20,16,Idaho,102.0
2025-12-20,39,Ohio,745.0
2025-12-20,40,Oklahoma,87.0
2025-12-20,02,Alaska,45.0
2025-12-20,01,Alabama,275.0
2025-12-20,25,Massachusetts,488.0
2025-12-20,37,North Carolina,1201.0
2025-12-20,46,South Dakota,26.0
2025-12-20,28,Mississippi,147.0
2025-12-20,34,New Jersey,1082.0
2025-12-20,51,Virginia,357.0
2025-12-20,15,Hawaii,83.0
2025-12-20,21,Kentucky,231.0
2025-12-20,24,Maryland,400.0
2025-12-20,31,Nebraska,72.0
2025-12-20,53,Washington,116.0
2025-12-20,10,Delaware,99.0
2025-12-20,22,Louisiana,433.0
2025-12-20,56,Wyoming,29.0
2025-12-13,US,US,11145.0
2025-12-13,08,Colorado,282.0
2025-12-13,17,Illinois,264.0
2025-12-13,45,South Carolina,123.0
2025-12-13,50,Vermont,9.0
2025-12-13,05,Arkansas,87.0
2025-12-13,04,Arizona,80.0
2025-12-13,06,California,426.0
2025-12-13,13,Georgia,330.0
2025-12-13,38,North Dakota,22.0
2025-12-13,32,Nevada,54.0
2025-12-13,36,New York,1935.0
2025-12-13,18,Indiana,163.0
2025-12-13,41,Oregon,40.0
2025-12-13,42,Pennsylvania,707.0
2025-12-13,49,Utah,64.0
2025-12-13,26,Michigan,214.0
2025-12-13,11,District of Columbia,33.0
2025-12-13,19,Iowa,30.0
2025-12-13,27,Minnesota,257.0
2025-12-13,30,Montana,24.0
2025-12-13,35,New Mexico,69.0
2025-12-13,55,Wisconsin,161.0
2025-12-13,09,Connecticut,206.0
2025-12-13,29,Missouri,118.0
2025-12-13,48,Texas,959.0
2025-12-13,33,New Hampshire,46.0
2025-12-13,72,Puerto Rico,212.0
2025-12-13,44,Rhode Island,84.0
2025-12-13,20,Kansas,30.0
2025-12-13,47,Tennessee,166.0
2025-12-13,12,Florida,912.0
2025-12-13,23,Maine,31.0
2025-12-13,54,West Virginia,26.0
2025-12-13,16,Idaho,35.0
2025-12-13,39,Ohio,329.0
2025-12-13,40,Oklahoma,53.0
2025-12-13,02,Alaska,13.0
2025-12-13,01,Alabama,104.0
2025-12-13,25,Massachusetts,245.0
2025-12-13,37,North Carolina,525.0
2025-12-13,46,South Dakota,10.0
2025-12-13,28,Mississippi,74.0
2025-12-13,34,New Jersey,588.0
2025-12-13,51,Virginia,195.0
2025-12-13,15,Hawaii,71.0
2025-12-13,21,Kentucky,104.0
2025-12-13,24,Maryland,238.0
2025-12-13,31,Nebraska,28.0
2025-12-13,53,Washington,59.0
2025-12-13,10,Delaware,39.0
2025-12-13,22,Louisiana,248.0
2025-12-13,56,Wyoming,21.0
2025-12-06,US,US,7446.0
2025-12-06,08,Colorado,222.0
2025-12-06,17,Illinois,200.0
2025-12-06,45,South Carolina,86.0
2025-12-06,50,Vermont,5.0
2025-12-06,05,Arkansas,56.0
2025-12-06,04,Arizona,41.0
2025-12-06,06,California,262.0
2025-12-06,13,Georgia,182.0
2025-12-06,38,North Dakota,9.0
2025-12-06,32,Nevada,32.0
2025-12-06,36,New York,1184.0
2025-12-06,18,Indiana,118.0
2025-12-06,41,Oregon,41.0
2025-12-06,42,Pennsylvania,513.0
2025-12-06,49,Utah,47.0
2025-12-06,26,Michigan,95.0
2025-12-06,11,District of Columbia,26.0
2025-12-06,19,Iowa,22.0
2025-12-06,27,Minnesota,105.0
2025-12-06,30,Montana,16.0
2025-12-06,35,New Mexico,39.0
2025-12-06,55,Wisconsin,84.0
2025-12-06,09,Connecticut,125.0
2025-12-06,29,Missouri,86.0
2025-12-06,48,Texas,690.0
2025-12-06,33,New Hampshire,25.0
2025-12-06,72,Puerto Rico,256.0
2025-12-06,44,Rhode Island,38.0
2025-12-06,20,Kansas,22.0
2025-12-06,47,Tennessee,106.0
2025-12-06,12,Florida,881.0
2025-12-06,23,Maine,20.0
2025-12-06,54,West Virginia,19.0
2025-12-06,16,Idaho,45.0
2025-12-06,39,Ohio,176.0
2025-12-06,40,Oklahoma,25.0
2025-12-06,02,Alaska,13.0
2025-12-06,01,Alabama,67.0
2025-12-06,25,Massachusetts,139.0
2025-12-06,37,North Carolina,305.0
2025-12-06,46,South Dakota,5.0
2025-12-06,28,Mississippi,42.0
2025-12-06,34,New Jersey,277.0
2025-12-06,51,Virginia,167.0
2025-12-06,15,Hawaii,40.0
2025-12-06,21,Kentucky,67.0
2025-12-06,24,Maryland,138.0
2025-12-06,31,Nebraska,15.0
2025-12-06,53,Washington,61.0
2025-12-06,10,Delaware,17.0
2025-12-06,22,Louisiana,180.0
2025-12-06,56,Wyoming,10.0
2025-11-29,US,US,5215.0
2025-11-29,08,Colorado,149.0
2025-11-29,17,Illinois,132.0
2025-11-29,45,South Carolina,53.0
2025-11-29,50,Vermont,0.0
2025-11-29,05,Arkansas,78.0
2025-11-29,04,Arizona,47.0
2025-11-29,06,California,217.0
2025-11-29,13,Georgia,166.0
2025-11-29,38,North Dakota,10.0
2025-11-29,32,Nevada,13.0
2025-11-29,36,New York,701.0
2025-11-29,18,Indiana,86.0
2025-11-29,41,Oregon,29.0
2025-11-29,42,Pennsylvania,349.0
2025-11-29,49,Utah,32.0
2025-11-29,26,Michigan,76.0
2025-11-29,11,District of Columbia,14.0
2025-11-29,19,Iowa,19.0
2025-11-29,27,Minnesota,74.0
2025-11-29,30,Montana,13.0
2025-11-29,35,New Mexico,39.0
2025-11-29,55,Wisconsin,51.0
2025-11-29,09,Connecticut,74.0
2025-11-29,29,Missouri,57.0
2025-11-29,48,Texas,591.0
2025-11-29,33,New Hampshire,11.0
2025-11-29,72,Puerto Rico,173.0
2025-11-29,44,Rhode Island,19.0
2025-11-29,20,Kansas,13.0
2025-11-29,47,Tennessee,62.0
2025-11-29,12,Florida,729.0
2025-11-29,23,Maine,13.0
2025-11-29,54,West Virginia,10.0
2025-11-29,16,Idaho,29.0
2025-11-29,39,Ohio,125.0
2025-11-29,40,Oklahoma,21.0
2025-11-29,02,Alaska,8.0
2025-11-29,01,Alabama,46.0
2025-11-29,25,Massachusetts,75.0
2025-11-29,37,North Carolina,159.0
2025-11-29,46,South Dakota,1.0
2025-11-29,28,Mississippi,24.0
2025-11-29,34,New Jersey,154.0
2025-11-29,51,Virginia,99.0
2025-11-29,15,Hawaii,29.0
2025-11-29,21,Kentucky,49.0
2025-11-29,24,Maryland,101.0
2025-11-29,31,Nebraska,13.0
2025-11-29,53,Washington,36.0
2025-11-29,10,Delaware,13.0
2025-11-29,22,Louisiana,116.0
2025-11-29,56,Wyoming,10.0
2025-11-22,US,US,3579.0
2025-11-22,08,Colorado,97.0
2025-11-22,17,Illinois,87.0
2025-11-22,45,South Carolina,41.0
2025-11-22,50,Vermont,0.0
2025-11-22,05,Arkansas,18.0
2025-11-22,04,Arizona,47.0
2025-11-22,06,California,148.0
2025-11-22,13,Georgia,106.0
2025-11-22,38,North Dakota,2.0
2025-11-22,32,Nevada,12.0
2025-11-22,36,New York,355.0
2025-11-22,18,Indiana,60.0
2025-11-22,41,Oregon,20.0
2025-11-22,42,Pennsylvania,221.0
2025-11-22,49,Utah,15.0
2025-11-22,26,Michigan,53.0
2025-11-22,11,District of Columbia,14.0
2025-11-22,19,Iowa,5.0
2025-11-22,27,Minnesota,34.0
2025-11-22,30,Montana,4.0
2025-11-22,35,New Mexico,17.0
2025-11-22,55,Wisconsin,19.0
2025-11-22,09,Connecticut,30.0
2025-11-22,29,Missouri,39.0
2025-11-22,48,Texas,442.0
2025-11-22,33,New Hampshire,12.0
2025-11-22,72,Puerto Rico,154.0
2025-11-22,44,Rhode Island,11.0
2025-11-22,20,Kansas,8.0
2025-11-22,47,Tennessee,57.0
2025-11-22,12,Florida,619.0
2025-11-22,23,Maine,8.0
2025-11-22,54,West Virginia,2.0
2025-11-22,16,Idaho,27.0
2025-11-22,39,Ohio,90.0
2025-11-22,40,Oklahoma,15.0
2025-11-22,02,Alaska,3.0
2025-11-22,01,Alabama,37.0
2025-11-22,25,Massachusetts,52.0
2025-11-22,37,North Carolina,115.0
2025-11-22,46,South Dakota,3.0
2025-11-22,28,Mississippi,27.0
2025-11-22,34,New Jersey,73.0
2025-11-22,51,Virginia,62.0
2025-11-22,15,Hawaii,42.0
2025-11-22,21,Kentucky,28.0
2025-11-22,24,Maryland,66.0
2025-11-22,31,Nebraska,2.0
2025-11-22,53,Washington,37.0
2025-11-22,10,Delaware,13.0
2025-11-22,22,Louisiana,117.0
2025-11-22,56,Wyoming,2.0
2025-11-15,US,US,2482.0
2025-11-15,08,Colorado,47.0
2025-11-15,17,Illinois,47.0
2025-11-15,45,South Carolina,20.0
2025-11-15,50,Vermont,3.0
2025-11-15,05,Arkansas,27.0
2025-11-15,04,Arizona,18.0
2025-11-15,06,California,149.0
2025-11-15,13,Georgia,62.0
2025-11-15,38,North Dakota,1.0
2025-11-15,32,Nevada,18.0
2025-11-15,36,New York,186.0
2025-11-15,18,Indiana,41.0
2025-11-15,41,Oregon,12.0
2025-11-15,42,Pennsylvania,157.0
2025-11-15,49,Utah,11.0
2025-11-15,26,Michigan,44.0
2025-11-15,11,District of Columbia,7.0
2025-11-15,19,Iowa,8.0
2025-11-15,27,Minnesota,17.0
2025-11-15,30,Montana,7.0
2025-11-15,35,New Mexico,14.0
2025-11-15,55,Wisconsin,7.0
2025-11-15,09,Connecticut,11.0
2025-11-15,29,Missouri,37.0
2025-11-15,48,Texas,295.0
2025-11-15,33,New Hampshire,5.0
2025-11-15,72,Puerto Rico,121.0
2025-11-15,44,Rhode Island,10.0
2025-11-15,20,Kansas,10.0
2025-11-15,47,Tennessee,39.0
2025-11-15,12,Florida,388.0
2025-11-15,23,Maine,4.0
2025-11-15,54,West Virginia,0.0
2025-11-15,16,Idaho,11.0
2025-11-15,39,Ohio,48.0
2025-11-15,40,Oklahoma,10.0
2025-11-15,02,Alaska,0.0
2025-11-15,01,Alabama,31.0
2025-11-15,25,Massachusetts,39.0
2025-11-15,37,North Carolina,174.0
2025-11-15,46,South Dakota,1.0
2025-11-15,28,Mississippi,21.0
2025-11-15,34,New Jersey,56.0
2025-11-15,51,Virginia,34.0
2025-11-15,15,Hawaii,16.0
2025-11-15,21,Kentucky,25.0
2025-11-15,24,Maryland,35.0
2025-11-15,31,Nebraska,1.0
2025-11-15,53,Washington,19.0
2025-11-15,10,Delaware,7.0
2025-11-15,22,Louisiana,107.0
2025-11-15,56,Wyoming,6.0
2025-11-08,US,US,1788.0
2025-11-08,08,Colorado,28.0
2025-11-08,17,Illinois,29.0
2025-11-08,45,South Carolina,16.0
2025-11-08,50,Vermont,4.0
2025-11-08,05,Arkansas,9.0
2025-11-08,04,Arizona,17.0
2025-11-08,06,California,151.0
2025-11-08,13,Georgia,47.0
2025-11-08,38,North Dakota,5.0
2025-11-08,32,Nevada,13.0
2025-11-08,36,New York,80.0
2025-11-08,18,Indiana,22.0
2025-11-08,41,Oregon,9.0
2025-11-08,42,Pennsylvania,113.0
2025-11-08,49,Utah,2.0
2025-11-08,26,Michigan,27.0
2025-11-08,11,District of Columbia,0.0
2025-11-08,19,Iowa,9.0
2025-11-08,27,Minnesota,9.0
2025-11-08,30,Montana,1.0
2025-11-08,35,New Mexico,7.0
2025-11-08,55,Wisconsin,6.0
2025-11-08,09,Connecticut,16.0
2025-11-08,29,Missouri,28.0
2025-11-08,48,Texas,232.0
2025-11-08,33,New Hampshire,0.0
2025-11-08,72,Puerto Rico,92.0
2025-11-08,44,Rhode Island,9.0
2025-11-08,20,Kansas,6.0
2025-11-08,47,Tennessee,56.0
2025-11-08,12,Florida,301.0
2025-11-08,23,Maine,3.0
2025-11-08,54,West Virginia,2.0
2025-11-08,16,Idaho,20.0
2025-11-08,39,Ohio,42.0
2025-11-08,40,Oklahoma,18.0
2025-11-08,02,Alaska,3.0
2025-11-08,01,Alabama,18.0
2025-11-08,25,Massachusetts,25.0
2025-11-08,37,North Carolina,43.0
2025-11-08,46,South Dakota,0.0
2025-11-08,28,Mississippi,17.0
2025-11-08,34,New Jersey,47.0
2025-11-08,51,Virginia,30.0
2025-11-08,15,Hawaii,5.0
2025-11-08,21,Kentucky,22.0
2025-11-08,24,Maryland,20.0
2025-11-08,31,Nebraska,2.0
2025-11-08,53,Washington,13.0
2025-11-08,10,Delaware,4.0
2025-11-08,22,Louisiana,83.0
2025-11-08,56,Wyoming,2.0
2025-11-01,US,US,1358.0
2025-11-01,08,Colorado,18.0
2025-11-01,17,Illinois,38.0
2025-11-01,45,South Carolina,12.0
2025-11-01,50,Vermont,0.0
2025-11-01,05,Arkansas,9.0
2025-11-01,04,Arizona,11.0
2025-11-01,06,California,139.0
2025-11-01,13,Georgia,31.0
2025-11-01,38,North Dakota,2.0
2025-11-01,32,Nevada,6.0
2025-11-01,36,New York,59.0
2025-11-01,18,Indiana,19.0
2025-11-01,41,Oregon,4.0
2025-11-01,42,Pennsylvania,117.0
2025-11-01,49,Utah,1.0
2025-11-01,26,Michigan,12.0
2025-11-01,11,District of Columbia,0.0
2025-11-01,19,Iowa,3.0
2025-11-01,27,Minnesota,4.0
2025-11-01,30,Montana,1.0
2025-11-01,35,New Mexico,6.0
2025-11-01,55,Wisconsin,6.0
2025-11-01,09,Connecticut,8.0
2025-11-01,29,Missouri,25.0
2025-11-01,48,Texas,169.0
2025-11-01,33,New Hampshire,2.0
2025-11-01,72,Puerto Rico,61.0
2025-11-01,44,Rhode Island,10.0
2025-11-01,20,Kansas,11.0
2025-11-01,47,Tennessee,34.0
2025-11-01,12,Florida,236.0
2025-11-01,23,Maine,2.0
2025-11-01,54,West Virginia,1.0
2025-11-01,16,Idaho,8.0
2025-11-01,39,Ohio,22.0
2025-11-01,40,Oklahoma,13.0
2025-11-01,02,Alaska,0.0
2025-11-01,01,Alabama,15.0
2025-11-01,25,Massachusetts,21.0
2025-11-01,37,North Carolina,27.0
2025-11-01,46,South Dakota,0.0
2025-11-01,28,Mississippi,16.0
2025-11-01,34,New Jersey,35.0
2025-11-01,51,Virginia,15.0
2025-11-01,15,Hawaii,7.0
2025-11-01,21,Kentucky,13.0
2025-11-01,24,Maryland,14.0
2025-11-01,31,Nebraska,1.0
2025-11-01,53,Washington,16.0
2025-11-01,10,Delaware,3.0
2025-11-01,22,Louisiana,44.0
2025-11-01,56,Wyoming,5.0
2025-10-25,US,US,1198.0
2025-10-25,08,Colorado,9.0
2025-10-25,17,Illinois,21.0
2025-10-25,45,South Carolina,6.0
2025-10-25,50,Vermont,1.0
2025-10-25,05,Arkansas,3.0
2025-10-25,04,Arizona,15.0
2025-10-25,06,California,102.0
2025-10-25,13,Georgia,32.0
2025-10-25,38,North Dakota,2.0
2025-10-25,32,Nevada,10.0
2025-10-25,36,New York,31.0
2025-10-25,18,Indiana,17.0
2025-10-25,41,Oregon,6.0
2025-10-25,42,Pennsylvania,132.0
2025-10-25,49,Utah,1.0
2025-10-25,26,Michigan,17.0
2025-10-25,11,District of Columbia,3.0
2025-10-25,19,Iowa,1.0
2025-10-25,27,Minnesota,5.0
2025-10-25,30,Montana,6.0
2025-10-25,35,New Mexico,5.0
2025-10-25,55,Wisconsin,8.0
2025-10-25,09,Connecticut,10.0
2025-10-25,29,Missouri,24.0
2025-10-25,48,Texas,139.0
2025-10-25,33,New Hampshire,0.0
2025-10-25,72,Puerto Rico,50.0
2025-10-25,44,Rhode Island,3.0
2025-10-25,20,Kansas,16.0
2025-10-25,47,Tennessee,22.0
2025-10-25,12,Florida,221.0
2025-10-25,23,Maine,3.0
2025-10-25,54,West Virginia,1.0
2025-10-25,16,Idaho,4.0
2025-10-25,39,Ohio,15.0
2025-10-25,40,Oklahoma,18.0
2025-10-25,02,Alaska,1.0
2025-10-25,01,Alabama,11.0
2025-10-25,25,Massachusetts,13.0
2025-10-25,37,North Carolina,22.0
2025-10-25,46,South Dakota,2.0
2025-10-25,28,Mississippi,16.0
2025-10-25,34,New Jersey,28.0
2025-10-25,51,Virginia,12.0
2025-10-25,15,Hawaii,10.0
2025-10-25,21,Kentucky,14.0
2025-10-25,24,Maryland,17.0
2025-10-25,31,Nebraska,3.0
2025-10-25,53,Washington,12.0
2025-10-25,10,Delaware,0.0
2025-10-25,22,Louisiana,53.0
2025-10-25,56,Wyoming,4.0
2025-10-18,US,US,1119.0
2025-10-18,08,Colorado,7.0
2025-10-18,17,Illinois,27.0
2025-10-18,45,South Carolina,6.0
2025-10-18,50,Vermont,0.0
2025-10-18,05,Arkansas,2.0
2025-10-18,04,Arizona,12.0
2025-10-18,06,California,102.0
2025-10-18,13,Georgia,25.0
2025-10-18,38,North Dakota,1.0
2025-10-18,32,Nevada,10.0
2025-10-18,36,New York,30.0
2025-10-18,18,Indiana,17.0
2025-10-18,41,Oregon,5.0
2025-10-18,42,Pennsylvania,104.0
2025-10-18,49,Utah,2.0
2025-10-18,26,Michigan,17.0
2025-10-18,11,District of Columbia,2.0
2025-10-18,19,Iowa,1.0
2025-10-18,27,Minnesota,1.0
2025-10-18,30,Montana,5.0
2025-10-18,35,New Mexico,3.0
2025-10-18,55,Wisconsin,7.0
2025-10-18,09,Connecticut,3.0
2025-10-18,29,Missouri,24.0
2025-10-18,48,Texas,135.0
2025-10-18,33,New Hampshire,2.0
2025-10-18,72,Puerto Rico,91.0
2025-10-18,44,Rhode Island,6.0
2025-10-18,20,Kansas,9.0
2025-10-18,47,Tennessee,40.0
2025-10-18,12,Florida,196.0
2025-10-18,23,Maine,3.0
2025-10-18,54,West Virginia,1.0
2025-10-18,16,Idaho,4.0
2025-10-18,39,Ohio,13.0
2025-10-18,40,Oklahoma,7.0
2025-10-18,02,Alaska,0.0
2025-10-18,01,Alabama,12.0
2025-10-18,25,Massachusetts,10.0
2025-10-18,37,North Carolina,23.0
2025-10-18,46,South Dakota,2.0
2025-10-18,28,Mississippi,18.0
2025-10-18,34,New Jersey,30.0
2025-10-18,51,Virginia,13.0
2025-10-18,15,Hawaii,5.0
2025-10-18,21,Kentucky,19.0
2025-10-18,24,Maryland,6.0
2025-10-18,31,Nebraska,0.0
2025-10-18,53,Washington,11.0
2025-10-18,10,Delaware,1.0
2025-10-18,22,Louisiana,43.0
2025-10-18,56,Wyoming,0.0
2025-10-11,US,US,1016.0
2025-10-11,08,Colorado,6.0
2025-10-11,17,Illinois,15.0
2025-10-11,45,South Carolina,19.0
2025-10-11,50,Vermont,0.0
2025-10-11,05,Arkansas,5.0
2025-10-11,04,Arizona,9.0
2025-10-11,06,California,96.0
2025-10-11,13,Georgia,15.0
2025-10-11,38,North Dakota,3.0
2025-10-11,32,Nevada,3.0
2025-10-11,36,New York,23.0
2025-10-11,18,Indiana,12.0
2025-10-11,41,Oregon,5.0
2025-10-11,42,Pennsylvania,119.0
2025-10-11,49,Utah,1.0
2025-10-11,26,Michigan,15.0
2025-10-11,11,District of Columbia,3.0
2025-10-11,19,Iowa,4.0
2025-10-11,27,Minnesota,7.0
2025-10-11,30,Montana,2.0
2025-10-11,35,New Mexico,6.0
2025-10-11,55,Wisconsin,3.0
2025-10-11,09,Connecticut,2.0
2025-10-11,29,Missouri,24.0
2025-10-11,48,Texas,131.0
2025-10-11,33,New Hampshire,4.0
2025-10-11,72,Puerto Rico,53.0
2025-10-11,44,Rhode Island,7.0
2025-10-11,20,Kansas,13.0
2025-10-11,47,Tennessee,26.0
2025-10-11,12,Florida,171.0
2025-10-11,23,Maine,1.0
2025-10-11,54,West Virginia,3.0
2025-10-11,16,Idaho,1.0
2025-10-11,39,Ohio,13.0
2025-10-11,40,Oklahoma,8.0
2025-10-11,02,Alaska,0.0
2025-10-11,01,Alabama,14.0
2025-10-11,25,Massachusetts,5.0
2025-10-11,37,North Carolina,22.0
2025-10-11,46,South Dakota,2.0
2025-10-11,28,Mississippi,16.0
2025-10-11,34,New Jersey,14.0
2025-10-11,51,Virginia,18.0
2025-10-11,15,Hawaii,4.0
2025-10-11,21,Kentucky,23.0
2025-10-11,24,Maryland,9.0
2025-10-11,31,Nebraska,5.0
2025-10-11,53,Washington,7.0
2025-10-11,10,Delaware,7.0
2025-10-11,22,Louisiana,36.0
2025-10-11,56,Wyoming,0.0
2025-10-04,US,US,976.0
2025-10-04,08,Colorado,8.0
2025-10-04,17,Illinois,14.0
2025-10-04,45,South Carolina,17.0
2025-10-04,50,Vermont,0.0
2025-10-04,05,Arkansas,4.0
2025-10-04,04,Arizona,19.0
2025-10-04,06,California,92.0
2025-10-04,13,Georgia,27.0
2025-10-04,38,North Dakota,3.0
2025-10-04,32,Nevada,5.0
2025-10-04,36,New York,22.0
2025-10-04,18,Indiana,18.0
2025-10-04,41,Oregon,3.0
2025-10-04,42,Pennsylvania,112.0
2025-10-04,49,Utah,2.0
2025-10-04,26,Michigan,14.0
2025-10-04,11,District of Columbia,6.0
2025-10-04,19,Iowa,1.0
2025-10-04,27,Minnesota,0.0
2025-10-04,30,Montana,6.0
2025-10-04,35,New Mexico,0.0
2025-10-04,55,Wisconsin,7.0
2025-10-04,09,Connecticut,8.0
2025-10-04,29,Missouri,19.0
2025-10-04,48,Texas,101.0
2025-10-04,33,New Hampshire,4.0
2025-10-04,72,Puerto Rico,65.0
2025-10-04,44,Rhode Island,3.0
2025-10-04,20,Kansas,10.0
2025-10-04,47,Tennessee,26.0
2025-10-04,12,Florida,142.0
2025-10-04,23,Maine,1.0
2025-10-04,54,West Virginia,0.0
2025-10-04,16,Idaho,2.0
2025-10-04,39,Ohio,17.0
2025-10-04,40,Oklahoma,18.0
2025-10-04,02,Alaska,2.0
2025-10-04,01,Alabama,21.0
2025-10-04,25,Massachusetts,17.0
2025-10-04,37,North Carolina,19.0
2025-10-04,46,South Dakota,1.0
2025-10-04,28,Mississippi,15.0
2025-10-04,34,New Jersey,16.0
2025-10-04,51,Virginia,15.0
2025-10-04,15,Hawaii,1.0
2025-10-04,21,Kentucky,15.0
2025-10-04,24,Maryland,3.0
2025-10-04,31,Nebraska,1.0
2025-10-04,53,Washington,6.0
2025-10-04,10,Delaware,1.0
2025-10-04,22,Louisiana,33.0
2025-10-04,56,Wyoming,2.0
2025-09-27,05,Arkansas,9.0
2025-09-27,22,Louisiana,31.0
2025-09-27,26,Michigan,22.0
2025-09-27,41,Oregon,3.0
2025-09-27,42,Pennsylvania,119.0
2025-09-27,04,Arizona,13.0
2025-09-27,23,Maine,0.0
2025-09-27,29,Missouri,18.0
2025-09-27,US,US,1024.0
2025-09-27,08,Colorado,9.0
2025-09-27,12,Florida,181.0
2025-09-27,30,Montana,0.0
2025-09-27,51,Virginia,15.0
2025-09-27,31,Nebraska,3.0
2025-09-27,45,South Carolina,19.0
2025-09-27,46,South Dakota,1.0
2025-09-27,01,Alabama,18.0
2025-09-27,55,Wisconsin,7.0
2025-09-27,19,Iowa,6.0
2025-09-27,39,Ohio,13.0
2025-09-27,10,Delaware,0.0
2025-09-27,35,New Mexico,3.0
2025-09-27,47,Tennessee,41.0
2025-09-27,53,Washington,8.0
2025-09-27,13,Georgia,22.0
2025-09-27,72,Puerto Rico,52.0
2025-09-27,48,Texas,134.0
2025-09-27,49,Utah,2.0
2025-09-27,18,Indiana,7.0
2025-09-27,37,North Carolina,19.0
2025-09-27,40,Oklahoma,9.0
2025-09-27,33,New Hampshire,0.0
2025-09-27,34,New Jersey,19.0
2025-09-27,54,West Virginia,2.0
2025-09-27,20,Kansas,7.0
2025-09-27,44,Rhode Island,4.0
2025-09-27,06,California,105.0
2025-09-27,36,New York,27.0
2025-09-27,16,Idaho,0.0
2025-09-27,27,Minnesota,2.0
2025-09-27,32,Nevada,4.0
2025-09-27,56,Wyoming,1.0
2025-09-27,17,Illinois,7.0
2025-09-27,25,Massachusetts,13.0
2025-09-27,09,Connecticut,7.0
2025-09-27,02,Alaska,1.0
2025-09-27,21,Kentucky,17.0
2025-09-27,50,Vermont,0.0
2025-09-27,11,District of Columbia,1.0
2025-09-27,38,North Dakota,0.0
2025-09-27,15,Hawaii,3.0
2025-09-27,24,Maryland,4.0
2025-09-27,28,Mississippi,10.0
2025-09-20,05,Arkansas,3.0
2025-09-20,22,Louisiana,25.0
2025-09-20,26,Michigan,20.0
2025-09-20,41,Oregon,1.0
2025-09-20,42,Pennsylvania,121.0
2025-09-20,04,Arizona,16.0
2025-09-20,23,Maine,0.0
2025-09-20,29,Missouri,16.0
2025-09-20,US,US,904.0
2025-09-20,08,Colorado,4.0
2025-09-20,12,Florida,150.0
2025-09-20,30,Montana,0.0
2025-09-20,51,Virginia,12.0
2025-09-20,31,Nebraska,3.0
2025-09-20,45,South Carolina,5.0
2025-09-20,46,South Dakota,2.0
2025-09-20,01,Alabama,15.0
2025-09-20,55,Wisconsin,4.0
2025-09-20,19,Iowa,3.0
2025-09-20,39,Ohio,14.0
2025-09-20,10,Delaware,2.0
2025-09-20,35,New Mexico,1.0
2025-09-20,47,Tennessee,40.0
2025-09-20,53,Washington,6.0
2025-09-20,13,Georgia,20.0
2025-09-20,72,Puerto Rico,77.0
2025-09-20,48,Texas,106.0
2025-09-20,49,Utah,1.0
2025-09-20,18,Indiana,13.0
2025-09-20,37,North Carolina,19.0
2025-09-20,40,Oklahoma,8.0
2025-09-20,33,New Hampshire,1.0
2025-09-20,34,New Jersey,11.0
2025-09-20,54,West Virginia,0.0
2025-09-20,20,Kansas,6.0
2025-09-20,44,Rhode Island,3.0
2025-09-20,06,California,83.0
2025-09-20,36,New York,9.0
2025-09-20,16,Idaho,1.0
2025-09-20,27,Minnesota,4.0
2025-09-20,32,Nevada,9.0
2025-09-20,56,Wyoming,1.0
2025-09-20,17,Illinois,9.0
2025-09-20,25,Massachusetts,10.0
2025-09-20,09,Connecticut,8.0
2025-09-20,02,Alaska,1.0
2025-09-20,21,Kentucky,14.0
2025-09-20,50,Vermont,0.0
2025-09-20,11,District of Columbia,0.0
2025-09-20,38,North Dakota,2.0
2025-09-20,15,Hawaii,1.0
2025-09-20,24,Maryland,6.0
2025-09-20,28,Mississippi,13.0
2025-09-13,05,Arkansas,1.0
2025-09-13,22,Louisiana,19.0
2025-09-13,26,Michigan,29.0
2025-09-13,41,Oregon,3.0
2025-09-13,42,Pennsylvania,120.0
2025-09-13,04,Arizona,14.0
2025-09-13,23,Maine,2.0
2025-09-13,29,Missouri,12.0
2025-09-13,US,US,1012.0
2025-09-13,08,Colorado,1.0
2025-09-13,12,Florida,145.0
2025-09-13,30,Montana,1.0
2025-09-13,51,Virginia,12.0
2025-09-13,31,Nebraska,3.0
2025-09-13,45,South Carolina,15.0
2025-09-13,46,South Dakota,2.0
2025-09-13,01,Alabama,31.0
2025-09-13,55,Wisconsin,8.0
2025-09-13,19,Iowa,0.0
2025-09-13,39,Ohio,16.0
2025-09-13,10,Delaware,0.0
2025-09-13,35,New Mexico,1.0
2025-09-13,47,Tennessee,36.0
2025-09-13,53,Washington,14.0
2025-09-13,13,Georgia,17.0
2025-09-13,72,Puerto Rico,122.0
2025-09-13,48,Texas,117.0
2025-09-13,49,Utah,4.0
2025-09-13,18,Indiana,11.0
2025-09-13,37,North Carolina,7.0
2025-09-13,40,Oklahoma,9.0
2025-09-13,33,New Hampshire,0.0
2025-09-13,34,New Jersey,10.0
2025-09-13,54,West Virginia,1.0
2025-09-13,20,Kansas,5.0
2025-09-13,44,Rhode Island,0.0
2025-09-13,06,California,90.0
2025-09-13,36,New York,15.0
2025-09-13,16,Idaho,3.0
2025-09-13,27,Minnesota,6.0
2025-09-13,32,Nevada,8.0
2025-09-13,56,Wyoming,1.0
2025-09-13,17,Illinois,12.0
2025-09-13,25,Massachusetts,13.0
2025-09-13,09,Connecticut,10.0
2025-09-13,02,Alaska,12.0
2025-09-13,21,Kentucky,19.0
2025-09-13,50,Vermont,1.0
2025-09-13,11,District of Columbia,0.0
2025-09-13,38,North Dakota,4.0
2025-09-13,15,Hawaii,6.0
2025-09-13,24,Maryland,6.0
2025-09-13,28,Mississippi,15.0
2025-09-06,05,Arkansas,2.0
2025-09-06,22,Louisiana,20.0
2025-09-06,26,Michigan,26.0
2025-09-06,41,Oregon,3.0
2025-09-06,42,Pennsylvania,90.0
2025-09-06,04,Arizona,11.0
2025-09-06,23,Maine,1.0
2025-09-06,29,Missouri,7.0
2025-09-06,US,US,979.0
2025-09-06,08,Colorado,3.0
2025-09-06,12,Florida,185.0
2025-09-06,30,Montana,5.0
2025-09-06,51,Virginia,12.0
2025-09-06,31,Nebraska,3.0
2025-09-06,45,South Carolina,7.0
2025-09-06,46,South Dakota,1.0
2025-09-06,01,Alabama,23.0
2025-09-06,55,Wisconsin,10.0
2025-09-06,19,Iowa,2.0
2025-09-06,39,Ohio,6.0
2025-09-06,10,Delaware,0.0
2025-09-06,35,New Mexico,4.0
2025-09-06,47,Tennessee,28.0
2025-09-06,53,Washington,13.0
2025-09-06,13,Georgia,13.0
2025-09-06,72,Puerto Rico,139.0
2025-09-06,48,Texas,124.0
2025-09-06,49,Utah,2.0
2025-09-06,18,Indiana,13.0
2025-09-06,37,North Carolina,11.0
2025-09-06,40,Oklahoma,13.0
2025-09-06,33,New Hampshire,0.0
2025-09-06,34,New Jersey,14.0
2025-09-06,54,West Virginia,0.0
2025-09-06,20,Kansas,3.0
2025-09-06,44,Rhode Island,0.0
2025-09-06,06,California,91.0
2025-09-06,36,New York,19.0
2025-09-06,16,Idaho,0.0
2025-09-06,27,Minnesota,2.0
2025-09-06,32,Nevada,5.0
2025-09-06,56,Wyoming,1.0
2025-09-06,17,Illinois,5.0
2025-09-06,25,Massachusetts,14.0
2025-09-06,09,Connecticut,6.0
2025-09-06,02,Alaska,3.0
2025-09-06,21,Kentucky,8.0
2025-09-06,50,Vermont,0.0
2025-09-06,11,District of Columbia,0.0
2025-09-06,38,North Dakota,2.0
2025-09-06,15,Hawaii,4.0
2025-09-06,24,Maryland,3.0
2025-09-06,28,Mississippi,17.0
2025-08-30,05,Arkansas,1.0
2025-08-30,22,Louisiana,27.0
2025-08-30,26,Michigan,29.0
2025-08-30,41,Oregon,0.0
2025-08-30,42,Pennsylvania,93.0
2025-08-30,04,Arizona,27.0
2025-08-30,23,Maine,1.0
2025-08-30,29,Missouri,6.0
2025-08-30,US,US,909.0
2025-08-30,08,Colorado,4.0
2025-08-30,12,Florida,187.0
2025-08-30,30,Montana,3.0
2025-08-30,51,Virginia,9.0
2025-08-30,31,Nebraska,5.0
2025-08-30,45,South Carolina,11.0
2025-08-30,46,South Dakota,2.0
2025-08-30,01,Alabama,29.0
2025-08-30,55,Wisconsin,4.0
2025-08-30,19,Iowa,1.0
2025-08-30,39,Ohio,10.0
2025-08-30,10,Delaware,2.0
2025-08-30,35,New Mexico,1.0
2025-08-30,47,Tennessee,25.0
2025-08-30,53,Washington,4.0
2025-08-30,13,Georgia,19.0
2025-08-30,72,Puerto Rico,83.0
2025-08-30,48,Texas,105.0
2025-08-30,49,Utah,4.0
2025-08-30,18,Indiana,10.0
2025-08-30,37,North Carolina,11.0
2025-08-30,40,Oklahoma,4.0
2025-08-30,33,New Hampshire,2.0
2025-08-30,34,New Jersey,10.0
2025-08-30,54,West Virginia,0.0
2025-08-30,20,Kansas,1.0
2025-08-30,44,Rhode Island,0.0
2025-08-30,06,California,90.0
2025-08-30,36,New York,17.0
2025-08-30,16,Idaho,3.0
2025-08-30,27,Minnesota,3.0
2025-08-30,32,Nevada,3.0
2025-08-30,56,Wyoming,1.0
2025-08-30,17,Illinois,7.0
2025-08-30,25,Massachusetts,8.0
2025-08-30,09,Connecticut,6.0
2025-08-30,02,Alaska,2.0
2025-08-30,21,Kentucky,7.0
2025-08-30,50,Vermont,1.0
2025-08-30,11,District of Columbia,1.0
2025-08-30,38,North Dakota,1.0
2025-08-30,15,Hawaii,4.0
2025-08-30,24,Maryland,6.0
2025-08-30,28,Mississippi,19.0
2025-08-23,05,Arkansas,3.0
2025-08-23,22,Louisiana,27.0
2025-08-23,26,Michigan,28.0
2025-08-23,41,Oregon,5.0
2025-08-23,42,Pennsylvania,100.0
2025-08-23,04,Arizona,6.0
2025-08-23,23,Maine,1.0
2025-08-23,29,Missouri,12.0
2025-08-23,US,US,800.0
2025-08-23,08,Colorado,0.0
2025-08-23,12,Florida,124.0
2025-08-23,30,Montana,0.0
2025-08-23,51,Virginia,8.0
2025-08-23,31,Nebraska,2.0
2025-08-23,45,South Carolina,8.0
2025-08-23,46,South Dakota,3.0
2025-08-23,01,Alabama,24.0
2025-08-23,55,Wisconsin,4.0
2025-08-23,19,Iowa,3.0
2025-08-23,39,Ohio,10.0
2025-08-23,10,Delaware,0.0
2025-08-23,35,New Mexico,2.0
2025-08-23,47,Tennessee,25.0
2025-08-23,53,Washington,10.0
2025-08-23,13,Georgia,19.0
2025-08-23,72,Puerto Rico,86.0
2025-08-23,48,Texas,92.0
2025-08-23,49,Utah,3.0
2025-08-23,18,Indiana,9.0
2025-08-23,37,North Carolina,11.0
2025-08-23,40,Oklahoma,11.0
2025-08-23,33,New Hampshire,0.0
2025-08-23,34,New Jersey,11.0
2025-08-23,54,West Virginia,0.0
2025-08-23,20,Kansas,1.0
2025-08-23,44,Rhode Island,1.0
2025-08-23,06,California,72.0
2025-08-23,36,New York,21.0
2025-08-23,16,Idaho,1.0
2025-08-23,27,Minnesota,2.0
2025-08-23,32,Nevada,3.0
2025-08-23,56,Wyoming,0.0
2025-08-23,17,Illinois,11.0
2025-08-23,25,Massachusetts,7.0
2025-08-23,09,Connecticut,4.0
2025-08-23,02,Alaska,2.0
2025-08-23,21,Kentucky,4.0
2025-08-23,50,Vermont,0.0
2025-08-23,11,District of Columbia,0.0
2025-08-23,38,North Dakota,0.0
2025-08-23,15,Hawaii,0.0
2025-08-23,24,Maryland,7.0
2025-08-23,28,Mississippi,16.0
2025-08-16,05,Arkansas,4.0
2025-08-16,22,Louisiana,22.0
2025-08-16,26,Michigan,25.0
2025-08-16,41,Oregon,2.0
2025-08-16,42,Pennsylvania,105.0
2025-08-16,04,Arizona,18.0
2025-08-16,23,Maine,0.0
2025-08-16,29,Missouri,8.0
2025-08-16,US,US,774.0
2025-08-16,08,Colorado,3.0
2025-08-16,12,Florida,139.0
2025-08-16,30,Montana,1.0
2025-08-16,51,Virginia,9.0
2025-08-16,31,Nebraska,1.0
2025-08-16,45,South Carolina,2.0
2025-08-16,46,South Dakota,1.0
2025-08-16,01,Alabama,27.0
2025-08-16,55,Wisconsin,1.0
2025-08-16,19,Iowa,2.0
2025-08-16,39,Ohio,5.0
2025-08-16,10,Delaware,0.0
2025-08-16,35,New Mexico,1.0
2025-08-16,47,Tennessee,23.0
2025-08-16,53,Washington,10.0
2025-08-16,13,Georgia,19.0
2025-08-16,72,Puerto Rico,44.0
2025-08-16,48,Texas,91.0
2025-08-16,49,Utah,3.0
2025-08-16,18,Indiana,8.0
2025-08-16,37,North Carolina,11.0
2025-08-16,40,Oklahoma,5.0
2025-08-16,33,New Hampshire,5.0
2025-08-16,34,New Jersey,12.0
2025-08-16,54,West Virginia,0.0
2025-08-16,20,Kansas,0.0
2025-08-16,44,Rhode Island,1.0
2025-08-16,06,California,74.0
2025-08-16,36,New York,14.0
2025-08-16,16,Idaho,1.0
2025-08-16,27,Minnesota,0.0
2025-08-16,32,Nevada,7.0
2025-08-16,56,Wyoming,0.0
2025-08-16,17,Illinois,16.0
2025-08-16,25,Massachusetts,8.0
2025-08-16,09,Connecticut,7.0
2025-08-16,02,Alaska,4.0
2025-08-16,21,Kentucky,6.0
2025-08-16,50,Vermont,0.0
2025-08-16,11,District of Columbia,1.0
2025-08-16,38,North Dakota,3.0
2025-08-16,15,Hawaii,4.0
2025-08-16,24,Maryland,6.0
2025-08-16,28,Mississippi,15.0
2025-08-09,05,Arkansas,2.0
2025-08-09,22,Louisiana,21.0
2025-08-09,26,Michigan,16.0
2025-08-09,41,Oregon,4.0
2025-08-09,42,Pennsylvania,92.0
2025-08-09,04,Arizona,11.0
2025-08-09,23,Maine,0.0
2025-08-09,29,Missouri,8.0
2025-08-09,US,US,762.0
2025-08-09,08,Colorado,5.0
2025-08-09,12,Florida,132.0
2025-08-09,30,Montana,1.0
2025-08-09,51,Virginia,10.0
2025-08-09,31,Nebraska,0.0
2025-08-09,45,South Carolina,5.0
2025-08-09,46,South Dakota,1.0
2025-08-09,01,Alabama,17.0
2025-08-09,55,Wisconsin,3.0
2025-08-09,19,Iowa,1.0
2025-08-09,39,Ohio,3.0
2025-08-09,10,Delaware,0.0
2025-08-09,35,New Mexico,1.0
2025-08-09,47,Tennessee,32.0
2025-08-09,53,Washington,7.0
2025-08-09,13,Georgia,11.0
2025-08-09,72,Puerto Rico,99.0
2025-08-09,48,Texas,80.0
2025-08-09,49,Utah,8.0
2025-08-09,18,Indiana,12.0
2025-08-09,37,North Carolina,12.0
2025-08-09,40,Oklahoma,7.0
2025-08-09,33,New Hampshire,3.0
2025-08-09,34,New Jersey,9.0
2025-08-09,54,West Virginia,2.0
2025-08-09,20,Kansas,1.0
2025-08-09,44,Rhode Island,2.0
2025-08-09,06,California,66.0
2025-08-09,36,New York,12.0
2025-08-09,16,Idaho,2.0
2025-08-09,27,Minnesota,1.0
2025-08-09,32,Nevada,4.0
2025-08-09,56,Wyoming,0.0
2025-08-09,17,Illinois,11.0
2025-08-09,25,Massachusetts,6.0
2025-08-09,09,Connecticut,9.0
2025-08-09,02,Alaska,2.0
2025-08-09,21,Kentucky,2.0
2025-08-09,50,Vermont,0.0
2025-08-09,11,District of Columbia,2.0
2025-08-09,38,North Dakota,4.0
2025-08-09,15,Hawaii,6.0
2025-08-09,24,Maryland,3.0
2025-08-09,28,Mississippi,12.0
2025-08-02,05,Arkansas,2.0
2025-08-02,22,Louisiana,25.0
2025-08-02,26,Michigan,17.0
2025-08-02,41,Oregon,4.0
2025-08-02,42,Pennsylvania,92.0
2025-08-02,04,Arizona,5.0
2025-08-02,23,Maine,0.0
2025-08-02,29,Missouri,8.0
2025-08-02,US,US,798.0
2025-08-02,08,Colorado,3.0
2025-08-02,12,Florida,151.0
2025-08-02,30,Montana,0.0
2025-08-02,51,Virginia,10.0
2025-08-02,31,Nebraska,1.0
2025-08-02,45,South Carolina,6.0
2025-08-02,46,South Dakota,2.0
2025-08-02,01,Alabama,19.0
2025-08-02,55,Wisconsin,5.0
2025-08-02,19,Iowa,2.0
2025-08-02,39,Ohio,16.0
2025-08-02,10,Delaware,0.0
2025-08-02,35,New Mexico,1.0
2025-08-02,47,Tennessee,17.0
2025-08-02,53,Washington,4.0
2025-08-02,13,Georgia,22.0
2025-08-02,72,Puerto Rico,101.0
2025-08-02,48,Texas,85.0
2025-08-02,49,Utah,1.0
2025-08-02,18,Indiana,7.0
2025-08-02,37,North Carolina,12.0
2025-08-02,40,Oklahoma,5.0
2025-08-02,33,New Hampshire,3.0
2025-08-02,34,New Jersey,7.0
2025-08-02,54,West Virginia,1.0
2025-08-02,20,Kansas,3.0
2025-08-02,44,Rhode Island,1.0
2025-08-02,06,California,71.0
2025-08-02,36,New York,13.0
2025-08-02,16,Idaho,2.0
2025-08-02,27,Minnesota,4.0
2025-08-02,32,Nevada,14.0
2025-08-02,56,Wyoming,2.0
2025-08-02,17,Illinois,14.0
2025-08-02,25,Massachusetts,8.0
2025-08-02,09,Connecticut,5.0
2025-08-02,02,Alaska,2.0
2025-08-02,21,Kentucky,5.0
2025-08-02,50,Vermont,0.0
2025-08-02,11,District of Columbia,0.0
2025-08-02,38,North Dakota,2.0
2025-08-02,15,Hawaii,4.0
2025-08-02,24,Maryland,6.0
2025-08-02,28,Mississippi,5.0
2025-07-26,05,Arkansas,4.0
2025-07-26,22,Louisiana,17.0
2025-07-26,26,Michigan,21.0
2025-07-26,41,Oregon,9.0
2025-07-26,42,Pennsylvania,119.0
2025-07-26,04,Arizona,6.0
2025-07-26,23,Maine,1.0
2025-07-26,29,Missouri,13.0
2025-07-26,US,US,891.0
2025-07-26,08,Colorado,2.0
2025-07-26,12,Florida,173.0
2025-07-26,30,Montana,0.0
2025-07-26,51,Virginia,12.0
2025-07-26,31,Nebraska,2.0
2025-07-26,45,South Carolina,5.0
2025-07-26,46,South Dakota,4.0
2025-07-26,01,Alabama,16.0
2025-07-26,55,Wisconsin,3.0
2025-07-26,19,Iowa,0.0
2025-07-26,39,Ohio,19.0
2025-07-26,10,Delaware,0.0
2025-07-26,35,New Mexico,3.0
2025-07-26,47,Tennessee,23.0
2025-07-26,53,Washington,6.0
2025-07-26,13,Georgia,14.0
2025-07-26,72,Puerto Rico,110.0
2025-07-26,48,Texas,90.0
2025-07-26,49,Utah,4.0
2025-07-26,18,Indiana,6.0
2025-07-26,37,North Carolina,14.0
2025-07-26,40,Oklahoma,10.0
2025-07-26,33,New Hampshire,3.0
2025-07-26,34,New Jersey,10.0
2025-07-26,54,West Virginia,0.0
2025-07-26,20,Kansas,3.0
2025-07-26,44,Rhode Island,0.0
2025-07-26,06,California,67.0
2025-07-26,36,New York,19.0
2025-07-26,16,Idaho,2.0
2025-07-26,27,Minnesota,4.0
2025-07-26,32,Nevada,6.0
2025-07-26,56,Wyoming,0.0
2025-07-26,17,Illinois,7.0
2025-07-26,25,Massachusetts,4.0
2025-07-26,09,Connecticut,4.0
2025-07-26,02,Alaska,4.0
2025-07-26,21,Kentucky,16.0
2025-07-26,50,Vermont,0.0
2025-07-26,11,District of Columbia,0.0
2025-07-26,38,North Dakota,0.0
2025-07-26,15,Hawaii,6.0
2025-07-26,24,Maryland,18.0
2025-07-26,28,Mississippi,12.0
2025-07-19,05,Arkansas,4.0
2025-07-19,22,Louisiana,21.0
2025-07-19,26,Michigan,16.0
2025-07-19,41,Oregon,7.0
2025-07-19,42,Pennsylvania,106.0
2025-07-19,04,Arizona,10.0
2025-07-19,23,Maine,1.0
2025-07-19,29,Missouri,12.0
2025-07-19,US,US,861.0
2025-07-19,08,Colorado,4.0
2025-07-19,12,Florida,170.0
2025-07-19,30,Montana,2.0
2025-07-19,51,Virginia,5.0
2025-07-19,31,Nebraska,2.0
2025-07-19,45,South Carolina,3.0
2025-07-19,46,South Dakota,0.0
2025-07-19,01,Alabama,13.0
2025-07-19,55,Wisconsin,7.0
2025-07-19,19,Iowa,3.0
2025-07-19,39,Ohio,15.0
2025-07-19,10,Delaware,1.0
2025-07-19,35,New Mexico,3.0
2025-07-19,47,Tennessee,34.0
2025-07-19,53,Washington,5.0
2025-07-19,13,Georgia,21.0
2025-07-19,72,Puerto Rico,99.0
2025-07-19,48,Texas,82.0
2025-07-19,49,Utah,4.0
2025-07-19,18,Indiana,7.0
2025-07-19,37,North Carolina,12.0
2025-07-19,40,Oklahoma,4.0
2025-07-19,33,New Hampshire,1.0
2025-07-19,34,New Jersey,13.0
2025-07-19,54,West Virginia,0.0
2025-07-19,20,Kansas,3.0
2025-07-19,44,Rhode Island,0.0
2025-07-19,06,California,73.0
2025-07-19,36,New York,19.0
2025-07-19,16,Idaho,2.0
2025-07-19,27,Minnesota,4.0
2025-07-19,32,Nevada,9.0
2025-07-19,56,Wyoming,0.0
2025-07-19,17,Illinois,11.0
2025-07-19,25,Massachusetts,11.0
2025-07-19,09,Connecticut,4.0
2025-07-19,02,Alaska,6.0
2025-07-19,21,Kentucky,9.0
2025-07-19,50,Vermont,0.0
2025-07-19,11,District of Columbia,2.0
2025-07-19,38,North Dakota,1.0
2025-07-19,15,Hawaii,3.0
2025-07-19,24,Maryland,4.0
2025-07-19,28,Mississippi,12.0
2025-07-12,05,Arkansas,8.0
2025-07-12,22,Louisiana,19.0
2025-07-12,26,Michigan,19.0
2025-07-12,41,Oregon,7.0
2025-07-12,42,Pennsylvania,127.0
2025-07-12,04,Arizona,15.0
2025-07-12,23,Maine,1.0
2025-07-12,29,Missouri,12.0
2025-07-12,US,US,971.0
2025-07-12,08,Colorado,8.0
2025-07-12,12,Florida,177.0
2025-07-12,30,Montana,3.0
2025-07-12,51,Virginia,10.0
2025-07-12,31,Nebraska,1.0
2025-07-12,45,South Carolina,4.0
2025-07-12,46,South Dakota,0.0
2025-07-12,01,Alabama,11.0
2025-07-12,55,Wisconsin,1.0
2025-07-12,19,Iowa,0.0
2025-07-12,39,Ohio,11.0
2025-07-12,10,Delaware,2.0
2025-07-12,35,New Mexico,3.0
2025-07-12,47,Tennessee,33.0
2025-07-12,53,Washington,8.0
2025-07-12,13,Georgia,17.0
2025-07-12,72,Puerto Rico,104.0
2025-07-12,48,Texas,89.0
2025-07-12,49,Utah,7.0
2025-07-12,18,Indiana,4.0
2025-07-12,37,North Carolina,12.0
2025-07-12,40,Oklahoma,2.0
2025-07-12,33,New Hampshire,3.0
2025-07-12,34,New Jersey,18.0
2025-07-12,54,West Virginia,3.0
2025-07-12,20,Kansas,2.0
2025-07-12,44,Rhode Island,1.0
2025-07-12,06,California,105.0
2025-07-12,36,New York,24.0
2025-07-12,16,Idaho,4.0
2025-07-12,27,Minnesota,7.0
2025-07-12,32,Nevada,4.0
2025-07-12,56,Wyoming,1.0
2025-07-12,17,Illinois,30.0
2025-07-12,25,Massachusetts,16.0
2025-07-12,09,Connecticut,5.0
2025-07-12,02,Alaska,2.0
2025-07-12,21,Kentucky,8.0
2025-07-12,50,Vermont,0.0
2025-07-12,11,District of Columbia,0.0
2025-07-12,38,North Dakota,0.0
2025-07-12,15,Hawaii,4.0
2025-07-12,24,Maryland,4.0
2025-07-12,28,Mississippi,15.0
2025-07-05,05,Arkansas,5.0
2025-07-05,22,Louisiana,21.0
2025-07-05,26,Michigan,19.0
2025-07-05,41,Oregon,13.0
2025-07-05,42,Pennsylvania,104.0
2025-07-05,04,Arizona,24.0
2025-07-05,23,Maine,1.0
2025-07-05,29,Missouri,11.0
2025-07-05,US,US,1005.0
2025-07-05,08,Colorado,5.0
2025-07-05,12,Florida,181.0
2025-07-05,30,Montana,2.0
2025-07-05,51,Virginia,14.0
2025-07-05,31,Nebraska,1.0
2025-07-05,45,South Carolina,11.0
2025-07-05,46,South Dakota,1.0
2025-07-05,01,Alabama,15.0
2025-07-05,55,Wisconsin,2.0
2025-07-05,19,Iowa,2.0
2025-07-05,39,Ohio,18.0
2025-07-05,10,Delaware,3.0
2025-07-05,35,New Mexico,4.0
2025-07-05,47,Tennessee,13.0
2025-07-05,53,Washington,14.0
2025-07-05,13,Georgia,9.0
2025-07-05,72,Puerto Rico,126.0
2025-07-05,48,Texas,80.0
2025-07-05,49,Utah,6.0
2025-07-05,18,Indiana,10.0
2025-07-05,37,North Carolina,15.0
2025-07-05,40,Oklahoma,8.0
2025-07-05,33,New Hampshire,1.0
2025-07-05,34,New Jersey,23.0
2025-07-05,54,West Virginia,1.0
2025-07-05,20,Kansas,3.0
2025-07-05,44,Rhode Island,0.0
2025-07-05,06,California,86.0
2025-07-05,36,New York,22.0
2025-07-05,16,Idaho,5.0
2025-07-05,27,Minnesota,7.0
2025-07-05,32,Nevada,8.0
2025-07-05,56,Wyoming,1.0
2025-07-05,17,Illinois,42.0
2025-07-05,25,Massachusetts,21.0
2025-07-05,09,Connecticut,2.0
2025-07-05,02,Alaska,4.0
2025-07-05,21,Kentucky,11.0
2025-07-05,50,Vermont,0.0
2025-07-05,11,District of Columbia,0.0
2025-07-05,38,North Dakota,4.0
2025-07-05,15,Hawaii,9.0
2025-07-05,24,Maryland,7.0
2025-07-05,28,Mississippi,10.0
2025-06-28,05,Arkansas,20.0
2025-06-28,22,Louisiana,29.0
2025-06-28,26,Michigan,32.0
2025-06-28,41,Oregon,12.0
2025-06-28,42,Pennsylvania,144.0
2025-06-28,04,Arizona,11.0
2025-06-28,23,Maine,0.0
2025-06-28,29,Missouri,33.0
2025-06-28,US,US,1159.0
2025-06-28,08,Colorado,4.0
2025-06-28,12,Florida,193.0
2025-06-28,30,Montana,1.0
2025-06-28,51,Virginia,12.0
2025-06-28,31,Nebraska,0.0
2025-06-28,45,South Carolina,16.0
2025-06-28,46,South Dakota,2.0
2025-06-28,01,Alabama,27.0
2025-06-28,55,Wisconsin,3.0
2025-06-28,19,Iowa,2.0
2025-06-28,39,Ohio,14.0
2025-06-28,10,Delaware,1.0
2025-06-28,35,New Mexico,3.0
2025-06-28,47,Tennessee,19.0
2025-06-28,53,Washington,13.0
2025-06-28,13,Georgia,24.0
2025-06-28,72,Puerto Rico,114.0
2025-06-28,48,Texas,105.0
2025-06-28,49,Utah,3.0
2025-06-28,18,Indiana,15.0
2025-06-28,37,North Carolina,23.0
2025-06-28,40,Oklahoma,14.0
2025-06-28,33,New Hampshire,0.0
2025-06-28,34,New Jersey,25.0
2025-06-28,54,West Virginia,1.0
2025-06-28,20,Kansas,6.0
2025-06-28,44,Rhode Island,0.0
2025-06-28,06,California,98.0
2025-06-28,36,New York,22.0
2025-06-28,16,Idaho,1.0
2025-06-28,27,Minnesota,4.0
2025-06-28,32,Nevada,10.0
2025-06-28,56,Wyoming,1.0
2025-06-28,17,Illinois,33.0
2025-06-28,25,Massachusetts,21.0
2025-06-28,09,Connecticut,1.0
2025-06-28,02,Alaska,5.0
2025-06-28,21,Kentucky,12.0
2025-06-28,50,Vermont,0.0
2025-06-28,11,District of Columbia,2.0
2025-06-28,38,North Dakota,1.0
2025-06-28,15,Hawaii,8.0
2025-06-28,24,Maryland,6.0
2025-06-28,28,Mississippi,12.0
2025-06-21,05,Arkansas,14.0
2025-06-21,22,Louisiana,39.0
2025-06-21,26,Michigan,30.0
2025-06-21,41,Oregon,11.0
2025-06-21,42,Pennsylvania,153.0
2025-06-21,04,Arizona,18.0
2025-06-21,23,Maine,2.0
2025-06-21,29,Missouri,39.0
2025-06-21,US,US,1362.0
2025-06-21,08,Colorado,4.0
2025-06-21,12,Florida,217.0
2025-06-21,30,Montana,2.0
2025-06-21,51,Virginia,11.0
2025-06-21,31,Nebraska,0.0
2025-06-21,45,South Carolina,10.0
2025-06-21,46,South Dakota,6.0
2025-06-21,01,Alabama,22.0
2025-06-21,55,Wisconsin,6.0
2025-06-21,19,Iowa,3.0
2025-06-21,39,Ohio,17.0
2025-06-21,10,Delaware,3.0
2025-06-21,35,New Mexico,8.0
2025-06-21,47,Tennessee,33.0
2025-06-21,53,Washington,14.0
2025-06-21,13,Georgia,18.0
2025-06-21,72,Puerto Rico,209.0
2025-06-21,48,Texas,121.0
2025-06-21,49,Utah,1.0
2025-06-21,18,Indiana,11.0
2025-06-21,37,North Carolina,22.0
2025-06-21,40,Oklahoma,11.0
2025-06-21,33,New Hampshire,2.0
2025-06-21,34,New Jersey,20.0
2025-06-21,54,West Virginia,2.0
2025-06-21,20,Kansas,5.0
2025-06-21,44,Rhode Island,0.0
2025-06-21,06,California,124.0
2025-06-21,36,New York,27.0
2025-06-21,16,Idaho,7.0
2025-06-21,27,Minnesota,7.0
2025-06-21,32,Nevada,12.0
2025-06-21,56,Wyoming,2.0
2025-06-21,17,Illinois,23.0
2025-06-21,25,Massachusetts,8.0
2025-06-21,09,Connecticut,4.0
2025-06-21,02,Alaska,17.0
2025-06-21,21,Kentucky,13.0
2025-06-21,50,Vermont,0.0
2025-06-21,11,District of Columbia,1.0
2025-06-21,38,North Dakota,3.0
2025-06-21,15,Hawaii,5.0
2025-06-21,24,Maryland,6.0
2025-06-21,28,Mississippi,19.0
2025-06-14,05,Arkansas,12.0
2025-06-14,22,Louisiana,37.0
2025-06-14,26,Michigan,34.0
2025-06-14,41,Oregon,17.0
2025-06-14,42,Pennsylvania,156.0
2025-06-14,04,Arizona,35.0
2025-06-14,23,Maine,2.0
2025-06-14,29,Missouri,42.0
2025-06-14,US,US,1519.0
2025-06-14,08,Colorado,17.0
2025-06-14,12,Florida,227.0
2025-06-14,30,Montana,1.0
2025-06-14,51,Virginia,19.0
2025-06-14,31,Nebraska,0.0
2025-06-14,45,South Carolina,8.0
2025-06-14,46,South Dakota,7.0
2025-06-14,01,Alabama,18.0
2025-06-14,55,Wisconsin,4.0
2025-06-14,19,Iowa,1.0
2025-06-14,39,Ohio,15.0
2025-06-14,10,Delaware,5.0
2025-06-14,35,New Mexico,6.0
2025-06-14,47,Tennessee,45.0
2025-06-14,53,Washington,23.0
2025-06-14,13,Georgia,31.0
2025-06-14,72,Puerto Rico,190.0
2025-06-14,48,Texas,135.0
2025-06-14,49,Utah,9.0
2025-06-14,18,Indiana,5.0
2025-06-14,37,North Carolina,18.0
2025-06-14,40,Oklahoma,12.0
2025-06-14,33,New Hampshire,2.0
2025-06-14,34,New Jersey,24.0
2025-06-14,54,West Virginia,0.0
2025-06-14,20,Kansas,1.0
2025-06-14,44,Rhode Island,0.0
2025-06-14,06,California,158.0
2025-06-14,36,New York,29.0
2025-06-14,16,Idaho,9.0
2025-06-14,27,Minnesota,12.0
2025-06-14,32,Nevada,16.0
2025-06-14,56,Wyoming,1.0
2025-06-14,17,Illinois,24.0
2025-06-14,25,Massachusetts,24.0
2025-06-14,09,Connecticut,4.0
2025-06-14,02,Alaska,11.0
2025-06-14,21,Kentucky,19.0
2025-06-14,50,Vermont,0.0
2025-06-14,11,District of Columbia,2.0
2025-06-14,38,North Dakota,4.0
2025-06-14,15,Hawaii,14.0
2025-06-14,24,Maryland,13.0
2025-06-14,28,Mississippi,17.0
2025-06-07,05,Arkansas,14.0
2025-06-07,22,Louisiana,36.0
2025-06-07,26,Michigan,32.0
2025-06-07,41,Oregon,16.0
2025-06-07,42,Pennsylvania,162.0
2025-06-07,04,Arizona,32.0
2025-06-07,23,Maine,0.0
2025-06-07,29,Missouri,33.0
2025-06-07,US,US,1534.0
2025-06-07,08,Colorado,20.0
2025-06-07,12,Florida,212.0
2025-06-07,30,Montana,2.0
2025-06-07,51,Virginia,20.0
2025-06-07,31,Nebraska,4.0
2025-06-07,45,South Carolina,9.0
2025-06-07,46,South Dakota,3.0
2025-06-07,01,Alabama,14.0
2025-06-07,55,Wisconsin,2.0
2025-06-07,19,Iowa,6.0
2025-06-07,39,Ohio,21.0
2025-06-07,10,Delaware,0.0
2025-06-07,35,New Mexico,10.0
2025-06-07,47,Tennessee,35.0
2025-06-07,53,Washington,31.0
2025-06-07,13,Georgia,28.0
2025-06-07,72,Puerto Rico,185.0
2025-06-07,48,Texas,147.0
2025-06-07,49,Utah,7.0
2025-06-07,18,Indiana,15.0
2025-06-07,37,North Carolina,25.0
2025-06-07,40,Oklahoma,12.0
2025-06-07,33,New Hampshire,1.0
2025-06-07,34,New Jersey,26.0
2025-06-07,54,West Virginia,7.0
2025-06-07,20,Kansas,2.0
2025-06-07,44,Rhode Island,3.0
2025-06-07,06,California,149.0
2025-06-07,36,New York,27.0
2025-06-07,16,Idaho,7.0
2025-06-07,27,Minnesota,6.0
2025-06-07,32,Nevada,13.0
2025-06-07,56,Wyoming,2.0
2025-06-07,17,Illinois,28.0
2025-06-07,25,Massachusetts,19.0
2025-06-07,09,Connecticut,8.0
2025-06-07,02,Alaska,11.0
2025-06-07,21,Kentucky,20.0
2025-06-07,50,Vermont,0.0
2025-06-07,11,District of Columbia,4.0
2025-06-07,38,North Dakota,5.0
2025-06-07,15,Hawaii,10.0
2025-06-07,24,Maryland,34.0
2025-06-07,28,Mississippi,17.0
2025-05-31,05,Arkansas,14.0
2025-05-31,22,Louisiana,37.0
2025-05-31,26,Michigan,52.0
2025-05-31,41,Oregon,14.0
2025-05-31,42,Pennsylvania,187.0
2025-05-31,04,Arizona,55.0
2025-05-31,23,Maine,1.0
2025-05-31,29,Missouri,44.0
2025-05-31,US,US,1850.0
2025-05-31,08,Colorado,19.0
2025-05-31,12,Florida,232.0
2025-05-31,30,Montana,4.0
2025-05-31,51,Virginia,27.0
2025-05-31,31,Nebraska,2.0
2025-05-31,45,South Carolina,18.0
2025-05-31,46,South Dakota,5.0
2025-05-31,01,Alabama,11.0
2025-05-31,55,Wisconsin,4.0
2025-05-31,19,Iowa,4.0
2025-05-31,39,Ohio,19.0
2025-05-31,10,Delaware,0.0
2025-05-31,35,New Mexico,7.0
2025-05-31,47,Tennessee,35.0
2025-05-31,53,Washington,26.0
2025-05-31,13,Georgia,26.0
2025-05-31,72,Puerto Rico,255.0
2025-05-31,48,Texas,165.0
2025-05-31,49,Utah,13.0
2025-05-31,18,Indiana,20.0
2025-05-31,37,North Carolina,18.0
2025-05-31,40,Oklahoma,8.0
2025-05-31,33,New Hampshire,3.0
2025-05-31,34,New Jersey,30.0
2025-05-31,54,West Virginia,1.0
2025-05-31,20,Kansas,9.0
2025-05-31,44,Rhode Island,2.0
2025-05-31,06,California,193.0
2025-05-31,36,New York,41.0
2025-05-31,16,Idaho,5.0
2025-05-31,27,Minnesota,13.0
2025-05-31,32,Nevada,15.0
2025-05-31,56,Wyoming,3.0
2025-05-31,17,Illinois,56.0
2025-05-31,25,Massachusetts,26.0
2025-05-31,09,Connecticut,16.0
2025-05-31,02,Alaska,8.0
2025-05-31,21,Kentucky,21.0
2025-05-31,50,Vermont,1.0
2025-05-31,11,District of Columbia,5.0
2025-05-31,38,North Dakota,1.0
2025-05-31,15,Hawaii,19.0
2025-05-31,24,Maryland,38.0
2025-05-31,28,Mississippi,20.0
2025-05-24,05,Arkansas,14.0
2025-05-24,22,Louisiana,34.0
2025-05-24,26,Michigan,51.0
2025-05-24,41,Oregon,20.0
2025-05-24,42,Pennsylvania,172.0
2025-05-24,04,Arizona,38.0
2025-05-24,23,Maine,2.0
2025-05-24,29,Missouri,42.0
2025-05-24,US,US,1745.0
2025-05-24,08,Colorado,15.0
2025-05-24,12,Florida,215.0
2025-05-24,30,Montana,2.0
2025-05-24,51,Virginia,33.0
2025-05-24,31,Nebraska,2.0
2025-05-24,45,South Carolina,17.0
2025-05-24,46,South Dakota,7.0
2025-05-24,01,Alabama,28.0
2025-05-24,55,Wisconsin,10.0
2025-05-24,19,Iowa,5.0
2025-05-24,39,Ohio,20.0
2025-05-24,10,Delaware,1.0
2025-05-24,35,New Mexico,14.0
2025-05-24,47,Tennessee,36.0
2025-05-24,53,Washington,29.0
2025-05-24,13,Georgia,21.0
2025-05-24,72,Puerto Rico,174.0
2025-05-24,48,Texas,143.0
2025-05-24,49,Utah,14.0
2025-05-24,18,Indiana,18.0
2025-05-24,37,North Carolina,19.0
2025-05-24,40,Oklahoma,13.0
2025-05-24,33,New Hampshire,1.0
2025-05-24,34,New Jersey,25.0
2025-05-24,54,West Virginia,1.0
2025-05-24,20,Kansas,11.0
2025-05-24,44,Rhode Island,2.0
2025-05-24,06,California,186.0
2025-05-24,36,New York,50.0
2025-05-24,16,Idaho,11.0
2025-05-24,27,Minnesota,9.0
2025-05-24,32,Nevada,26.0
2025-05-24,56,Wyoming,3.0
2025-05-24,17,Illinois,74.0
2025-05-24,25,Massachusetts,30.0
2025-05-24,09,Connecticut,14.0
2025-05-24,02,Alaska,10.0
2025-05-24,21,Kentucky,18.0
2025-05-24,50,Vermont,1.0
2025-05-24,11,District of Columbia,2.0
2025-05-24,38,North Dakota,3.0
2025-05-24,15,Hawaii,18.0
2025-05-24,24,Maryland,26.0
2025-05-24,28,Mississippi,15.0
2025-05-17,05,Arkansas,13.0
2025-05-17,22,Louisiana,41.0
2025-05-17,26,Michigan,62.0
2025-05-17,41,Oregon,19.0
2025-05-17,42,Pennsylvania,173.0
2025-05-17,04,Arizona,69.0
2025-05-17,23,Maine,2.0
2025-05-17,29,Missouri,53.0
2025-05-17,US,US,1899.0
2025-05-17,08,Colorado,19.0
2025-05-17,12,Florida,219.0
2025-05-17,30,Montana,0.0
2025-05-17,51,Virginia,16.0
2025-05-17,31,Nebraska,5.0
2025-05-17,45,South Carolina,15.0
2025-05-17,46,South Dakota,5.0
2025-05-17,01,Alabama,37.0
2025-05-17,55,Wisconsin,15.0
2025-05-17,19,Iowa,1.0
2025-05-17,39,Ohio,25.0
2025-05-17,10,Delaware,0.0
2025-05-17,35,New Mexico,11.0
2025-05-17,47,Tennessee,50.0
2025-05-17,53,Washington,16.0
2025-05-17,13,Georgia,34.0
2025-05-17,72,Puerto Rico,202.0
2025-05-17,48,Texas,203.0
2025-05-17,49,Utah,12.0
2025-05-17,18,Indiana,25.0
2025-05-17,37,North Carolina,18.0
2025-05-17,40,Oklahoma,19.0
2025-05-17,33,New Hampshire,3.0
2025-05-17,34,New Jersey,43.0
2025-05-17,54,West Virginia,5.0
2025-05-17,20,Kansas,8.0
2025-05-17,44,Rhode Island,2.0
2025-05-17,06,California,173.0
2025-05-17,36,New York,63.0
2025-05-17,16,Idaho,11.0
2025-05-17,27,Minnesota,8.0
2025-05-17,32,Nevada,16.0
2025-05-17,56,Wyoming,3.0
2025-05-17,17,Illinois,52.0
2025-05-17,25,Massachusetts,31.0
2025-05-17,09,Connecticut,17.0
2025-05-17,02,Alaska,6.0
2025-05-17,21,Kentucky,15.0
2025-05-17,50,Vermont,2.0
2025-05-17,11,District of Columbia,2.0
2025-05-17,38,North Dakota,7.0
2025-05-17,15,Hawaii,25.0
2025-05-17,24,Maryland,10.0
2025-05-17,28,Mississippi,16.0
2025-05-10,05,Arkansas,13.0
2025-05-10,22,Louisiana,33.0
2025-05-10,26,Michigan,93.0
2025-05-10,41,Oregon,27.0
2025-05-10,42,Pennsylvania,262.0
2025-05-10,04,Arizona,53.0
2025-05-10,23,Maine,3.0
2025-05-10,29,Missouri,49.0
2025-05-10,US,US,2183.0
2025-05-10,08,Colorado,36.0
2025-05-10,12,Florida,239.0
2025-05-10,30,Montana,0.0
2025-05-10,51,Virginia,35.0
2025-05-10,31,Nebraska,10.0
2025-05-10,45,South Carolina,13.0
2025-05-10,46,South Dakota,1.0
2025-05-10,01,Alabama,33.0
2025-05-10,55,Wisconsin,27.0
2025-05-10,19,Iowa,4.0
2025-05-10,39,Ohio,33.0
2025-05-10,10,Delaware,5.0
2025-05-10,35,New Mexico,25.0
2025-05-10,47,Tennessee,32.0
2025-05-10,53,Washington,24.0
2025-05-10,13,Georgia,44.0
2025-05-10,72,Puerto Rico,210.0
2025-05-10,48,Texas,176.0
2025-05-10,49,Utah,14.0
2025-05-10,18,Indiana,27.0
2025-05-10,37,North Carolina,28.0
2025-05-10,40,Oklahoma,13.0
2025-05-10,33,New Hampshire,8.0
2025-05-10,34,New Jersey,40.0
2025-05-10,54,West Virginia,6.0
2025-05-10,20,Kansas,4.0
2025-05-10,44,Rhode Island,3.0
2025-05-10,06,California,182.0
2025-05-10,36,New York,105.0
2025-05-10,16,Idaho,11.0
2025-05-10,27,Minnesota,23.0
2025-05-10,32,Nevada,21.0
2025-05-10,56,Wyoming,4.0
2025-05-10,17,Illinois,58.0
2025-05-10,25,Massachusetts,39.0
2025-05-10,09,Connecticut,9.0
2025-05-10,02,Alaska,5.0
2025-05-10,21,Kentucky,19.0
2025-05-10,50,Vermont,1.0
2025-05-10,11,District of Columbia,6.0
2025-05-10,38,North Dakota,5.0
2025-05-10,15,Hawaii,30.0
2025-05-10,24,Maryland,21.0
2025-05-10,28,Mississippi,19.0
2025-05-03,05,Arkansas,21.0
2025-05-03,22,Louisiana,44.0
2025-05-03,26,Michigan,117.0
2025-05-03,41,Oregon,36.0
2025-05-03,42,Pennsylvania,256.0
2025-05-03,04,Arizona,80.0
2025-05-03,23,Maine,10.0
2025-05-03,29,Missouri,59.0
2025-05-03,US,US,2545.0
2025-05-03,08,Colorado,30.0
2025-05-03,12,Florida,241.0
2025-05-03,30,Montana,6.0
2025-05-03,51,Virginia,40.0
2025-05-03,31,Nebraska,3.0
2025-05-03,45,South Carolina,16.0
2025-05-03,46,South Dakota,4.0
2025-05-03,01,Alabama,27.0
2025-05-03,55,Wisconsin,30.0
2025-05-03,19,Iowa,4.0
2025-05-03,39,Ohio,47.0
2025-05-03,10,Delaware,10.0
2025-05-03,35,New Mexico,32.0
2025-05-03,47,Tennessee,46.0
2025-05-03,53,Washington,20.0
2025-05-03,13,Georgia,44.0
2025-05-03,72,Puerto Rico,138.0
2025-05-03,48,Texas,193.0
2025-05-03,49,Utah,17.0
2025-05-03,18,Indiana,34.0
2025-05-03,37,North Carolina,39.0
2025-05-03,40,Oklahoma,16.0
2025-05-03,33,New Hampshire,6.0
2025-05-03,34,New Jersey,70.0
2025-05-03,54,West Virginia,10.0
2025-05-03,20,Kansas,6.0
2025-05-03,44,Rhode Island,8.0
2025-05-03,06,California,243.0
2025-05-03,36,New York,157.0
2025-05-03,16,Idaho,16.0
2025-05-03,27,Minnesota,31.0
2025-05-03,32,Nevada,19.0
2025-05-03,56,Wyoming,1.0
2025-05-03,17,Illinois,81.0
2025-05-03,25,Massachusetts,76.0
2025-05-03,09,Connecticut,25.0
2025-05-03,02,Alaska,9.0
2025-05-03,21,Kentucky,21.0
2025-05-03,50,Vermont,3.0
2025-05-03,11,District of Columbia,4.0
2025-05-03,38,North Dakota,9.0
2025-05-03,15,Hawaii,34.0
2025-05-03,24,Maryland,41.0
2025-05-03,28,Mississippi,15.0
2025-04-26,05,Arkansas,24.0
2025-04-26,22,Louisiana,63.0
2025-04-26,26,Michigan,127.0
2025-04-26,41,Oregon,33.0
2025-04-26,42,Pennsylvania,474.0
2025-04-26,04,Arizona,77.0
2025-04-26,23,Maine,16.0
2025-04-26,29,Missouri,66.0
2025-04-26,US,US,3314.0
2025-04-26,08,Colorado,42.0
2025-04-26,12,Florida,268.0
2025-04-26,30,Montana,11.0
2025-04-26,51,Virginia,54.0
2025-04-26,31,Nebraska,12.0
2025-04-26,45,South Carolina,33.0
2025-04-26,46,South Dakota,8.0
2025-04-26,01,Alabama,35.0
2025-04-26,55,Wisconsin,33.0
2025-04-26,19,Iowa,14.0
2025-04-26,39,Ohio,87.0
2025-04-26,10,Delaware,4.0
2025-04-26,35,New Mexico,42.0
2025-04-26,47,Tennessee,65.0
2025-04-26,53,Washington,39.0
2025-04-26,13,Georgia,44.0
2025-04-26,72,Puerto Rico,187.0
2025-04-26,48,Texas,230.0
2025-04-26,49,Utah,19.0
2025-04-26,18,Indiana,43.0
2025-04-26,37,North Carolina,50.0
2025-04-26,40,Oklahoma,17.0
2025-04-26,33,New Hampshire,9.0
2025-04-26,34,New Jersey,72.0
2025-04-26,54,West Virginia,18.0
2025-04-26,20,Kansas,9.0
2025-04-26,44,Rhode Island,4.0
2025-04-26,06,California,255.0
2025-04-26,36,New York,209.0
2025-04-26,16,Idaho,21.0
2025-04-26,27,Minnesota,26.0
2025-04-26,32,Nevada,29.0
2025-04-26,56,Wyoming,6.0
2025-04-26,17,Illinois,124.0
2025-04-26,25,Massachusetts,88.0
2025-04-26,09,Connecticut,53.0
2025-04-26,02,Alaska,9.0
2025-04-26,21,Kentucky,39.0
2025-04-26,50,Vermont,13.0
2025-04-26,11,District of Columbia,7.0
2025-04-26,38,North Dakota,11.0
2025-04-26,15,Hawaii,24.0
2025-04-26,24,Maryland,47.0
2025-04-26,28,Mississippi,23.0
2025-04-19,05,Arkansas,29.0
2025-04-19,22,Louisiana,70.0
2025-04-19,26,Michigan,196.0
2025-04-19,41,Oregon,43.0
2025-04-19,42,Pennsylvania,417.0
2025-04-19,04,Arizona,88.0
2025-04-19,23,Maine,23.0
2025-04-19,29,Missouri,100.0
2025-04-19,US,US,3971.0
2025-04-19,08,Colorado,40.0
2025-04-19,12,Florida,343.0
2025-04-19,30,Montana,22.0
2025-04-19,51,Virginia,56.0
2025-04-19,31,Nebraska,14.0
2025-04-19,45,South Carolina,34.0
2025-04-19,46,South Dakota,10.0
2025-04-19,01,Alabama,49.0
2025-04-19,55,Wisconsin,40.0
2025-04-19,19,Iowa,11.0
2025-04-19,39,Ohio,107.0
2025-04-19,10,Delaware,10.0
2025-04-19,35,New Mexico,31.0
2025-04-19,47,Tennessee,59.0
2025-04-19,53,Washington,42.0
2025-04-19,13,Georgia,64.0
2025-04-19,72,Puerto Rico,187.0
2025-04-19,48,Texas,271.0
2025-04-19,49,Utah,27.0
2025-04-19,18,Indiana,52.0
2025-04-19,37,North Carolina,60.0
2025-04-19,40,Oklahoma,21.0
2025-04-19,33,New Hampshire,22.0
2025-04-19,34,New Jersey,137.0
2025-04-19,54,West Virginia,26.0
2025-04-19,20,Kansas,29.0
2025-04-19,44,Rhode Island,17.0
2025-04-19,06,California,354.0
2025-04-19,36,New York,283.0
2025-04-19,16,Idaho,13.0
2025-04-19,27,Minnesota,38.0
2025-04-19,32,Nevada,41.0
2025-04-19,56,Wyoming,3.0
2025-04-19,17,Illinois,156.0
2025-04-19,25,Massachusetts,90.0
2025-04-19,09,Connecticut,34.0
2025-04-19,02,Alaska,12.0
2025-04-19,21,Kentucky,49.0
2025-04-19,50,Vermont,12.0
2025-04-19,11,District of Columbia,7.0
2025-04-19,38,North Dakota,14.0
2025-04-19,15,Hawaii,24.0
2025-04-19,24,Maryland,62.0
2025-04-19,28,Mississippi,29.0
2025-04-12,05,Arkansas,34.0
2025-04-12,22,Louisiana,80.0
2025-04-12,26,Michigan,255.0
2025-04-12,41,Oregon,50.0
2025-04-12,42,Pennsylvania,479.0
2025-04-12,04,Arizona,93.0
2025-04-12,23,Maine,40.0
2025-04-12,29,Missouri,99.0
2025-04-12,US,US,5066.0
2025-04-12,08,Colorado,62.0
2025-04-12,12,Florida,409.0
2025-04-12,30,Montana,34.0
2025-04-12,51,Virginia,93.0
2025-04-12,31,Nebraska,16.0
2025-04-12,45,South Carolina,43.0
2025-04-12,46,South Dakota,7.0
2025-04-12,01,Alabama,54.0
2025-04-12,55,Wisconsin,66.0
2025-04-12,19,Iowa,24.0
2025-04-12,39,Ohio,169.0
2025-04-12,10,Delaware,14.0
2025-04-12,35,New Mexico,37.0
2025-04-12,47,Tennessee,100.0
2025-04-12,53,Washington,74.0
2025-04-12,13,Georgia,84.0
2025-04-12,72,Puerto Rico,274.0
2025-04-12,48,Texas,284.0
2025-04-12,49,Utah,33.0
2025-04-12,18,Indiana,87.0
2025-04-12,37,North Carolina,98.0
2025-04-12,40,Oklahoma,20.0
2025-04-12,33,New Hampshire,22.0
2025-04-12,34,New Jersey,161.0
2025-04-12,54,West Virginia,47.0
2025-04-12,20,Kansas,29.0
2025-04-12,44,Rhode Island,22.0
2025-04-12,06,California,422.0
2025-04-12,36,New York,395.0
2025-04-12,16,Idaho,27.0
2025-04-12,27,Minnesota,59.0
2025-04-12,32,Nevada,49.0
2025-04-12,56,Wyoming,4.0
2025-04-12,17,Illinois,156.0
2025-04-12,25,Massachusetts,123.0
2025-04-12,09,Connecticut,40.0
2025-04-12,02,Alaska,16.0
2025-04-12,21,Kentucky,88.0
2025-04-12,50,Vermont,8.0
2025-04-12,11,District of Columbia,8.0
2025-04-12,38,North Dakota,12.0
2025-04-12,15,Hawaii,24.0
2025-04-12,24,Maryland,94.0
2025-04-12,28,Mississippi,47.0
2025-04-05,05,Arkansas,71.0
2025-04-05,22,Louisiana,121.0
2025-04-05,26,Michigan,305.0
2025-04-05,41,Oregon,85.0
2025-04-05,42,Pennsylvania,671.0
2025-04-05,04,Arizona,111.0
2025-04-05,23,Maine,55.0
2025-04-05,29,Missouri,130.0
2025-04-05,US,US,6989.0
2025-04-05,08,Colorado,86.0
2025-04-05,12,Florida,591.0
2025-04-05,30,Montana,32.0
2025-04-05,51,Virginia,153.0
2025-04-05,31,Nebraska,14.0
2025-04-05,45,South Carolina,80.0
2025-04-05,46,South Dakota,8.0
2025-04-05,01,Alabama,85.0
2025-04-05,55,Wisconsin,77.0
2025-04-05,19,Iowa,43.0
2025-04-05,39,Ohio,274.0
2025-04-05,10,Delaware,24.0
2025-04-05,35,New Mexico,58.0
2025-04-05,47,Tennessee,150.0
2025-04-05,53,Washington,101.0
2025-04-05,13,Georgia,162.0
2025-04-05,72,Puerto Rico,194.0
2025-04-05,48,Texas,371.0
2025-04-05,49,Utah,54.0
2025-04-05,18,Indiana,126.0
2025-04-05,37,North Carolina,188.0
2025-04-05,40,Oklahoma,40.0
2025-04-05,33,New Hampshire,17.0
2025-04-05,34,New Jersey,248.0
2025-04-05,54,West Virginia,102.0
2025-04-05,20,Kansas,40.0
2025-04-05,44,Rhode Island,25.0
2025-04-05,06,California,454.0
2025-04-05,36,New York,508.0
2025-04-05,16,Idaho,27.0
2025-04-05,27,Minnesota,68.0
2025-04-05,32,Nevada,41.0
2025-04-05,56,Wyoming,12.0
2025-04-05,17,Illinois,297.0
2025-04-05,25,Massachusetts,152.0
2025-04-05,09,Connecticut,53.0
2025-04-05,02,Alaska,17.0
2025-04-05,21,Kentucky,175.0
2025-04-05,50,Vermont,28.0
2025-04-05,11,District of Columbia,28.0
2025-04-05,38,North Dakota,14.0
2025-04-05,15,Hawaii,39.0
2025-04-05,24,Maryland,129.0
2025-04-05,28,Mississippi,55.0
2025-03-29,05,Arkansas,111.0
2025-03-29,22,Louisiana,178.0
2025-03-29,26,Michigan,636.0
2025-03-29,41,Oregon,95.0
2025-03-29,42,Pennsylvania,958.0
2025-03-29,04,Arizona,238.0
2025-03-29,23,Maine,59.0
2025-03-29,29,Missouri,189.0
2025-03-29,US,US,9976.0
2025-03-29,08,Colorado,121.0
2025-03-29,12,Florida,724.0
2025-03-29,30,Montana,59.0
2025-03-29,51,Virginia,213.0
2025-03-29,31,Nebraska,39.0
2025-03-29,45,South Carolina,137.0
2025-03-29,46,South Dakota,11.0
2025-03-29,01,Alabama,169.0
2025-03-29,55,Wisconsin,136.0
2025-03-29,19,Iowa,55.0
2025-03-29,39,Ohio,453.0
2025-03-29,10,Delaware,34.0
2025-03-29,35,New Mexico,90.0
2025-03-29,47,Tennessee,219.0
2025-03-29,53,Washington,113.0
2025-03-29,13,Georgia,190.0
2025-03-29,72,Puerto Rico,212.0
2025-03-29,48,Texas,539.0
2025-03-29,49,Utah,54.0
2025-03-29,18,Indiana,237.0
2025-03-29,37,North Carolina,301.0
2025-03-29,40,Oklahoma,75.0
2025-03-29,33,New Hampshire,34.0
2025-03-29,34,New Jersey,282.0
2025-03-29,54,West Virginia,168.0
2025-03-29,20,Kansas,68.0
2025-03-29,44,Rhode Island,26.0
2025-03-29,06,California,596.0
2025-03-29,36,New York,611.0
2025-03-29,16,Idaho,50.0
2025-03-29,27,Minnesota,83.0
2025-03-29,32,Nevada,70.0
2025-03-29,56,Wyoming,23.0
2025-03-29,17,Illinois,355.0
2025-03-29,25,Massachusetts,238.0
2025-03-29,09,Connecticut,77.0
2025-03-29,02,Alaska,32.0
2025-03-29,21,Kentucky,267.0
2025-03-29,50,Vermont,26.0
2025-03-29,11,District of Columbia,69.0
2025-03-29,38,North Dakota,25.0
2025-03-29,15,Hawaii,31.0
2025-03-29,24,Maryland,135.0
2025-03-29,28,Mississippi,58.0
2025-03-22,05,Arkansas,165.0
2025-03-22,22,Louisiana,230.0
2025-03-22,26,Michigan,948.0
2025-03-22,41,Oregon,126.0
2025-03-22,42,Pennsylvania,1346.0
2025-03-22,04,Arizona,346.0
2025-03-22,23,Maine,83.0
2025-03-22,29,Missouri,370.0
2025-03-22,US,US,14043.0
2025-03-22,08,Colorado,162.0
2025-03-22,12,Florida,920.0
2025-03-22,30,Montana,91.0
2025-03-22,51,Virginia,339.0
2025-03-22,31,Nebraska,58.0
2025-03-22,45,South Carolina,188.0
2025-03-22,46,South Dakota,16.0
2025-03-22,01,Alabama,192.0
2025-03-22,55,Wisconsin,186.0
2025-03-22,19,Iowa,99.0
2025-03-22,39,Ohio,797.0
2025-03-22,10,Delaware,48.0
2025-03-22,35,New Mexico,110.0
2025-03-22,47,Tennessee,308.0
2025-03-22,53,Washington,165.0
2025-03-22,13,Georgia,235.0
2025-03-22,72,Puerto Rico,243.0
2025-03-22,48,Texas,611.0
2025-03-22,49,Utah,76.0
2025-03-22,18,Indiana,392.0
2025-03-22,37,North Carolina,434.0
2025-03-22,40,Oklahoma,86.0
2025-03-22,33,New Hampshire,53.0
2025-03-22,34,New Jersey,345.0
2025-03-22,54,West Virginia,275.0
2025-03-22,20,Kansas,120.0
2025-03-22,44,Rhode Island,43.0
2025-03-22,06,California,711.0
2025-03-22,36,New York,894.0
2025-03-22,16,Idaho,83.0
2025-03-22,27,Minnesota,197.0
2025-03-22,32,Nevada,81.0
2025-03-22,56,Wyoming,30.0
2025-03-22,17,Illinois,509.0
2025-03-22,25,Massachusetts,329.0
2025-03-22,09,Connecticut,118.0
2025-03-22,02,Alaska,26.0
2025-03-22,21,Kentucky,372.0
2025-03-22,50,Vermont,34.0
2025-03-22,11,District of Columbia,67.0
2025-03-22,38,North Dakota,24.0
2025-03-22,15,Hawaii,42.0
2025-03-22,24,Maryland,210.0
2025-03-22,28,Mississippi,106.0
2025-03-15,05,Arkansas,232.0
2025-03-15,22,Louisiana,327.0
2025-03-15,26,Michigan,855.0
2025-03-15,41,Oregon,184.0
2025-03-15,42,Pennsylvania,1646.0
2025-03-15,04,Arizona,393.0
2025-03-15,23,Maine,115.0
2025-03-15,29,Missouri,440.0
2025-03-15,US,US,18864.0
2025-03-15,08,Colorado,215.0
2025-03-15,12,Florida,1107.0
2025-03-15,30,Montana,125.0
2025-03-15,51,Virginia,514.0
2025-03-15,31,Nebraska,80.0
2025-03-15,45,South Carolina,269.0
2025-03-15,46,South Dakota,26.0
2025-03-15,01,Alabama,272.0
2025-03-15,55,Wisconsin,326.0
2025-03-15,19,Iowa,187.0
2025-03-15,39,Ohio,1361.0
2025-03-15,10,Delaware,64.0
2025-03-15,35,New Mexico,146.0
2025-03-15,47,Tennessee,461.0
2025-03-15,53,Washington,201.0
2025-03-15,13,Georgia,365.0
2025-03-15,72,Puerto Rico,346.0
2025-03-15,48,Texas,909.0
2025-03-15,49,Utah,102.0
2025-03-15,18,Indiana,599.0
2025-03-15,37,North Carolina,667.0
2025-03-15,40,Oklahoma,143.0
2025-03-15,33,New Hampshire,79.0
2025-03-15,34,New Jersey,465.0
2025-03-15,54,West Virginia,347.0
2025-03-15,20,Kansas,164.0
2025-03-15,44,Rhode Island,68.0
2025-03-15,06,California,997.0
2025-03-15,36,New York,1107.0
2025-03-15,16,Idaho,99.0
2025-03-15,27,Minnesota,176.0
2025-03-15,32,Nevada,88.0
2025-03-15,56,Wyoming,44.0
2025-03-15,17,Illinois,718.0
2025-03-15,25,Massachusetts,459.0
2025-03-15,09,Connecticut,153.0
2025-03-15,02,Alaska,31.0
2025-03-15,21,Kentucky,494.0
2025-03-15,50,Vermont,32.0
2025-03-15,11,District of Columbia,81.0
2025-03-15,38,North Dakota,36.0
2025-03-15,15,Hawaii,56.0
2025-03-15,24,Maryland,291.0
2025-03-15,28,Mississippi,196.0
2025-03-08,05,Arkansas,326.0
2025-03-08,22,Louisiana,398.0
2025-03-08,26,Michigan,1264.0
2025-03-08,41,Oregon,208.0
2025-03-08,42,Pennsylvania,2428.0
2025-03-08,04,Arizona,499.0
2025-03-08,23,Maine,200.0
2025-03-08,29,Missouri,693.0
2025-03-08,US,US,24724.0
2025-03-08,08,Colorado,311.0
2025-03-08,12,Florida,1322.0
2025-03-08,30,Montana,159.0
2025-03-08,51,Virginia,556.0
2025-03-08,31,Nebraska,153.0
2025-03-08,45,South Carolina,408.0
2025-03-08,46,South Dakota,59.0
2025-03-08,01,Alabama,314.0
2025-03-08,55,Wisconsin,501.0
2025-03-08,19,Iowa,271.0
2025-03-08,39,Ohio,1905.0
2025-03-08,10,Delaware,81.0
2025-03-08,35,New Mexico,178.0
2025-03-08,47,Tennessee,479.0
2025-03-08,53,Washington,253.0
2025-03-08,13,Georgia,396.0
2025-03-08,72,Puerto Rico,283.0
2025-03-08,48,Texas,1209.0
2025-03-08,49,Utah,127.0
2025-03-08,18,Indiana,900.0
2025-03-08,37,North Carolina,822.0
2025-03-08,40,Oklahoma,236.0
2025-03-08,33,New Hampshire,145.0
2025-03-08,34,New Jersey,630.0
2025-03-08,54,West Virginia,458.0
2025-03-08,20,Kansas,251.0
2025-03-08,44,Rhode Island,79.0
2025-03-08,06,California,1069.0
2025-03-08,36,New York,1278.0
2025-03-08,16,Idaho,95.0
2025-03-08,27,Minnesota,213.0
2025-03-08,32,Nevada,79.0
2025-03-08,56,Wyoming,53.0
2025-03-08,17,Illinois,960.0
2025-03-08,25,Massachusetts,789.0
2025-03-08,09,Connecticut,187.0
2025-03-08,02,Alaska,62.0
2025-03-08,21,Kentucky,633.0
2025-03-08,50,Vermont,43.0
2025-03-08,11,District of Columbia,103.0
2025-03-08,38,North Dakota,32.0
2025-03-08,15,Hawaii,63.0
2025-03-08,24,Maryland,379.0
2025-03-08,28,Mississippi,181.0
2025-03-01,05,Arkansas,363.0
2025-03-01,22,Louisiana,359.0
2025-03-01,26,Michigan,1669.0
2025-03-01,41,Oregon,323.0
2025-03-01,42,Pennsylvania,3135.0
2025-03-01,04,Arizona,657.0
2025-03-01,23,Maine,205.0
2025-03-01,29,Missouri,861.0
2025-03-01,US,US,31961.0
2025-03-01,08,Colorado,381.0
2025-03-01,12,Florida,1630.0
2025-03-01,30,Montana,191.0
2025-03-01,51,Virginia,727.0
2025-03-01,31,Nebraska,197.0
2025-03-01,45,South Carolina,446.0
2025-03-01,46,South Dakota,89.0
2025-03-01,01,Alabama,329.0
2025-03-01,55,Wisconsin,783.0
2025-03-01,19,Iowa,355.0
2025-03-01,39,Ohio,2611.0
2025-03-01,10,Delaware,125.0
2025-03-01,35,New Mexico,184.0
2025-03-01,47,Tennessee,526.0
2025-03-01,53,Washington,422.0
2025-03-01,13,Georgia,437.0
2025-03-01,72,Puerto Rico,315.0
2025-03-01,48,Texas,1553.0
2025-03-01,49,Utah,123.0
2025-03-01,18,Indiana,1210.0
2025-03-01,37,North Carolina,918.0
2025-03-01,40,Oklahoma,334.0
2025-03-01,33,New Hampshire,190.0
2025-03-01,34,New Jersey,938.0
2025-03-01,54,West Virginia,511.0
2025-03-01,20,Kansas,308.0
2025-03-01,44,Rhode Island,107.0
2025-03-01,06,California,1466.0
2025-03-01,36,New York,1630.0
2025-03-01,16,Idaho,124.0
2025-03-01,27,Minnesota,296.0
2025-03-01,32,Nevada,97.0
2025-03-01,56,Wyoming,57.0
2025-03-01,17,Illinois,1311.0
2025-03-01,25,Massachusetts,1296.0
2025-03-01,09,Connecticut,278.0
2025-03-01,02,Alaska,57.0
2025-03-01,21,Kentucky,774.0
2025-03-01,50,Vermont,65.0
2025-03-01,11,District of Columbia,120.0
2025-03-01,38,North Dakota,47.0
2025-03-01,15,Hawaii,67.0
2025-03-01,24,Maryland,548.0
2025-03-01,28,Mississippi,214.0
2025-02-22,05,Arkansas,392.0
2025-02-22,22,Louisiana,330.0
2025-02-22,26,Michigan,1805.0
2025-02-22,41,Oregon,486.0
2025-02-22,42,Pennsylvania,3747.0
2025-02-22,04,Arizona,647.0
2025-02-22,23,Maine,266.0
2025-02-22,29,Missouri,1380.0
2025-02-22,US,US,39387.0
2025-02-22,08,Colorado,484.0
2025-02-22,12,Florida,2076.0
2025-02-22,30,Montana,208.0
2025-02-22,51,Virginia,909.0
2025-02-22,31,Nebraska,297.0
2025-02-22,45,South Carolina,479.0
2025-02-22,46,South Dakota,110.0
2025-02-22,01,Alabama,286.0
2025-02-22,55,Wisconsin,892.0
2025-02-22,19,Iowa,404.0
2025-02-22,39,Ohio,3266.0
2025-02-22,10,Delaware,164.0
2025-02-22,35,New Mexico,248.0
2025-02-22,47,Tennessee,546.0
2025-02-22,53,Washington,671.0
2025-02-22,13,Georgia,461.0
2025-02-22,72,Puerto Rico,240.0
2025-02-22,48,Texas,1774.0
2025-02-22,49,Utah,183.0
2025-02-22,18,Indiana,1649.0
2025-02-22,37,North Carolina,1174.0
2025-02-22,40,Oklahoma,500.0
2025-02-22,33,New Hampshire,212.0
2025-02-22,34,New Jersey,1205.0
2025-02-22,54,West Virginia,640.0
2025-02-22,20,Kansas,413.0
2025-02-22,44,Rhode Island,160.0
2025-02-22,06,California,2052.0
2025-02-22,36,New York,2035.0
2025-02-22,16,Idaho,152.0
2025-02-22,27,Minnesota,397.0
2025-02-22,32,Nevada,123.0
2025-02-22,56,Wyoming,99.0
2025-02-22,17,Illinois,1706.0
2025-02-22,25,Massachusetts,1450.0
2025-02-22,09,Connecticut,372.0
2025-02-22,02,Alaska,52.0
2025-02-22,21,Kentucky,896.0
2025-02-22,50,Vermont,107.0
2025-02-22,11,District of Columbia,102.0
2025-02-22,38,North Dakota,65.0
2025-02-22,15,Hawaii,86.0
2025-02-22,24,Maryland,764.0
2025-02-22,28,Mississippi,223.0
2025-02-15,05,Arkansas,543.0
2025-02-15,22,Louisiana,387.0
2025-02-15,26,Michigan,1800.0
2025-02-15,41,Oregon,502.0
2025-02-15,42,Pennsylvania,4569.0
2025-02-15,04,Arizona,711.0
2025-02-15,23,Maine,267.0
2025-02-15,29,Missouri,1425.0
2025-02-15,US,US,47895.0
2025-02-15,08,Colorado,583.0
2025-02-15,12,Florida,2614.0
2025-02-15,30,Montana,159.0
2025-02-15,51,Virginia,1190.0
2025-02-15,31,Nebraska,311.0
2025-02-15,45,South Carolina,690.0
2025-02-15,46,South Dakota,183.0
2025-02-15,01,Alabama,415.0
2025-02-15,55,Wisconsin,1107.0
2025-02-15,19,Iowa,516.0
2025-02-15,39,Ohio,3705.0
2025-02-15,10,Delaware,230.0
2025-02-15,35,New Mexico,248.0
2025-02-15,47,Tennessee,699.0
2025-02-15,53,Washington,659.0
2025-02-15,13,Georgia,744.0
2025-02-15,72,Puerto Rico,355.0
2025-02-15,48,Texas,2511.0
2025-02-15,49,Utah,203.0
2025-02-15,18,Indiana,1717.0
2025-02-15,37,North Carolina,1694.0
2025-02-15,40,Oklahoma,787.0
2025-02-15,33,New Hampshire,205.0
2025-02-15,34,New Jersey,1517.0
2025-02-15,54,West Virginia,617.0
2025-02-15,20,Kansas,519.0
2025-02-15,44,Rhode Island,180.0
2025-02-15,06,California,2800.0
2025-02-15,36,New York,2492.0
2025-02-15,16,Idaho,152.0
2025-02-15,27,Minnesota,507.0
2025-02-15,32,Nevada,148.0
2025-02-15,56,Wyoming,72.0
2025-02-15,17,Illinois,2064.0
2025-02-15,25,Massachusetts,1606.0
2025-02-15,09,Connecticut,499.0
2025-02-15,02,Alaska,53.0
2025-02-15,21,Kentucky,1203.0
2025-02-15,50,Vermont,115.0
2025-02-15,11,District of Columbia,83.0
2025-02-15,38,North Dakota,85.0
2025-02-15,15,Hawaii,79.0
2025-02-15,24,Maryland,1081.0
2025-02-15,28,Mississippi,289.0
2025-02-08,05,Arkansas,752.0
2025-02-08,22,Louisiana,494.0
2025-02-08,26,Michigan,1721.0
2025-02-08,41,Oregon,566.0
2025-02-08,42,Pennsylvania,4357.0
2025-02-08,04,Arizona,836.0
2025-02-08,23,Maine,205.0
2025-02-08,29,Missouri,1335.0
2025-02-08,US,US,55624.0
2025-02-08,08,Colorado,622.0
2025-02-08,12,Florida,3349.0
2025-02-08,30,Montana,161.0
2025-02-08,51,Virginia,1315.0
2025-02-08,31,Nebraska,319.0
2025-02-08,45,South Carolina,1241.0
2025-02-08,46,South Dakota,207.0
2025-02-08,01,Alabama,660.0
2025-02-08,55,Wisconsin,1153.0
2025-02-08,19,Iowa,607.0
2025-02-08,39,Ohio,3269.0
2025-02-08,10,Delaware,231.0
2025-02-08,35,New Mexico,215.0
2025-02-08,47,Tennessee,1067.0
2025-02-08,53,Washington,747.0
2025-02-08,13,Georgia,1301.0
2025-02-08,72,Puerto Rico,251.0
2025-02-08,48,Texas,4261.0
2025-02-08,49,Utah,218.0
2025-02-08,18,Indiana,1711.0
2025-02-08,37,North Carolina,2280.0
2025-02-08,40,Oklahoma,1076.0
2025-02-08,33,New Hampshire,203.0
2025-02-08,34,New Jersey,1888.0
2025-02-08,54,West Virginia,458.0
2025-02-08,20,Kansas,483.0
2025-02-08,44,Rhode Island,202.0
2025-02-08,06,California,3676.0
2025-02-08,36,New York,2942.0
2025-02-08,16,Idaho,175.0
2025-02-08,27,Minnesota,716.0
2025-02-08,32,Nevada,222.0
2025-02-08,56,Wyoming,106.0
2025-02-08,17,Illinois,2369.0
2025-02-08,25,Massachusetts,1705.0
2025-02-08,09,Connecticut,538.0
2025-02-08,02,Alaska,26.0
2025-02-08,21,Kentucky,1196.0
2025-02-08,50,Vermont,134.0
2025-02-08,11,District of Columbia,259.0
2025-02-08,38,North Dakota,127.0
2025-02-08,15,Hawaii,83.0
2025-02-08,24,Maryland,1086.0
2025-02-08,28,Mississippi,503.0
2025-02-01,05,Arkansas,551.0
2025-02-01,22,Louisiana,620.0
2025-02-01,26,Michigan,1379.0
2025-02-01,41,Oregon,500.0
2025-02-01,42,Pennsylvania,3852.0
2025-02-01,04,Arizona,836.0
2025-02-01,23,Maine,151.0
2025-02-01,29,Missouri,1039.0
2025-02-01,US,US,52607.0
2025-02-01,08,Colorado,543.0
2025-02-01,12,Florida,3787.0
2025-02-01,30,Montana,109.0
2025-02-01,51,Virginia,1083.0
2025-02-01,31,Nebraska,308.0
2025-02-01,45,South Carolina,1287.0
2025-02-01,46,South Dakota,139.0
2025-02-01,01,Alabama,734.0
2025-02-01,55,Wisconsin,1068.0
2025-02-01,19,Iowa,457.0
2025-02-01,39,Ohio,2523.0
2025-02-01,10,Delaware,198.0
2025-02-01,35,New Mexico,214.0
2025-02-01,47,Tennessee,944.0
2025-02-01,53,Washington,602.0
2025-02-01,13,Georgia,1373.0
2025-02-01,72,Puerto Rico,348.0
2025-02-01,48,Texas,4729.0
2025-02-01,49,Utah,195.0
2025-02-01,18,Indiana,1295.0
2025-02-01,37,North Carolina,2082.0
2025-02-01,40,Oklahoma,1114.0
2025-02-01,33,New Hampshire,174.0
2025-02-01,34,New Jersey,1794.0
2025-02-01,54,West Virginia,267.0
2025-02-01,20,Kansas,390.0
2025-02-01,44,Rhode Island,173.0
2025-02-01,06,California,4599.0
2025-02-01,36,New York,3128.0
2025-02-01,16,Idaho,162.0
2025-02-01,27,Minnesota,881.0
2025-02-01,32,Nevada,179.0
2025-02-01,56,Wyoming,102.0
2025-02-01,17,Illinois,2146.0
2025-02-01,25,Massachusetts,1428.0
2025-02-01,09,Connecticut,493.0
2025-02-01,02,Alaska,30.0
2025-02-01,21,Kentucky,741.0
2025-02-01,50,Vermont,84.0
2025-02-01,11,District of Columbia,197.0
2025-02-01,38,North Dakota,104.0
2025-02-01,15,Hawaii,70.0
2025-02-01,24,Maryland,810.0
2025-02-01,28,Mississippi,589.0
2025-01-25,05,Arkansas,388.0
2025-01-25,22,Louisiana,521.0
2025-01-25,26,Michigan,1013.0
2025-01-25,41,Oregon,277.0
2025-01-25,42,Pennsylvania,3179.0
2025-01-25,04,Arizona,999.0
2025-01-25,23,Maine,109.0
2025-01-25,29,Missouri,655.0
2025-01-25,US,US,41454.0
2025-01-25,08,Colorado,456.0
2025-01-25,12,Florida,3241.0
2025-01-25,30,Montana,68.0
2025-01-25,51,Virginia,685.0
2025-01-25,31,Nebraska,182.0
2025-01-25,45,South Carolina,833.0
2025-01-25,46,South Dakota,88.0
2025-01-25,01,Alabama,626.0
2025-01-25,55,Wisconsin,857.0
2025-01-25,19,Iowa,304.0
2025-01-25,39,Ohio,1735.0
2025-01-25,10,Delaware,117.0
2025-01-25,35,New Mexico,196.0
2025-01-25,47,Tennessee,646.0
2025-01-25,53,Washington,417.0
2025-01-25,13,Georgia,1195.0
2025-01-25,72,Puerto Rico,505.0
2025-01-25,48,Texas,3319.0
2025-01-25,49,Utah,185.0
2025-01-25,18,Indiana,788.0
2025-01-25,37,North Carolina,1582.0
2025-01-25,40,Oklahoma,692.0
2025-01-25,33,New Hampshire,144.0
2025-01-25,34,New Jersey,1591.0
2025-01-25,54,West Virginia,160.0
2025-01-25,20,Kansas,216.0
2025-01-25,44,Rhode Island,114.0
2025-01-25,06,California,4091.0
2025-01-25,36,New York,2931.0
2025-01-25,16,Idaho,105.0
2025-01-25,27,Minnesota,925.0
2025-01-25,32,Nevada,198.0
2025-01-25,56,Wyoming,89.0
2025-01-25,17,Illinois,1728.0
2025-01-25,25,Massachusetts,1043.0
2025-01-25,09,Connecticut,385.0
2025-01-25,02,Alaska,29.0
2025-01-25,21,Kentucky,439.0
2025-01-25,50,Vermont,58.0
2025-01-25,11,District of Columbia,207.0
2025-01-25,38,North Dakota,89.0
2025-01-25,15,Hawaii,88.0
2025-01-25,24,Maryland,611.0
2025-01-25,28,Mississippi,350.0
2025-01-18,05,Arkansas,223.0
2025-01-18,22,Louisiana,477.0
2025-01-18,26,Michigan,636.0
2025-01-18,41,Oregon,290.0
2025-01-18,42,Pennsylvania,2480.0
2025-01-18,04,Arizona,1077.0
2025-01-18,23,Maine,86.0
2025-01-18,29,Missouri,559.0
2025-01-18,US,US,33712.0
2025-01-18,08,Colorado,441.0
2025-01-18,12,Florida,2708.0
2025-01-18,30,Montana,80.0
2025-01-18,51,Virginia,493.0
2025-01-18,31,Nebraska,128.0
2025-01-18,45,South Carolina,642.0
2025-01-18,46,South Dakota,55.0
2025-01-18,01,Alabama,488.0
2025-01-18,55,Wisconsin,593.0
2025-01-18,19,Iowa,246.0
2025-01-18,39,Ohio,1148.0
2025-01-18,10,Delaware,94.0
2025-01-18,35,New Mexico,251.0
2025-01-18,47,Tennessee,570.0
2025-01-18,53,Washington,360.0
2025-01-18,13,Georgia,992.0
2025-01-18,72,Puerto Rico,643.0
2025-01-18,48,Texas,2445.0
2025-01-18,49,Utah,199.0
2025-01-18,18,Indiana,542.0
2025-01-18,37,North Carolina,1109.0
2025-01-18,40,Oklahoma,439.0
2025-01-18,33,New Hampshire,86.0
2025-01-18,34,New Jersey,1259.0
2025-01-18,54,West Virginia,133.0
2025-01-18,20,Kansas,200.0
2025-01-18,44,Rhode Island,107.0
2025-01-18,06,California,3668.0
2025-01-18,36,New York,2617.0
2025-01-18,16,Idaho,125.0
2025-01-18,27,Minnesota,923.0
2025-01-18,32,Nevada,190.0
2025-01-18,56,Wyoming,84.0
2025-01-18,17,Illinois,1383.0
2025-01-18,25,Massachusetts,790.0
2025-01-18,09,Connecticut,251.0
2025-01-18,02,Alaska,33.0
2025-01-18,21,Kentucky,397.0
2025-01-18,50,Vermont,41.0
2025-01-18,11,District of Columbia,58.0
2025-01-18,38,North Dakota,61.0
2025-01-18,15,Hawaii,91.0
2025-01-18,24,Maryland,466.0
2025-01-18,28,Mississippi,251.0
2025-01-11,05,Arkansas,158.0
2025-01-11,22,Louisiana,446.0
2025-01-11,26,Michigan,758.0
2025-01-11,41,Oregon,321.0
2025-01-11,42,Pennsylvania,2059.0
2025-01-11,04,Arizona,1483.0
2025-01-11,23,Maine,92.0
2025-01-11,29,Missouri,647.0
2025-01-11,US,US,31855.0
2025-01-11,08,Colorado,499.0
2025-01-11,12,Florida,2454.0
2025-01-11,30,Montana,65.0
2025-01-11,51,Virginia,464.0
2025-01-11,31,Nebraska,171.0
2025-01-11,45,South Carolina,443.0
2025-01-11,46,South Dakota,50.0
2025-01-11,01,Alabama,473.0
2025-01-11,55,Wisconsin,388.0
2025-01-11,19,Iowa,266.0
2025-01-11,39,Ohio,1044.0
2025-01-11,10,Delaware,108.0
2025-01-11,35,New Mexico,252.0
2025-01-11,47,Tennessee,684.0
2025-01-11,53,Washington,392.0
2025-01-11,13,Georgia,823.0
2025-01-11,72,Puerto Rico,1249.0
2025-01-11,48,Texas,2054.0
2025-01-11,49,Utah,256.0
2025-01-11,18,Indiana,523.0
2025-01-11,37,North Carolina,833.0
2025-01-11,40,Oklahoma,285.0
2025-01-11,33,New Hampshire,90.0
2025-01-11,34,New Jersey,1078.0
2025-01-11,54,West Virginia,144.0
2025-01-11,20,Kansas,236.0
2025-01-11,44,Rhode Island,69.0
2025-01-11,06,California,3266.0
2025-01-11,36,New York,2249.0
2025-01-11,16,Idaho,136.0
2025-01-11,27,Minnesota,893.0
2025-01-11,32,Nevada,262.0
2025-01-11,56,Wyoming,62.0
2025-01-11,17,Illinois,1410.0
2025-01-11,25,Massachusetts,619.0
2025-01-11,09,Connecticut,258.0
2025-01-11,02,Alaska,45.0
2025-01-11,21,Kentucky,463.0
2025-01-11,50,Vermont,35.0
2025-01-11,11,District of Columbia,44.0
2025-01-11,38,North Dakota,38.0
2025-01-11,15,Hawaii,113.0
2025-01-11,24,Maryland,372.0
2025-01-11,28,Mississippi,229.0
2025-01-04,05,Arkansas,212.0
2025-01-04,22,Louisiana,713.0
2025-01-04,26,Michigan,644.0
2025-01-04,41,Oregon,539.0
2025-01-04,42,Pennsylvania,2031.0
2025-01-04,04,Arizona,2846.0
2025-01-04,23,Maine,88.0
2025-01-04,29,Missouri,827.0
2025-01-04,US,US,39645.0
2025-01-04,08,Colorado,760.0
2025-01-04,12,Florida,2871.0
2025-01-04,30,Montana,71.0
2025-01-04,51,Virginia,669.0
2025-01-04,31,Nebraska,211.0
2025-01-04,45,South Carolina,520.0
2025-01-04,46,South Dakota,47.0
2025-01-04,01,Alabama,684.0
2025-01-04,55,Wisconsin,389.0
2025-01-04,19,Iowa,190.0
2025-01-04,39,Ohio,1302.0
2025-01-04,10,Delaware,185.0
2025-01-04,35,New Mexico,320.0
2025-01-04,47,Tennessee,1063.0
2025-01-04,53,Washington,531.0
2025-01-04,13,Georgia,1144.0
2025-01-04,72,Puerto Rico,1010.0
2025-01-04,48,Texas,2527.0
2025-01-04,49,Utah,388.0
2025-01-04,18,Indiana,829.0
2025-01-04,37,North Carolina,942.0
2025-01-04,40,Oklahoma,404.0
2025-01-04,33,New Hampshire,108.0
2025-01-04,34,New Jersey,1326.0
2025-01-04,54,West Virginia,199.0
2025-01-04,20,Kansas,353.0
2025-01-04,44,Rhode Island,93.0
2025-01-04,06,California,4025.0
2025-01-04,36,New York,2594.0
2025-01-04,16,Idaho,252.0
2025-01-04,27,Minnesota,942.0
2025-01-04,32,Nevada,387.0
2025-01-04,56,Wyoming,116.0
2025-01-04,17,Illinois,1595.0
2025-01-04,25,Massachusetts,593.0
2025-01-04,09,Connecticut,306.0
2025-01-04,02,Alaska,64.0
2025-01-04,21,Kentucky,678.0
2025-01-04,50,Vermont,35.0
2025-01-04,11,District of Columbia,96.0
2025-01-04,38,North Dakota,56.0
2025-01-04,15,Hawaii,125.0
2025-01-04,24,Maryland,457.0
2025-01-04,28,Mississippi,285.0
2024-12-28,05,Arkansas,127.0
2024-12-28,22,Louisiana,590.0
2024-12-28,26,Michigan,489.0
2024-12-28,41,Oregon,558.0
2024-12-28,42,Pennsylvania,1208.0
2024-12-28,04,Arizona,2340.0
2024-12-28,23,Maine,31.0
2024-12-28,29,Missouri,611.0
2024-12-28,US,US,28650.0
2024-12-28,08,Colorado,475.0
2024-12-28,12,Florida,2077.0
2024-12-28,30,Montana,60.0
2024-12-28,51,Virginia,374.0
2024-12-28,31,Nebraska,131.0
2024-12-28,45,South Carolina,327.0
2024-12-28,46,South Dakota,33.0
2024-12-28,01,Alabama,661.0
2024-12-28,55,Wisconsin,253.0
2024-12-28,19,Iowa,118.0
2024-12-28,39,Ohio,725.0
2024-12-28,10,Delaware,96.0
2024-12-28,35,New Mexico,234.0
2024-12-28,47,Tennessee,747.0
2024-12-28,53,Washington,541.0
2024-12-28,13,Georgia,800.0
2024-12-28,72,Puerto Rico,707.0
2024-12-28,48,Texas,2086.0
2024-12-28,49,Utah,295.0
2024-12-28,18,Indiana,590.0
2024-12-28,37,North Carolina,611.0
2024-12-28,40,Oklahoma,282.0
2024-12-28,33,New Hampshire,53.0
2024-12-28,34,New Jersey,723.0
2024-12-28,54,West Virginia,108.0
2024-12-28,20,Kansas,225.0
2024-12-28,44,Rhode Island,65.0
2024-12-28,06,California,3866.0
2024-12-28,36,New York,1528.0
2024-12-28,16,Idaho,333.0
2024-12-28,27,Minnesota,543.0
2024-12-28,32,Nevada,260.0
2024-12-28,56,Wyoming,84.0
2024-12-28,17,Illinois,1143.0
2024-12-28,25,Massachusetts,297.0
2024-12-28,09,Connecticut,148.0
2024-12-28,02,Alaska,35.0
2024-12-28,21,Kentucky,515.0
2024-12-28,50,Vermont,19.0
2024-12-28,11,District of Columbia,38.0
2024-12-28,38,North Dakota,22.0
2024-12-28,15,Hawaii,57.0
2024-12-28,24,Maryland,195.0
2024-12-28,28,Mississippi,212.0
2024-12-21,05,Arkansas,59.0
2024-12-21,22,Louisiana,423.0
2024-12-21,26,Michigan,296.0
2024-12-21,41,Oregon,392.0
2024-12-21,42,Pennsylvania,630.0
2024-12-21,04,Arizona,1534.0
2024-12-21,23,Maine,10.0
2024-12-21,29,Missouri,250.0
2024-12-21,US,US,16124.0
2024-12-21,08,Colorado,179.0
2024-12-21,12,Florida,1261.0
2024-12-21,30,Montana,27.0
2024-12-21,51,Virginia,192.0
2024-12-21,31,Nebraska,78.0
2024-12-21,45,South Carolina,160.0
2024-12-21,46,South Dakota,14.0
2024-12-21,01,Alabama,432.0
2024-12-21,55,Wisconsin,120.0
2024-12-21,19,Iowa,42.0
2024-12-21,39,Ohio,308.0
2024-12-21,10,Delaware,43.0
2024-12-21,35,New Mexico,207.0
2024-12-21,47,Tennessee,372.0
2024-12-21,53,Washington,418.0
2024-12-21,13,Georgia,397.0
2024-12-21,72,Puerto Rico,553.0
2024-12-21,48,Texas,1181.0
2024-12-21,49,Utah,163.0
2024-12-21,18,Indiana,288.0
2024-12-21,37,North Carolina,292.0
2024-12-21,40,Oklahoma,106.0
2024-12-21,33,New Hampshire,24.0
2024-12-21,34,New Jersey,335.0
2024-12-21,54,West Virginia,37.0
2024-12-21,20,Kansas,120.0
2024-12-21,44,Rhode Island,29.0
2024-12-21,06,California,2564.0
2024-12-21,36,New York,736.0
2024-12-21,16,Idaho,188.0
2024-12-21,27,Minnesota,227.0
2024-12-21,32,Nevada,208.0
2024-12-21,56,Wyoming,18.0
2024-12-21,17,Illinois,489.0
2024-12-21,25,Massachusetts,150.0
2024-12-21,09,Connecticut,45.0
2024-12-21,02,Alaska,22.0
2024-12-21,21,Kentucky,200.0
2024-12-21,50,Vermont,8.0
2024-12-21,11,District of Columbia,16.0
2024-12-21,38,North Dakota,8.0
2024-12-21,15,Hawaii,42.0
2024-12-21,24,Maryland,131.0
2024-12-21,28,Mississippi,100.0
2024-12-14,05,Arkansas,42.0
2024-12-14,22,Louisiana,252.0
2024-12-14,26,Michigan,172.0
2024-12-14,41,Oregon,242.0
2024-12-14,42,Pennsylvania,349.0
2024-12-14,04,Arizona,1023.0
2024-12-14,23,Maine,2.0
2024-12-14,29,Missouri,88.0
2024-12-14,US,US,9592.0
2024-12-14,08,Colorado,129.0
2024-12-14,12,Florida,891.0
2024-12-14,30,Montana,6.0
2024-12-14,51,Virginia,140.0
2024-12-14,31,Nebraska,19.0
2024-12-14,45,South Carolina,80.0
2024-12-14,46,South Dakota,8.0
2024-12-14,01,Alabama,193.0
2024-12-14,55,Wisconsin,66.0
2024-12-14,19,Iowa,23.0
2024-12-14,39,Ohio,152.0
2024-12-14,10,Delaware,15.0
2024-12-14,35,New Mexico,108.0
2024-12-14,47,Tennessee,217.0
2024-12-14,53,Washington,188.0
2024-12-14,13,Georgia,215.0
2024-12-14,72,Puerto Rico,470.0
2024-12-14,48,Texas,705.0
2024-12-14,49,Utah,90.0
2024-12-14,18,Indiana,142.0
2024-12-14,37,North Carolina,173.0
2024-12-14,40,Oklahoma,56.0
2024-12-14,33,New Hampshire,22.0
2024-12-14,34,New Jersey,174.0
2024-12-14,54,West Virginia,21.0
2024-12-14,20,Kansas,90.0
2024-12-14,44,Rhode Island,28.0
2024-12-14,06,California,1521.0
2024-12-14,36,New York,432.0
2024-12-14,16,Idaho,110.0
2024-12-14,27,Minnesota,91.0
2024-12-14,32,Nevada,114.0
2024-12-14,56,Wyoming,33.0
2024-12-14,17,Illinois,242.0
2024-12-14,25,Massachusetts,136.0
2024-12-14,09,Connecticut,24.0
2024-12-14,02,Alaska,27.0
2024-12-14,21,Kentucky,79.0
2024-12-14,50,Vermont,8.0
2024-12-14,11,District of Columbia,4.0
2024-12-14,38,North Dakota,5.0
2024-12-14,15,Hawaii,34.0
2024-12-14,24,Maryland,73.0
2024-12-14,28,Mississippi,62.0
2024-12-07,05,Arkansas,32.0
2024-12-07,22,Louisiana,163.0
2024-12-07,26,Michigan,95.0
2024-12-07,41,Oregon,119.0
2024-12-07,42,Pennsylvania,208.0
2024-12-07,04,Arizona,882.0
2024-12-07,23,Maine,2.0
2024-12-07,29,Missouri,54.0
2024-12-07,US,US,6518.0
2024-12-07,08,Colorado,90.0
2024-12-07,12,Florida,714.0
2024-12-07,30,Montana,2.0
2024-12-07,51,Virginia,69.0
2024-12-07,31,Nebraska,13.0
2024-12-07,45,South Carolina,40.0
2024-12-07,46,South Dakota,1.0
2024-12-07,01,Alabama,102.0
2024-12-07,55,Wisconsin,27.0
2024-12-07,19,Iowa,13.0
2024-12-07,39,Ohio,93.0
2024-12-07,10,Delaware,15.0
2024-12-07,35,New Mexico,103.0
2024-12-07,47,Tennessee,115.0
2024-12-07,53,Washington,78.0
2024-12-07,13,Georgia,88.0
2024-12-07,72,Puerto Rico,457.0
2024-12-07,48,Texas,530.0
2024-12-07,49,Utah,64.0
2024-12-07,18,Indiana,65.0
2024-12-07,37,North Carolina,65.0
2024-12-07,40,Oklahoma,40.0
2024-12-07,33,New Hampshire,16.0
2024-12-07,34,New Jersey,109.0
2024-12-07,54,West Virginia,13.0
2024-12-07,20,Kansas,36.0
2024-12-07,44,Rhode Island,10.0
2024-12-07,06,California,1127.0
2024-12-07,36,New York,275.0
2024-12-07,16,Idaho,78.0
2024-12-07,27,Minnesota,40.0
2024-12-07,32,Nevada,83.0
2024-12-07,56,Wyoming,5.0
2024-12-07,17,Illinois,107.0
2024-12-07,25,Massachusetts,96.0
2024-12-07,09,Connecticut,13.0
2024-12-07,02,Alaska,18.0
2024-12-07,21,Kentucky,53.0
2024-12-07,50,Vermont,0.0
2024-12-07,11,District of Columbia,2.0
2024-12-07,38,North Dakota,2.0
2024-12-07,15,Hawaii,20.0
2024-12-07,24,Maryland,37.0
2024-12-07,28,Mississippi,39.0
2024-11-30,05,Arkansas,12.0
2024-11-30,22,Louisiana,135.0
2024-11-30,26,Michigan,65.0
2024-11-30,41,Oregon,83.0
2024-11-30,42,Pennsylvania,116.0
2024-11-30,04,Arizona,558.0
2024-11-30,23,Maine,2.0
2024-11-30,29,Missouri,41.0
2024-11-30,US,US,4436.0
2024-11-30,08,Colorado,67.0
2024-11-30,12,Florida,612.0
2024-11-30,30,Montana,2.0
2024-11-30,51,Virginia,46.0
2024-11-30,31,Nebraska,11.0
2024-11-30,45,South Carolina,18.0
2024-11-30,46,South Dakota,5.0
2024-11-30,01,Alabama,65.0
2024-11-30,55,Wisconsin,12.0
2024-11-30,19,Iowa,4.0
2024-11-30,39,Ohio,55.0
2024-11-30,10,Delaware,5.0
2024-11-30,35,New Mexico,55.0
2024-11-30,47,Tennessee,60.0
2024-11-30,53,Washington,46.0
2024-11-30,13,Georgia,56.0
2024-11-30,72,Puerto Rico,368.0
2024-11-30,48,Texas,405.0
2024-11-30,49,Utah,20.0
2024-11-30,18,Indiana,41.0
2024-11-30,37,North Carolina,43.0
2024-11-30,40,Oklahoma,40.0
2024-11-30,33,New Hampshire,14.0
2024-11-30,34,New Jersey,67.0
2024-11-30,54,West Virginia,3.0
2024-11-30,20,Kansas,20.0
2024-11-30,44,Rhode Island,6.0
2024-11-30,06,California,708.0
2024-11-30,36,New York,145.0
2024-11-30,16,Idaho,63.0
2024-11-30,27,Minnesota,18.0
2024-11-30,32,Nevada,61.0
2024-11-30,56,Wyoming,7.0
2024-11-30,17,Illinois,83.0
2024-11-30,25,Massachusetts,72.0
2024-11-30,09,Connecticut,11.0
2024-11-30,02,Alaska,10.0
2024-11-30,21,Kentucky,24.0
2024-11-30,50,Vermont,3.0
2024-11-30,11,District of Columbia,5.0
2024-11-30,38,North Dakota,1.0
2024-11-30,15,Hawaii,14.0
2024-11-30,24,Maryland,21.0
2024-11-30,28,Mississippi,28.0
2024-11-23,05,Arkansas,8.0
2024-11-23,22,Louisiana,78.0
2024-11-23,26,Michigan,67.0
2024-11-23,41,Oregon,63.0
2024-11-23,42,Pennsylvania,134.0
2024-11-23,04,Arizona,488.0
2024-11-23,23,Maine,0.0
2024-11-23,29,Missouri,42.0
2024-11-23,US,US,3281.0
2024-11-23,08,Colorado,31.0
2024-11-23,12,Florida,443.0
2024-11-23,30,Montana,1.0
2024-11-23,51,Virginia,35.0
2024-11-23,31,Nebraska,5.0
2024-11-23,45,South Carolina,13.0
2024-11-23,46,South Dakota,0.0
2024-11-23,01,Alabama,50.0
2024-11-23,55,Wisconsin,18.0
2024-11-23,19,Iowa,5.0
2024-11-23,39,Ohio,40.0
2024-11-23,10,Delaware,7.0
2024-11-23,35,New Mexico,29.0
2024-11-23,47,Tennessee,59.0
2024-11-23,53,Washington,29.0
2024-11-23,13,Georgia,48.0
2024-11-23,72,Puerto Rico,160.0
2024-11-23,48,Texas,276.0
2024-11-23,49,Utah,20.0
2024-11-23,18,Indiana,32.0
2024-11-23,37,North Carolina,31.0
2024-11-23,40,Oklahoma,14.0
2024-11-23,33,New Hampshire,11.0
2024-11-23,34,New Jersey,47.0
2024-11-23,54,West Virginia,4.0
2024-11-23,20,Kansas,17.0
2024-11-23,44,Rhode Island,2.0
2024-11-23,06,California,526.0
2024-11-23,36,New York,103.0
2024-11-23,16,Idaho,32.0
2024-11-23,27,Minnesota,11.0
2024-11-23,32,Nevada,49.0
2024-11-23,56,Wyoming,9.0
2024-11-23,17,Illinois,86.0
2024-11-23,25,Massachusetts,53.0
2024-11-23,09,Connecticut,4.0
2024-11-23,02,Alaska,7.0
2024-11-23,21,Kentucky,20.0
2024-11-23,50,Vermont,0.0
2024-11-23,11,District of Columbia,8.0
2024-11-23,38,North Dakota,3.0
2024-11-23,15,Hawaii,8.0
2024-11-23,24,Maryland,16.0
2024-11-23,28,Mississippi,36.0
2024-11-16,05,Arkansas,13.0
2024-11-16,22,Louisiana,84.0
2024-11-16,26,Michigan,46.0
2024-11-16,41,Oregon,36.0
2024-11-16,42,Pennsylvania,111.0
2024-11-16,04,Arizona,356.0
2024-11-16,23,Maine,0.0
2024-11-16,29,Missouri,29.0
2024-11-16,US,US,2615.0
2024-11-16,08,Colorado,29.0
2024-11-16,12,Florida,386.0
2024-11-16,30,Montana,4.0
2024-11-16,51,Virginia,26.0
2024-11-16,31,Nebraska,6.0
2024-11-16,45,South Carolina,13.0
2024-11-16,46,South Dakota,0.0
2024-11-16,01,Alabama,44.0
2024-11-16,55,Wisconsin,6.0
2024-11-16,19,Iowa,5.0
2024-11-16,39,Ohio,40.0
2024-11-16,10,Delaware,4.0
2024-11-16,35,New Mexico,21.0
2024-11-16,47,Tennessee,94.0
2024-11-16,53,Washington,22.0
2024-11-16,13,Georgia,44.0
2024-11-16,72,Puerto Rico,228.0
2024-11-16,48,Texas,227.0
2024-11-16,49,Utah,10.0
2024-11-16,18,Indiana,26.0
2024-11-16,37,North Carolina,38.0
2024-11-16,40,Oklahoma,13.0
2024-11-16,33,New Hampshire,6.0
2024-11-16,34,New Jersey,37.0
2024-11-16,54,West Virginia,4.0
2024-11-16,20,Kansas,11.0
2024-11-16,44,Rhode Island,0.0
2024-11-16,06,California,323.0
2024-11-16,36,New York,63.0
2024-11-16,16,Idaho,12.0
2024-11-16,27,Minnesota,8.0
2024-11-16,32,Nevada,43.0
2024-11-16,56,Wyoming,4.0
2024-11-16,17,Illinois,34.0
2024-11-16,25,Massachusetts,19.0
2024-11-16,09,Connecticut,5.0
2024-11-16,02,Alaska,9.0
2024-11-16,21,Kentucky,18.0
2024-11-16,50,Vermont,3.0
2024-11-16,11,District of Columbia,1.0
2024-11-16,38,North Dakota,1.0
2024-11-16,15,Hawaii,15.0
2024-11-16,24,Maryland,11.0
2024-11-16,28,Mississippi,24.0
2024-11-09,05,Arkansas,11.0
2024-11-09,22,Louisiana,87.0
2024-11-09,26,Michigan,48.0
2024-11-09,41,Oregon,25.0
2024-11-09,42,Pennsylvania,142.0
2024-11-09,04,Arizona,272.0
2024-11-09,23,Maine,1.0
2024-11-09,29,Missouri,30.0
2024-11-09,US,US,2177.0
2024-11-09,08,Colorado,20.0
2024-11-09,12,Florida,365.0
2024-11-09,30,Montana,0.0
2024-11-09,51,Virginia,26.0
2024-11-09,31,Nebraska,4.0
2024-11-09,45,South Carolina,21.0
2024-11-09,46,South Dakota,2.0
2024-11-09,01,Alabama,32.0
2024-11-09,55,Wisconsin,12.0
2024-11-09,19,Iowa,4.0
2024-11-09,39,Ohio,24.0
2024-11-09,10,Delaware,1.0
2024-11-09,35,New Mexico,16.0
2024-11-09,47,Tennessee,96.0
2024-11-09,53,Washington,14.0
2024-11-09,13,Georgia,42.0
2024-11-09,72,Puerto Rico,137.0
2024-11-09,48,Texas,185.0
2024-11-09,49,Utah,7.0
2024-11-09,18,Indiana,28.0
2024-11-09,37,North Carolina,27.0
2024-11-09,40,Oklahoma,13.0
2024-11-09,33,New Hampshire,5.0
2024-11-09,34,New Jersey,30.0
2024-11-09,54,West Virginia,6.0
2024-11-09,20,Kansas,7.0
2024-11-09,44,Rhode Island,3.0
2024-11-09,06,California,177.0
2024-11-09,36,New York,55.0
2024-11-09,16,Idaho,8.0
2024-11-09,27,Minnesota,18.0
2024-11-09,32,Nevada,25.0
2024-11-09,56,Wyoming,5.0
2024-11-09,17,Illinois,36.0
2024-11-09,25,Massachusetts,40.0
2024-11-09,09,Connecticut,4.0
2024-11-09,02,Alaska,6.0
2024-11-09,21,Kentucky,16.0
2024-11-09,50,Vermont,0.0
2024-11-09,11,District of Columbia,2.0
2024-11-09,38,North Dakota,0.0
2024-11-09,15,Hawaii,7.0
2024-11-09,24,Maryland,9.0
2024-11-09,28,Mississippi,23.0
2024-11-02,05,Arkansas,6.0
2024-11-02,22,Louisiana,27.0
2024-11-02,26,Michigan,21.0
2024-11-02,41,Oregon,7.0
2024-11-02,42,Pennsylvania,104.0
2024-11-02,04,Arizona,141.0
2024-11-02,23,Maine,0.0
2024-11-02,29,Missouri,13.0
2024-11-02,US,US,1017.0
2024-11-02,08,Colorado,25.0
2024-11-02,12,Florida,114.0
2024-11-02,30,Montana,0.0
2024-11-02,51,Virginia,16.0
2024-11-02,31,Nebraska,2.0
2024-11-02,45,South Carolina,11.0
2024-11-02,46,South Dakota,0.0
2024-11-02,01,Alabama,13.0
2024-11-02,55,Wisconsin,5.0
2024-11-02,19,Iowa,5.0
2024-11-02,39,Ohio,17.0
2024-11-02,10,Delaware,0.0
2024-11-02,35,New Mexico,2.0
2024-11-02,47,Tennessee,45.0
2024-11-02,53,Washington,2.0
2024-11-02,13,Georgia,14.0
2024-11-02,72,Puerto Rico,15.0
2024-11-02,48,Texas,103.0
2024-11-02,49,Utah,2.0
2024-11-02,18,Indiana,14.0
2024-11-02,37,North Carolina,14.0
2024-11-02,40,Oklahoma,3.0
2024-11-02,33,New Hampshire,1.0
2024-11-02,34,New Jersey,28.0
2024-11-02,54,West Virginia,0.0
2024-11-02,20,Kansas,10.0
2024-11-02,44,Rhode Island,2.0
2024-11-02,06,California,112.0
2024-11-02,36,New York,15.0
2024-11-02,16,Idaho,6.0
2024-11-02,27,Minnesota,4.0
2024-11-02,32,Nevada,11.0
2024-11-02,56,Wyoming,0.0
2024-11-02,17,Illinois,27.0
2024-11-02,25,Massachusetts,3.0
2024-11-02,09,Connecticut,10.0
2024-11-02,02,Alaska,8.0
2024-11-02,21,Kentucky,7.0
2024-11-02,50,Vermont,0.0
2024-11-02,11,District of Columbia,1.0
2024-11-02,38,North Dakota,2.0
2024-11-02,15,Hawaii,3.0
2024-11-02,24,Maryland,4.0
2024-11-02,28,Mississippi,15.0
2024-10-26,05,Arkansas,1.0
2024-10-26,22,Louisiana,23.0
2024-10-26,26,Michigan,4.0
2024-10-26,41,Oregon,7.0
2024-10-26,42,Pennsylvania,63.0
2024-10-26,04,Arizona,187.0
2024-10-26,23,Maine,0.0
2024-10-26,29,Missouri,8.0
2024-10-26,US,US,1087.0
2024-10-26,08,Colorado,14.0
2024-10-26,12,Florida,114.0
2024-10-26,30,Montana,0.0
2024-10-26,51,Virginia,10.0
2024-10-26,31,Nebraska,1.0
2024-10-26,45,South Carolina,8.0
2024-10-26,46,South Dakota,2.0
2024-10-26,01,Alabama,9.0
2024-10-26,55,Wisconsin,7.0
2024-10-26,19,Iowa,4.0
2024-10-26,39,Ohio,229.0
2024-10-26,10,Delaware,0.0
2024-10-26,35,New Mexico,15.0
2024-10-26,47,Tennessee,31.0
2024-10-26,53,Washington,4.0
2024-10-26,13,Georgia,8.0
2024-10-26,72,Puerto Rico,14.0
2024-10-26,48,Texas,63.0
2024-10-26,49,Utah,5.0
2024-10-26,18,Indiana,3.0
2024-10-26,37,North Carolina,47.0
2024-10-26,40,Oklahoma,4.0
2024-10-26,33,New Hampshire,0.0
2024-10-26,34,New Jersey,2.0
2024-10-26,54,West Virginia,0.0
2024-10-26,20,Kansas,3.0
2024-10-26,44,Rhode Island,0.0
2024-10-26,06,California,137.0
2024-10-26,36,New York,8.0
2024-10-26,16,Idaho,1.0
2024-10-26,27,Minnesota,0.0
2024-10-26,32,Nevada,5.0
2024-10-26,56,Wyoming,7.0
2024-10-26,17,Illinois,12.0
2024-10-26,25,Massachusetts,0.0
2024-10-26,09,Connecticut,6.0
2024-10-26,02,Alaska,3.0
2024-10-26,21,Kentucky,4.0
2024-10-26,50,Vermont,0.0
2024-10-26,11,District of Columbia,0.0
2024-10-26,38,North Dakota,0.0
2024-10-26,15,Hawaii,2.0
2024-10-26,24,Maryland,0.0
2024-10-26,28,Mississippi,0.0
2024-10-19,05,Arkansas,2.0
2024-10-19,22,Louisiana,13.0
2024-10-19,26,Michigan,6.0
2024-10-19,41,Oregon,4.0
2024-10-19,42,Pennsylvania,6.0
2024-10-19,04,Arizona,14.0
2024-10-19,23,Maine,0.0
2024-10-19,29,Missouri,2.0
2024-10-19,US,US,556.0
2024-10-19,08,Colorado,2.0
2024-10-19,12,Florida,134.0
2024-10-19,30,Montana,2.0
2024-10-19,51,Virginia,15.0
2024-10-19,31,Nebraska,0.0
2024-10-19,45,South Carolina,8.0
2024-10-19,46,South Dakota,1.0
2024-10-19,01,Alabama,6.0
2024-10-19,55,Wisconsin,7.0
2024-10-19,19,Iowa,1.0
2024-10-19,39,Ohio,10.0
2024-10-19,10,Delaware,0.0
2024-10-19,35,New Mexico,2.0
2024-10-19,47,Tennessee,8.0
2024-10-19,53,Washington,1.0
2024-10-19,13,Georgia,5.0
2024-10-19,72,Puerto Rico,6.0
2024-10-19,48,Texas,46.0
2024-10-19,49,Utah,1.0
2024-10-19,18,Indiana,3.0
2024-10-19,37,North Carolina,48.0
2024-10-19,40,Oklahoma,0.0
2024-10-19,33,New Hampshire,0.0
2024-10-19,34,New Jersey,0.0
2024-10-19,54,West Virginia,0.0
2024-10-19,20,Kansas,1.0
2024-10-19,44,Rhode Island,0.0
2024-10-19,06,California,75.0
2024-10-19,36,New York,5.0
2024-10-19,16,Idaho,6.0
2024-10-19,27,Minnesota,88.0
2024-10-19,32,Nevada,5.0
2024-10-19,56,Wyoming,0.0
2024-10-19,17,Illinois,5.0
2024-10-19,25,Massachusetts,0.0
2024-10-19,09,Connecticut,5.0
2024-10-19,02,Alaska,1.0
2024-10-19,21,Kentucky,2.0
2024-10-19,50,Vermont,1.0
2024-10-19,11,District of Columbia,0.0
2024-10-19,38,North Dakota,0.0
2024-10-19,15,Hawaii,1.0
2024-10-19,24,Maryland,2.0
2024-10-19,28,Mississippi,4.0
2024-10-12,05,Arkansas,0.0
2024-10-12,22,Louisiana,0.0
2024-10-12,26,Michigan,2.0
2024-10-12,41,Oregon,6.0
2024-10-12,42,Pennsylvania,26.0
2024-10-12,04,Arizona,4.0
2024-10-12,23,Maine,0.0
2024-10-12,29,Missouri,1.0
2024-10-12,US,US,295.0
2024-10-12,08,Colorado,0.0
2024-10-12,12,Florida,17.0
2024-10-12,30,Montana,0.0
2024-10-12,51,Virginia,19.0
2024-10-12,31,Nebraska,0.0
2024-10-12,45,South Carolina,0.0
2024-10-12,46,South Dakota,1.0
2024-10-12,01,Alabama,2.0
2024-10-12,55,Wisconsin,0.0
2024-10-12,19,Iowa,0.0
2024-10-12,39,Ohio,1.0
2024-10-12,10,Delaware,0.0
2024-10-12,35,New Mexico,2.0
2024-10-12,47,Tennessee,2.0
2024-10-12,53,Washington,7.0
2024-10-12,13,Georgia,0.0
2024-10-12,72,Puerto Rico,9.0
2024-10-12,48,Texas,79.0
2024-10-12,49,Utah,0.0
2024-10-12,18,Indiana,3.0
2024-10-12,37,North Carolina,77.0
2024-10-12,40,Oklahoma,0.0
2024-10-12,33,New Hampshire,0.0
2024-10-12,34,New Jersey,0.0
2024-10-12,54,West Virginia,0.0
2024-10-12,20,Kansas,0.0
2024-10-12,44,Rhode Island,0.0
2024-10-12,06,California,30.0
2024-10-12,36,New York,0.0
2024-10-12,16,Idaho,3.0
2024-10-12,27,Minnesota,0.0
2024-10-12,32,Nevada,0.0
2024-10-12,56,Wyoming,0.0
2024-10-12,17,Illinois,1.0
2024-10-12,25,Massachusetts,0.0
2024-10-12,09,Connecticut,0.0
2024-10-12,02,Alaska,1.0
2024-10-12,21,Kentucky,0.0
2024-10-12,50,Vermont,0.0
2024-10-12,11,District of Columbia,0.0
2024-10-12,38,North Dakota,1.0
2024-10-12,15,Hawaii,1.0
2024-10-12,24,Maryland,0.0
2024-10-12,28,Mississippi,0.0
2024-10-05,05,Arkansas,3.0
2024-10-05,22,Louisiana,5.0
2024-10-05,26,Michigan,12.0
2024-10-05,41,Oregon,0.0
2024-10-05,42,Pennsylvania,61.0
2024-10-05,04,Arizona,40.0
2024-10-05,23,Maine,0.0
2024-10-05,29,Missouri,0.0
2024-10-05,US,US,286.0
2024-10-05,08,Colorado,3.0
2024-10-05,12,Florida,53.0
2024-10-05,30,Montana,0.0
2024-10-05,51,Virginia,6.0
2024-10-05,31,Nebraska,0.0
2024-10-05,45,South Carolina,1.0
2024-10-05,46,South Dakota,0.0
2024-10-05,01,Alabama,0.0
2024-10-05,55,Wisconsin,1.0
2024-10-05,19,Iowa,1.0
2024-10-05,39,Ohio,0.0
2024-10-05,10,Delaware,0.0
2024-10-05,35,New Mexico,1.0
2024-10-05,47,Tennessee,4.0
2024-10-05,53,Washington,10.0
2024-10-05,13,Georgia,1.0
2024-10-05,72,Puerto Rico,3.0
2024-10-05,48,Texas,1.0
2024-10-05,49,Utah,0.0
2024-10-05,18,Indiana,4.0
2024-10-05,37,North Carolina,0.0
2024-10-05,40,Oklahoma,0.0
2024-10-05,33,New Hampshire,0.0
2024-10-05,34,New Jersey,17.0
2024-10-05,20,Kansas,0.0
2024-10-05,44,Rhode Island,0.0
2024-10-05,06,California,30.0
2024-10-05,36,New York,7.0
2024-10-05,16,Idaho,0.0
2024-10-05,32,Nevada,1.0
2024-10-05,56,Wyoming,2.0
2024-10-05,17,Illinois,2.0
2024-10-05,09,Connecticut,4.0
2024-10-05,02,Alaska,1.0
2024-10-05,21,Kentucky,0.0
2024-10-05,50,Vermont,0.0
2024-10-05,11,District of Columbia,0.0
2024-10-05,38,North Dakota,0.0
2024-10-05,15,Hawaii,0.0
2024-10-05,24,Maryland,1.0
2024-10-05,28,Mississippi,10.0
2024-09-28,32,Nevada,1.0
2024-09-28,45,South Carolina,2.0
2024-09-28,49,Utah,0.0
2024-09-28,10,Delaware,0.0
2024-09-28,39,Ohio,1.0
2024-09-28,47,Tennessee,5.0
2024-09-28,50,Vermont,0.0
2024-09-28,34,New Jersey,8.0
2024-09-28,35,New Mexico,0.0
2024-09-28,41,Oregon,1.0
2024-09-28,72,Puerto Rico,3.0
2024-09-28,02,Alaska,0.0
2024-09-28,04,Arizona,14.0
2024-09-28,21,Kentucky,1.0
2024-09-28,15,Hawaii,1.0
2024-09-28,20,Kansas,1.0
2024-09-28,US,US,223.0
2024-09-28,01,Alabama,0.0
2024-09-28,08,Colorado,3.0
2024-09-28,44,Rhode Island,0.0
2024-09-28,18,Indiana,3.0
2024-09-28,19,Iowa,1.0
2024-09-28,17,Illinois,4.0
2024-09-28,09,Connecticut,0.0
2024-09-28,53,Washington,6.0
2024-09-28,31,Nebraska,1.0
2024-09-28,40,Oklahoma,5.0
2024-09-28,16,Idaho,0.0
2024-09-28,13,Georgia,2.0
2024-09-28,27,Minnesota,0.0
2024-09-28,29,Missouri,4.0
2024-09-28,51,Virginia,4.0
2024-09-28,33,New Hampshire,0.0
2024-09-28,42,Pennsylvania,45.0
2024-09-28,38,North Dakota,1.0
2024-09-28,11,District of Columbia,2.0
2024-09-28,56,Wyoming,0.0
2024-09-28,12,Florida,46.0
2024-09-28,24,Maryland,1.0
2024-09-28,26,Michigan,9.0
2024-09-28,05,Arkansas,0.0
2024-09-28,22,Louisiana,4.0
2024-09-28,06,California,26.0
2024-09-28,30,Montana,1.0
2024-09-28,48,Texas,1.0
2024-09-28,55,Wisconsin,1.0
2024-09-28,28,Mississippi,7.0
2024-09-28,37,North Carolina,0.0
2024-09-28,46,South Dakota,0.0
2024-09-28,23,Maine,3.0
2024-09-28,36,New York,5.0
2024-09-21,32,Nevada,0.0
2024-09-21,45,South Carolina,1.0
2024-09-21,49,Utah,0.0
2024-09-21,10,Delaware,0.0
2024-09-21,39,Ohio,3.0
2024-09-21,47,Tennessee,2.0
2024-09-21,50,Vermont,0.0
2024-09-21,34,New Jersey,27.0
2024-09-21,35,New Mexico,0.0
2024-09-21,41,Oregon,2.0
2024-09-21,72,Puerto Rico,6.0
2024-09-21,02,Alaska,3.0
2024-09-21,04,Arizona,18.0
2024-09-21,21,Kentucky,2.0
2024-09-21,15,Hawaii,1.0
2024-09-21,20,Kansas,2.0
2024-09-21,US,US,293.0
2024-09-21,01,Alabama,0.0
2024-09-21,08,Colorado,0.0
2024-09-21,44,Rhode Island,0.0
2024-09-21,18,Indiana,6.0
2024-09-21,19,Iowa,0.0
2024-09-21,17,Illinois,7.0
2024-09-21,09,Connecticut,0.0
2024-09-21,53,Washington,6.0
2024-09-21,31,Nebraska,1.0
2024-09-21,40,Oklahoma,5.0
2024-09-21,16,Idaho,1.0
2024-09-21,13,Georgia,5.0
2024-09-21,29,Missouri,1.0
2024-09-21,51,Virginia,4.0
2024-09-21,33,New Hampshire,0.0
2024-09-21,42,Pennsylvania,83.0
2024-09-21,38,North Dakota,0.0
2024-09-21,11,District of Columbia,0.0
2024-09-21,56,Wyoming,0.0
2024-09-21,12,Florida,44.0
2024-09-21,24,Maryland,5.0
2024-09-21,26,Michigan,11.0
2024-09-21,05,Arkansas,3.0
2024-09-21,22,Louisiana,4.0
2024-09-21,06,California,17.0
2024-09-21,30,Montana,0.0
2024-09-21,48,Texas,1.0
2024-09-21,55,Wisconsin,0.0
2024-09-21,28,Mississippi,16.0
2024-09-21,37,North Carolina,0.0
2024-09-21,46,South Dakota,2.0
2024-09-21,23,Maine,1.0
2024-09-21,36,New York,3.0
2024-09-14,32,Nevada,0.0
2024-09-14,45,South Carolina,2.0
2024-09-14,49,Utah,0.0
2024-09-14,10,Delaware,0.0
2024-09-14,39,Ohio,4.0
2024-09-14,47,Tennessee,6.0
2024-09-14,50,Vermont,0.0
2024-09-14,34,New Jersey,21.0
2024-09-14,35,New Mexico,0.0
2024-09-14,41,Oregon,3.0
2024-09-14,72,Puerto Rico,0.0
2024-09-14,02,Alaska,2.0
2024-09-14,04,Arizona,24.0
2024-09-14,21,Kentucky,0.0
2024-09-14,15,Hawaii,1.0
2024-09-14,20,Kansas,0.0
2024-09-14,US,US,319.0
2024-09-14,01,Alabama,0.0
2024-09-14,08,Colorado,0.0
2024-09-14,44,Rhode Island,0.0
2024-09-14,18,Indiana,4.0
2024-09-14,19,Iowa,2.0
2024-09-14,17,Illinois,6.0
2024-09-14,09,Connecticut,2.0
2024-09-14,53,Washington,5.0
2024-09-14,31,Nebraska,0.0
2024-09-14,40,Oklahoma,1.0
2024-09-14,16,Idaho,0.0
2024-09-14,13,Georgia,3.0
2024-09-14,27,Minnesota,0.0
2024-09-14,29,Missouri,3.0
2024-09-14,51,Virginia,24.0
2024-09-14,33,New Hampshire,0.0
2024-09-14,42,Pennsylvania,54.0
2024-09-14,38,North Dakota,0.0
2024-09-14,11,District of Columbia,1.0
2024-09-14,56,Wyoming,0.0
2024-09-14,12,Florida,79.0
2024-09-14,24,Maryland,3.0
2024-09-14,26,Michigan,16.0
2024-09-14,05,Arkansas,2.0
2024-09-14,22,Louisiana,1.0
2024-09-14,06,California,25.0
2024-09-14,30,Montana,2.0
2024-09-14,48,Texas,1.0
2024-09-14,55,Wisconsin,0.0
2024-09-14,28,Mississippi,19.0
2024-09-14,37,North Carolina,0.0
2024-09-14,46,South Dakota,1.0
2024-09-14,23,Maine,0.0
2024-09-14,36,New York,2.0
2024-09-07,32,Nevada,0.0
2024-09-07,45,South Carolina,2.0
2024-09-07,49,Utah,0.0
2024-09-07,10,Delaware,1.0
2024-09-07,39,Ohio,2.0
2024-09-07,47,Tennessee,8.0
2024-09-07,50,Vermont,0.0
2024-09-07,34,New Jersey,12.0
2024-09-07,35,New Mexico,0.0
2024-09-07,41,Oregon,4.0
2024-09-07,72,Puerto Rico,1.0
2024-09-07,02,Alaska,1.0
2024-09-07,04,Arizona,14.0
2024-09-07,21,Kentucky,0.0
2024-09-07,15,Hawaii,2.0
2024-09-07,20,Kansas,2.0
2024-09-07,US,US,223.0
2024-09-07,01,Alabama,0.0
2024-09-07,08,Colorado,1.0
2024-09-07,44,Rhode Island,0.0
2024-09-07,18,Indiana,0.0
2024-09-07,19,Iowa,1.0
2024-09-07,17,Illinois,1.0
2024-09-07,09,Connecticut,2.0
2024-09-07,53,Washington,6.0
2024-09-07,31,Nebraska,0.0
2024-09-07,40,Oklahoma,0.0
2024-09-07,16,Idaho,0.0
2024-09-07,13,Georgia,0.0
2024-09-07,27,Minnesota,0.0
2024-09-07,29,Missouri,1.0
2024-09-07,51,Virginia,15.0
2024-09-07,33,New Hampshire,0.0
2024-09-07,42,Pennsylvania,43.0
2024-09-07,38,North Dakota,0.0
2024-09-07,11,District of Columbia,0.0
2024-09-07,56,Wyoming,1.0
2024-09-07,12,Florida,55.0
2024-09-07,24,Maryland,0.0
2024-09-07,26,Michigan,9.0
2024-09-07,05,Arkansas,7.0
2024-09-07,22,Louisiana,3.0
2024-09-07,06,California,15.0
2024-09-07,30,Montana,0.0
2024-09-07,48,Texas,1.0
2024-09-07,55,Wisconsin,1.0
2024-09-07,28,Mississippi,9.0
2024-09-07,37,North Carolina,0.0
2024-09-07,46,South Dakota,0.0
2024-09-07,23,Maine,3.0
2024-09-07,36,New York,0.0
2024-08-31,32,Nevada,0.0
2024-08-31,45,South Carolina,3.0
2024-08-31,49,Utah,0.0
2024-08-31,10,Delaware,0.0
2024-08-31,39,Ohio,1.0
2024-08-31,47,Tennessee,11.0
2024-08-31,50,Vermont,0.0
2024-08-31,34,New Jersey,7.0
2024-08-31,35,New Mexico,1.0
2024-08-31,41,Oregon,2.0
2024-08-31,72,Puerto Rico,2.0
2024-08-31,02,Alaska,0.0
2024-08-31,04,Arizona,26.0
2024-08-31,21,Kentucky,0.0
2024-08-31,15,Hawaii,2.0
2024-08-31,20,Kansas,0.0
2024-08-31,US,US,259.0
2024-08-31,01,Alabama,1.0
2024-08-31,08,Colorado,0.0
2024-08-31,44,Rhode Island,0.0
2024-08-31,18,Indiana,1.0
2024-08-31,19,Iowa,2.0
2024-08-31,17,Illinois,3.0
2024-08-31,09,Connecticut,0.0
2024-08-31,53,Washington,7.0
2024-08-31,31,Nebraska,1.0
2024-08-31,40,Oklahoma,1.0
2024-08-31,16,Idaho,0.0
2024-08-31,13,Georgia,3.0
2024-08-31,29,Missouri,2.0
2024-08-31,51,Virginia,19.0
2024-08-31,33,New Hampshire,0.0
2024-08-31,42,Pennsylvania,63.0
2024-08-31,38,North Dakota,0.0
2024-08-31,11,District of Columbia,1.0
2024-08-31,56,Wyoming,3.0
2024-08-31,12,Florida,38.0
2024-08-31,24,Maryland,0.0
2024-08-31,26,Michigan,10.0
2024-08-31,05,Arkansas,5.0
2024-08-31,22,Louisiana,1.0
2024-08-31,06,California,20.0
2024-08-31,30,Montana,0.0
2024-08-31,48,Texas,2.0
2024-08-31,55,Wisconsin,0.0
2024-08-31,28,Mississippi,15.0
2024-08-31,37,North Carolina,0.0
2024-08-31,46,South Dakota,1.0
2024-08-31,23,Maine,3.0
2024-08-31,54,West Virginia,0.0
2024-08-31,36,New York,0.0
2024-08-24,32,Nevada,0.0
2024-08-24,45,South Carolina,24.0
2024-08-24,49,Utah,0.0
2024-08-24,10,Delaware,0.0
2024-08-24,39,Ohio,3.0
2024-08-24,47,Tennessee,8.0
2024-08-24,50,Vermont,0.0
2024-08-24,34,New Jersey,12.0
2024-08-24,35,New Mexico,1.0
2024-08-24,41,Oregon,2.0
2024-08-24,72,Puerto Rico,3.0
2024-08-24,02,Alaska,0.0
2024-08-24,04,Arizona,25.0
2024-08-24,21,Kentucky,3.0
2024-08-24,15,Hawaii,1.0
2024-08-24,20,Kansas,0.0
2024-08-24,US,US,274.0
2024-08-24,01,Alabama,0.0
2024-08-24,08,Colorado,0.0
2024-08-24,44,Rhode Island,0.0
2024-08-24,18,Indiana,2.0
2024-08-24,19,Iowa,2.0
2024-08-24,17,Illinois,3.0
2024-08-24,09,Connecticut,1.0
2024-08-24,53,Washington,5.0
2024-08-24,31,Nebraska,1.0
2024-08-24,40,Oklahoma,0.0
2024-08-24,16,Idaho,0.0
2024-08-24,13,Georgia,2.0
2024-08-24,29,Missouri,1.0
2024-08-24,51,Virginia,14.0
2024-08-24,33,New Hampshire,0.0
2024-08-24,42,Pennsylvania,55.0
2024-08-24,38,North Dakota,0.0
2024-08-24,11,District of Columbia,0.0
2024-08-24,56,Wyoming,1.0
2024-08-24,12,Florida,41.0
2024-08-24,24,Maryland,2.0
2024-08-24,26,Michigan,12.0
2024-08-24,05,Arkansas,4.0
2024-08-24,22,Louisiana,9.0
2024-08-24,06,California,18.0
2024-08-24,30,Montana,0.0
2024-08-24,48,Texas,2.0
2024-08-24,55,Wisconsin,2.0
2024-08-24,28,Mississippi,8.0
2024-08-24,37,North Carolina,0.0
2024-08-24,46,South Dakota,0.0
2024-08-24,23,Maine,5.0
2024-08-24,54,West Virginia,0.0
2024-08-24,36,New York,2.0
2024-08-17,32,Nevada,0.0
2024-08-17,45,South Carolina,16.0
2024-08-17,49,Utah,0.0
2024-08-17,10,Delaware,0.0
2024-08-17,39,Ohio,5.0
2024-08-17,47,Tennessee,9.0
2024-08-17,50,Vermont,0.0
2024-08-17,34,New Jersey,10.0
2024-08-17,35,New Mexico,0.0
2024-08-17,41,Oregon,0.0
2024-08-17,72,Puerto Rico,3.0
2024-08-17,02,Alaska,4.0
2024-08-17,04,Arizona,17.0
2024-08-17,21,Kentucky,3.0
2024-08-17,15,Hawaii,1.0
2024-08-17,20,Kansas,1.0
2024-08-17,US,US,273.0
2024-08-17,01,Alabama,0.0
2024-08-17,08,Colorado,0.0
2024-08-17,44,Rhode Island,0.0
2024-08-17,18,Indiana,3.0
2024-08-17,19,Iowa,1.0
2024-08-17,17,Illinois,1.0
2024-08-17,09,Connecticut,2.0
2024-08-17,53,Washington,8.0
2024-08-17,31,Nebraska,0.0
2024-08-17,40,Oklahoma,0.0
2024-08-17,16,Idaho,0.0
2024-08-17,13,Georgia,2.0
2024-08-17,29,Missouri,3.0
2024-08-17,51,Virginia,14.0
2024-08-17,33,New Hampshire,0.0
2024-08-17,42,Pennsylvania,53.0
2024-08-17,38,North Dakota,0.0
2024-08-17,11,District of Columbia,0.0
2024-08-17,56,Wyoming,1.0
2024-08-17,12,Florida,45.0
2024-08-17,24,Maryland,2.0
2024-08-17,26,Michigan,9.0
2024-08-17,05,Arkansas,4.0
2024-08-17,22,Louisiana,8.0
2024-08-17,06,California,32.0
2024-08-17,30,Montana,0.0
2024-08-17,48,Texas,2.0
2024-08-17,55,Wisconsin,3.0
2024-08-17,28,Mississippi,7.0
2024-08-17,37,North Carolina,0.0
2024-08-17,46,South Dakota,1.0
2024-08-17,23,Maine,1.0
2024-08-17,54,West Virginia,0.0
2024-08-17,36,New York,1.0
2024-08-10,32,Nevada,0.0
2024-08-10,45,South Carolina,15.0
2024-08-10,49,Utah,0.0
2024-08-10,10,Delaware,0.0
2024-08-10,39,Ohio,4.0
2024-08-10,47,Tennessee,9.0
2024-08-10,50,Vermont,0.0
2024-08-10,34,New Jersey,15.0
2024-08-10,35,New Mexico,0.0
2024-08-10,41,Oregon,2.0
2024-08-10,72,Puerto Rico,5.0
2024-08-10,02,Alaska,0.0
2024-08-10,04,Arizona,25.0
2024-08-10,21,Kentucky,0.0
2024-08-10,15,Hawaii,3.0
2024-08-10,20,Kansas,0.0
2024-08-10,US,US,275.0
2024-08-10,01,Alabama,0.0
2024-08-10,08,Colorado,5.0
2024-08-10,44,Rhode Island,0.0
2024-08-10,18,Indiana,0.0
2024-08-10,19,Iowa,0.0
2024-08-10,17,Illinois,6.0
2024-08-10,09,Connecticut,0.0
2024-08-10,53,Washington,4.0
2024-08-10,31,Nebraska,0.0
2024-08-10,40,Oklahoma,1.0
2024-08-10,16,Idaho,0.0
2024-08-10,13,Georgia,2.0
2024-08-10,29,Missouri,3.0
2024-08-10,51,Virginia,24.0
2024-08-10,33,New Hampshire,0.0
2024-08-10,42,Pennsylvania,44.0
2024-08-10,38,North Dakota,0.0
2024-08-10,11,District of Columbia,1.0
2024-08-10,56,Wyoming,2.0
2024-08-10,12,Florida,42.0
2024-08-10,24,Maryland,0.0
2024-08-10,26,Michigan,5.0
2024-08-10,05,Arkansas,6.0
2024-08-10,22,Louisiana,5.0
2024-08-10,06,California,19.0
2024-08-10,30,Montana,0.0
2024-08-10,48,Texas,3.0
2024-08-10,55,Wisconsin,2.0
2024-08-10,28,Mississippi,16.0
2024-08-10,37,North Carolina,1.0
2024-08-10,46,South Dakota,0.0
2024-08-10,23,Maine,3.0
2024-08-10,54,West Virginia,0.0
2024-08-10,36,New York,3.0
2024-08-03,32,Nevada,0.0
2024-08-03,45,South Carolina,22.0
2024-08-03,49,Utah,0.0
2024-08-03,10,Delaware,0.0
2024-08-03,39,Ohio,2.0
2024-08-03,47,Tennessee,9.0
2024-08-03,50,Vermont,0.0
2024-08-03,34,New Jersey,12.0
2024-08-03,35,New Mexico,0.0
2024-08-03,41,Oregon,0.0
2024-08-03,72,Puerto Rico,6.0
2024-08-03,02,Alaska,0.0
2024-08-03,04,Arizona,10.0
2024-08-03,21,Kentucky,0.0
2024-08-03,15,Hawaii,3.0
2024-08-03,20,Kansas,1.0
2024-08-03,US,US,275.0
2024-08-03,01,Alabama,1.0
2024-08-03,08,Colorado,6.0
2024-08-03,44,Rhode Island,0.0
2024-08-03,18,Indiana,1.0
2024-08-03,19,Iowa,0.0
2024-08-03,17,Illinois,4.0
2024-08-03,09,Connecticut,3.0
2024-08-03,53,Washington,3.0
2024-08-03,31,Nebraska,0.0
2024-08-03,40,Oklahoma,1.0
2024-08-03,16,Idaho,0.0
2024-08-03,13,Georgia,3.0
2024-08-03,29,Missouri,1.0
2024-08-03,51,Virginia,11.0
2024-08-03,33,New Hampshire,0.0
2024-08-03,42,Pennsylvania,55.0
2024-08-03,38,North Dakota,0.0
2024-08-03,11,District of Columbia,1.0
2024-08-03,56,Wyoming,2.0
2024-08-03,12,Florida,54.0
2024-08-03,24,Maryland,1.0
2024-08-03,26,Michigan,2.0
2024-08-03,05,Arkansas,4.0
2024-08-03,22,Louisiana,7.0
2024-08-03,06,California,31.0
2024-08-03,30,Montana,0.0
2024-08-03,48,Texas,2.0
2024-08-03,55,Wisconsin,1.0
2024-08-03,28,Mississippi,14.0
2024-08-03,37,North Carolina,0.0
2024-08-03,46,South Dakota,0.0
2024-08-03,23,Maine,2.0
2024-08-03,54,West Virginia,0.0
2024-08-03,36,New York,0.0
2024-07-27,32,Nevada,0.0
2024-07-27,45,South Carolina,16.0
2024-07-27,49,Utah,0.0
2024-07-27,10,Delaware,0.0
2024-07-27,39,Ohio,2.0
2024-07-27,47,Tennessee,13.0
2024-07-27,50,Vermont,0.0
2024-07-27,34,New Jersey,17.0
2024-07-27,35,New Mexico,0.0
2024-07-27,41,Oregon,1.0
2024-07-27,72,Puerto Rico,3.0
2024-07-27,02,Alaska,1.0
2024-07-27,04,Arizona,12.0
2024-07-27,21,Kentucky,0.0
2024-07-27,15,Hawaii,1.0
2024-07-27,20,Kansas,1.0
2024-07-27,US,US,273.0
2024-07-27,01,Alabama,0.0
2024-07-27,08,Colorado,6.0
2024-07-27,44,Rhode Island,0.0
2024-07-27,18,Indiana,1.0
2024-07-27,19,Iowa,1.0
2024-07-27,17,Illinois,3.0
2024-07-27,09,Connecticut,1.0
2024-07-27,53,Washington,6.0
2024-07-27,31,Nebraska,0.0
2024-07-27,40,Oklahoma,0.0
2024-07-27,16,Idaho,0.0
2024-07-27,13,Georgia,1.0
2024-07-27,29,Missouri,4.0
2024-07-27,51,Virginia,20.0
2024-07-27,33,New Hampshire,0.0
2024-07-27,42,Pennsylvania,59.0
2024-07-27,38,North Dakota,1.0
2024-07-27,11,District of Columbia,1.0
2024-07-27,56,Wyoming,0.0
2024-07-27,12,Florida,41.0
2024-07-27,24,Maryland,0.0
2024-07-27,26,Michigan,7.0
2024-07-27,05,Arkansas,8.0
2024-07-27,22,Louisiana,2.0
2024-07-27,06,California,29.0
2024-07-27,30,Montana,1.0
2024-07-27,48,Texas,0.0
2024-07-27,55,Wisconsin,1.0
2024-07-27,28,Mississippi,12.0
2024-07-27,37,North Carolina,0.0
2024-07-27,46,South Dakota,0.0
2024-07-27,23,Maine,0.0
2024-07-27,54,West Virginia,0.0
2024-07-27,36,New York,1.0
2024-07-20,32,Nevada,0.0
2024-07-20,45,South Carolina,15.0
2024-07-20,49,Utah,0.0
2024-07-20,10,Delaware,0.0
2024-07-20,39,Ohio,3.0
2024-07-20,47,Tennessee,10.0
2024-07-20,50,Vermont,0.0
2024-07-20,34,New Jersey,17.0
2024-07-20,35,New Mexico,0.0
2024-07-20,41,Oregon,3.0
2024-07-20,72,Puerto Rico,9.0
2024-07-20,02,Alaska,3.0
2024-07-20,04,Arizona,16.0
2024-07-20,21,Kentucky,0.0
2024-07-20,15,Hawaii,6.0
2024-07-20,20,Kansas,0.0
2024-07-20,US,US,324.0
2024-07-20,01,Alabama,0.0
2024-07-20,08,Colorado,3.0
2024-07-20,44,Rhode Island,0.0
2024-07-20,18,Indiana,0.0
2024-07-20,19,Iowa,0.0
2024-07-20,17,Illinois,4.0
2024-07-20,09,Connecticut,2.0
2024-07-20,53,Washington,6.0
2024-07-20,31,Nebraska,0.0
2024-07-20,40,Oklahoma,6.0
2024-07-20,16,Idaho,0.0
2024-07-20,13,Georgia,0.0
2024-07-20,27,Minnesota,0.0
2024-07-20,29,Missouri,3.0
2024-07-20,51,Virginia,16.0
2024-07-20,33,New Hampshire,0.0
2024-07-20,42,Pennsylvania,50.0
2024-07-20,38,North Dakota,0.0
2024-07-20,11,District of Columbia,2.0
2024-07-20,56,Wyoming,3.0
2024-07-20,12,Florida,59.0
2024-07-20,25,Massachusetts,0.0
2024-07-20,24,Maryland,0.0
2024-07-20,26,Michigan,8.0
2024-07-20,05,Arkansas,7.0
2024-07-20,22,Louisiana,5.0
2024-07-20,06,California,35.0
2024-07-20,30,Montana,0.0
2024-07-20,48,Texas,4.0
2024-07-20,55,Wisconsin,3.0
2024-07-20,28,Mississippi,7.0
2024-07-20,37,North Carolina,2.0
2024-07-20,46,South Dakota,0.0
2024-07-20,23,Maine,2.0
2024-07-20,54,West Virginia,0.0
2024-07-20,36,New York,14.0
2024-07-13,32,Nevada,0.0
2024-07-13,45,South Carolina,20.0
2024-07-13,49,Utah,0.0
2024-07-13,10,Delaware,0.0
2024-07-13,39,Ohio,2.0
2024-07-13,47,Tennessee,11.0
2024-07-13,50,Vermont,0.0
2024-07-13,34,New Jersey,23.0
2024-07-13,35,New Mexico,0.0
2024-07-13,41,Oregon,5.0
2024-07-13,72,Puerto Rico,6.0
2024-07-13,02,Alaska,1.0
2024-07-13,04,Arizona,29.0
2024-07-13,21,Kentucky,0.0
2024-07-13,15,Hawaii,4.0
2024-07-13,20,Kansas,4.0
2024-07-13,US,US,367.0
2024-07-13,01,Alabama,0.0
2024-07-13,08,Colorado,1.0
2024-07-13,44,Rhode Island,0.0
2024-07-13,18,Indiana,3.0
2024-07-13,19,Iowa,1.0
2024-07-13,17,Illinois,5.0
2024-07-13,09,Connecticut,3.0
2024-07-13,53,Washington,15.0
2024-07-13,31,Nebraska,0.0
2024-07-13,40,Oklahoma,0.0
2024-07-13,16,Idaho,0.0
2024-07-13,13,Georgia,0.0
2024-07-13,27,Minnesota,0.0
2024-07-13,29,Missouri,1.0
2024-07-13,51,Virginia,25.0
2024-07-13,33,New Hampshire,0.0
2024-07-13,42,Pennsylvania,58.0
2024-07-13,38,North Dakota,0.0
2024-07-13,11,District of Columbia,1.0
2024-07-13,56,Wyoming,1.0
2024-07-13,12,Florida,78.0
2024-07-13,25,Massachusetts,0.0
2024-07-13,24,Maryland,0.0
2024-07-13,26,Michigan,9.0
2024-07-13,05,Arkansas,5.0
2024-07-13,22,Louisiana,0.0
2024-07-13,06,California,39.0
2024-07-13,30,Montana,1.0
2024-07-13,48,Texas,1.0
2024-07-13,55,Wisconsin,3.0
2024-07-13,28,Mississippi,6.0
2024-07-13,37,North Carolina,0.0
2024-07-13,46,South Dakota,0.0
2024-07-13,23,Maine,4.0
2024-07-13,54,West Virginia,0.0
2024-07-13,36,New York,1.0
2024-07-06,32,Nevada,1.0
2024-07-06,45,South Carolina,19.0
2024-07-06,49,Utah,0.0
2024-07-06,10,Delaware,0.0
2024-07-06,39,Ohio,6.0
2024-07-06,47,Tennessee,10.0
2024-07-06,50,Vermont,0.0
2024-07-06,34,New Jersey,21.0
2024-07-06,35,New Mexico,1.0
2024-07-06,41,Oregon,5.0
2024-07-06,72,Puerto Rico,7.0
2024-07-06,02,Alaska,1.0
2024-07-06,04,Arizona,29.0
2024-07-06,21,Kentucky,2.0
2024-07-06,15,Hawaii,3.0
2024-07-06,20,Kansas,0.0
2024-07-06,US,US,341.0
2024-07-06,01,Alabama,0.0
2024-07-06,08,Colorado,3.0
2024-07-06,44,Rhode Island,1.0
2024-07-06,18,Indiana,3.0
2024-07-06,19,Iowa,0.0
2024-07-06,17,Illinois,8.0
2024-07-06,09,Connecticut,7.0
2024-07-06,53,Washington,19.0
2024-07-06,31,Nebraska,0.0
2024-07-06,40,Oklahoma,2.0
2024-07-06,16,Idaho,0.0
2024-07-06,13,Georgia,4.0
2024-07-06,27,Minnesota,0.0
2024-07-06,29,Missouri,0.0
2024-07-06,51,Virginia,18.0
2024-07-06,33,New Hampshire,0.0
2024-07-06,42,Pennsylvania,46.0
2024-07-06,38,North Dakota,0.0
2024-07-06,11,District of Columbia,0.0
2024-07-06,56,Wyoming,2.0
2024-07-06,12,Florida,56.0
2024-07-06,25,Massachusetts,0.0
2024-07-06,24,Maryland,1.0
2024-07-06,26,Michigan,7.0
2024-07-06,05,Arkansas,4.0
2024-07-06,22,Louisiana,5.0
2024-07-06,06,California,37.0
2024-07-06,30,Montana,0.0
2024-07-06,48,Texas,2.0
2024-07-06,55,Wisconsin,2.0
2024-07-06,28,Mississippi,3.0
2024-07-06,37,North Carolina,1.0
2024-07-06,46,South Dakota,0.0
2024-07-06,23,Maine,0.0
2024-07-06,54,West Virginia,0.0
2024-07-06,36,New York,4.0
2024-06-29,32,Nevada,1.0
2024-06-29,45,South Carolina,17.0
2024-06-29,49,Utah,0.0
2024-06-29,10,Delaware,1.0
2024-06-29,39,Ohio,2.0
2024-06-29,47,Tennessee,7.0
2024-06-29,50,Vermont,0.0
2024-06-29,34,New Jersey,20.0
2024-06-29,35,New Mexico,0.0
2024-06-29,41,Oregon,2.0
2024-06-29,72,Puerto Rico,7.0
2024-06-29,02,Alaska,3.0
2024-06-29,04,Arizona,23.0
2024-06-29,21,Kentucky,1.0
2024-06-29,15,Hawaii,2.0
2024-06-29,20,Kansas,1.0
2024-06-29,US,US,356.0
2024-06-29,01,Alabama,0.0
2024-06-29,08,Colorado,3.0
2024-06-29,44,Rhode Island,0.0
2024-06-29,18,Indiana,3.0
2024-06-29,19,Iowa,1.0
2024-06-29,17,Illinois,6.0
2024-06-29,09,Connecticut,1.0
2024-06-29,53,Washington,32.0
2024-06-29,31,Nebraska,0.0
2024-06-29,40,Oklahoma,0.0
2024-06-29,16,Idaho,0.0
2024-06-29,13,Georgia,4.0
2024-06-29,27,Minnesota,0.0
2024-06-29,29,Missouri,5.0
2024-06-29,51,Virginia,20.0
2024-06-29,33,New Hampshire,0.0
2024-06-29,42,Pennsylvania,47.0
2024-06-29,38,North Dakota,0.0
2024-06-29,11,District of Columbia,2.0
2024-06-29,56,Wyoming,0.0
2024-06-29,12,Florida,62.0
2024-06-29,25,Massachusetts,0.0
2024-06-29,24,Maryland,2.0
2024-06-29,26,Michigan,11.0
2024-06-29,05,Arkansas,1.0
2024-06-29,22,Louisiana,5.0
2024-06-29,06,California,49.0
2024-06-29,30,Montana,0.0
2024-06-29,48,Texas,0.0
2024-06-29,55,Wisconsin,2.0
2024-06-29,28,Mississippi,6.0
2024-06-29,37,North Carolina,0.0
2024-06-29,46,South Dakota,0.0
2024-06-29,23,Maine,1.0
2024-06-29,54,West Virginia,0.0
2024-06-29,36,New York,6.0
2024-06-22,32,Nevada,1.0
2024-06-22,45,South Carolina,20.0
2024-06-22,49,Utah,0.0
2024-06-22,10,Delaware,0.0
2024-06-22,39,Ohio,6.0
2024-06-22,47,Tennessee,12.0
2024-06-22,50,Vermont,0.0
2024-06-22,34,New Jersey,16.0
2024-06-22,35,New Mexico,0.0
2024-06-22,41,Oregon,14.0
2024-06-22,72,Puerto Rico,10.0
2024-06-22,02,Alaska,6.0
2024-06-22,04,Arizona,44.0
2024-06-22,21,Kentucky,1.0
2024-06-22,15,Hawaii,4.0
2024-06-22,20,Kansas,1.0
2024-06-22,US,US,441.0
2024-06-22,01,Alabama,0.0
2024-06-22,08,Colorado,3.0
2024-06-22,44,Rhode Island,0.0
2024-06-22,18,Indiana,5.0
2024-06-22,19,Iowa,0.0
2024-06-22,17,Illinois,6.0
2024-06-22,09,Connecticut,3.0
2024-06-22,53,Washington,28.0
2024-06-22,31,Nebraska,0.0
2024-06-22,40,Oklahoma,1.0
2024-06-22,16,Idaho,0.0
2024-06-22,13,Georgia,2.0
2024-06-22,29,Missouri,3.0
2024-06-22,51,Virginia,25.0
2024-06-22,33,New Hampshire,0.0
2024-06-22,42,Pennsylvania,51.0
2024-06-22,38,North Dakota,1.0
2024-06-22,11,District of Columbia,0.0
2024-06-22,56,Wyoming,3.0
2024-06-22,12,Florida,64.0
2024-06-22,24,Maryland,0.0
2024-06-22,26,Michigan,9.0
2024-06-22,05,Arkansas,5.0
2024-06-22,22,Louisiana,4.0
2024-06-22,06,California,64.0
2024-06-22,30,Montana,2.0
2024-06-22,48,Texas,1.0
2024-06-22,55,Wisconsin,1.0
2024-06-22,28,Mississippi,16.0
2024-06-22,37,North Carolina,0.0
2024-06-22,46,South Dakota,0.0
2024-06-22,23,Maine,1.0
2024-06-22,54,West Virginia,0.0
2024-06-22,36,New York,7.0
2024-06-15,32,Nevada,0.0
2024-06-15,45,South Carolina,29.0
2024-06-15,49,Utah,0.0
2024-06-15,10,Delaware,0.0
2024-06-15,39,Ohio,2.0
2024-06-15,47,Tennessee,15.0
2024-06-15,50,Vermont,0.0
2024-06-15,34,New Jersey,25.0
2024-06-15,35,New Mexico,0.0
2024-06-15,41,Oregon,6.0
2024-06-15,72,Puerto Rico,6.0
2024-06-15,02,Alaska,3.0
2024-06-15,04,Arizona,69.0
2024-06-15,21,Kentucky,3.0
2024-06-15,15,Hawaii,3.0
2024-06-15,20,Kansas,1.0
2024-06-15,US,US,517.0
2024-06-15,01,Alabama,0.0
2024-06-15,08,Colorado,3.0
2024-06-15,44,Rhode Island,0.0
2024-06-15,18,Indiana,2.0
2024-06-15,19,Iowa,1.0
2024-06-15,17,Illinois,9.0
2024-06-15,09,Connecticut,2.0
2024-06-15,53,Washington,20.0
2024-06-15,31,Nebraska,0.0
2024-06-15,40,Oklahoma,1.0
2024-06-15,16,Idaho,0.0
2024-06-15,13,Georgia,1.0
2024-06-15,29,Missouri,3.0
2024-06-15,51,Virginia,40.0
2024-06-15,33,New Hampshire,0.0
2024-06-15,42,Pennsylvania,80.0
2024-06-15,38,North Dakota,0.0
2024-06-15,11,District of Columbia,0.0
2024-06-15,56,Wyoming,4.0
2024-06-15,12,Florida,80.0
2024-06-15,24,Maryland,0.0
2024-06-15,26,Michigan,9.0
2024-06-15,05,Arkansas,5.0
2024-06-15,22,Louisiana,4.0
2024-06-15,06,California,58.0
2024-06-15,30,Montana,2.0
2024-06-15,48,Texas,0.0
2024-06-15,55,Wisconsin,2.0
2024-06-15,28,Mississippi,13.0
2024-06-15,37,North Carolina,0.0
2024-06-15,46,South Dakota,0.0
2024-06-15,23,Maine,3.0
2024-06-15,54,West Virginia,0.0
2024-06-15,36,New York,10.0
2024-06-08,32,Nevada,0.0
2024-06-08,45,South Carolina,28.0
2024-06-08,49,Utah,0.0
2024-06-08,10,Delaware,1.0
2024-06-08,39,Ohio,3.0
2024-06-08,47,Tennessee,17.0
2024-06-08,50,Vermont,0.0
2024-06-08,34,New Jersey,20.0
2024-06-08,35,New Mexico,5.0
2024-06-08,41,Oregon,16.0
2024-06-08,72,Puerto Rico,9.0
2024-06-08,02,Alaska,3.0
2024-06-08,04,Arizona,53.0
2024-06-08,21,Kentucky,7.0
2024-06-08,15,Hawaii,1.0
2024-06-08,20,Kansas,5.0
2024-06-08,US,US,511.0
2024-06-08,01,Alabama,0.0
2024-06-08,08,Colorado,4.0
2024-06-08,44,Rhode Island,0.0
2024-06-08,18,Indiana,5.0
2024-06-08,19,Iowa,0.0
2024-06-08,17,Illinois,8.0
2024-06-08,09,Connecticut,5.0
2024-06-08,53,Washington,39.0
2024-06-08,31,Nebraska,1.0
2024-06-08,40,Oklahoma,1.0
2024-06-08,16,Idaho,0.0
2024-06-08,13,Georgia,2.0
2024-06-08,29,Missouri,4.0
2024-06-08,51,Virginia,24.0
2024-06-08,33,New Hampshire,0.0
2024-06-08,42,Pennsylvania,59.0
2024-06-08,38,North Dakota,0.0
2024-06-08,11,District of Columbia,0.0
2024-06-08,56,Wyoming,5.0
2024-06-08,12,Florida,81.0
2024-06-08,24,Maryland,3.0
2024-06-08,26,Michigan,9.0
2024-06-08,05,Arkansas,5.0
2024-06-08,22,Louisiana,5.0
2024-06-08,06,California,59.0
2024-06-08,30,Montana,0.0
2024-06-08,48,Texas,1.0
2024-06-08,55,Wisconsin,0.0
2024-06-08,28,Mississippi,11.0
2024-06-08,37,North Carolina,0.0
2024-06-08,46,South Dakota,0.0
2024-06-08,23,Maine,1.0
2024-06-08,54,West Virginia,0.0
2024-06-08,36,New York,10.0
2024-06-01,32,Nevada,1.0
2024-06-01,45,South Carolina,19.0
2024-06-01,49,Utah,0.0
2024-06-01,10,Delaware,0.0
2024-06-01,39,Ohio,5.0
2024-06-01,47,Tennessee,30.0
2024-06-01,50,Vermont,1.0
2024-06-01,34,New Jersey,26.0
2024-06-01,35,New Mexico,9.0
2024-06-01,41,Oregon,17.0
2024-06-01,72,Puerto Rico,10.0
2024-06-01,02,Alaska,3.0
2024-06-01,04,Arizona,68.0
2024-06-01,21,Kentucky,5.0
2024-06-01,15,Hawaii,6.0
2024-06-01,20,Kansas,2.0
2024-06-01,US,US,590.0
2024-06-01,01,Alabama,0.0
2024-06-01,08,Colorado,10.0
2024-06-01,44,Rhode Island,1.0
2024-06-01,18,Indiana,5.0
2024-06-01,19,Iowa,1.0
2024-06-01,17,Illinois,9.0
2024-06-01,09,Connecticut,4.0
2024-06-01,53,Washington,21.0
2024-06-01,31,Nebraska,0.0
2024-06-01,40,Oklahoma,2.0
2024-06-01,16,Idaho,0.0
2024-06-01,13,Georgia,5.0
2024-06-01,29,Missouri,6.0
2024-06-01,51,Virginia,45.0
2024-06-01,33,New Hampshire,0.0
2024-06-01,42,Pennsylvania,79.0
2024-06-01,38,North Dakota,0.0
2024-06-01,11,District of Columbia,0.0
2024-06-01,56,Wyoming,0.0
2024-06-01,12,Florida,77.0
2024-06-01,24,Maryland,5.0
2024-06-01,26,Michigan,15.0
2024-06-01,05,Arkansas,6.0
2024-06-01,22,Louisiana,6.0
2024-06-01,06,California,56.0
2024-06-01,30,Montana,2.0
2024-06-01,48,Texas,0.0
2024-06-01,55,Wisconsin,3.0
2024-06-01,28,Mississippi,13.0
2024-06-01,37,North Carolina,0.0
2024-06-01,46,South Dakota,0.0
2024-06-01,23,Maine,5.0
2024-06-01,54,West Virginia,0.0
2024-06-01,36,New York,12.0
2024-05-25,32,Nevada,0.0
2024-05-25,45,South Carolina,18.0
2024-05-25,49,Utah,0.0
2024-05-25,10,Delaware,1.0
2024-05-25,39,Ohio,11.0
2024-05-25,47,Tennessee,20.0
2024-05-25,50,Vermont,1.0
2024-05-25,34,New Jersey,37.0
2024-05-25,35,New Mexico,8.0
2024-05-25,41,Oregon,14.0
2024-05-25,72,Puerto Rico,4.0
2024-05-25,02,Alaska,2.0
2024-05-25,04,Arizona,66.0
2024-05-25,21,Kentucky,3.0
2024-05-25,15,Hawaii,2.0
2024-05-25,20,Kansas,5.0
2024-05-25,US,US,610.0
2024-05-25,01,Alabama,0.0
2024-05-25,08,Colorado,11.0
2024-05-25,44,Rhode Island,1.0
2024-05-25,18,Indiana,4.0
2024-05-25,19,Iowa,2.0
2024-05-25,17,Illinois,9.0
2024-05-25,09,Connecticut,6.0
2024-05-25,53,Washington,21.0
2024-05-25,31,Nebraska,0.0
2024-05-25,40,Oklahoma,6.0
2024-05-25,16,Idaho,0.0
2024-05-25,13,Georgia,3.0
2024-05-25,29,Missouri,10.0
2024-05-25,51,Virginia,32.0
2024-05-25,33,New Hampshire,0.0
2024-05-25,42,Pennsylvania,85.0
2024-05-25,38,North Dakota,0.0
2024-05-25,11,District of Columbia,2.0
2024-05-25,56,Wyoming,5.0
2024-05-25,12,Florida,97.0
2024-05-25,24,Maryland,0.0
2024-05-25,26,Michigan,29.0
2024-05-25,05,Arkansas,2.0
2024-05-25,22,Louisiana,9.0
2024-05-25,06,California,42.0
2024-05-25,30,Montana,1.0
2024-05-25,48,Texas,2.0
2024-05-25,55,Wisconsin,3.0
2024-05-25,28,Mississippi,8.0
2024-05-25,37,North Carolina,0.0
2024-05-25,46,South Dakota,1.0
2024-05-25,23,Maine,5.0
2024-05-25,54,West Virginia,0.0
2024-05-25,36,New York,20.0
2024-05-18,32,Nevada,2.0
2024-05-18,45,South Carolina,22.0
2024-05-18,49,Utah,0.0
2024-05-18,10,Delaware,1.0
2024-05-18,39,Ohio,12.0
2024-05-18,47,Tennessee,21.0
2024-05-18,50,Vermont,0.0
2024-05-18,34,New Jersey,32.0
2024-05-18,35,New Mexico,13.0
2024-05-18,41,Oregon,21.0
2024-05-18,72,Puerto Rico,17.0
2024-05-18,02,Alaska,1.0
2024-05-18,04,Arizona,66.0
2024-05-18,21,Kentucky,5.0
2024-05-18,15,Hawaii,2.0
2024-05-18,20,Kansas,2.0
2024-05-18,US,US,681.0
2024-05-18,01,Alabama,2.0
2024-05-18,08,Colorado,6.0
2024-05-18,44,Rhode Island,1.0
2024-05-18,18,Indiana,11.0
2024-05-18,19,Iowa,3.0
2024-05-18,17,Illinois,10.0
2024-05-18,09,Connecticut,10.0
2024-05-18,53,Washington,12.0
2024-05-18,31,Nebraska,2.0
2024-05-18,40,Oklahoma,5.0
2024-05-18,16,Idaho,0.0
2024-05-18,13,Georgia,6.0
2024-05-18,29,Missouri,11.0
2024-05-18,51,Virginia,39.0
2024-05-18,33,New Hampshire,0.0
2024-05-18,42,Pennsylvania,92.0
2024-05-18,38,North Dakota,1.0
2024-05-18,11,District of Columbia,2.0
2024-05-18,56,Wyoming,1.0
2024-05-18,12,Florida,91.0
2024-05-18,24,Maryland,0.0
2024-05-18,26,Michigan,31.0
2024-05-18,05,Arkansas,0.0
2024-05-18,22,Louisiana,3.0
2024-05-18,06,California,57.0
2024-05-18,30,Montana,1.0
2024-05-18,48,Texas,0.0
2024-05-18,55,Wisconsin,11.0
2024-05-18,28,Mississippi,22.0
2024-05-18,37,North Carolina,0.0
2024-05-18,46,South Dakota,0.0
2024-05-18,23,Maine,3.0
2024-05-18,54,West Virginia,0.0
2024-05-18,36,New York,28.0
2024-05-11,32,Nevada,1.0
2024-05-11,45,South Carolina,21.0
2024-05-11,49,Utah,3.0
2024-05-11,10,Delaware,1.0
2024-05-11,39,Ohio,9.0
2024-05-11,47,Tennessee,17.0
2024-05-11,50,Vermont,0.0
2024-05-11,34,New Jersey,47.0
2024-05-11,35,New Mexico,16.0
2024-05-11,41,Oregon,18.0
2024-05-11,72,Puerto Rico,28.0
2024-05-11,02,Alaska,6.0
2024-05-11,04,Arizona,73.0
2024-05-11,21,Kentucky,3.0
2024-05-11,15,Hawaii,3.0
2024-05-11,20,Kansas,5.0
2024-05-11,US,US,852.0
2024-05-11,01,Alabama,0.0
2024-05-11,08,Colorado,12.0
2024-05-11,44,Rhode Island,4.0
2024-05-11,18,Indiana,12.0
2024-05-11,19,Iowa,3.0
2024-05-11,17,Illinois,13.0
2024-05-11,09,Connecticut,22.0
2024-05-11,53,Washington,28.0
2024-05-11,31,Nebraska,1.0
2024-05-11,40,Oklahoma,9.0
2024-05-11,16,Idaho,0.0
2024-05-11,13,Georgia,7.0
2024-05-11,27,Minnesota,0.0
2024-05-11,29,Missouri,18.0
2024-05-11,51,Virginia,39.0
2024-05-11,33,New Hampshire,0.0
2024-05-11,42,Pennsylvania,84.0
2024-05-11,38,North Dakota,0.0
2024-05-11,11,District of Columbia,4.0
2024-05-11,56,Wyoming,0.0
2024-05-11,12,Florida,85.0
2024-05-11,25,Massachusetts,48.0
2024-05-11,24,Maryland,5.0
2024-05-11,26,Michigan,50.0
2024-05-11,05,Arkansas,12.0
2024-05-11,22,Louisiana,8.0
2024-05-11,06,California,49.0
2024-05-11,30,Montana,2.0
2024-05-11,48,Texas,1.0
2024-05-11,55,Wisconsin,10.0
2024-05-11,28,Mississippi,14.0
2024-05-11,37,North Carolina,0.0
2024-05-11,46,South Dakota,1.0
2024-05-11,23,Maine,8.0
2024-05-11,54,West Virginia,0.0
2024-05-11,36,New York,52.0
2024-05-04,32,Nevada,10.0
2024-05-04,45,South Carolina,31.0
2024-05-04,49,Utah,2.0
2024-05-04,10,Delaware,4.0
2024-05-04,39,Ohio,46.0
2024-05-04,47,Tennessee,22.0
2024-05-04,50,Vermont,4.0
2024-05-04,34,New Jersey,81.0
2024-05-04,35,New Mexico,11.0
2024-05-04,41,Oregon,17.0
2024-05-04,72,Puerto Rico,32.0
2024-05-04,02,Alaska,3.0
2024-05-04,04,Arizona,75.0
2024-05-04,21,Kentucky,10.0
2024-05-04,15,Hawaii,6.0
2024-05-04,20,Kansas,9.0
2024-05-04,US,US,1486.0
2024-05-04,01,Alabama,10.0
2024-05-04,08,Colorado,23.0
2024-05-04,44,Rhode Island,3.0
2024-05-04,18,Indiana,36.0
2024-05-04,19,Iowa,9.0
2024-05-04,17,Illinois,43.0
2024-05-04,09,Connecticut,34.0
2024-05-04,53,Washington,25.0
2024-05-04,31,Nebraska,5.0
2024-05-04,40,Oklahoma,16.0
2024-05-04,16,Idaho,2.0
2024-05-04,13,Georgia,16.0
2024-05-04,27,Minnesota,18.0
2024-05-04,29,Missouri,33.0
2024-05-04,51,Virginia,58.0
2024-05-04,33,New Hampshire,3.0
2024-05-04,42,Pennsylvania,95.0
2024-05-04,38,North Dakota,4.0
2024-05-04,11,District of Columbia,5.0
2024-05-04,56,Wyoming,4.0
2024-05-04,12,Florida,140.0
2024-05-04,25,Massachusetts,60.0
2024-05-04,24,Maryland,10.0
2024-05-04,26,Michigan,83.0
2024-05-04,05,Arkansas,14.0
2024-05-04,22,Louisiana,9.0
2024-05-04,06,California,77.0
2024-05-04,30,Montana,0.0
2024-05-04,48,Texas,89.0
2024-05-04,55,Wisconsin,15.0
2024-05-04,28,Mississippi,20.0
2024-05-04,37,North Carolina,8.0
2024-05-04,46,South Dakota,7.0
2024-05-04,23,Maine,9.0
2024-05-04,54,West Virginia,7.0
2024-05-04,36,New York,132.0
2024-04-27,32,Nevada,21.0
2024-04-27,45,South Carolina,30.0
2024-04-27,49,Utah,6.0
2024-04-27,10,Delaware,2.0
2024-04-27,39,Ohio,78.0
2024-04-27,47,Tennessee,51.0
2024-04-27,50,Vermont,6.0
2024-04-27,34,New Jersey,89.0
2024-04-27,35,New Mexico,20.0
2024-04-27,41,Oregon,30.0
2024-04-27,72,Puerto Rico,44.0
2024-04-27,02,Alaska,5.0
2024-04-27,04,Arizona,105.0
2024-04-27,21,Kentucky,25.0
2024-04-27,15,Hawaii,14.0
2024-04-27,20,Kansas,27.0
2024-04-27,US,US,2417.0
2024-04-27,01,Alabama,15.0
2024-04-27,08,Colorado,23.0
2024-04-27,44,Rhode Island,7.0
2024-04-27,18,Indiana,46.0
2024-04-27,19,Iowa,22.0
2024-04-27,17,Illinois,88.0
2024-04-27,09,Connecticut,64.0
2024-04-27,53,Washington,37.0
2024-04-27,31,Nebraska,17.0
2024-04-27,40,Oklahoma,36.0
2024-04-27,16,Idaho,16.0
2024-04-27,13,Georgia,35.0
2024-04-27,27,Minnesota,39.0
2024-04-27,29,Missouri,59.0
2024-04-27,51,Virginia,58.0
2024-04-27,33,New Hampshire,4.0
2024-04-27,42,Pennsylvania,112.0
2024-04-27,38,North Dakota,7.0
2024-04-27,11,District of Columbia,8.0
2024-04-27,56,Wyoming,4.0
2024-04-27,12,Florida,260.0
2024-04-27,25,Massachusetts,72.0
2024-04-27,24,Maryland,20.0
2024-04-27,26,Michigan,123.0
2024-04-27,05,Arkansas,60.0
2024-04-27,22,Louisiana,17.0
2024-04-27,06,California,156.0
2024-04-27,30,Montana,3.0
2024-04-27,48,Texas,171.0
2024-04-27,55,Wisconsin,37.0
2024-04-27,28,Mississippi,21.0
2024-04-27,37,North Carolina,13.0
2024-04-27,46,South Dakota,14.0
2024-04-27,23,Maine,14.0
2024-04-27,54,West Virginia,22.0
2024-04-27,36,New York,164.0
2024-04-20,32,Nevada,26.0
2024-04-20,45,South Carolina,37.0
2024-04-20,49,Utah,3.0
2024-04-20,10,Delaware,8.0
2024-04-20,39,Ohio,110.0
2024-04-20,47,Tennessee,58.0
2024-04-20,50,Vermont,10.0
2024-04-20,34,New Jersey,110.0
2024-04-20,35,New Mexico,15.0
2024-04-20,41,Oregon,32.0
2024-04-20,72,Puerto Rico,36.0
2024-04-20,02,Alaska,2.0
2024-04-20,04,Arizona,79.0
2024-04-20,21,Kentucky,46.0
2024-04-20,15,Hawaii,5.0
2024-04-20,20,Kansas,40.0
2024-04-20,US,US,2943.0
2024-04-20,01,Alabama,17.0
2024-04-20,08,Colorado,26.0
2024-04-20,44,Rhode Island,11.0
2024-04-20,18,Indiana,61.0
2024-04-20,19,Iowa,53.0
2024-04-20,17,Illinois,122.0
2024-04-20,09,Connecticut,57.0
2024-04-20,53,Washington,26.0
2024-04-20,31,Nebraska,27.0
2024-04-20,40,Oklahoma,30.0
2024-04-20,16,Idaho,15.0
2024-04-20,13,Georgia,40.0
2024-04-20,27,Minnesota,53.0
2024-04-20,29,Missouri,83.0
2024-04-20,51,Virginia,79.0
2024-04-20,33,New Hampshire,12.0
2024-04-20,42,Pennsylvania,144.0
2024-04-20,38,North Dakota,15.0
2024-04-20,11,District of Columbia,14.0
2024-04-20,56,Wyoming,2.0
2024-04-20,12,Florida,237.0
2024-04-20,25,Massachusetts,132.0
2024-04-20,24,Maryland,38.0
2024-04-20,26,Michigan,170.0
2024-04-20,05,Arkansas,30.0
2024-04-20,22,Louisiana,24.0
2024-04-20,06,California,157.0
2024-04-20,30,Montana,6.0
2024-04-20,48,Texas,255.0
2024-04-20,55,Wisconsin,66.0
2024-04-20,28,Mississippi,25.0
2024-04-20,37,North Carolina,23.0
2024-04-20,46,South Dakota,24.0
2024-04-20,23,Maine,16.0
2024-04-20,54,West Virginia,13.0
2024-04-20,36,New York,216.0
2024-04-13,32,Nevada,23.0
2024-04-13,45,South Carolina,64.0
2024-04-13,49,Utah,1.0
2024-04-13,10,Delaware,7.0
2024-04-13,39,Ohio,193.0
2024-04-13,47,Tennessee,77.0
2024-04-13,50,Vermont,16.0
2024-04-13,34,New Jersey,130.0
2024-04-13,35,New Mexico,19.0
2024-04-13,41,Oregon,33.0
2024-04-13,72,Puerto Rico,43.0
2024-04-13,02,Alaska,4.0
2024-04-13,04,Arizona,85.0
2024-04-13,21,Kentucky,67.0
2024-04-13,15,Hawaii,12.0
2024-04-13,20,Kansas,27.0
2024-04-13,US,US,4077.0
2024-04-13,01,Alabama,19.0
2024-04-13,08,Colorado,55.0
2024-04-13,44,Rhode Island,14.0
2024-04-13,18,Indiana,112.0
2024-04-13,19,Iowa,63.0
2024-04-13,17,Illinois,186.0
2024-04-13,09,Connecticut,62.0
2024-04-13,53,Washington,42.0
2024-04-13,31,Nebraska,45.0
2024-04-13,40,Oklahoma,35.0
2024-04-13,16,Idaho,12.0
2024-04-13,13,Georgia,57.0
2024-04-13,27,Minnesota,79.0
2024-04-13,29,Missouri,108.0
2024-04-13,51,Virginia,110.0
2024-04-13,33,New Hampshire,14.0
2024-04-13,42,Pennsylvania,195.0
2024-04-13,38,North Dakota,18.0
2024-04-13,11,District of Columbia,17.0
2024-04-13,56,Wyoming,6.0
2024-04-13,12,Florida,324.0
2024-04-13,25,Massachusetts,185.0
2024-04-13,24,Maryland,55.0
2024-04-13,26,Michigan,334.0
2024-04-13,05,Arkansas,47.0
2024-04-13,22,Louisiana,30.0
2024-04-13,06,California,179.0
2024-04-13,30,Montana,9.0
2024-04-13,48,Texas,275.0
2024-04-13,55,Wisconsin,77.0
2024-04-13,28,Mississippi,38.0
2024-04-13,37,North Carolina,55.0
2024-04-13,46,South Dakota,14.0
2024-04-13,23,Maine,15.0
2024-04-13,54,West Virginia,22.0
2024-04-13,36,New York,365.0
2024-04-06,32,Nevada,35.0
2024-04-06,45,South Carolina,44.0
2024-04-06,49,Utah,5.0
2024-04-06,10,Delaware,19.0
2024-04-06,39,Ohio,264.0
2024-04-06,47,Tennessee,102.0
2024-04-06,50,Vermont,9.0
2024-04-06,34,New Jersey,168.0
2024-04-06,35,New Mexico,41.0
2024-04-06,41,Oregon,51.0
2024-04-06,72,Puerto Rico,39.0
2024-04-06,02,Alaska,7.0
2024-04-06,04,Arizona,81.0
2024-04-06,21,Kentucky,102.0
2024-04-06,15,Hawaii,9.0
2024-04-06,20,Kansas,42.0
2024-04-06,US,US,5074.0
2024-04-06,01,Alabama,39.0
2024-04-06,08,Colorado,49.0
2024-04-06,44,Rhode Island,16.0
2024-04-06,18,Indiana,166.0
2024-04-06,19,Iowa,82.0
2024-04-06,17,Illinois,182.0
2024-04-06,09,Connecticut,88.0
2024-04-06,53,Washington,43.0
2024-04-06,31,Nebraska,54.0
2024-04-06,40,Oklahoma,63.0
2024-04-06,16,Idaho,31.0
2024-04-06,13,Georgia,60.0
2024-04-06,27,Minnesota,111.0
2024-04-06,29,Missouri,146.0
2024-04-06,51,Virginia,157.0
2024-04-06,33,New Hampshire,16.0
2024-04-06,42,Pennsylvania,256.0
2024-04-06,38,North Dakota,19.0
2024-04-06,11,District of Columbia,23.0
2024-04-06,56,Wyoming,7.0
2024-04-06,12,Florida,311.0
2024-04-06,25,Massachusetts,235.0
2024-04-06,24,Maryland,88.0
2024-04-06,26,Michigan,457.0
2024-04-06,05,Arkansas,60.0
2024-04-06,22,Louisiana,32.0
2024-04-06,06,California,151.0
2024-04-06,30,Montana,7.0
2024-04-06,48,Texas,308.0
2024-04-06,55,Wisconsin,124.0
2024-04-06,28,Mississippi,53.0
2024-04-06,37,North Carolina,77.0
2024-04-06,46,South Dakota,37.0
2024-04-06,23,Maine,24.0
2024-04-06,54,West Virginia,68.0
2024-04-06,36,New York,408.0
2024-03-30,32,Nevada,26.0
2024-03-30,45,South Carolina,63.0
2024-03-30,49,Utah,11.0
2024-03-30,10,Delaware,15.0
2024-03-30,39,Ohio,242.0
2024-03-30,47,Tennessee,84.0
2024-03-30,50,Vermont,15.0
2024-03-30,34,New Jersey,188.0
2024-03-30,35,New Mexico,36.0
2024-03-30,41,Oregon,64.0
2024-03-30,72,Puerto Rico,47.0
2024-03-30,02,Alaska,8.0
2024-03-30,04,Arizona,97.0
2024-03-30,21,Kentucky,120.0
2024-03-30,15,Hawaii,7.0
2024-03-30,20,Kansas,66.0
2024-03-30,US,US,5581.0
2024-03-30,01,Alabama,60.0
2024-03-30,08,Colorado,68.0
2024-03-30,44,Rhode Island,14.0
2024-03-30,18,Indiana,175.0
2024-03-30,19,Iowa,90.0
2024-03-30,17,Illinois,201.0
2024-03-30,09,Connecticut,89.0
2024-03-30,53,Washington,56.0
2024-03-30,31,Nebraska,51.0
2024-03-30,40,Oklahoma,91.0
2024-03-30,16,Idaho,45.0
2024-03-30,13,Georgia,64.0
2024-03-30,27,Minnesota,124.0
2024-03-30,29,Missouri,193.0
2024-03-30,51,Virginia,111.0
2024-03-30,33,New Hampshire,17.0
2024-03-30,42,Pennsylvania,266.0
2024-03-30,38,North Dakota,31.0
2024-03-30,11,District of Columbia,18.0
2024-03-30,56,Wyoming,11.0
2024-03-30,12,Florida,402.0
2024-03-30,25,Massachusetts,238.0
2024-03-30,24,Maryland,76.0
2024-03-30,26,Michigan,523.0
2024-03-30,05,Arkansas,82.0
2024-03-30,22,Louisiana,47.0
2024-03-30,06,California,180.0
2024-03-30,30,Montana,29.0
2024-03-30,48,Texas,360.0
2024-03-30,55,Wisconsin,126.0
2024-03-30,28,Mississippi,47.0
2024-03-30,37,North Carolina,88.0
2024-03-30,46,South Dakota,33.0
2024-03-30,23,Maine,23.0
2024-03-30,54,West Virginia,71.0
2024-03-30,36,New York,391.0
2024-03-23,32,Nevada,39.0
2024-03-23,45,South Carolina,66.0
2024-03-23,49,Utah,11.0
2024-03-23,10,Delaware,16.0
2024-03-23,39,Ohio,299.0
2024-03-23,47,Tennessee,127.0
2024-03-23,50,Vermont,18.0
2024-03-23,34,New Jersey,180.0
2024-03-23,35,New Mexico,57.0
2024-03-23,41,Oregon,97.0
2024-03-23,72,Puerto Rico,50.0
2024-03-23,02,Alaska,10.0
2024-03-23,04,Arizona,106.0
2024-03-23,21,Kentucky,129.0
2024-03-23,15,Hawaii,6.0
2024-03-23,20,Kansas,66.0
2024-03-23,US,US,6043.0
2024-03-23,01,Alabama,69.0
2024-03-23,08,Colorado,97.0
2024-03-23,44,Rhode Island,13.0
2024-03-23,18,Indiana,174.0
2024-03-23,19,Iowa,94.0
2024-03-23,17,Illinois,212.0
2024-03-23,09,Connecticut,83.0
2024-03-23,53,Washington,81.0
2024-03-23,31,Nebraska,60.0
2024-03-23,40,Oklahoma,93.0
2024-03-23,16,Idaho,55.0
2024-03-23,13,Georgia,81.0
2024-03-23,27,Minnesota,133.0
2024-03-23,29,Missouri,192.0
2024-03-23,51,Virginia,135.0
2024-03-23,33,New Hampshire,25.0
2024-03-23,42,Pennsylvania,339.0
2024-03-23,38,North Dakota,20.0
2024-03-23,11,District of Columbia,20.0
2024-03-23,56,Wyoming,5.0
2024-03-23,12,Florida,419.0
2024-03-23,25,Massachusetts,247.0
2024-03-23,24,Maryland,75.0
2024-03-23,26,Michigan,530.0
2024-03-23,05,Arkansas,103.0
2024-03-23,22,Louisiana,33.0
2024-03-23,06,California,175.0
2024-03-23,30,Montana,21.0
2024-03-23,48,Texas,398.0
2024-03-23,55,Wisconsin,132.0
2024-03-23,28,Mississippi,45.0
2024-03-23,37,North Carolina,83.0
2024-03-23,46,South Dakota,59.0
2024-03-23,23,Maine,26.0
2024-03-23,54,West Virginia,80.0
2024-03-23,36,New York,355.0
2024-03-16,32,Nevada,30.0
2024-03-16,45,South Carolina,74.0
2024-03-16,49,Utah,13.0
2024-03-16,10,Delaware,18.0
2024-03-16,39,Ohio,357.0
2024-03-16,47,Tennessee,129.0
2024-03-16,50,Vermont,24.0
2024-03-16,34,New Jersey,218.0
2024-03-16,35,New Mexico,45.0
2024-03-16,41,Oregon,68.0
2024-03-16,72,Puerto Rico,63.0
2024-03-16,02,Alaska,9.0
2024-03-16,04,Arizona,134.0
2024-03-16,21,Kentucky,142.0
2024-03-16,15,Hawaii,18.0
2024-03-16,20,Kansas,95.0
2024-03-16,US,US,7326.0
2024-03-16,01,Alabama,64.0
2024-03-16,08,Colorado,96.0
2024-03-16,44,Rhode Island,21.0
2024-03-16,18,Indiana,275.0
2024-03-16,19,Iowa,115.0
2024-03-16,17,Illinois,250.0
2024-03-16,09,Connecticut,99.0
2024-03-16,53,Washington,85.0
2024-03-16,31,Nebraska,69.0
2024-03-16,40,Oklahoma,139.0
2024-03-16,16,Idaho,68.0
2024-03-16,13,Georgia,102.0
2024-03-16,27,Minnesota,164.0
2024-03-16,29,Missouri,278.0
2024-03-16,51,Virginia,134.0
2024-03-16,33,New Hampshire,38.0
2024-03-16,42,Pennsylvania,367.0
2024-03-16,38,North Dakota,29.0
2024-03-16,11,District of Columbia,14.0
2024-03-16,56,Wyoming,11.0
2024-03-16,12,Florida,516.0
2024-03-16,25,Massachusetts,331.0
2024-03-16,24,Maryland,114.0
2024-03-16,26,Michigan,599.0
2024-03-16,05,Arkansas,190.0
2024-03-16,22,Louisiana,40.0
2024-03-16,06,California,188.0
2024-03-16,30,Montana,35.0
2024-03-16,48,Texas,538.0
2024-03-16,55,Wisconsin,183.0
2024-03-16,28,Mississippi,55.0
2024-03-16,37,North Carolina,94.0
2024-03-16,46,South Dakota,43.0
2024-03-16,23,Maine,33.0
2024-03-16,54,West Virginia,101.0
2024-03-16,36,New York,411.0
2024-03-09,32,Nevada,43.0
2024-03-09,45,South Carolina,97.0
2024-03-09,49,Utah,14.0
2024-03-09,10,Delaware,26.0
2024-03-09,39,Ohio,622.0
2024-03-09,47,Tennessee,188.0
2024-03-09,50,Vermont,29.0
2024-03-09,34,New Jersey,272.0
2024-03-09,35,New Mexico,77.0
2024-03-09,41,Oregon,79.0
2024-03-09,72,Puerto Rico,52.0
2024-03-09,02,Alaska,5.0
2024-03-09,04,Arizona,125.0
2024-03-09,21,Kentucky,190.0
2024-03-09,15,Hawaii,9.0
2024-03-09,20,Kansas,84.0
2024-03-09,US,US,9421.0
2024-03-09,01,Alabama,84.0
2024-03-09,08,Colorado,80.0
2024-03-09,44,Rhode Island,23.0
2024-03-09,18,Indiana,414.0
2024-03-09,19,Iowa,178.0
2024-03-09,17,Illinois,267.0
2024-03-09,09,Connecticut,165.0
2024-03-09,53,Washington,56.0
2024-03-09,31,Nebraska,86.0
2024-03-09,40,Oklahoma,180.0
2024-03-09,16,Idaho,70.0
2024-03-09,13,Georgia,156.0
2024-03-09,27,Minnesota,174.0
2024-03-09,29,Missouri,408.0
2024-03-09,51,Virginia,196.0
2024-03-09,33,New Hampshire,33.0
2024-03-09,42,Pennsylvania,511.0
2024-03-09,38,North Dakota,21.0
2024-03-09,11,District of Columbia,36.0
2024-03-09,56,Wyoming,15.0
2024-03-09,12,Florida,533.0
2024-03-09,25,Massachusetts,415.0
2024-03-09,24,Maryland,170.0
2024-03-09,26,Michigan,851.0
2024-03-09,05,Arkansas,247.0
2024-03-09,22,Louisiana,55.0
2024-03-09,06,California,207.0
2024-03-09,30,Montana,28.0
2024-03-09,48,Texas,637.0
2024-03-09,55,Wisconsin,197.0
2024-03-09,28,Mississippi,61.0
2024-03-09,37,North Carolina,132.0
2024-03-09,46,South Dakota,37.0
2024-03-09,23,Maine,50.0
2024-03-09,54,West Virginia,143.0
2024-03-09,36,New York,593.0
2024-03-02,32,Nevada,49.0
2024-03-02,45,South Carolina,107.0
2024-03-02,49,Utah,17.0
2024-03-02,10,Delaware,33.0
2024-03-02,39,Ohio,637.0
2024-03-02,47,Tennessee,236.0
2024-03-02,50,Vermont,30.0
2024-03-02,34,New Jersey,343.0
2024-03-02,35,New Mexico,61.0
2024-03-02,41,Oregon,76.0
2024-03-02,72,Puerto Rico,43.0
2024-03-02,02,Alaska,11.0
2024-03-02,04,Arizona,182.0
2024-03-02,21,Kentucky,280.0
2024-03-02,15,Hawaii,16.0
2024-03-02,20,Kansas,87.0
2024-03-02,US,US,10826.0
2024-03-02,01,Alabama,81.0
2024-03-02,08,Colorado,93.0
2024-03-02,44,Rhode Island,27.0
2024-03-02,18,Indiana,390.0
2024-03-02,19,Iowa,180.0
2024-03-02,17,Illinois,331.0
2024-03-02,09,Connecticut,212.0
2024-03-02,53,Washington,75.0
2024-03-02,31,Nebraska,95.0
2024-03-02,40,Oklahoma,177.0
2024-03-02,16,Idaho,61.0
2024-03-02,13,Georgia,203.0
2024-03-02,27,Minnesota,182.0
2024-03-02,29,Missouri,443.0
2024-03-02,51,Virginia,219.0
2024-03-02,33,New Hampshire,39.0
2024-03-02,42,Pennsylvania,540.0
2024-03-02,38,North Dakota,22.0
2024-03-02,11,District of Columbia,15.0
2024-03-02,56,Wyoming,25.0
2024-03-02,12,Florida,536.0
2024-03-02,25,Massachusetts,537.0
2024-03-02,24,Maryland,176.0
2024-03-02,26,Michigan,1017.0
2024-03-02,05,Arkansas,278.0
2024-03-02,22,Louisiana,77.0
2024-03-02,06,California,266.0
2024-03-02,30,Montana,27.0
2024-03-02,48,Texas,811.0
2024-03-02,55,Wisconsin,200.0
2024-03-02,28,Mississippi,67.0
2024-03-02,37,North Carolina,160.0
2024-03-02,46,South Dakota,46.0
2024-03-02,23,Maine,64.0
2024-03-02,54,West Virginia,181.0
2024-03-02,36,New York,764.0
2024-02-24,32,Nevada,43.0
2024-02-24,45,South Carolina,111.0
2024-02-24,49,Utah,9.0
2024-02-24,10,Delaware,24.0
2024-02-24,39,Ohio,655.0
2024-02-24,47,Tennessee,201.0
2024-02-24,50,Vermont,26.0
2024-02-24,34,New Jersey,297.0
2024-02-24,35,New Mexico,59.0
2024-02-24,41,Oregon,89.0
2024-02-24,72,Puerto Rico,52.0
2024-02-24,02,Alaska,4.0
2024-02-24,04,Arizona,204.0
2024-02-24,21,Kentucky,279.0
2024-02-24,15,Hawaii,14.0
2024-02-24,20,Kansas,82.0
2024-02-24,US,US,10874.0
2024-02-24,01,Alabama,87.0
2024-02-24,08,Colorado,129.0
2024-02-24,44,Rhode Island,34.0
2024-02-24,18,Indiana,419.0
2024-02-24,19,Iowa,157.0
2024-02-24,17,Illinois,318.0
2024-02-24,09,Connecticut,171.0
2024-02-24,53,Washington,97.0
2024-02-24,31,Nebraska,84.0
2024-02-24,40,Oklahoma,169.0
2024-02-24,16,Idaho,90.0
2024-02-24,13,Georgia,192.0
2024-02-24,27,Minnesota,158.0
2024-02-24,29,Missouri,454.0
2024-02-24,51,Virginia,207.0
2024-02-24,33,New Hampshire,33.0
2024-02-24,42,Pennsylvania,493.0
2024-02-24,38,North Dakota,25.0
2024-02-24,11,District of Columbia,18.0
2024-02-24,56,Wyoming,27.0
2024-02-24,12,Florida,617.0
2024-02-24,25,Massachusetts,484.0
2024-02-24,24,Maryland,118.0
2024-02-24,26,Michigan,974.0
2024-02-24,05,Arkansas,275.0
2024-02-24,22,Louisiana,94.0
2024-02-24,06,California,302.0
2024-02-24,30,Montana,22.0
2024-02-24,48,Texas,995.0
2024-02-24,55,Wisconsin,213.0
2024-02-24,28,Mississippi,55.0
2024-02-24,37,North Carolina,160.0
2024-02-24,46,South Dakota,42.0
2024-02-24,23,Maine,67.0
2024-02-24,54,West Virginia,163.0
2024-02-24,36,New York,782.0
2024-02-17,32,Nevada,51.0
2024-02-17,45,South Carolina,130.0
2024-02-17,49,Utah,19.0
2024-02-17,10,Delaware,36.0
2024-02-17,39,Ohio,609.0
2024-02-17,47,Tennessee,195.0
2024-02-17,50,Vermont,21.0
2024-02-17,34,New Jersey,370.0
2024-02-17,35,New Mexico,73.0
2024-02-17,41,Oregon,65.0
2024-02-17,72,Puerto Rico,52.0
2024-02-17,02,Alaska,2.0
2024-02-17,04,Arizona,204.0
2024-02-17,21,Kentucky,282.0
2024-02-17,15,Hawaii,10.0
2024-02-17,20,Kansas,111.0
2024-02-17,US,US,11135.0
2024-02-17,01,Alabama,120.0
2024-02-17,08,Colorado,137.0
2024-02-17,44,Rhode Island,29.0
2024-02-17,18,Indiana,439.0
2024-02-17,19,Iowa,124.0
2024-02-17,17,Illinois,262.0
2024-02-17,09,Connecticut,119.0
2024-02-17,53,Washington,73.0
2024-02-17,31,Nebraska,54.0
2024-02-17,40,Oklahoma,387.0
2024-02-17,16,Idaho,59.0
2024-02-17,13,Georgia,259.0
2024-02-17,27,Minnesota,173.0
2024-02-17,29,Missouri,354.0
2024-02-17,51,Virginia,195.0
2024-02-17,33,New Hampshire,41.0
2024-02-17,42,Pennsylvania,493.0
2024-02-17,38,North Dakota,29.0
2024-02-17,11,District of Columbia,19.0
2024-02-17,56,Wyoming,44.0
2024-02-17,12,Florida,677.0
2024-02-17,25,Massachusetts,533.0
2024-02-17,24,Maryland,123.0
2024-02-17,26,Michigan,770.0
2024-02-17,05,Arkansas,258.0
2024-02-17,22,Louisiana,85.0
2024-02-17,06,California,342.0
2024-02-17,30,Montana,24.0
2024-02-17,48,Texas,1125.0
2024-02-17,55,Wisconsin,209.0
2024-02-17,28,Mississippi,94.0
2024-02-17,37,North Carolina,179.0
2024-02-17,46,South Dakota,26.0
2024-02-17,23,Maine,86.0
2024-02-17,54,West Virginia,184.0
2024-02-17,36,New York,780.0
2024-02-10,32,Nevada,35.0
2024-02-10,45,South Carolina,132.0
2024-02-10,49,Utah,16.0
2024-02-10,10,Delaware,25.0
2024-02-10,39,Ohio,602.0
2024-02-10,47,Tennessee,196.0
2024-02-10,50,Vermont,20.0
2024-02-10,34,New Jersey,323.0
2024-02-10,35,New Mexico,78.0
2024-02-10,41,Oregon,87.0
2024-02-10,72,Puerto Rico,68.0
2024-02-10,02,Alaska,11.0
2024-02-10,04,Arizona,183.0
2024-02-10,21,Kentucky,284.0
2024-02-10,15,Hawaii,17.0
2024-02-10,20,Kansas,139.0
2024-02-10,US,US,11638.0
2024-02-10,01,Alabama,109.0
2024-02-10,08,Colorado,196.0
2024-02-10,44,Rhode Island,21.0
2024-02-10,18,Indiana,487.0
2024-02-10,19,Iowa,112.0
2024-02-10,17,Illinois,250.0
2024-02-10,09,Connecticut,142.0
2024-02-10,53,Washington,80.0
2024-02-10,31,Nebraska,54.0
2024-02-10,40,Oklahoma,463.0
2024-02-10,16,Idaho,61.0
2024-02-10,13,Georgia,308.0
2024-02-10,27,Minnesota,164.0
2024-02-10,29,Missouri,344.0
2024-02-10,51,Virginia,174.0
2024-02-10,33,New Hampshire,43.0
2024-02-10,42,Pennsylvania,425.0
2024-02-10,38,North Dakota,31.0
2024-02-10,11,District of Columbia,14.0
2024-02-10,56,Wyoming,33.0
2024-02-10,12,Florida,827.0
2024-02-10,25,Massachusetts,445.0
2024-02-10,24,Maryland,111.0
2024-02-10,26,Michigan,664.0
2024-02-10,05,Arkansas,291.0
2024-02-10,22,Louisiana,97.0
2024-02-10,06,California,464.0
2024-02-10,30,Montana,82.0
2024-02-10,48,Texas,1500.0
2024-02-10,55,Wisconsin,178.0
2024-02-10,28,Mississippi,86.0
2024-02-10,37,North Carolina,174.0
2024-02-10,46,South Dakota,18.0
2024-02-10,23,Maine,77.0
2024-02-10,54,West Virginia,131.0
2024-02-10,36,New York,765.0
2024-02-03,32,Nevada,58.0
2024-02-03,45,South Carolina,175.0
2024-02-03,49,Utah,28.0
2024-02-03,10,Delaware,25.0
2024-02-03,39,Ohio,590.0
2024-02-03,47,Tennessee,223.0
2024-02-03,50,Vermont,18.0
2024-02-03,34,New Jersey,331.0
2024-02-03,35,New Mexico,76.0
2024-02-03,41,Oregon,84.0
2024-02-03,72,Puerto Rico,34.0
2024-02-03,02,Alaska,8.0
2024-02-03,04,Arizona,343.0
2024-02-03,21,Kentucky,225.0
2024-02-03,15,Hawaii,5.0
2024-02-03,20,Kansas,113.0
2024-02-03,US,US,11965.0
2024-02-03,01,Alabama,103.0
2024-02-03,08,Colorado,196.0
2024-02-03,44,Rhode Island,17.0
2024-02-03,18,Indiana,453.0
2024-02-03,19,Iowa,107.0
2024-02-03,17,Illinois,272.0
2024-02-03,09,Connecticut,111.0
2024-02-03,53,Washington,105.0
2024-02-03,31,Nebraska,47.0
2024-02-03,40,Oklahoma,419.0
2024-02-03,16,Idaho,71.0
2024-02-03,13,Georgia,354.0
2024-02-03,27,Minnesota,150.0
2024-02-03,29,Missouri,301.0
2024-02-03,51,Virginia,184.0
2024-02-03,33,New Hampshire,37.0
2024-02-03,42,Pennsylvania,443.0
2024-02-03,38,North Dakota,40.0
2024-02-03,11,District of Columbia,20.0
2024-02-03,56,Wyoming,39.0
2024-02-03,12,Florida,711.0
2024-02-03,25,Massachusetts,461.0
2024-02-03,24,Maryland,113.0
2024-02-03,26,Michigan,483.0
2024-02-03,05,Arkansas,245.0
2024-02-03,22,Louisiana,123.0
2024-02-03,06,California,547.0
2024-02-03,30,Montana,85.0
2024-02-03,48,Texas,1869.0
2024-02-03,55,Wisconsin,175.0
2024-02-03,28,Mississippi,111.0
2024-02-03,37,North Carolina,255.0
2024-02-03,46,South Dakota,23.0
2024-02-03,23,Maine,64.0
2024-02-03,54,West Virginia,127.0
2024-02-03,36,New York,764.0
2024-01-27,32,Nevada,67.0
2024-01-27,45,South Carolina,213.0
2024-01-27,49,Utah,38.0
2024-01-27,10,Delaware,28.0
2024-01-27,39,Ohio,590.0
2024-01-27,47,Tennessee,280.0
2024-01-27,50,Vermont,21.0
2024-01-27,34,New Jersey,345.0
2024-01-27,35,New Mexico,102.0
2024-01-27,41,Oregon,98.0
2024-01-27,72,Puerto Rico,51.0
2024-01-27,02,Alaska,7.0
2024-01-27,04,Arizona,616.0
2024-01-27,21,Kentucky,251.0
2024-01-27,15,Hawaii,30.0
2024-01-27,20,Kansas,68.0
2024-01-27,US,US,12993.0
2024-01-27,01,Alabama,140.0
2024-01-27,08,Colorado,229.0
2024-01-27,44,Rhode Island,24.0
2024-01-27,18,Indiana,428.0
2024-01-27,19,Iowa,76.0
2024-01-27,17,Illinois,275.0
2024-01-27,09,Connecticut,156.0
2024-01-27,53,Washington,120.0
2024-01-27,31,Nebraska,47.0
2024-01-27,40,Oklahoma,346.0
2024-01-27,16,Idaho,69.0
2024-01-27,13,Georgia,455.0
2024-01-27,27,Minnesota,144.0
2024-01-27,29,Missouri,272.0
2024-01-27,51,Virginia,262.0
2024-01-27,33,New Hampshire,24.0
2024-01-27,42,Pennsylvania,401.0
2024-01-27,38,North Dakota,48.0
2024-01-27,11,District of Columbia,21.0
2024-01-27,56,Wyoming,40.0
2024-01-27,12,Florida,833.0
2024-01-27,25,Massachusetts,406.0
2024-01-27,24,Maryland,171.0
2024-01-27,26,Michigan,388.0
2024-01-27,05,Arkansas,275.0
2024-01-27,22,Louisiana,130.0
2024-01-27,06,California,732.0
2024-01-27,30,Montana,115.0
2024-01-27,48,Texas,1868.0
2024-01-27,55,Wisconsin,141.0
2024-01-27,28,Mississippi,161.0
2024-01-27,37,North Carolina,308.0
2024-01-27,46,South Dakota,27.0
2024-01-27,23,Maine,34.0
2024-01-27,54,West Virginia,136.0
2024-01-27,36,New York,884.0
2024-01-20,32,Nevada,78.0
2024-01-20,45,South Carolina,197.0
2024-01-20,49,Utah,28.0
2024-01-20,10,Delaware,32.0
2024-01-20,39,Ohio,505.0
2024-01-20,47,Tennessee,350.0
2024-01-20,50,Vermont,26.0
2024-01-20,34,New Jersey,441.0
2024-01-20,35,New Mexico,113.0
2024-01-20,41,Oregon,85.0
2024-01-20,72,Puerto Rico,50.0
2024-01-20,02,Alaska,9.0
2024-01-20,04,Arizona,682.0
2024-01-20,21,Kentucky,197.0
2024-01-20,15,Hawaii,23.0
2024-01-20,20,Kansas,66.0
2024-01-20,US,US,13308.0
2024-01-20,01,Alabama,169.0
2024-01-20,08,Colorado,197.0
2024-01-20,44,Rhode Island,34.0
2024-01-20,18,Indiana,402.0
2024-01-20,19,Iowa,95.0
2024-01-20,17,Illinois,335.0
2024-01-20,09,Connecticut,128.0
2024-01-20,53,Washington,145.0
2024-01-20,31,Nebraska,35.0
2024-01-20,40,Oklahoma,252.0
2024-01-20,16,Idaho,88.0
2024-01-20,13,Georgia,486.0
2024-01-20,27,Minnesota,123.0
2024-01-20,29,Missouri,266.0
2024-01-20,51,Virginia,302.0
2024-01-20,33,New Hampshire,30.0
2024-01-20,42,Pennsylvania,454.0
2024-01-20,38,North Dakota,41.0
2024-01-20,11,District of Columbia,26.0
2024-01-20,56,Wyoming,23.0
2024-01-20,12,Florida,907.0
2024-01-20,25,Massachusetts,419.0
2024-01-20,24,Maryland,198.0
2024-01-20,26,Michigan,346.0
2024-01-20,05,Arkansas,227.0
2024-01-20,22,Louisiana,141.0
2024-01-20,06,California,1096.0
2024-01-20,30,Montana,81.0
2024-01-20,48,Texas,1682.0
2024-01-20,55,Wisconsin,175.0
2024-01-20,28,Mississippi,158.0
2024-01-20,37,North Carolina,310.0
2024-01-20,46,South Dakota,16.0
2024-01-20,23,Maine,40.0
2024-01-20,54,West Virginia,145.0
2024-01-20,36,New York,851.0
2024-01-13,32,Nevada,145.0
2024-01-13,45,South Carolina,268.0
2024-01-13,49,Utah,47.0
2024-01-13,10,Delaware,34.0
2024-01-13,39,Ohio,542.0
2024-01-13,47,Tennessee,390.0
2024-01-13,50,Vermont,24.0
2024-01-13,34,New Jersey,570.0
2024-01-13,35,New Mexico,149.0
2024-01-13,41,Oregon,115.0
2024-01-13,72,Puerto Rico,61.0
2024-01-13,02,Alaska,6.0
2024-01-13,04,Arizona,716.0
2024-01-13,21,Kentucky,240.0
2024-01-13,15,Hawaii,25.0
2024-01-13,20,Kansas,101.0
2024-01-13,US,US,15919.0
2024-01-13,01,Alabama,226.0
2024-01-13,08,Colorado,286.0
2024-01-13,44,Rhode Island,34.0
2024-01-13,18,Indiana,443.0
2024-01-13,19,Iowa,84.0
2024-01-13,17,Illinois,380.0
2024-01-13,09,Connecticut,159.0
2024-01-13,53,Washington,161.0
2024-01-13,31,Nebraska,55.0
2024-01-13,40,Oklahoma,209.0
2024-01-13,16,Idaho,102.0
2024-01-13,13,Georgia,627.0
2024-01-13,27,Minnesota,161.0
2024-01-13,29,Missouri,316.0
2024-01-13,51,Virginia,381.0
2024-01-13,33,New Hampshire,47.0
2024-01-13,42,Pennsylvania,577.0
2024-01-13,38,North Dakota,32.0
2024-01-13,11,District of Columbia,37.0
2024-01-13,56,Wyoming,56.0
2024-01-13,12,Florida,1069.0
2024-01-13,25,Massachusetts,549.0
2024-01-13,24,Maryland,245.0
2024-01-13,26,Michigan,381.0
2024-01-13,05,Arkansas,223.0
2024-01-13,22,Louisiana,252.0
2024-01-13,06,California,1075.0
2024-01-13,30,Montana,114.0
2024-01-13,48,Texas,1964.0
2024-01-13,55,Wisconsin,265.0
2024-01-13,28,Mississippi,230.0
2024-01-13,37,North Carolina,505.0
2024-01-13,46,South Dakota,32.0
2024-01-13,23,Maine,47.0
2024-01-13,54,West Virginia,136.0
2024-01-13,36,New York,1024.0
2024-01-06,32,Nevada,143.0
2024-01-06,45,South Carolina,473.0
2024-01-06,49,Utah,63.0
2024-01-06,10,Delaware,48.0
2024-01-06,39,Ohio,562.0
2024-01-06,47,Tennessee,474.0
2024-01-06,50,Vermont,15.0
2024-01-06,34,New Jersey,667.0
2024-01-06,35,New Mexico,229.0
2024-01-06,41,Oregon,142.0
2024-01-06,72,Puerto Rico,51.0
2024-01-06,02,Alaska,5.0
2024-01-06,04,Arizona,907.0
2024-01-06,21,Kentucky,296.0
2024-01-06,15,Hawaii,40.0
2024-01-06,20,Kansas,93.0
2024-01-06,US,US,19540.0
2024-01-06,01,Alabama,348.0
2024-01-06,08,Colorado,308.0
2024-01-06,44,Rhode Island,48.0
2024-01-06,18,Indiana,521.0
2024-01-06,19,Iowa,94.0
2024-01-06,17,Illinois,511.0
2024-01-06,09,Connecticut,167.0
2024-01-06,53,Washington,209.0
2024-01-06,31,Nebraska,50.0
2024-01-06,40,Oklahoma,172.0
2024-01-06,16,Idaho,157.0
2024-01-06,13,Georgia,758.0
2024-01-06,27,Minnesota,168.0
2024-01-06,29,Missouri,345.0
2024-01-06,51,Virginia,538.0
2024-01-06,33,New Hampshire,46.0
2024-01-06,42,Pennsylvania,758.0
2024-01-06,38,North Dakota,52.0
2024-01-06,11,District of Columbia,55.0
2024-01-06,56,Wyoming,82.0
2024-01-06,12,Florida,1411.0
2024-01-06,25,Massachusetts,672.0
2024-01-06,24,Maryland,322.0
2024-01-06,26,Michigan,497.0
2024-01-06,05,Arkansas,234.0
2024-01-06,22,Louisiana,304.0
2024-01-06,06,California,1470.0
2024-01-06,30,Montana,129.0
2024-01-06,48,Texas,2093.0
2024-01-06,55,Wisconsin,248.0
2024-01-06,28,Mississippi,263.0
2024-01-06,37,North Carolina,779.0
2024-01-06,46,South Dakota,54.0
2024-01-06,23,Maine,58.0
2024-01-06,54,West Virginia,169.0
2024-01-06,36,New York,1240.0
2023-12-30,32,Nevada,185.0
2023-12-30,45,South Carolina,649.0
2023-12-30,49,Utah,80.0
2023-12-30,10,Delaware,60.0
2023-12-30,39,Ohio,638.0
2023-12-30,47,Tennessee,538.0
2023-12-30,50,Vermont,19.0
2023-12-30,34,New Jersey,729.0
2023-12-30,35,New Mexico,235.0
2023-12-30,41,Oregon,147.0
2023-12-30,72,Puerto Rico,63.0
2023-12-30,02,Alaska,4.0
2023-12-30,04,Arizona,1106.0
2023-12-30,21,Kentucky,261.0
2023-12-30,15,Hawaii,32.0
2023-12-30,20,Kansas,93.0
2023-12-30,US,US,21684.0
2023-12-30,01,Alabama,318.0
2023-12-30,08,Colorado,367.0
2023-12-30,44,Rhode Island,46.0
2023-12-30,18,Indiana,556.0
2023-12-30,19,Iowa,99.0
2023-12-30,17,Illinois,576.0
2023-12-30,09,Connecticut,194.0
2023-12-30,53,Washington,211.0
2023-12-30,31,Nebraska,51.0
2023-12-30,40,Oklahoma,135.0
2023-12-30,16,Idaho,163.0
2023-12-30,13,Georgia,1132.0
2023-12-30,27,Minnesota,189.0
2023-12-30,29,Missouri,369.0
2023-12-30,51,Virginia,731.0
2023-12-30,33,New Hampshire,51.0
2023-12-30,42,Pennsylvania,932.0
2023-12-30,38,North Dakota,51.0
2023-12-30,11,District of Columbia,57.0
2023-12-30,56,Wyoming,72.0
2023-12-30,12,Florida,1350.0
2023-12-30,25,Massachusetts,571.0
2023-12-30,24,Maryland,328.0
2023-12-30,26,Michigan,567.0
2023-12-30,05,Arkansas,187.0
2023-12-30,22,Louisiana,381.0
2023-12-30,06,California,1810.0
2023-12-30,30,Montana,116.0
2023-12-30,48,Texas,1975.0
2023-12-30,55,Wisconsin,297.0
2023-12-30,28,Mississippi,297.0
2023-12-30,37,North Carolina,1076.0
2023-12-30,46,South Dakota,48.0
2023-12-30,23,Maine,51.0
2023-12-30,54,West Virginia,153.0
2023-12-30,36,New York,1333.0
2023-12-23,32,Nevada,158.0
2023-12-23,45,South Carolina,421.0
2023-12-23,49,Utah,58.0
2023-12-23,10,Delaware,24.0
2023-12-23,39,Ohio,438.0
2023-12-23,47,Tennessee,294.0
2023-12-23,50,Vermont,12.0
2023-12-23,34,New Jersey,488.0
2023-12-23,35,New Mexico,227.0
2023-12-23,41,Oregon,103.0
2023-12-23,72,Puerto Rico,59.0
2023-12-23,02,Alaska,5.0
2023-12-23,04,Arizona,946.0
2023-12-23,21,Kentucky,137.0
2023-12-23,15,Hawaii,28.0
2023-12-23,20,Kansas,92.0
2023-12-23,US,US,15727.0
2023-12-23,01,Alabama,269.0
2023-12-23,08,Colorado,252.0
2023-12-23,44,Rhode Island,16.0
2023-12-23,18,Indiana,374.0
2023-12-23,19,Iowa,90.0
2023-12-23,17,Illinois,464.0
2023-12-23,09,Connecticut,115.0
2023-12-23,53,Washington,155.0
2023-12-23,31,Nebraska,62.0
2023-12-23,40,Oklahoma,153.0
2023-12-23,16,Idaho,115.0
2023-12-23,13,Georgia,746.0
2023-12-23,27,Minnesota,110.0
2023-12-23,29,Missouri,224.0
2023-12-23,51,Virginia,419.0
2023-12-23,33,New Hampshire,41.0
2023-12-23,42,Pennsylvania,702.0
2023-12-23,38,North Dakota,26.0
2023-12-23,11,District of Columbia,45.0
2023-12-23,56,Wyoming,26.0
2023-12-23,12,Florida,988.0
2023-12-23,25,Massachusetts,334.0
2023-12-23,24,Maryland,207.0
2023-12-23,26,Michigan,271.0
2023-12-23,05,Arkansas,96.0
2023-12-23,22,Louisiana,306.0
2023-12-23,06,California,1763.0
2023-12-23,30,Montana,78.0
2023-12-23,48,Texas,1597.0
2023-12-23,55,Wisconsin,187.0
2023-12-23,28,Mississippi,200.0
2023-12-23,37,North Carolina,733.0
2023-12-23,46,South Dakota,33.0
2023-12-23,23,Maine,16.0
2023-12-23,54,West Virginia,82.0
2023-12-23,36,New York,938.0
2023-12-16,32,Nevada,118.0
2023-12-16,45,South Carolina,264.0
2023-12-16,49,Utah,24.0
2023-12-16,10,Delaware,18.0
2023-12-16,39,Ohio,239.0
2023-12-16,47,Tennessee,178.0
2023-12-16,50,Vermont,8.0
2023-12-16,34,New Jersey,304.0
2023-12-16,35,New Mexico,153.0
2023-12-16,41,Oregon,45.0
2023-12-16,72,Puerto Rico,57.0
2023-12-16,02,Alaska,4.0
2023-12-16,04,Arizona,602.0
2023-12-16,21,Kentucky,86.0
2023-12-16,15,Hawaii,24.0
2023-12-16,20,Kansas,43.0
2023-12-16,US,US,10286.0
2023-12-16,01,Alabama,143.0
2023-12-16,08,Colorado,234.0
2023-12-16,44,Rhode Island,24.0
2023-12-16,18,Indiana,260.0
2023-12-16,19,Iowa,50.0
2023-12-16,17,Illinois,253.0
2023-12-16,09,Connecticut,120.0
2023-12-16,53,Washington,109.0
2023-12-16,31,Nebraska,13.0
2023-12-16,40,Oklahoma,85.0
2023-12-16,16,Idaho,67.0
2023-12-16,13,Georgia,442.0
2023-12-16,27,Minnesota,78.0
2023-12-16,29,Missouri,154.0
2023-12-16,51,Virginia,229.0
2023-12-16,33,New Hampshire,28.0
2023-12-16,42,Pennsylvania,390.0
2023-12-16,38,North Dakota,16.0
2023-12-16,11,District of Columbia,20.0
2023-12-16,56,Wyoming,34.0
2023-12-16,12,Florida,842.0
2023-12-16,25,Massachusetts,236.0
2023-12-16,24,Maryland,115.0
2023-12-16,26,Michigan,247.0
2023-12-16,05,Arkansas,53.0
2023-12-16,22,Louisiana,178.0
2023-12-16,06,California,1077.0
2023-12-16,30,Montana,37.0
2023-12-16,48,Texas,1155.0
2023-12-16,55,Wisconsin,122.0
2023-12-16,28,Mississippi,96.0
2023-12-16,37,North Carolina,402.0
2023-12-16,46,South Dakota,13.0
2023-12-16,23,Maine,20.0
2023-12-16,54,West Virginia,33.0
2023-12-16,36,New York,743.0
2023-12-09,32,Nevada,77.0
2023-12-09,45,South Carolina,177.0
2023-12-09,49,Utah,17.0
2023-12-09,10,Delaware,10.0
2023-12-09,39,Ohio,160.0
2023-12-09,47,Tennessee,152.0
2023-12-09,50,Vermont,8.0
2023-12-09,34,New Jersey,160.0
2023-12-09,35,New Mexico,84.0
2023-12-09,41,Oregon,43.0
2023-12-09,72,Puerto Rico,48.0
2023-12-09,02,Alaska,14.0
2023-12-09,04,Arizona,388.0
2023-12-09,21,Kentucky,48.0
2023-12-09,15,Hawaii,32.0
2023-12-09,20,Kansas,37.0
2023-12-09,US,US,7474.0
2023-12-09,01,Alabama,110.0
2023-12-09,08,Colorado,153.0
2023-12-09,44,Rhode Island,6.0
2023-12-09,18,Indiana,181.0
2023-12-09,19,Iowa,43.0
2023-12-09,17,Illinois,205.0
2023-12-09,09,Connecticut,74.0
2023-12-09,53,Washington,83.0
2023-12-09,31,Nebraska,11.0
2023-12-09,40,Oklahoma,59.0
2023-12-09,16,Idaho,46.0
2023-12-09,13,Georgia,261.0
2023-12-09,27,Minnesota,48.0
2023-12-09,29,Missouri,140.0
2023-12-09,51,Virginia,157.0
2023-12-09,33,New Hampshire,15.0
2023-12-09,42,Pennsylvania,267.0
2023-12-09,38,North Dakota,11.0
2023-12-09,11,District of Columbia,13.0
2023-12-09,56,Wyoming,37.0
2023-12-09,12,Florida,759.0
2023-12-09,25,Massachusetts,149.0
2023-12-09,24,Maryland,78.0
2023-12-09,26,Michigan,173.0
2023-12-09,05,Arkansas,41.0
2023-12-09,22,Louisiana,158.0
2023-12-09,06,California,868.0
2023-12-09,30,Montana,21.0
2023-12-09,48,Texas,829.0
2023-12-09,55,Wisconsin,97.0
2023-12-09,28,Mississippi,71.0
2023-12-09,37,North Carolina,312.0
2023-12-09,46,South Dakota,6.0
2023-12-09,23,Maine,15.0
2023-12-09,54,West Virginia,20.0
2023-12-09,36,New York,501.0
2023-12-02,32,Nevada,45.0
2023-12-02,45,South Carolina,133.0
2023-12-02,49,Utah,17.0
2023-12-02,10,Delaware,2.0
2023-12-02,39,Ohio,134.0
2023-12-02,47,Tennessee,98.0
2023-12-02,50,Vermont,3.0
2023-12-02,34,New Jersey,129.0
2023-12-02,35,New Mexico,42.0
2023-12-02,41,Oregon,17.0
2023-12-02,72,Puerto Rico,89.0
2023-12-02,02,Alaska,15.0
2023-12-02,04,Arizona,276.0
2023-12-02,21,Kentucky,59.0
2023-12-02,15,Hawaii,23.0
2023-12-02,20,Kansas,37.0
2023-12-02,US,US,5948.0
2023-12-02,01,Alabama,84.0
2023-12-02,08,Colorado,126.0
2023-12-02,44,Rhode Island,6.0
2023-12-02,18,Indiana,149.0
2023-12-02,19,Iowa,44.0
2023-12-02,17,Illinois,165.0
2023-12-02,09,Connecticut,57.0
2023-12-02,53,Washington,74.0
2023-12-02,31,Nebraska,8.0
2023-12-02,40,Oklahoma,71.0
2023-12-02,16,Idaho,19.0
2023-12-02,13,Georgia,225.0
2023-12-02,27,Minnesota,34.0
2023-12-02,29,Missouri,85.0
2023-12-02,51,Virginia,143.0
2023-12-02,33,New Hampshire,7.0
2023-12-02,42,Pennsylvania,211.0
2023-12-02,38,North Dakota,17.0
2023-12-02,11,District of Columbia,11.0
2023-12-02,56,Wyoming,18.0
2023-12-02,12,Florida,743.0
2023-12-02,25,Massachusetts,101.0
2023-12-02,24,Maryland,60.0
2023-12-02,26,Michigan,106.0
2023-12-02,05,Arkansas,24.0
2023-12-02,22,Louisiana,121.0
2023-12-02,06,California,683.0
2023-12-02,30,Montana,18.0
2023-12-02,48,Texas,699.0
2023-12-02,55,Wisconsin,59.0
2023-12-02,28,Mississippi,77.0
2023-12-02,37,North Carolina,213.0
2023-12-02,46,South Dakota,7.0
2023-12-02,23,Maine,9.0
2023-12-02,54,West Virginia,17.0
2023-12-02,36,New York,338.0
2023-11-25,32,Nevada,39.0
2023-11-25,45,South Carolina,81.0
2023-11-25,49,Utah,10.0
2023-11-25,10,Delaware,1.0
2023-11-25,39,Ohio,75.0
2023-11-25,47,Tennessee,73.0
2023-11-25,50,Vermont,3.0
2023-11-25,34,New Jersey,75.0
2023-11-25,35,New Mexico,21.0
2023-11-25,41,Oregon,11.0
2023-11-25,72,Puerto Rico,117.0
2023-11-25,02,Alaska,14.0
2023-11-25,04,Arizona,209.0
2023-11-25,21,Kentucky,37.0
2023-11-25,15,Hawaii,26.0
2023-11-25,20,Kansas,26.0
2023-11-25,US,US,4381.0
2023-11-25,01,Alabama,71.0
2023-11-25,08,Colorado,137.0
2023-11-25,44,Rhode Island,3.0
2023-11-25,18,Indiana,100.0
2023-11-25,19,Iowa,27.0
2023-11-25,17,Illinois,102.0
2023-11-25,09,Connecticut,33.0
2023-11-25,53,Washington,36.0
2023-11-25,31,Nebraska,8.0
2023-11-25,40,Oklahoma,34.0
2023-11-25,16,Idaho,8.0
2023-11-25,13,Georgia,156.0
2023-11-25,27,Minnesota,24.0
2023-11-25,29,Missouri,58.0
2023-11-25,51,Virginia,115.0
2023-11-25,33,New Hampshire,1.0
2023-11-25,42,Pennsylvania,118.0
2023-11-25,38,North Dakota,4.0
2023-11-25,11,District of Columbia,8.0
2023-11-25,56,Wyoming,23.0
2023-11-25,12,Florida,701.0
2023-11-25,25,Massachusetts,69.0
2023-11-25,24,Maryland,22.0
2023-11-25,26,Michigan,88.0
2023-11-25,05,Arkansas,57.0
2023-11-25,22,Louisiana,115.0
2023-11-25,06,California,459.0
2023-11-25,30,Montana,6.0
2023-11-25,48,Texas,534.0
2023-11-25,55,Wisconsin,34.0
2023-11-25,28,Mississippi,47.0
2023-11-25,37,North Carolina,153.0
2023-11-25,46,South Dakota,2.0
2023-11-25,23,Maine,19.0
2023-11-25,54,West Virginia,13.0
2023-11-25,36,New York,176.0
2023-11-18,32,Nevada,27.0
2023-11-18,45,South Carolina,64.0
2023-11-18,49,Utah,7.0
2023-11-18,10,Delaware,2.0
2023-11-18,39,Ohio,56.0
2023-11-18,47,Tennessee,57.0
2023-11-18,50,Vermont,5.0
2023-11-18,34,New Jersey,33.0
2023-11-18,35,New Mexico,12.0
2023-11-18,41,Oregon,17.0
2023-11-18,72,Puerto Rico,110.0
2023-11-18,02,Alaska,17.0
2023-11-18,04,Arizona,187.0
2023-11-18,21,Kentucky,18.0
2023-11-18,15,Hawaii,29.0
2023-11-18,20,Kansas,18.0
2023-11-18,US,US,3493.0
2023-11-18,01,Alabama,73.0
2023-11-18,08,Colorado,102.0
2023-11-18,44,Rhode Island,0.0
2023-11-18,18,Indiana,95.0
2023-11-18,19,Iowa,14.0
2023-11-18,17,Illinois,71.0
2023-11-18,09,Connecticut,22.0
2023-11-18,53,Washington,33.0
2023-11-18,31,Nebraska,4.0
2023-11-18,40,Oklahoma,37.0
2023-11-18,16,Idaho,11.0
2023-11-18,13,Georgia,133.0
2023-11-18,27,Minnesota,15.0
2023-11-18,29,Missouri,40.0
2023-11-18,51,Virginia,100.0
2023-11-18,33,New Hampshire,2.0
2023-11-18,42,Pennsylvania,89.0
2023-11-18,38,North Dakota,7.0
2023-11-18,11,District of Columbia,5.0
2023-11-18,56,Wyoming,9.0
2023-11-18,12,Florida,651.0
2023-11-18,25,Massachusetts,41.0
2023-11-18,24,Maryland,27.0
2023-11-18,26,Michigan,52.0
2023-11-18,05,Arkansas,17.0
2023-11-18,22,Louisiana,96.0
2023-11-18,06,California,372.0
2023-11-18,30,Montana,3.0
2023-11-18,48,Texas,428.0
2023-11-18,55,Wisconsin,15.0
2023-11-18,28,Mississippi,46.0
2023-11-18,37,North Carolina,88.0
2023-11-18,46,South Dakota,1.0
2023-11-18,23,Maine,2.0
2023-11-18,54,West Virginia,8.0
2023-11-18,36,New York,123.0
2023-11-11,32,Nevada,22.0
2023-11-11,45,South Carolina,52.0
2023-11-11,49,Utah,5.0
2023-11-11,10,Delaware,1.0
2023-11-11,39,Ohio,26.0
2023-11-11,47,Tennessee,47.0
2023-11-11,50,Vermont,2.0
2023-11-11,34,New Jersey,46.0
2023-11-11,35,New Mexico,9.0
2023-11-11,41,Oregon,11.0
2023-11-11,72,Puerto Rico,148.0
2023-11-11,02,Alaska,39.0
2023-11-11,04,Arizona,132.0
2023-11-11,21,Kentucky,33.0
2023-11-11,15,Hawaii,16.0
2023-11-11,20,Kansas,10.0
2023-11-11,US,US,2776.0
2023-11-11,01,Alabama,56.0
2023-11-11,08,Colorado,52.0
2023-11-11,44,Rhode Island,2.0
2023-11-11,18,Indiana,58.0
2023-11-11,19,Iowa,13.0
2023-11-11,17,Illinois,54.0
2023-11-11,09,Connecticut,5.0
2023-11-11,53,Washington,17.0
2023-11-11,31,Nebraska,5.0
2023-11-11,40,Oklahoma,34.0
2023-11-11,16,Idaho,4.0
2023-11-11,13,Georgia,116.0
2023-11-11,27,Minnesota,18.0
2023-11-11,29,Missouri,40.0
2023-11-11,51,Virginia,92.0
2023-11-11,33,New Hampshire,2.0
2023-11-11,42,Pennsylvania,81.0
2023-11-11,38,North Dakota,2.0
2023-11-11,11,District of Columbia,0.0
2023-11-11,56,Wyoming,5.0
2023-11-11,12,Florida,462.0
2023-11-11,25,Massachusetts,33.0
2023-11-11,24,Maryland,19.0
2023-11-11,26,Michigan,30.0
2023-11-11,05,Arkansas,24.0
2023-11-11,22,Louisiana,65.0
2023-11-11,06,California,231.0
2023-11-11,30,Montana,5.0
2023-11-11,48,Texas,427.0
2023-11-11,55,Wisconsin,20.0
2023-11-11,28,Mississippi,38.0
2023-11-11,37,North Carolina,49.0
2023-11-11,46,South Dakota,2.0
2023-11-11,23,Maine,4.0
2023-11-11,54,West Virginia,14.0
2023-11-11,36,New York,88.0
2023-11-04,32,Nevada,12.0
2023-11-04,45,South Carolina,45.0
2023-11-04,49,Utah,9.0
2023-11-04,10,Delaware,1.0
2023-11-04,39,Ohio,21.0
2023-11-04,47,Tennessee,44.0
2023-11-04,50,Vermont,0.0
2023-11-04,34,New Jersey,26.0
2023-11-04,35,New Mexico,10.0
2023-11-04,41,Oregon,6.0
2023-11-04,72,Puerto Rico,144.0
2023-11-04,02,Alaska,33.0
2023-11-04,04,Arizona,51.0
2023-11-04,21,Kentucky,21.0
2023-11-04,15,Hawaii,14.0
2023-11-04,20,Kansas,5.0
2023-11-04,US,US,2010.0
2023-11-04,01,Alabama,37.0
2023-11-04,08,Colorado,31.0
2023-11-04,44,Rhode Island,0.0
2023-11-04,18,Indiana,43.0
2023-11-04,19,Iowa,10.0
2023-11-04,17,Illinois,34.0
2023-11-04,09,Connecticut,12.0
2023-11-04,53,Washington,17.0
2023-11-04,31,Nebraska,5.0
2023-11-04,40,Oklahoma,18.0
2023-11-04,16,Idaho,5.0
2023-11-04,13,Georgia,56.0
2023-11-04,27,Minnesota,9.0
2023-11-04,29,Missouri,24.0
2023-11-04,51,Virginia,51.0
2023-11-04,33,New Hampshire,2.0
2023-11-04,42,Pennsylvania,30.0
2023-11-04,38,North Dakota,0.0
2023-11-04,11,District of Columbia,0.0
2023-11-04,56,Wyoming,1.0
2023-11-04,12,Florida,443.0
2023-11-04,25,Massachusetts,33.0
2023-11-04,24,Maryland,15.0
2023-11-04,26,Michigan,34.0
2023-11-04,05,Arkansas,18.0
2023-11-04,22,Louisiana,40.0
2023-11-04,06,California,97.0
2023-11-04,30,Montana,1.0
2023-11-04,48,Texas,346.0
2023-11-04,55,Wisconsin,16.0
2023-11-04,28,Mississippi,30.0
2023-11-04,37,North Carolina,40.0
2023-11-04,46,South Dakota,1.0
2023-11-04,23,Maine,1.0
2023-11-04,54,West Virginia,7.0
2023-11-04,36,New York,56.0
2023-10-28,32,Nevada,8.0
2023-10-28,45,South Carolina,21.0
2023-10-28,49,Utah,5.0
2023-10-28,10,Delaware,1.0
2023-10-28,39,Ohio,17.0
2023-10-28,47,Tennessee,44.0
2023-10-28,50,Vermont,0.0
2023-10-28,34,New Jersey,44.0
2023-10-28,35,New Mexico,2.0
2023-10-28,41,Oregon,14.0
2023-10-28,72,Puerto Rico,164.0
2023-10-28,02,Alaska,30.0
2023-10-28,04,Arizona,49.0
2023-10-28,21,Kentucky,23.0
2023-10-28,15,Hawaii,13.0
2023-10-28,20,Kansas,5.0
2023-10-28,US,US,1613.0
2023-10-28,01,Alabama,30.0
2023-10-28,08,Colorado,19.0
2023-10-28,44,Rhode Island,1.0
2023-10-28,18,Indiana,33.0
2023-10-28,19,Iowa,4.0
2023-10-28,17,Illinois,21.0
2023-10-28,09,Connecticut,7.0
2023-10-28,53,Washington,8.0
2023-10-28,31,Nebraska,7.0
2023-10-28,40,Oklahoma,10.0
2023-10-28,16,Idaho,4.0
2023-10-28,13,Georgia,40.0
2023-10-28,27,Minnesota,4.0
2023-10-28,29,Missouri,17.0
2023-10-28,51,Virginia,61.0
2023-10-28,33,New Hampshire,2.0
2023-10-28,42,Pennsylvania,49.0
2023-10-28,38,North Dakota,1.0
2023-10-28,11,District of Columbia,1.0
2023-10-28,56,Wyoming,0.0
2023-10-28,12,Florida,313.0
2023-10-28,25,Massachusetts,28.0
2023-10-28,24,Maryland,10.0
2023-10-28,26,Michigan,12.0
2023-10-28,05,Arkansas,13.0
2023-10-28,22,Louisiana,46.0
2023-10-28,06,California,76.0
2023-10-28,30,Montana,0.0
2023-10-28,48,Texas,245.0
2023-10-28,55,Wisconsin,7.0
2023-10-28,28,Mississippi,17.0
2023-10-28,37,North Carolina,20.0
2023-10-28,46,South Dakota,3.0
2023-10-28,23,Maine,4.0
2023-10-28,54,West Virginia,4.0
2023-10-28,36,New York,47.0
2023-10-21,32,Nevada,7.0
2023-10-21,45,South Carolina,32.0
2023-10-21,49,Utah,9.0
2023-10-21,10,Delaware,1.0
2023-10-21,39,Ohio,21.0
2023-10-21,47,Tennessee,43.0
2023-10-21,50,Vermont,2.0
2023-10-21,34,New Jersey,33.0
2023-10-21,35,New Mexico,2.0
2023-10-21,41,Oregon,8.0
2023-10-21,72,Puerto Rico,111.0
2023-10-21,02,Alaska,21.0
2023-10-21,04,Arizona,52.0
2023-10-21,21,Kentucky,20.0
2023-10-21,15,Hawaii,13.0
2023-10-21,20,Kansas,7.0
2023-10-21,US,US,1461.0
2023-10-21,01,Alabama,30.0
2023-10-21,08,Colorado,16.0
2023-10-21,44,Rhode Island,0.0
2023-10-21,18,Indiana,25.0
2023-10-21,19,Iowa,4.0
2023-10-21,17,Illinois,27.0
2023-10-21,09,Connecticut,1.0
2023-10-21,53,Washington,11.0
2023-10-21,31,Nebraska,8.0
2023-10-21,40,Oklahoma,22.0
2023-10-21,16,Idaho,2.0
2023-10-21,13,Georgia,31.0
2023-10-21,27,Minnesota,4.0
2023-10-21,29,Missouri,17.0
2023-10-21,51,Virginia,72.0
2023-10-21,33,New Hampshire,0.0
2023-10-21,42,Pennsylvania,38.0
2023-10-21,38,North Dakota,1.0
2023-10-21,11,District of Columbia,3.0
2023-10-21,56,Wyoming,4.0
2023-10-21,12,Florida,290.0
2023-10-21,25,Massachusetts,15.0
2023-10-21,24,Maryland,9.0
2023-10-21,26,Michigan,21.0
2023-10-21,05,Arkansas,18.0
2023-10-21,22,Louisiana,31.0
2023-10-21,06,California,50.0
2023-10-21,30,Montana,1.0
2023-10-21,48,Texas,242.0
2023-10-21,55,Wisconsin,4.0
2023-10-21,28,Mississippi,20.0
2023-10-21,37,North Carolina,17.0
2023-10-21,46,South Dakota,2.0
2023-10-21,23,Maine,2.0
2023-10-21,54,West Virginia,3.0
2023-10-21,36,New York,33.0
2023-10-14,32,Nevada,6.0
2023-10-14,45,South Carolina,26.0
2023-10-14,49,Utah,3.0
2023-10-14,10,Delaware,0.0
2023-10-14,39,Ohio,21.0
2023-10-14,47,Tennessee,32.0
2023-10-14,50,Vermont,0.0
2023-10-14,34,New Jersey,13.0
2023-10-14,35,New Mexico,4.0
2023-10-14,41,Oregon,6.0
2023-10-14,72,Puerto Rico,103.0
2023-10-14,02,Alaska,14.0
2023-10-14,04,Arizona,21.0
2023-10-14,21,Kentucky,23.0
2023-10-14,15,Hawaii,15.0
2023-10-14,20,Kansas,3.0
2023-10-14,US,US,1219.0
2023-10-14,01,Alabama,24.0
2023-10-14,08,Colorado,15.0
2023-10-14,44,Rhode Island,1.0
2023-10-14,18,Indiana,23.0
2023-10-14,19,Iowa,1.0
2023-10-14,17,Illinois,18.0
2023-10-14,09,Connecticut,3.0
2023-10-14,53,Washington,13.0
2023-10-14,31,Nebraska,9.0
2023-10-14,40,Oklahoma,39.0
2023-10-14,16,Idaho,2.0
2023-10-14,13,Georgia,39.0
2023-10-14,27,Minnesota,6.0
2023-10-14,29,Missouri,25.0
2023-10-14,51,Virginia,54.0
2023-10-14,33,New Hampshire,0.0
2023-10-14,42,Pennsylvania,40.0
2023-10-14,38,North Dakota,1.0
2023-10-14,11,District of Columbia,2.0
2023-10-14,56,Wyoming,4.0
2023-10-14,12,Florida,213.0
2023-10-14,25,Massachusetts,21.0
2023-10-14,24,Maryland,3.0
2023-10-14,26,Michigan,20.0
2023-10-14,05,Arkansas,15.0
2023-10-14,22,Louisiana,28.0
2023-10-14,06,California,60.0
2023-10-14,30,Montana,0.0
2023-10-14,48,Texas,167.0
2023-10-14,55,Wisconsin,3.0
2023-10-14,28,Mississippi,22.0
2023-10-14,37,North Carolina,20.0
2023-10-14,46,South Dakota,0.0
2023-10-14,23,Maine,4.0
2023-10-14,54,West Virginia,3.0
2023-10-14,36,New York,26.0
2023-10-07,32,Nevada,4.0
2023-10-07,45,South Carolina,22.0
2023-10-07,49,Utah,4.0
2023-10-07,10,Delaware,2.0
2023-10-07,39,Ohio,18.0
2023-10-07,47,Tennessee,28.0
2023-10-07,50,Vermont,0.0
2023-10-07,34,New Jersey,17.0
2023-10-07,35,New Mexico,6.0
2023-10-07,41,Oregon,6.0
2023-10-07,72,Puerto Rico,109.0
2023-10-07,02,Alaska,10.0
2023-10-07,04,Arizona,16.0
2023-10-07,21,Kentucky,12.0
2023-10-07,15,Hawaii,10.0
2023-10-07,20,Kansas,10.0
2023-10-07,US,US,1110.0
2023-10-07,01,Alabama,20.0
2023-10-07,08,Colorado,9.0
2023-10-07,44,Rhode Island,1.0
2023-10-07,18,Indiana,8.0
2023-10-07,19,Iowa,3.0
2023-10-07,17,Illinois,21.0
2023-10-07,09,Connecticut,4.0
2023-10-07,53,Washington,4.0
2023-10-07,31,Nebraska,5.0
2023-10-07,40,Oklahoma,15.0
2023-10-07,16,Idaho,4.0
2023-10-07,13,Georgia,34.0
2023-10-07,27,Minnesota,3.0
2023-10-07,29,Missouri,24.0
2023-10-07,51,Virginia,49.0
2023-10-07,33,New Hampshire,2.0
2023-10-07,42,Pennsylvania,41.0
2023-10-07,38,North Dakota,0.0
2023-10-07,11,District of Columbia,2.0
2023-10-07,56,Wyoming,6.0
2023-10-07,12,Florida,226.0
2023-10-07,25,Massachusetts,15.0
2023-10-07,24,Maryland,3.0
2023-10-07,26,Michigan,17.0
2023-10-07,05,Arkansas,17.0
2023-10-07,22,Louisiana,19.0
2023-10-07,06,California,45.0
2023-10-07,30,Montana,0.0
2023-10-07,48,Texas,119.0
2023-10-07,55,Wisconsin,10.0
2023-10-07,28,Mississippi,29.0
2023-10-07,37,North Carolina,36.0
2023-10-07,46,South Dakota,0.0
2023-10-07,23,Maine,5.0
2023-10-07,54,West Virginia,2.0
2023-10-07,36,New York,37.0
2023-09-30,13,Georgia,29.0
2023-09-30,49,Utah,4.0
2023-09-30,53,Washington,12.0
2023-09-30,35,New Mexico,5.0
2023-09-30,22,Louisiana,16.0
2023-09-30,34,New Jersey,9.0
2023-09-30,40,Oklahoma,26.0
2023-09-30,30,Montana,4.0
2023-09-30,36,New York,47.0
2023-09-30,25,Massachusetts,10.0
2023-09-30,55,Wisconsin,9.0
2023-09-30,12,Florida,168.0
2023-09-30,29,Missouri,12.0
2023-09-30,54,West Virginia,6.0
2023-09-30,06,California,46.0
2023-09-30,33,New Hampshire,1.0
2023-09-30,46,South Dakota,2.0
2023-09-30,47,Tennessee,41.0
2023-09-30,11,District of Columbia,0.0
2023-09-30,28,Mississippi,20.0
2023-09-30,32,Nevada,3.0
2023-09-30,24,Maryland,4.0
2023-09-30,27,Minnesota,2.0
2023-09-30,01,Alabama,20.0
2023-09-30,18,Indiana,12.0
2023-09-30,23,Maine,0.0
2023-09-30,31,Nebraska,1.0
2023-09-30,15,Hawaii,10.0
2023-09-30,37,North Carolina,10.0
2023-09-30,38,North Dakota,3.0
2023-09-30,41,Oregon,6.0
2023-09-30,04,Arizona,21.0
2023-09-30,09,Connecticut,8.0
2023-09-30,US,US,1025.0
2023-09-30,05,Arkansas,10.0
2023-09-30,39,Ohio,16.0
2023-09-30,72,Puerto Rico,99.0
2023-09-30,51,Virginia,54.0
2023-09-30,02,Alaska,7.0
2023-09-30,45,South Carolina,28.0
2023-09-30,19,Iowa,4.0
2023-09-30,26,Michigan,12.0
2023-09-30,42,Pennsylvania,58.0
2023-09-30,20,Kansas,5.0
2023-09-30,10,Delaware,0.0
2023-09-30,21,Kentucky,14.0
2023-09-30,56,Wyoming,2.0
2023-09-30,17,Illinois,18.0
2023-09-30,48,Texas,118.0
2023-09-30,50,Vermont,1.0
2023-09-30,08,Colorado,8.0
2023-09-30,16,Idaho,2.0
2023-09-30,44,Rhode Island,0.0
2023-09-23,13,Georgia,30.0
2023-09-23,49,Utah,2.0
2023-09-23,53,Washington,6.0
2023-09-23,35,New Mexico,3.0
2023-09-23,22,Louisiana,18.0
2023-09-23,34,New Jersey,19.0
2023-09-23,40,Oklahoma,17.0
2023-09-23,30,Montana,3.0
2023-09-23,36,New York,18.0
2023-09-23,25,Massachusetts,11.0
2023-09-23,55,Wisconsin,0.0
2023-09-23,12,Florida,171.0
2023-09-23,29,Missouri,16.0
2023-09-23,54,West Virginia,0.0
2023-09-23,06,California,46.0
2023-09-23,33,New Hampshire,2.0
2023-09-23,46,South Dakota,0.0
2023-09-23,47,Tennessee,24.0
2023-09-23,11,District of Columbia,1.0
2023-09-23,28,Mississippi,16.0
2023-09-23,32,Nevada,4.0
2023-09-23,24,Maryland,6.0
2023-09-23,27,Minnesota,3.0
2023-09-23,01,Alabama,8.0
2023-09-23,18,Indiana,9.0
2023-09-23,23,Maine,1.0
2023-09-23,31,Nebraska,6.0
2023-09-23,15,Hawaii,5.0
2023-09-23,37,North Carolina,13.0
2023-09-23,38,North Dakota,1.0
2023-09-23,41,Oregon,6.0
2023-09-23,04,Arizona,8.0
2023-09-23,09,Connecticut,16.0
2023-09-23,US,US,879.0
2023-09-23,05,Arkansas,6.0
2023-09-23,39,Ohio,9.0
2023-09-23,72,Puerto Rico,84.0
2023-09-23,51,Virginia,40.0
2023-09-23,02,Alaska,6.0
2023-09-23,45,South Carolina,26.0
2023-09-23,19,Iowa,0.0
2023-09-23,26,Michigan,17.0
2023-09-23,42,Pennsylvania,46.0
2023-09-23,20,Kansas,4.0
2023-09-23,10,Delaware,0.0
2023-09-23,21,Kentucky,13.0
2023-09-23,56,Wyoming,0.0
2023-09-23,17,Illinois,20.0
2023-09-23,48,Texas,102.0
2023-09-23,50,Vermont,1.0
2023-09-23,08,Colorado,8.0
2023-09-23,16,Idaho,3.0
2023-09-23,44,Rhode Island,1.0
2023-09-16,13,Georgia,34.0
2023-09-16,49,Utah,3.0
2023-09-16,53,Washington,15.0
2023-09-16,35,New Mexico,11.0
2023-09-16,22,Louisiana,13.0
2023-09-16,34,New Jersey,10.0
2023-09-16,40,Oklahoma,16.0
2023-09-16,30,Montana,1.0
2023-09-16,36,New York,12.0
2023-09-16,25,Massachusetts,5.0
2023-09-16,55,Wisconsin,3.0
2023-09-16,12,Florida,154.0
2023-09-16,29,Missouri,8.0
2023-09-16,54,West Virginia,6.0
2023-09-16,06,California,41.0
2023-09-16,33,New Hampshire,0.0
2023-09-16,46,South Dakota,0.0
2023-09-16,47,Tennessee,34.0
2023-09-16,11,District of Columbia,0.0
2023-09-16,28,Mississippi,23.0
2023-09-16,32,Nevada,0.0
2023-09-16,24,Maryland,2.0
2023-09-16,27,Minnesota,1.0
2023-09-16,01,Alabama,20.0
2023-09-16,18,Indiana,9.0
2023-09-16,23,Maine,0.0
2023-09-16,31,Nebraska,0.0
2023-09-16,15,Hawaii,8.0
2023-09-16,37,North Carolina,11.0
2023-09-16,38,North Dakota,0.0
2023-09-16,41,Oregon,6.0
2023-09-16,04,Arizona,10.0
2023-09-16,09,Connecticut,9.0
2023-09-16,US,US,818.0
2023-09-16,05,Arkansas,7.0
2023-09-16,39,Ohio,9.0
2023-09-16,72,Puerto Rico,59.0
2023-09-16,51,Virginia,31.0
2023-09-16,02,Alaska,5.0
2023-09-16,45,South Carolina,25.0
2023-09-16,19,Iowa,0.0
2023-09-16,26,Michigan,9.0
2023-09-16,42,Pennsylvania,47.0
2023-09-16,20,Kansas,3.0
2023-09-16,10,Delaware,0.0
2023-09-16,21,Kentucky,5.0
2023-09-16,56,Wyoming,0.0
2023-09-16,17,Illinois,18.0
2023-09-16,48,Texas,128.0
2023-09-16,50,Vermont,0.0
2023-09-16,08,Colorado,2.0
2023-09-16,16,Idaho,0.0
2023-09-16,44,Rhode Island,2.0
2023-09-09,13,Georgia,21.0
2023-09-09,49,Utah,2.0
2023-09-09,53,Washington,37.0
2023-09-09,35,New Mexico,4.0
2023-09-09,22,Louisiana,11.0
2023-09-09,34,New Jersey,13.0
2023-09-09,40,Oklahoma,16.0
2023-09-09,30,Montana,1.0
2023-09-09,36,New York,21.0
2023-09-09,25,Massachusetts,8.0
2023-09-09,55,Wisconsin,1.0
2023-09-09,12,Florida,150.0
2023-09-09,29,Missouri,12.0
2023-09-09,54,West Virginia,2.0
2023-09-09,06,California,42.0
2023-09-09,33,New Hampshire,1.0
2023-09-09,46,South Dakota,3.0
2023-09-09,47,Tennessee,46.0
2023-09-09,11,District of Columbia,1.0
2023-09-09,28,Mississippi,19.0
2023-09-09,32,Nevada,4.0
2023-09-09,24,Maryland,5.0
2023-09-09,27,Minnesota,0.0
2023-09-09,01,Alabama,5.0
2023-09-09,18,Indiana,5.0
2023-09-09,23,Maine,0.0
2023-09-09,31,Nebraska,1.0
2023-09-09,15,Hawaii,5.0
2023-09-09,37,North Carolina,7.0
2023-09-09,38,North Dakota,0.0
2023-09-09,41,Oregon,3.0
2023-09-09,04,Arizona,8.0
2023-09-09,09,Connecticut,1.0
2023-09-09,US,US,803.0
2023-09-09,05,Arkansas,8.0
2023-09-09,39,Ohio,15.0
2023-09-09,72,Puerto Rico,54.0
2023-09-09,51,Virginia,40.0
2023-09-09,02,Alaska,2.0
2023-09-09,45,South Carolina,22.0
2023-09-09,19,Iowa,1.0
2023-09-09,26,Michigan,2.0
2023-09-09,42,Pennsylvania,43.0
2023-09-09,20,Kansas,6.0
2023-09-09,10,Delaware,0.0
2023-09-09,21,Kentucky,19.0
2023-09-09,56,Wyoming,0.0
2023-09-09,17,Illinois,15.0
2023-09-09,48,Texas,109.0
2023-09-09,50,Vermont,1.0
2023-09-09,08,Colorado,7.0
2023-09-09,16,Idaho,2.0
2023-09-09,44,Rhode Island,0.0
2023-09-02,13,Georgia,34.0
2023-09-02,49,Utah,1.0
2023-09-02,53,Washington,42.0
2023-09-02,35,New Mexico,2.0
2023-09-02,22,Louisiana,14.0
2023-09-02,34,New Jersey,10.0
2023-09-02,40,Oklahoma,16.0
2023-09-02,30,Montana,0.0
2023-09-02,36,New York,38.0
2023-09-02,25,Massachusetts,23.0
2023-09-02,55,Wisconsin,2.0
2023-09-02,12,Florida,171.0
2023-09-02,29,Missouri,6.0
2023-09-02,54,West Virginia,1.0
2023-09-02,06,California,38.0
2023-09-02,33,New Hampshire,4.0
2023-09-02,46,South Dakota,1.0
2023-09-02,47,Tennessee,27.0
2023-09-02,11,District of Columbia,0.0
2023-09-02,28,Mississippi,43.0
2023-09-02,32,Nevada,3.0
2023-09-02,24,Maryland,5.0
2023-09-02,27,Minnesota,0.0
2023-09-02,01,Alabama,12.0
2023-09-02,18,Indiana,6.0
2023-09-02,23,Maine,0.0
2023-09-02,31,Nebraska,2.0
2023-09-02,15,Hawaii,7.0
2023-09-02,37,North Carolina,18.0
2023-09-02,38,North Dakota,0.0
2023-09-02,41,Oregon,2.0
2023-09-02,04,Arizona,13.0
2023-09-02,09,Connecticut,6.0
2023-09-02,US,US,879.0
2023-09-02,05,Arkansas,6.0
2023-09-02,39,Ohio,13.0
2023-09-02,72,Puerto Rico,59.0
2023-09-02,51,Virginia,30.0
2023-09-02,02,Alaska,2.0
2023-09-02,45,South Carolina,9.0
2023-09-02,19,Iowa,4.0
2023-09-02,26,Michigan,12.0
2023-09-02,42,Pennsylvania,41.0
2023-09-02,20,Kansas,3.0
2023-09-02,10,Delaware,0.0
2023-09-02,21,Kentucky,10.0
2023-09-02,56,Wyoming,0.0
2023-09-02,17,Illinois,9.0
2023-09-02,48,Texas,126.0
2023-09-02,50,Vermont,0.0
2023-09-02,08,Colorado,3.0
2023-09-02,16,Idaho,0.0
2023-09-02,44,Rhode Island,0.0
2023-08-26,13,Georgia,28.0
2023-08-26,49,Utah,0.0
2023-08-26,53,Washington,20.0
2023-08-26,35,New Mexico,1.0
2023-08-26,22,Louisiana,11.0
2023-08-26,34,New Jersey,16.0
2023-08-26,40,Oklahoma,13.0
2023-08-26,30,Montana,0.0
2023-08-26,36,New York,20.0
2023-08-26,25,Massachusetts,12.0
2023-08-26,55,Wisconsin,1.0
2023-08-26,12,Florida,160.0
2023-08-26,29,Missouri,7.0
2023-08-26,54,West Virginia,2.0
2023-08-26,06,California,29.0
2023-08-26,33,New Hampshire,0.0
2023-08-26,46,South Dakota,1.0
2023-08-26,47,Tennessee,23.0
2023-08-26,11,District of Columbia,1.0
2023-08-26,28,Mississippi,40.0
2023-08-26,32,Nevada,4.0
2023-08-26,24,Maryland,3.0
2023-08-26,27,Minnesota,3.0
2023-08-26,01,Alabama,12.0
2023-08-26,18,Indiana,11.0
2023-08-26,23,Maine,0.0
2023-08-26,31,Nebraska,3.0
2023-08-26,15,Hawaii,6.0
2023-08-26,37,North Carolina,8.0
2023-08-26,38,North Dakota,1.0
2023-08-26,41,Oregon,4.0
2023-08-26,04,Arizona,17.0
2023-08-26,09,Connecticut,8.0
2023-08-26,US,US,795.0
2023-08-26,05,Arkansas,9.0
2023-08-26,39,Ohio,16.0
2023-08-26,72,Puerto Rico,52.0
2023-08-26,51,Virginia,28.0
2023-08-26,02,Alaska,0.0
2023-08-26,45,South Carolina,20.0
2023-08-26,19,Iowa,2.0
2023-08-26,26,Michigan,10.0
2023-08-26,42,Pennsylvania,56.0
2023-08-26,20,Kansas,2.0
2023-08-26,10,Delaware,0.0
2023-08-26,21,Kentucky,7.0
2023-08-26,56,Wyoming,0.0
2023-08-26,17,Illinois,12.0
2023-08-26,48,Texas,110.0
2023-08-26,50,Vermont,0.0
2023-08-26,08,Colorado,4.0
2023-08-26,16,Idaho,0.0
2023-08-26,44,Rhode Island,0.0
2023-08-19,13,Georgia,19.0
2023-08-19,49,Utah,0.0
2023-08-19,53,Washington,25.0
2023-08-19,35,New Mexico,2.0
2023-08-19,22,Louisiana,11.0
2023-08-19,34,New Jersey,12.0
2023-08-19,40,Oklahoma,21.0
2023-08-19,30,Montana,0.0
2023-08-19,36,New York,15.0
2023-08-19,25,Massachusetts,7.0
2023-08-19,55,Wisconsin,2.0
2023-08-19,12,Florida,152.0
2023-08-19,29,Missouri,11.0
2023-08-19,54,West Virginia,9.0
2023-08-19,06,California,31.0
2023-08-19,33,New Hampshire,0.0
2023-08-19,46,South Dakota,3.0
2023-08-19,47,Tennessee,26.0
2023-08-19,11,District of Columbia,1.0
2023-08-19,28,Mississippi,34.0
2023-08-19,32,Nevada,3.0
2023-08-19,24,Maryland,6.0
2023-08-19,27,Minnesota,0.0
2023-08-19,01,Alabama,7.0
2023-08-19,18,Indiana,3.0
2023-08-19,23,Maine,2.0
2023-08-19,31,Nebraska,1.0
2023-08-19,15,Hawaii,6.0
2023-08-19,37,North Carolina,14.0
2023-08-19,38,North Dakota,0.0
2023-08-19,41,Oregon,3.0
2023-08-19,04,Arizona,6.0
2023-08-19,09,Connecticut,4.0
2023-08-19,US,US,738.0
2023-08-19,05,Arkansas,7.0
2023-08-19,39,Ohio,8.0
2023-08-19,72,Puerto Rico,30.0
2023-08-19,51,Virginia,35.0
2023-08-19,02,Alaska,2.0
2023-08-19,45,South Carolina,15.0
2023-08-19,19,Iowa,2.0
2023-08-19,26,Michigan,18.0
2023-08-19,42,Pennsylvania,37.0
2023-08-19,20,Kansas,1.0
2023-08-19,10,Delaware,0.0
2023-08-19,21,Kentucky,12.0
2023-08-19,56,Wyoming,0.0
2023-08-19,17,Illinois,9.0
2023-08-19,48,Texas,122.0
2023-08-19,50,Vermont,0.0
2023-08-19,08,Colorado,0.0
2023-08-19,16,Idaho,3.0
2023-08-19,44,Rhode Island,0.0
2023-08-12,13,Georgia,28.0
2023-08-12,49,Utah,1.0
2023-08-12,53,Washington,17.0
2023-08-12,35,New Mexico,1.0
2023-08-12,22,Louisiana,7.0
2023-08-12,34,New Jersey,6.0
2023-08-12,40,Oklahoma,11.0
2023-08-12,30,Montana,0.0
2023-08-12,36,New York,19.0
2023-08-12,25,Massachusetts,11.0
2023-08-12,55,Wisconsin,5.0
2023-08-12,12,Florida,133.0
2023-08-12,29,Missouri,9.0
2023-08-12,54,West Virginia,0.0
2023-08-12,06,California,35.0
2023-08-12,33,New Hampshire,1.0
2023-08-12,46,South Dakota,1.0
2023-08-12,47,Tennessee,26.0
2023-08-12,11,District of Columbia,1.0
2023-08-12,28,Mississippi,27.0
2023-08-12,32,Nevada,6.0
2023-08-12,24,Maryland,5.0
2023-08-12,27,Minnesota,0.0
2023-08-12,01,Alabama,9.0
2023-08-12,18,Indiana,9.0
2023-08-12,23,Maine,0.0
2023-08-12,31,Nebraska,1.0
2023-08-12,15,Hawaii,4.0
2023-08-12,37,North Carolina,13.0
2023-08-12,38,North Dakota,5.0
2023-08-12,41,Oregon,4.0
2023-08-12,04,Arizona,9.0
2023-08-12,09,Connecticut,7.0
2023-08-12,US,US,704.0
2023-08-12,05,Arkansas,10.0
2023-08-12,39,Ohio,10.0
2023-08-12,72,Puerto Rico,39.0
2023-08-12,51,Virginia,32.0
2023-08-12,02,Alaska,1.0
2023-08-12,45,South Carolina,8.0
2023-08-12,19,Iowa,0.0
2023-08-12,26,Michigan,11.0
2023-08-12,42,Pennsylvania,37.0
2023-08-12,20,Kansas,2.0
2023-08-12,10,Delaware,1.0
2023-08-12,21,Kentucky,5.0
2023-08-12,56,Wyoming,1.0
2023-08-12,17,Illinois,13.0
2023-08-12,48,Texas,118.0
2023-08-12,50,Vermont,0.0
2023-08-12,08,Colorado,1.0
2023-08-12,16,Idaho,3.0
2023-08-12,44,Rhode Island,0.0
2023-08-05,13,Georgia,19.0
2023-08-05,49,Utah,1.0
2023-08-05,53,Washington,20.0
2023-08-05,35,New Mexico,2.0
2023-08-05,22,Louisiana,11.0
2023-08-05,34,New Jersey,15.0
2023-08-05,40,Oklahoma,6.0
2023-08-05,30,Montana,0.0
2023-08-05,36,New York,30.0
2023-08-05,25,Massachusetts,6.0
2023-08-05,55,Wisconsin,1.0
2023-08-05,12,Florida,131.0
2023-08-05,29,Missouri,4.0
2023-08-05,54,West Virginia,1.0
2023-08-05,06,California,43.0
2023-08-05,33,New Hampshire,1.0
2023-08-05,46,South Dakota,2.0
2023-08-05,47,Tennessee,22.0
2023-08-05,11,District of Columbia,0.0
2023-08-05,28,Mississippi,9.0
2023-08-05,32,Nevada,6.0
2023-08-05,24,Maryland,7.0
2023-08-05,27,Minnesota,2.0
2023-08-05,01,Alabama,13.0
2023-08-05,18,Indiana,7.0
2023-08-05,23,Maine,2.0
2023-08-05,31,Nebraska,1.0
2023-08-05,15,Hawaii,6.0
2023-08-05,37,North Carolina,8.0
2023-08-05,38,North Dakota,0.0
2023-08-05,41,Oregon,3.0
2023-08-05,04,Arizona,11.0
2023-08-05,09,Connecticut,4.0
2023-08-05,US,US,687.0
2023-08-05,05,Arkansas,11.0
2023-08-05,39,Ohio,9.0
2023-08-05,72,Puerto Rico,29.0
2023-08-05,51,Virginia,31.0
2023-08-05,02,Alaska,2.0
2023-08-05,45,South Carolina,18.0
2023-08-05,19,Iowa,1.0
2023-08-05,26,Michigan,4.0
2023-08-05,42,Pennsylvania,51.0
2023-08-05,20,Kansas,1.0
2023-08-05,10,Delaware,0.0
2023-08-05,21,Kentucky,9.0
2023-08-05,56,Wyoming,0.0
2023-08-05,17,Illinois,12.0
2023-08-05,48,Texas,109.0
2023-08-05,50,Vermont,0.0
2023-08-05,08,Colorado,3.0
2023-08-05,16,Idaho,2.0
2023-08-05,44,Rhode Island,0.0
2023-07-29,13,Georgia,16.0
2023-07-29,49,Utah,1.0
2023-07-29,53,Washington,18.0
2023-07-29,35,New Mexico,0.0
2023-07-29,22,Louisiana,12.0
2023-07-29,34,New Jersey,8.0
2023-07-29,40,Oklahoma,14.0
2023-07-29,30,Montana,0.0
2023-07-29,36,New York,18.0
2023-07-29,25,Massachusetts,4.0
2023-07-29,55,Wisconsin,2.0
2023-07-29,12,Florida,131.0
2023-07-29,29,Missouri,10.0
2023-07-29,54,West Virginia,3.0
2023-07-29,06,California,37.0
2023-07-29,33,New Hampshire,1.0
2023-07-29,46,South Dakota,0.0
2023-07-29,47,Tennessee,16.0
2023-07-29,11,District of Columbia,1.0
2023-07-29,28,Mississippi,17.0
2023-07-29,32,Nevada,4.0
2023-07-29,24,Maryland,14.0
2023-07-29,27,Minnesota,3.0
2023-07-29,01,Alabama,30.0
2023-07-29,18,Indiana,4.0
2023-07-29,23,Maine,3.0
2023-07-29,31,Nebraska,1.0
2023-07-29,15,Hawaii,4.0
2023-07-29,37,North Carolina,9.0
2023-07-29,38,North Dakota,1.0
2023-07-29,41,Oregon,2.0
2023-07-29,04,Arizona,15.0
2023-07-29,09,Connecticut,5.0
2023-07-29,US,US,767.0
2023-07-29,05,Arkansas,5.0
2023-07-29,39,Ohio,117.0
2023-07-29,72,Puerto Rico,42.0
2023-07-29,51,Virginia,19.0
2023-07-29,02,Alaska,0.0
2023-07-29,45,South Carolina,20.0
2023-07-29,19,Iowa,0.0
2023-07-29,26,Michigan,4.0
2023-07-29,42,Pennsylvania,36.0
2023-07-29,20,Kansas,2.0
2023-07-29,10,Delaware,0.0
2023-07-29,21,Kentucky,9.0
2023-07-29,56,Wyoming,2.0
2023-07-29,17,Illinois,10.0
2023-07-29,48,Texas,90.0
2023-07-29,50,Vermont,0.0
2023-07-29,08,Colorado,3.0
2023-07-29,16,Idaho,3.0
2023-07-29,44,Rhode Island,0.0
2023-07-22,13,Georgia,17.0
2023-07-22,49,Utah,0.0
2023-07-22,53,Washington,18.0
2023-07-22,35,New Mexico,1.0
2023-07-22,22,Louisiana,7.0
2023-07-22,34,New Jersey,16.0
2023-07-22,40,Oklahoma,13.0
2023-07-22,30,Montana,0.0
2023-07-22,36,New York,28.0
2023-07-22,25,Massachusetts,10.0
2023-07-22,55,Wisconsin,9.0
2023-07-22,12,Florida,109.0
2023-07-22,29,Missouri,20.0
2023-07-22,54,West Virginia,0.0
2023-07-22,06,California,39.0
2023-07-22,33,New Hampshire,0.0
2023-07-22,46,South Dakota,0.0
2023-07-22,47,Tennessee,23.0
2023-07-22,11,District of Columbia,1.0
2023-07-22,28,Mississippi,10.0
2023-07-22,32,Nevada,7.0
2023-07-22,24,Maryland,4.0
2023-07-22,27,Minnesota,0.0
2023-07-22,01,Alabama,15.0
2023-07-22,18,Indiana,4.0
2023-07-22,23,Maine,1.0
2023-07-22,31,Nebraska,1.0
2023-07-22,15,Hawaii,4.0
2023-07-22,37,North Carolina,5.0
2023-07-22,38,North Dakota,1.0
2023-07-22,41,Oregon,3.0
2023-07-22,04,Arizona,13.0
2023-07-22,09,Connecticut,3.0
2023-07-22,US,US,644.0
2023-07-22,05,Arkansas,6.0
2023-07-22,39,Ohio,33.0
2023-07-22,72,Puerto Rico,33.0
2023-07-22,51,Virginia,22.0
2023-07-22,02,Alaska,1.0
2023-07-22,45,South Carolina,16.0
2023-07-22,19,Iowa,2.0
2023-07-22,26,Michigan,3.0
2023-07-22,42,Pennsylvania,37.0
2023-07-22,20,Kansas,0.0
2023-07-22,10,Delaware,2.0
2023-07-22,21,Kentucky,3.0
2023-07-22,56,Wyoming,0.0
2023-07-22,17,Illinois,12.0
2023-07-22,48,Texas,86.0
2023-07-22,50,Vermont,0.0
2023-07-22,08,Colorado,4.0
2023-07-22,16,Idaho,1.0
2023-07-22,44,Rhode Island,0.0
2023-07-15,13,Georgia,18.0
2023-07-15,49,Utah,3.0
2023-07-15,53,Washington,19.0
2023-07-15,35,New Mexico,0.0
2023-07-15,22,Louisiana,6.0
2023-07-15,34,New Jersey,7.0
2023-07-15,40,Oklahoma,8.0
2023-07-15,30,Montana,1.0
2023-07-15,36,New York,17.0
2023-07-15,25,Massachusetts,7.0
2023-07-15,55,Wisconsin,8.0
2023-07-15,12,Florida,138.0
2023-07-15,29,Missouri,13.0
2023-07-15,54,West Virginia,1.0
2023-07-15,06,California,54.0
2023-07-15,33,New Hampshire,1.0
2023-07-15,46,South Dakota,0.0
2023-07-15,47,Tennessee,23.0
2023-07-15,11,District of Columbia,2.0
2023-07-15,28,Mississippi,14.0
2023-07-15,32,Nevada,10.0
2023-07-15,24,Maryland,5.0
2023-07-15,27,Minnesota,0.0
2023-07-15,01,Alabama,14.0
2023-07-15,18,Indiana,2.0
2023-07-15,23,Maine,0.0
2023-07-15,31,Nebraska,0.0
2023-07-15,15,Hawaii,6.0
2023-07-15,37,North Carolina,13.0
2023-07-15,38,North Dakota,1.0
2023-07-15,41,Oregon,5.0
2023-07-15,04,Arizona,28.0
2023-07-15,09,Connecticut,2.0
2023-07-15,US,US,736.0
2023-07-15,05,Arkansas,8.0
2023-07-15,39,Ohio,40.0
2023-07-15,72,Puerto Rico,42.0
2023-07-15,51,Virginia,30.0
2023-07-15,02,Alaska,2.0
2023-07-15,45,South Carolina,18.0
2023-07-15,19,Iowa,0.0
2023-07-15,26,Michigan,3.0
2023-07-15,42,Pennsylvania,41.0
2023-07-15,20,Kansas,3.0
2023-07-15,10,Delaware,0.0
2023-07-15,21,Kentucky,6.0
2023-07-15,56,Wyoming,0.0
2023-07-15,17,Illinois,10.0
2023-07-15,48,Texas,96.0
2023-07-15,50,Vermont,0.0
2023-07-15,08,Colorado,8.0
2023-07-15,16,Idaho,3.0
2023-07-15,44,Rhode Island,0.0
2023-07-08,13,Georgia,23.0
2023-07-08,49,Utah,1.0
2023-07-08,53,Washington,18.0
2023-07-08,35,New Mexico,1.0
2023-07-08,22,Louisiana,13.0
2023-07-08,34,New Jersey,16.0
2023-07-08,40,Oklahoma,12.0
2023-07-08,30,Montana,0.0
2023-07-08,36,New York,23.0
2023-07-08,25,Massachusetts,3.0
2023-07-08,55,Wisconsin,4.0
2023-07-08,12,Florida,144.0
2023-07-08,29,Missouri,3.0
2023-07-08,54,West Virginia,0.0
2023-07-08,06,California,26.0
2023-07-08,33,New Hampshire,0.0
2023-07-08,46,South Dakota,3.0
2023-07-08,47,Tennessee,21.0
2023-07-08,11,District of Columbia,2.0
2023-07-08,28,Mississippi,14.0
2023-07-08,32,Nevada,6.0
2023-07-08,24,Maryland,3.0
2023-07-08,27,Minnesota,1.0
2023-07-08,01,Alabama,3.0
2023-07-08,18,Indiana,2.0
2023-07-08,23,Maine,3.0
2023-07-08,31,Nebraska,1.0
2023-07-08,15,Hawaii,8.0
2023-07-08,37,North Carolina,10.0
2023-07-08,38,North Dakota,2.0
2023-07-08,41,Oregon,2.0
2023-07-08,04,Arizona,34.0
2023-07-08,09,Connecticut,1.0
2023-07-08,US,US,699.0
2023-07-08,05,Arkansas,4.0
2023-07-08,39,Ohio,37.0
2023-07-08,72,Puerto Rico,39.0
2023-07-08,51,Virginia,39.0
2023-07-08,02,Alaska,2.0
2023-07-08,45,South Carolina,14.0
2023-07-08,19,Iowa,2.0
2023-07-08,26,Michigan,5.0
2023-07-08,42,Pennsylvania,46.0
2023-07-08,20,Kansas,1.0
2023-07-08,10,Delaware,0.0
2023-07-08,21,Kentucky,8.0
2023-07-08,56,Wyoming,1.0
2023-07-08,17,Illinois,11.0
2023-07-08,48,Texas,79.0
2023-07-08,50,Vermont,0.0
2023-07-08,08,Colorado,3.0
2023-07-08,16,Idaho,3.0
2023-07-08,44,Rhode Island,2.0
2023-07-01,13,Georgia,38.0
2023-07-01,49,Utah,3.0
2023-07-01,53,Washington,19.0
2023-07-01,35,New Mexico,0.0
2023-07-01,22,Louisiana,16.0
2023-07-01,34,New Jersey,6.0
2023-07-01,40,Oklahoma,13.0
2023-07-01,30,Montana,1.0
2023-07-01,36,New York,29.0
2023-07-01,25,Massachusetts,8.0
2023-07-01,55,Wisconsin,5.0
2023-07-01,12,Florida,158.0
2023-07-01,29,Missouri,7.0
2023-07-01,54,West Virginia,3.0
2023-07-01,06,California,49.0
2023-07-01,33,New Hampshire,1.0
2023-07-01,46,South Dakota,2.0
2023-07-01,47,Tennessee,24.0
2023-07-01,11,District of Columbia,1.0
2023-07-01,28,Mississippi,15.0
2023-07-01,32,Nevada,7.0
2023-07-01,24,Maryland,0.0
2023-07-01,27,Minnesota,0.0
2023-07-01,01,Alabama,11.0
2023-07-01,18,Indiana,9.0
2023-07-01,23,Maine,2.0
2023-07-01,31,Nebraska,1.0
2023-07-01,15,Hawaii,10.0
2023-07-01,37,North Carolina,17.0
2023-07-01,38,North Dakota,1.0
2023-07-01,41,Oregon,1.0
2023-07-01,04,Arizona,29.0
2023-07-01,09,Connecticut,6.0
2023-07-01,US,US,837.0
2023-07-01,05,Arkansas,6.0
2023-07-01,39,Ohio,37.0
2023-07-01,72,Puerto Rico,52.0
2023-07-01,51,Virginia,39.0
2023-07-01,02,Alaska,4.0
2023-07-01,45,South Carolina,20.0
2023-07-01,19,Iowa,2.0
2023-07-01,26,Michigan,9.0
2023-07-01,42,Pennsylvania,47.0
2023-07-01,20,Kansas,3.0
2023-07-01,10,Delaware,0.0
2023-07-01,21,Kentucky,5.0
2023-07-01,56,Wyoming,9.0
2023-07-01,17,Illinois,8.0
2023-07-01,48,Texas,87.0
2023-07-01,50,Vermont,1.0
2023-07-01,08,Colorado,7.0
2023-07-01,16,Idaho,7.0
2023-07-01,44,Rhode Island,1.0
2023-06-24,13,Georgia,38.0
2023-06-24,49,Utah,3.0
2023-06-24,53,Washington,17.0
2023-06-24,35,New Mexico,1.0
2023-06-24,22,Louisiana,8.0
2023-06-24,34,New Jersey,12.0
2023-06-24,40,Oklahoma,9.0
2023-06-24,30,Montana,1.0
2023-06-24,36,New York,36.0
2023-06-24,25,Massachusetts,4.0
2023-06-24,55,Wisconsin,1.0
2023-06-24,12,Florida,165.0
2023-06-24,29,Missouri,12.0
2023-06-24,54,West Virginia,2.0
2023-06-24,06,California,27.0
2023-06-24,33,New Hampshire,0.0
2023-06-24,46,South Dakota,0.0
2023-06-24,47,Tennessee,13.0
2023-06-24,11,District of Columbia,2.0
2023-06-24,28,Mississippi,13.0
2023-06-24,32,Nevada,8.0
2023-06-24,24,Maryland,8.0
2023-06-24,27,Minnesota,2.0
2023-06-24,01,Alabama,11.0
2023-06-24,18,Indiana,5.0
2023-06-24,23,Maine,1.0
2023-06-24,31,Nebraska,1.0
2023-06-24,15,Hawaii,9.0
2023-06-24,37,North Carolina,16.0
2023-06-24,38,North Dakota,1.0
2023-06-24,41,Oregon,5.0
2023-06-24,04,Arizona,48.0
2023-06-24,09,Connecticut,6.0
2023-06-24,US,US,813.0
2023-06-24,05,Arkansas,12.0
2023-06-24,39,Ohio,14.0
2023-06-24,72,Puerto Rico,58.0
2023-06-24,51,Virginia,22.0
2023-06-24,02,Alaska,0.0
2023-06-24,45,South Carolina,23.0
2023-06-24,19,Iowa,1.0
2023-06-24,26,Michigan,14.0
2023-06-24,42,Pennsylvania,49.0
2023-06-24,20,Kansas,2.0
2023-06-24,10,Delaware,0.0
2023-06-24,21,Kentucky,6.0
2023-06-24,56,Wyoming,1.0
2023-06-24,17,Illinois,13.0
2023-06-24,48,Texas,109.0
2023-06-24,50,Vermont,0.0
2023-06-24,08,Colorado,3.0
2023-06-24,16,Idaho,1.0
2023-06-24,44,Rhode Island,0.0
2023-06-17,13,Georgia,41.0
2023-06-17,49,Utah,4.0
2023-06-17,53,Washington,19.0
2023-06-17,35,New Mexico,1.0
2023-06-17,22,Louisiana,10.0
2023-06-17,34,New Jersey,9.0
2023-06-17,40,Oklahoma,15.0
2023-06-17,30,Montana,2.0
2023-06-17,36,New York,37.0
2023-06-17,25,Massachusetts,12.0
2023-06-17,55,Wisconsin,4.0
2023-06-17,12,Florida,148.0
2023-06-17,29,Missouri,10.0
2023-06-17,54,West Virginia,6.0
2023-06-17,06,California,36.0
2023-06-17,33,New Hampshire,2.0
2023-06-17,46,South Dakota,2.0
2023-06-17,47,Tennessee,31.0
2023-06-17,11,District of Columbia,1.0
2023-06-17,28,Mississippi,14.0
2023-06-17,32,Nevada,8.0
2023-06-17,24,Maryland,2.0
2023-06-17,27,Minnesota,8.0
2023-06-17,01,Alabama,5.0
2023-06-17,18,Indiana,13.0
2023-06-17,23,Maine,0.0
2023-06-17,31,Nebraska,1.0
2023-06-17,15,Hawaii,8.0
2023-06-17,37,North Carolina,18.0
2023-06-17,38,North Dakota,2.0
2023-06-17,41,Oregon,2.0
2023-06-17,04,Arizona,50.0
2023-06-17,09,Connecticut,6.0
2023-06-17,US,US,873.0
2023-06-17,05,Arkansas,5.0
2023-06-17,39,Ohio,11.0
2023-06-17,72,Puerto Rico,50.0
2023-06-17,51,Virginia,27.0
2023-06-17,02,Alaska,6.0
2023-06-17,45,South Carolina,23.0
2023-06-17,19,Iowa,2.0
2023-06-17,26,Michigan,20.0
2023-06-17,42,Pennsylvania,56.0
2023-06-17,20,Kansas,2.0
2023-06-17,10,Delaware,0.0
2023-06-17,21,Kentucky,8.0
2023-06-17,56,Wyoming,1.0
2023-06-17,17,Illinois,20.0
2023-06-17,48,Texas,100.0
2023-06-17,50,Vermont,0.0
2023-06-17,08,Colorado,6.0
2023-06-17,16,Idaho,6.0
2023-06-17,44,Rhode Island,2.0
2023-06-10,13,Georgia,55.0
2023-06-10,49,Utah,1.0
2023-06-10,53,Washington,28.0
2023-06-10,35,New Mexico,1.0
2023-06-10,22,Louisiana,14.0
2023-06-10,34,New Jersey,13.0
2023-06-10,40,Oklahoma,10.0
2023-06-10,30,Montana,2.0
2023-06-10,36,New York,39.0
2023-06-10,25,Massachusetts,13.0
2023-06-10,55,Wisconsin,11.0
2023-06-10,12,Florida,166.0
2023-06-10,29,Missouri,18.0
2023-06-10,54,West Virginia,8.0
2023-06-10,06,California,43.0
2023-06-10,33,New Hampshire,0.0
2023-06-10,46,South Dakota,2.0
2023-06-10,47,Tennessee,27.0
2023-06-10,11,District of Columbia,1.0
2023-06-10,28,Mississippi,17.0
2023-06-10,32,Nevada,11.0
2023-06-10,24,Maryland,5.0
2023-06-10,27,Minnesota,5.0
2023-06-10,01,Alabama,14.0
2023-06-10,18,Indiana,13.0
2023-06-10,23,Maine,1.0
2023-06-10,31,Nebraska,1.0
2023-06-10,15,Hawaii,6.0
2023-06-10,37,North Carolina,12.0
2023-06-10,38,North Dakota,3.0
2023-06-10,41,Oregon,6.0
2023-06-10,04,Arizona,61.0
2023-06-10,09,Connecticut,6.0
2023-06-10,US,US,937.0
2023-06-10,05,Arkansas,1.0
2023-06-10,39,Ohio,11.0
2023-06-10,72,Puerto Rico,61.0
2023-06-10,51,Virginia,27.0
2023-06-10,02,Alaska,2.0
2023-06-10,45,South Carolina,21.0
2023-06-10,19,Iowa,4.0
2023-06-10,26,Michigan,14.0
2023-06-10,42,Pennsylvania,60.0
2023-06-10,20,Kansas,13.0
2023-06-10,10,Delaware,0.0
2023-06-10,21,Kentucky,5.0
2023-06-10,56,Wyoming,1.0
2023-06-10,17,Illinois,21.0
2023-06-10,48,Texas,75.0
2023-06-10,50,Vermont,0.0
2023-06-10,08,Colorado,3.0
2023-06-10,16,Idaho,1.0
2023-06-10,44,Rhode Island,1.0
2023-06-03,13,Georgia,46.0
2023-06-03,49,Utah,1.0
2023-06-03,53,Washington,17.0
2023-06-03,35,New Mexico,2.0
2023-06-03,22,Louisiana,14.0
2023-06-03,34,New Jersey,25.0
2023-06-03,40,Oklahoma,12.0
2023-06-03,30,Montana,0.0
2023-06-03,36,New York,46.0
2023-06-03,25,Massachusetts,9.0
2023-06-03,55,Wisconsin,7.0
2023-06-03,12,Florida,148.0
2023-06-03,29,Missouri,8.0
2023-06-03,54,West Virginia,5.0
2023-06-03,06,California,48.0
2023-06-03,33,New Hampshire,1.0
2023-06-03,46,South Dakota,4.0
2023-06-03,47,Tennessee,20.0
2023-06-03,11,District of Columbia,3.0
2023-06-03,28,Mississippi,10.0
2023-06-03,32,Nevada,6.0
2023-06-03,24,Maryland,8.0
2023-06-03,27,Minnesota,1.0
2023-06-03,01,Alabama,25.0
2023-06-03,18,Indiana,15.0
2023-06-03,23,Maine,3.0
2023-06-03,31,Nebraska,3.0
2023-06-03,15,Hawaii,4.0
2023-06-03,37,North Carolina,14.0
2023-06-03,38,North Dakota,1.0
2023-06-03,41,Oregon,3.0
2023-06-03,04,Arizona,65.0
2023-06-03,09,Connecticut,4.0
2023-06-03,US,US,939.0
2023-06-03,05,Arkansas,6.0
2023-06-03,39,Ohio,10.0
2023-06-03,72,Puerto Rico,73.0
2023-06-03,51,Virginia,36.0
2023-06-03,02,Alaska,3.0
2023-06-03,45,South Carolina,26.0
2023-06-03,19,Iowa,0.0
2023-06-03,26,Michigan,14.0
2023-06-03,42,Pennsylvania,66.0
2023-06-03,20,Kansas,4.0
2023-06-03,10,Delaware,3.0
2023-06-03,21,Kentucky,5.0
2023-06-03,56,Wyoming,1.0
2023-06-03,17,Illinois,22.0
2023-06-03,48,Texas,83.0
2023-06-03,50,Vermont,0.0
2023-06-03,08,Colorado,5.0
2023-06-03,16,Idaho,2.0
2023-06-03,44,Rhode Island,1.0
2023-05-27,13,Georgia,37.0
2023-05-27,49,Utah,5.0
2023-05-27,53,Washington,15.0
2023-05-27,35,New Mexico,3.0
2023-05-27,22,Louisiana,11.0
2023-05-27,34,New Jersey,20.0
2023-05-27,40,Oklahoma,20.0
2023-05-27,30,Montana,3.0
2023-05-27,36,New York,60.0
2023-05-27,25,Massachusetts,11.0
2023-05-27,55,Wisconsin,2.0
2023-05-27,12,Florida,141.0
2023-05-27,29,Missouri,8.0
2023-05-27,54,West Virginia,10.0
2023-05-27,06,California,23.0
2023-05-27,33,New Hampshire,4.0
2023-05-27,46,South Dakota,3.0
2023-05-27,47,Tennessee,27.0
2023-05-27,11,District of Columbia,6.0
2023-05-27,28,Mississippi,20.0
2023-05-27,32,Nevada,6.0
2023-05-27,24,Maryland,6.0
2023-05-27,27,Minnesota,3.0
2023-05-27,01,Alabama,11.0
2023-05-27,18,Indiana,16.0
2023-05-27,23,Maine,2.0
2023-05-27,31,Nebraska,7.0
2023-05-27,15,Hawaii,0.0
2023-05-27,37,North Carolina,5.0
2023-05-27,38,North Dakota,3.0
2023-05-27,41,Oregon,3.0
2023-05-27,04,Arizona,65.0
2023-05-27,09,Connecticut,12.0
2023-05-27,US,US,974.0
2023-05-27,05,Arkansas,14.0
2023-05-27,39,Ohio,14.0
2023-05-27,72,Puerto Rico,60.0
2023-05-27,51,Virginia,50.0
2023-05-27,02,Alaska,0.0
2023-05-27,45,South Carolina,17.0
2023-05-27,19,Iowa,4.0
2023-05-27,26,Michigan,18.0
2023-05-27,42,Pennsylvania,57.0
2023-05-27,20,Kansas,3.0
2023-05-27,10,Delaware,0.0
2023-05-27,21,Kentucky,11.0
2023-05-27,56,Wyoming,0.0
2023-05-27,17,Illinois,37.0
2023-05-27,48,Texas,106.0
2023-05-27,50,Vermont,0.0
2023-05-27,08,Colorado,10.0
2023-05-27,16,Idaho,2.0
2023-05-27,44,Rhode Island,3.0
2023-05-20,13,Georgia,30.0
2023-05-20,49,Utah,4.0
2023-05-20,53,Washington,13.0
2023-05-20,35,New Mexico,4.0
2023-05-20,22,Louisiana,17.0
2023-05-20,34,New Jersey,15.0
2023-05-20,40,Oklahoma,23.0
2023-05-20,30,Montana,2.0
2023-05-20,36,New York,50.0
2023-05-20,25,Massachusetts,13.0
2023-05-20,55,Wisconsin,2.0
2023-05-20,12,Florida,140.0
2023-05-20,29,Missouri,22.0
2023-05-20,54,West Virginia,9.0
2023-05-20,06,California,24.0
2023-05-20,33,New Hampshire,0.0
2023-05-20,46,South Dakota,3.0
2023-05-20,47,Tennessee,14.0
2023-05-20,11,District of Columbia,2.0
2023-05-20,28,Mississippi,22.0
2023-05-20,32,Nevada,3.0
2023-05-20,24,Maryland,5.0
2023-05-20,27,Minnesota,8.0
2023-05-20,01,Alabama,10.0
2023-05-20,18,Indiana,19.0
2023-05-20,23,Maine,5.0
2023-05-20,31,Nebraska,2.0
2023-05-20,15,Hawaii,3.0
2023-05-20,37,North Carolina,11.0
2023-05-20,38,North Dakota,13.0
2023-05-20,41,Oregon,2.0
2023-05-20,04,Arizona,55.0
2023-05-20,09,Connecticut,9.0
2023-05-20,US,US,1116.0
2023-05-20,05,Arkansas,9.0
2023-05-20,39,Ohio,218.0
2023-05-20,72,Puerto Rico,59.0
2023-05-20,51,Virginia,35.0
2023-05-20,02,Alaska,0.0
2023-05-20,45,South Carolina,21.0
2023-05-20,19,Iowa,3.0
2023-05-20,26,Michigan,13.0
2023-05-20,42,Pennsylvania,54.0
2023-05-20,20,Kansas,4.0
2023-05-20,10,Delaware,0.0
2023-05-20,21,Kentucky,11.0
2023-05-20,56,Wyoming,1.0
2023-05-20,17,Illinois,25.0
2023-05-20,48,Texas,97.0
2023-05-20,50,Vermont,2.0
2023-05-20,08,Colorado,9.0
2023-05-20,16,Idaho,1.0
2023-05-20,44,Rhode Island,0.0
2023-05-13,13,Georgia,50.0
2023-05-13,49,Utah,6.0
2023-05-13,53,Washington,10.0
2023-05-13,35,New Mexico,1.0
2023-05-13,22,Louisiana,18.0
2023-05-13,34,New Jersey,21.0
2023-05-13,40,Oklahoma,15.0
2023-05-13,30,Montana,0.0
2023-05-13,36,New York,54.0
2023-05-13,25,Massachusetts,18.0
2023-05-13,55,Wisconsin,5.0
2023-05-13,12,Florida,132.0
2023-05-13,29,Missouri,21.0
2023-05-13,54,West Virginia,5.0
2023-05-13,06,California,33.0
2023-05-13,33,New Hampshire,1.0
2023-05-13,46,South Dakota,7.0
2023-05-13,47,Tennessee,15.0
2023-05-13,11,District of Columbia,1.0
2023-05-13,28,Mississippi,24.0
2023-05-13,32,Nevada,6.0
2023-05-13,24,Maryland,11.0
2023-05-13,27,Minnesota,13.0
2023-05-13,01,Alabama,14.0
2023-05-13,18,Indiana,18.0
2023-05-13,23,Maine,4.0
2023-05-13,31,Nebraska,4.0
2023-05-13,15,Hawaii,1.0
2023-05-13,37,North Carolina,16.0
2023-05-13,38,North Dakota,2.0
2023-05-13,41,Oregon,0.0
2023-05-13,04,Arizona,55.0
2023-05-13,09,Connecticut,6.0
2023-05-13,US,US,978.0
2023-05-13,05,Arkansas,12.0
2023-05-13,39,Ohio,17.0
2023-05-13,72,Puerto Rico,43.0
2023-05-13,51,Virginia,44.0
2023-05-13,02,Alaska,1.0
2023-05-13,45,South Carolina,23.0
2023-05-13,19,Iowa,5.0
2023-05-13,26,Michigan,17.0
2023-05-13,42,Pennsylvania,62.0
2023-05-13,20,Kansas,2.0
2023-05-13,10,Delaware,1.0
2023-05-13,21,Kentucky,15.0
2023-05-13,56,Wyoming,1.0
2023-05-13,17,Illinois,30.0
2023-05-13,48,Texas,98.0
2023-05-13,50,Vermont,0.0
2023-05-13,08,Colorado,7.0
2023-05-13,16,Idaho,9.0
2023-05-13,44,Rhode Island,4.0
2023-05-06,13,Georgia,33.0
2023-05-06,49,Utah,4.0
2023-05-06,53,Washington,13.0
2023-05-06,35,New Mexico,1.0
2023-05-06,22,Louisiana,10.0
2023-05-06,34,New Jersey,21.0
2023-05-06,40,Oklahoma,10.0
2023-05-06,30,Montana,0.0
2023-05-06,36,New York,50.0
2023-05-06,25,Massachusetts,11.0
2023-05-06,55,Wisconsin,7.0
2023-05-06,12,Florida,128.0
2023-05-06,29,Missouri,27.0
2023-05-06,54,West Virginia,4.0
2023-05-06,06,California,22.0
2023-05-06,33,New Hampshire,3.0
2023-05-06,46,South Dakota,7.0
2023-05-06,47,Tennessee,24.0
2023-05-06,11,District of Columbia,0.0
2023-05-06,28,Mississippi,21.0
2023-05-06,32,Nevada,7.0
2023-05-06,24,Maryland,15.0
2023-05-06,27,Minnesota,19.0
2023-05-06,01,Alabama,4.0
2023-05-06,18,Indiana,21.0
2023-05-06,23,Maine,2.0
2023-05-06,31,Nebraska,2.0
2023-05-06,15,Hawaii,0.0
2023-05-06,37,North Carolina,7.0
2023-05-06,38,North Dakota,7.0
2023-05-06,41,Oregon,2.0
2023-05-06,04,Arizona,34.0
2023-05-06,09,Connecticut,7.0
2023-05-06,US,US,992.0
2023-05-06,05,Arkansas,9.0
2023-05-06,39,Ohio,17.0
2023-05-06,72,Puerto Rico,47.0
2023-05-06,51,Virginia,52.0
2023-05-06,02,Alaska,5.0
2023-05-06,45,South Carolina,17.0
2023-05-06,19,Iowa,5.0
2023-05-06,26,Michigan,17.0
2023-05-06,42,Pennsylvania,46.0
2023-05-06,20,Kansas,2.0
2023-05-06,10,Delaware,0.0
2023-05-06,21,Kentucky,16.0
2023-05-06,56,Wyoming,2.0
2023-05-06,17,Illinois,24.0
2023-05-06,48,Texas,197.0
2023-05-06,50,Vermont,0.0
2023-05-06,08,Colorado,7.0
2023-05-06,16,Idaho,5.0
2023-05-06,44,Rhode Island,0.0
2023-04-29,13,Georgia,43.0
2023-04-29,49,Utah,0.0
2023-04-29,53,Washington,14.0
2023-04-29,35,New Mexico,2.0
2023-04-29,22,Louisiana,20.0
2023-04-29,34,New Jersey,13.0
2023-04-29,40,Oklahoma,21.0
2023-04-29,30,Montana,0.0
2023-04-29,36,New York,37.0
2023-04-29,25,Massachusetts,12.0
2023-04-29,55,Wisconsin,0.0
2023-04-29,12,Florida,136.0
2023-04-29,29,Missouri,26.0
2023-04-29,54,West Virginia,5.0
2023-04-29,06,California,26.0
2023-04-29,33,New Hampshire,2.0
2023-04-29,46,South Dakota,4.0
2023-04-29,47,Tennessee,18.0
2023-04-29,11,District of Columbia,1.0
2023-04-29,28,Mississippi,16.0
2023-04-29,32,Nevada,4.0
2023-04-29,24,Maryland,10.0
2023-04-29,27,Minnesota,12.0
2023-04-29,01,Alabama,11.0
2023-04-29,18,Indiana,18.0
2023-04-29,23,Maine,0.0
2023-04-29,31,Nebraska,4.0
2023-04-29,15,Hawaii,1.0
2023-04-29,37,North Carolina,10.0
2023-04-29,38,North Dakota,5.0
2023-04-29,41,Oregon,5.0
2023-04-29,04,Arizona,41.0
2023-04-29,09,Connecticut,9.0
2023-04-29,US,US,905.0
2023-04-29,05,Arkansas,11.0
2023-04-29,39,Ohio,19.0
2023-04-29,72,Puerto Rico,36.0
2023-04-29,51,Virginia,31.0
2023-04-29,02,Alaska,0.0
2023-04-29,45,South Carolina,27.0
2023-04-29,19,Iowa,12.0
2023-04-29,26,Michigan,7.0
2023-04-29,42,Pennsylvania,80.0
2023-04-29,20,Kansas,2.0
2023-04-29,10,Delaware,1.0
2023-04-29,21,Kentucky,4.0
2023-04-29,56,Wyoming,1.0
2023-04-29,17,Illinois,19.0
2023-04-29,48,Texas,110.0
2023-04-29,50,Vermont,2.0
2023-04-29,08,Colorado,9.0
2023-04-29,16,Idaho,7.0
2023-04-29,44,Rhode Island,1.0
2023-04-22,13,Georgia,44.0
2023-04-22,49,Utah,6.0
2023-04-22,53,Washington,18.0
2023-04-22,35,New Mexico,8.0
2023-04-22,22,Louisiana,21.0
2023-04-22,34,New Jersey,35.0
2023-04-22,40,Oklahoma,15.0
2023-04-22,30,Montana,2.0
2023-04-22,36,New York,47.0
2023-04-22,25,Massachusetts,9.0
2023-04-22,55,Wisconsin,5.0
2023-04-22,12,Florida,152.0
2023-04-22,29,Missouri,19.0
2023-04-22,54,West Virginia,4.0
2023-04-22,06,California,37.0
2023-04-22,33,New Hampshire,1.0
2023-04-22,46,South Dakota,4.0
2023-04-22,47,Tennessee,22.0
2023-04-22,11,District of Columbia,3.0
2023-04-22,28,Mississippi,33.0
2023-04-22,32,Nevada,0.0
2023-04-22,24,Maryland,10.0
2023-04-22,27,Minnesota,8.0
2023-04-22,01,Alabama,20.0
2023-04-22,18,Indiana,10.0
2023-04-22,23,Maine,5.0
2023-04-22,31,Nebraska,7.0
2023-04-22,15,Hawaii,2.0
2023-04-22,37,North Carolina,13.0
2023-04-22,38,North Dakota,3.0
2023-04-22,41,Oregon,1.0
2023-04-22,04,Arizona,37.0
2023-04-22,09,Connecticut,8.0
2023-04-22,US,US,980.0
2023-04-22,05,Arkansas,8.0
2023-04-22,39,Ohio,18.0
2023-04-22,72,Puerto Rico,33.0
2023-04-22,51,Virginia,45.0
2023-04-22,02,Alaska,1.0
2023-04-22,45,South Carolina,21.0
2023-04-22,19,Iowa,0.0
2023-04-22,26,Michigan,8.0
2023-04-22,42,Pennsylvania,82.0
2023-04-22,20,Kansas,2.0
2023-04-22,10,Delaware,0.0
2023-04-22,21,Kentucky,12.0
2023-04-22,56,Wyoming,0.0
2023-04-22,17,Illinois,25.0
2023-04-22,48,Texas,100.0
2023-04-22,50,Vermont,0.0
2023-04-22,08,Colorado,12.0
2023-04-22,16,Idaho,3.0
2023-04-22,44,Rhode Island,1.0
2023-04-15,13,Georgia,29.0
2023-04-15,49,Utah,3.0
2023-04-15,53,Washington,27.0
2023-04-15,35,New Mexico,4.0
2023-04-15,22,Louisiana,14.0
2023-04-15,34,New Jersey,45.0
2023-04-15,40,Oklahoma,19.0
2023-04-15,30,Montana,0.0
2023-04-15,36,New York,75.0
2023-04-15,25,Massachusetts,11.0
2023-04-15,55,Wisconsin,9.0
2023-04-15,12,Florida,130.0
2023-04-15,29,Missouri,18.0
2023-04-15,54,West Virginia,7.0
2023-04-15,06,California,33.0
2023-04-15,33,New Hampshire,0.0
2023-04-15,46,South Dakota,5.0
2023-04-15,47,Tennessee,25.0
2023-04-15,11,District of Columbia,3.0
2023-04-15,28,Mississippi,16.0
2023-04-15,32,Nevada,8.0
2023-04-15,24,Maryland,13.0
2023-04-15,27,Minnesota,12.0
2023-04-15,01,Alabama,16.0
2023-04-15,18,Indiana,17.0
2023-04-15,23,Maine,0.0
2023-04-15,31,Nebraska,6.0
2023-04-15,15,Hawaii,1.0
2023-04-15,37,North Carolina,25.0
2023-04-15,38,North Dakota,5.0
2023-04-15,41,Oregon,3.0
2023-04-15,04,Arizona,46.0
2023-04-15,09,Connecticut,11.0
2023-04-15,US,US,1078.0
2023-04-15,05,Arkansas,17.0
2023-04-15,39,Ohio,25.0
2023-04-15,72,Puerto Rico,34.0
2023-04-15,51,Virginia,35.0
2023-04-15,02,Alaska,2.0
2023-04-15,45,South Carolina,22.0
2023-04-15,19,Iowa,5.0
2023-04-15,26,Michigan,16.0
2023-04-15,42,Pennsylvania,66.0
2023-04-15,20,Kansas,7.0
2023-04-15,10,Delaware,0.0
2023-04-15,21,Kentucky,23.0
2023-04-15,56,Wyoming,3.0
2023-04-15,17,Illinois,37.0
2023-04-15,48,Texas,126.0
2023-04-15,50,Vermont,1.0
2023-04-15,08,Colorado,18.0
2023-04-15,16,Idaho,2.0
2023-04-15,44,Rhode Island,1.0
2023-04-08,13,Georgia,49.0
2023-04-08,49,Utah,6.0
2023-04-08,53,Washington,26.0
2023-04-08,35,New Mexico,1.0
2023-04-08,22,Louisiana,18.0
2023-04-08,34,New Jersey,39.0
2023-04-08,40,Oklahoma,23.0
2023-04-08,30,Montana,0.0
2023-04-08,36,New York,78.0
2023-04-08,25,Massachusetts,11.0
2023-04-08,55,Wisconsin,10.0
2023-04-08,12,Florida,184.0
2023-04-08,29,Missouri,29.0
2023-04-08,54,West Virginia,7.0
2023-04-08,06,California,45.0
2023-04-08,33,New Hampshire,6.0
2023-04-08,46,South Dakota,13.0
2023-04-08,47,Tennessee,29.0
2023-04-08,11,District of Columbia,4.0
2023-04-08,28,Mississippi,26.0
2023-04-08,32,Nevada,4.0
2023-04-08,24,Maryland,12.0
2023-04-08,27,Minnesota,12.0
2023-04-08,01,Alabama,17.0
2023-04-08,18,Indiana,18.0
2023-04-08,23,Maine,3.0
2023-04-08,31,Nebraska,3.0
2023-04-08,15,Hawaii,3.0
2023-04-08,37,North Carolina,22.0
2023-04-08,38,North Dakota,7.0
2023-04-08,41,Oregon,5.0
2023-04-08,04,Arizona,40.0
2023-04-08,09,Connecticut,22.0
2023-04-08,US,US,1197.0
2023-04-08,05,Arkansas,15.0
2023-04-08,39,Ohio,12.0
2023-04-08,72,Puerto Rico,33.0
2023-04-08,51,Virginia,54.0
2023-04-08,02,Alaska,2.0
2023-04-08,45,South Carolina,24.0
2023-04-08,19,Iowa,2.0
2023-04-08,26,Michigan,25.0
2023-04-08,42,Pennsylvania,65.0
2023-04-08,20,Kansas,5.0
2023-04-08,10,Delaware,0.0
2023-04-08,21,Kentucky,19.0
2023-04-08,56,Wyoming,2.0
2023-04-08,17,Illinois,25.0
2023-04-08,48,Texas,128.0
2023-04-08,50,Vermont,0.0
2023-04-08,08,Colorado,7.0
2023-04-08,16,Idaho,5.0
2023-04-08,44,Rhode Island,0.0
2023-04-01,13,Georgia,53.0
2023-04-01,49,Utah,3.0
2023-04-01,53,Washington,32.0
2023-04-01,35,New Mexico,9.0
2023-04-01,22,Louisiana,27.0
2023-04-01,34,New Jersey,39.0
2023-04-01,40,Oklahoma,20.0
2023-04-01,30,Montana,1.0
2023-04-01,36,New York,74.0
2023-04-01,25,Massachusetts,13.0
2023-04-01,55,Wisconsin,4.0
2023-04-01,12,Florida,165.0
2023-04-01,29,Missouri,29.0
2023-04-01,54,West Virginia,9.0
2023-04-01,06,California,29.0
2023-04-01,33,New Hampshire,9.0
2023-04-01,46,South Dakota,13.0
2023-04-01,47,Tennessee,45.0
2023-04-01,11,District of Columbia,10.0
2023-04-01,28,Mississippi,19.0
2023-04-01,32,Nevada,4.0
2023-04-01,24,Maryland,9.0
2023-04-01,27,Minnesota,10.0
2023-04-01,01,Alabama,27.0
2023-04-01,18,Indiana,39.0
2023-04-01,23,Maine,4.0
2023-04-01,31,Nebraska,10.0
2023-04-01,15,Hawaii,7.0
2023-04-01,37,North Carolina,12.0
2023-04-01,38,North Dakota,0.0
2023-04-01,41,Oregon,4.0
2023-04-01,04,Arizona,23.0
2023-04-01,09,Connecticut,12.0
2023-04-01,US,US,1292.0
2023-04-01,05,Arkansas,27.0
2023-04-01,39,Ohio,33.0
2023-04-01,72,Puerto Rico,42.0
2023-04-01,51,Virginia,50.0
2023-04-01,02,Alaska,1.0
2023-04-01,45,South Carolina,20.0
2023-04-01,19,Iowa,4.0
2023-04-01,26,Michigan,17.0
2023-04-01,42,Pennsylvania,103.0
2023-04-01,20,Kansas,9.0
2023-04-01,10,Delaware,2.0
2023-04-01,21,Kentucky,16.0
2023-04-01,56,Wyoming,1.0
2023-04-01,17,Illinois,37.0
2023-04-01,48,Texas,156.0
2023-04-01,50,Vermont,0.0
2023-04-01,08,Colorado,6.0
2023-04-01,16,Idaho,3.0
2023-04-01,44,Rhode Island,0.0
2023-03-25,13,Georgia,62.0
2023-03-25,49,Utah,3.0
2023-03-25,53,Washington,28.0
2023-03-25,35,New Mexico,3.0
2023-03-25,22,Louisiana,23.0
2023-03-25,34,New Jersey,44.0
2023-03-25,40,Oklahoma,23.0
2023-03-25,30,Montana,1.0
2023-03-25,36,New York,105.0
2023-03-25,25,Massachusetts,20.0
2023-03-25,55,Wisconsin,9.0
2023-03-25,12,Florida,158.0
2023-03-25,29,Missouri,32.0
2023-03-25,54,West Virginia,16.0
2023-03-25,06,California,36.0
2023-03-25,33,New Hampshire,9.0
2023-03-25,46,South Dakota,20.0
2023-03-25,47,Tennessee,31.0
2023-03-25,11,District of Columbia,2.0
2023-03-25,28,Mississippi,16.0
2023-03-25,32,Nevada,8.0
2023-03-25,24,Maryland,21.0
2023-03-25,27,Minnesota,4.0
2023-03-25,01,Alabama,19.0
2023-03-25,18,Indiana,21.0
2023-03-25,23,Maine,1.0
2023-03-25,31,Nebraska,9.0
2023-03-25,15,Hawaii,1.0
2023-03-25,37,North Carolina,20.0
2023-03-25,38,North Dakota,0.0
2023-03-25,41,Oregon,3.0
2023-03-25,04,Arizona,36.0
2023-03-25,09,Connecticut,13.0
2023-03-25,US,US,1330.0
2023-03-25,05,Arkansas,18.0
2023-03-25,39,Ohio,29.0
2023-03-25,72,Puerto Rico,25.0
2023-03-25,51,Virginia,50.0
2023-03-25,02,Alaska,3.0
2023-03-25,45,South Carolina,24.0
2023-03-25,19,Iowa,7.0
2023-03-25,26,Michigan,21.0
2023-03-25,42,Pennsylvania,154.0
2023-03-25,20,Kansas,6.0
2023-03-25,10,Delaware,2.0
2023-03-25,21,Kentucky,14.0
2023-03-25,56,Wyoming,0.0
2023-03-25,17,Illinois,30.0
2023-03-25,48,Texas,131.0
2023-03-25,50,Vermont,4.0
2023-03-25,08,Colorado,10.0
2023-03-25,16,Idaho,3.0
2023-03-25,44,Rhode Island,2.0
2023-03-18,13,Georgia,54.0
2023-03-18,49,Utah,3.0
2023-03-18,53,Washington,28.0
2023-03-18,35,New Mexico,3.0
2023-03-18,22,Louisiana,17.0
2023-03-18,34,New Jersey,22.0
2023-03-18,40,Oklahoma,29.0
2023-03-18,30,Montana,2.0
2023-03-18,36,New York,63.0
2023-03-18,25,Massachusetts,22.0
2023-03-18,55,Wisconsin,6.0
2023-03-18,12,Florida,211.0
2023-03-18,29,Missouri,24.0
2023-03-18,54,West Virginia,8.0
2023-03-18,06,California,60.0
2023-03-18,33,New Hampshire,10.0
2023-03-18,46,South Dakota,16.0
2023-03-18,47,Tennessee,29.0
2023-03-18,11,District of Columbia,2.0
2023-03-18,28,Mississippi,22.0
2023-03-18,32,Nevada,6.0
2023-03-18,24,Maryland,10.0
2023-03-18,27,Minnesota,6.0
2023-03-18,01,Alabama,22.0
2023-03-18,18,Indiana,35.0
2023-03-18,23,Maine,5.0
2023-03-18,31,Nebraska,11.0
2023-03-18,15,Hawaii,4.0
2023-03-18,37,North Carolina,32.0
2023-03-18,38,North Dakota,11.0
2023-03-18,41,Oregon,9.0
2023-03-18,04,Arizona,55.0
2023-03-18,09,Connecticut,10.0
2023-03-18,US,US,1412.0
2023-03-18,05,Arkansas,15.0
2023-03-18,39,Ohio,34.0
2023-03-18,72,Puerto Rico,11.0
2023-03-18,51,Virginia,60.0
2023-03-18,02,Alaska,1.0
2023-03-18,45,South Carolina,21.0
2023-03-18,19,Iowa,7.0
2023-03-18,26,Michigan,33.0
2023-03-18,42,Pennsylvania,153.0
2023-03-18,20,Kansas,7.0
2023-03-18,10,Delaware,0.0
2023-03-18,21,Kentucky,26.0
2023-03-18,56,Wyoming,2.0
2023-03-18,17,Illinois,12.0
2023-03-18,48,Texas,159.0
2023-03-18,50,Vermont,2.0
2023-03-18,08,Colorado,12.0
2023-03-18,16,Idaho,6.0
2023-03-18,44,Rhode Island,1.0
2023-03-11,13,Georgia,51.0
2023-03-11,49,Utah,7.0
2023-03-11,53,Washington,47.0
2023-03-11,35,New Mexico,5.0
2023-03-11,22,Louisiana,22.0
2023-03-11,34,New Jersey,22.0
2023-03-11,40,Oklahoma,19.0
2023-03-11,30,Montana,3.0
2023-03-11,36,New York,55.0
2023-03-11,25,Massachusetts,19.0
2023-03-11,55,Wisconsin,10.0
2023-03-11,12,Florida,179.0
2023-03-11,29,Missouri,35.0
2023-03-11,54,West Virginia,4.0
2023-03-11,06,California,47.0
2023-03-11,33,New Hampshire,4.0
2023-03-11,46,South Dakota,15.0
2023-03-11,47,Tennessee,27.0
2023-03-11,11,District of Columbia,2.0
2023-03-11,28,Mississippi,32.0
2023-03-11,32,Nevada,3.0
2023-03-11,24,Maryland,16.0
2023-03-11,27,Minnesota,5.0
2023-03-11,01,Alabama,17.0
2023-03-11,18,Indiana,32.0
2023-03-11,23,Maine,0.0
2023-03-11,31,Nebraska,14.0
2023-03-11,15,Hawaii,3.0
2023-03-11,37,North Carolina,25.0
2023-03-11,38,North Dakota,5.0
2023-03-11,41,Oregon,6.0
2023-03-11,04,Arizona,43.0
2023-03-11,09,Connecticut,19.0
2023-03-11,US,US,1370.0
2023-03-11,05,Arkansas,23.0
2023-03-11,39,Ohio,26.0
2023-03-11,72,Puerto Rico,16.0
2023-03-11,51,Virginia,40.0
2023-03-11,02,Alaska,4.0
2023-03-11,45,South Carolina,31.0
2023-03-11,19,Iowa,12.0
2023-03-11,26,Michigan,36.0
2023-03-11,42,Pennsylvania,174.0
2023-03-11,20,Kansas,6.0
2023-03-11,10,Delaware,1.0
2023-03-11,21,Kentucky,15.0
2023-03-11,56,Wyoming,2.0
2023-03-11,17,Illinois,16.0
2023-03-11,48,Texas,157.0
2023-03-11,50,Vermont,5.0
2023-03-11,08,Colorado,9.0
2023-03-11,16,Idaho,4.0
2023-03-11,44,Rhode Island,0.0
2023-03-04,13,Georgia,54.0
2023-03-04,49,Utah,3.0
2023-03-04,53,Washington,58.0
2023-03-04,35,New Mexico,16.0
2023-03-04,22,Louisiana,25.0
2023-03-04,34,New Jersey,31.0
2023-03-04,40,Oklahoma,32.0
2023-03-04,30,Montana,6.0
2023-03-04,36,New York,49.0
2023-03-04,25,Massachusetts,15.0
2023-03-04,55,Wisconsin,7.0
2023-03-04,12,Florida,178.0
2023-03-04,29,Missouri,39.0
2023-03-04,54,West Virginia,9.0
2023-03-04,06,California,62.0
2023-03-04,33,New Hampshire,2.0
2023-03-04,46,South Dakota,7.0
2023-03-04,47,Tennessee,41.0
2023-03-04,11,District of Columbia,2.0
2023-03-04,28,Mississippi,34.0
2023-03-04,32,Nevada,4.0
2023-03-04,24,Maryland,13.0
2023-03-04,27,Minnesota,7.0
2023-03-04,01,Alabama,15.0
2023-03-04,18,Indiana,45.0
2023-03-04,23,Maine,4.0
2023-03-04,31,Nebraska,6.0
2023-03-04,15,Hawaii,1.0
2023-03-04,37,North Carolina,34.0
2023-03-04,38,North Dakota,5.0
2023-03-04,41,Oregon,5.0
2023-03-04,04,Arizona,49.0
2023-03-04,09,Connecticut,10.0
2023-03-04,US,US,1500.0
2023-03-04,05,Arkansas,33.0
2023-03-04,39,Ohio,23.0
2023-03-04,72,Puerto Rico,22.0
2023-03-04,51,Virginia,57.0
2023-03-04,02,Alaska,2.0
2023-03-04,45,South Carolina,29.0
2023-03-04,19,Iowa,6.0
2023-03-04,26,Michigan,51.0
2023-03-04,42,Pennsylvania,169.0
2023-03-04,20,Kansas,4.0
2023-03-04,10,Delaware,5.0
2023-03-04,21,Kentucky,11.0
2023-03-04,56,Wyoming,1.0
2023-03-04,17,Illinois,24.0
2023-03-04,48,Texas,171.0
2023-03-04,50,Vermont,1.0
2023-03-04,08,Colorado,19.0
2023-03-04,16,Idaho,3.0
2023-03-04,44,Rhode Island,1.0
2023-02-25,13,Georgia,60.0
2023-02-25,49,Utah,4.0
2023-02-25,53,Washington,38.0
2023-02-25,35,New Mexico,11.0
2023-02-25,22,Louisiana,22.0
2023-02-25,34,New Jersey,41.0
2023-02-25,40,Oklahoma,33.0
2023-02-25,30,Montana,3.0
2023-02-25,36,New York,55.0
2023-02-25,25,Massachusetts,23.0
2023-02-25,55,Wisconsin,6.0
2023-02-25,12,Florida,213.0
2023-02-25,29,Missouri,36.0
2023-02-25,54,West Virginia,14.0
2023-02-25,06,California,79.0
2023-02-25,33,New Hampshire,2.0
2023-02-25,46,South Dakota,4.0
2023-02-25,47,Tennessee,43.0
2023-02-25,11,District of Columbia,4.0
2023-02-25,28,Mississippi,32.0
2023-02-25,32,Nevada,3.0
2023-02-25,24,Maryland,26.0
2023-02-25,27,Minnesota,6.0
2023-02-25,01,Alabama,29.0
2023-02-25,18,Indiana,42.0
2023-02-25,23,Maine,0.0
2023-02-25,31,Nebraska,9.0
2023-02-25,15,Hawaii,5.0
2023-02-25,37,North Carolina,28.0
2023-02-25,38,North Dakota,9.0
2023-02-25,41,Oregon,6.0
2023-02-25,04,Arizona,43.0
2023-02-25,09,Connecticut,17.0
2023-02-25,US,US,1647.0
2023-02-25,05,Arkansas,30.0
2023-02-25,39,Ohio,24.0
2023-02-25,72,Puerto Rico,32.0
2023-02-25,51,Virginia,61.0
2023-02-25,02,Alaska,5.0
2023-02-25,45,South Carolina,41.0
2023-02-25,19,Iowa,11.0
2023-02-25,26,Michigan,54.0
2023-02-25,42,Pennsylvania,168.0
2023-02-25,20,Kansas,8.0
2023-02-25,10,Delaware,0.0
2023-02-25,21,Kentucky,7.0
2023-02-25,56,Wyoming,0.0
2023-02-25,17,Illinois,31.0
2023-02-25,48,Texas,208.0
2023-02-25,50,Vermont,2.0
2023-02-25,08,Colorado,13.0
2023-02-25,16,Idaho,3.0
2023-02-25,44,Rhode Island,2.0
2023-02-18,13,Georgia,75.0
2023-02-18,49,Utah,12.0
2023-02-18,53,Washington,31.0
2023-02-18,35,New Mexico,3.0
2023-02-18,22,Louisiana,33.0
2023-02-18,34,New Jersey,53.0
2023-02-18,40,Oklahoma,45.0
2023-02-18,30,Montana,6.0
2023-02-18,36,New York,85.0
2023-02-18,25,Massachusetts,40.0
2023-02-18,55,Wisconsin,11.0
2023-02-18,12,Florida,235.0
2023-02-18,29,Missouri,42.0
2023-02-18,54,West Virginia,9.0
2023-02-18,06,California,73.0
2023-02-18,33,New Hampshire,4.0
2023-02-18,46,South Dakota,16.0
2023-02-18,47,Tennessee,57.0
2023-02-18,11,District of Columbia,5.0
2023-02-18,28,Mississippi,28.0
2023-02-18,32,Nevada,12.0
2023-02-18,24,Maryland,26.0
2023-02-18,27,Minnesota,9.0
2023-02-18,01,Alabama,30.0
2023-02-18,18,Indiana,33.0
2023-02-18,23,Maine,4.0
2023-02-18,31,Nebraska,6.0
2023-02-18,15,Hawaii,4.0
2023-02-18,37,North Carolina,46.0
2023-02-18,38,North Dakota,10.0
2023-02-18,41,Oregon,4.0
2023-02-18,04,Arizona,38.0
2023-02-18,09,Connecticut,14.0
2023-02-18,US,US,1905.0
2023-02-18,05,Arkansas,25.0
2023-02-18,39,Ohio,47.0
2023-02-18,72,Puerto Rico,44.0
2023-02-18,51,Virginia,57.0
2023-02-18,02,Alaska,2.0
2023-02-18,45,South Carolina,43.0
2023-02-18,19,Iowa,9.0
2023-02-18,26,Michigan,60.0
2023-02-18,42,Pennsylvania,193.0
2023-02-18,20,Kansas,3.0
2023-02-18,10,Delaware,1.0
2023-02-18,21,Kentucky,22.0
2023-02-18,56,Wyoming,2.0
2023-02-18,17,Illinois,28.0
2023-02-18,48,Texas,241.0
2023-02-18,50,Vermont,2.0
2023-02-18,08,Colorado,17.0
2023-02-18,16,Idaho,8.0
2023-02-18,44,Rhode Island,2.0
2023-02-11,13,Georgia,83.0
2023-02-11,49,Utah,7.0
2023-02-11,53,Washington,47.0
2023-02-11,35,New Mexico,8.0
2023-02-11,22,Louisiana,50.0
2023-02-11,34,New Jersey,26.0
2023-02-11,40,Oklahoma,54.0
2023-02-11,30,Montana,2.0
2023-02-11,36,New York,103.0
2023-02-11,25,Massachusetts,65.0
2023-02-11,55,Wisconsin,23.0
2023-02-11,12,Florida,300.0
2023-02-11,29,Missouri,41.0
2023-02-11,54,West Virginia,16.0
2023-02-11,06,California,93.0
2023-02-11,33,New Hampshire,8.0
2023-02-11,46,South Dakota,9.0
2023-02-11,47,Tennessee,28.0
2023-02-11,11,District of Columbia,5.0
2023-02-11,28,Mississippi,21.0
2023-02-11,32,Nevada,11.0
2023-02-11,24,Maryland,41.0
2023-02-11,27,Minnesota,7.0
2023-02-11,01,Alabama,29.0
2023-02-11,18,Indiana,41.0
2023-02-11,23,Maine,6.0
2023-02-11,31,Nebraska,2.0
2023-02-11,15,Hawaii,10.0
2023-02-11,37,North Carolina,55.0
2023-02-11,38,North Dakota,16.0
2023-02-11,41,Oregon,7.0
2023-02-11,04,Arizona,56.0
2023-02-11,09,Connecticut,15.0
2023-02-11,US,US,2181.0
2023-02-11,05,Arkansas,33.0
2023-02-11,39,Ohio,49.0
2023-02-11,72,Puerto Rico,77.0
2023-02-11,51,Virginia,64.0
2023-02-11,02,Alaska,1.0
2023-02-11,45,South Carolina,46.0
2023-02-11,19,Iowa,15.0
2023-02-11,26,Michigan,56.0
2023-02-11,42,Pennsylvania,180.0
2023-02-11,20,Kansas,9.0
2023-02-11,10,Delaware,1.0
2023-02-11,21,Kentucky,29.0
2023-02-11,56,Wyoming,2.0
2023-02-11,17,Illinois,31.0
2023-02-11,48,Texas,270.0
2023-02-11,50,Vermont,0.0
2023-02-11,08,Colorado,27.0
2023-02-11,16,Idaho,4.0
2023-02-11,44,Rhode Island,1.0
2023-02-04,13,Georgia,204.0
2023-02-04,49,Utah,7.0
2023-02-04,53,Washington,42.0
2023-02-04,35,New Mexico,9.0
2023-02-04,22,Louisiana,94.0
2023-02-04,34,New Jersey,38.0
2023-02-04,40,Oklahoma,86.0
2023-02-04,30,Montana,9.0
2023-02-04,36,New York,145.0
2023-02-04,25,Massachusetts,61.0
2023-02-04,55,Wisconsin,22.0
2023-02-04,12,Florida,353.0
2023-02-04,29,Missouri,50.0
2023-02-04,54,West Virginia,22.0
2023-02-04,06,California,115.0
2023-02-04,33,New Hampshire,4.0
2023-02-04,46,South Dakota,15.0
2023-02-04,47,Tennessee,43.0
2023-02-04,11,District of Columbia,8.0
2023-02-04,28,Mississippi,29.0
2023-02-04,32,Nevada,4.0
2023-02-04,24,Maryland,51.0
2023-02-04,27,Minnesota,16.0
2023-02-04,01,Alabama,35.0
2023-02-04,18,Indiana,41.0
2023-02-04,23,Maine,10.0
2023-02-04,31,Nebraska,6.0
2023-02-04,15,Hawaii,8.0
2023-02-04,37,North Carolina,40.0
2023-02-04,38,North Dakota,9.0
2023-02-04,41,Oregon,10.0
2023-02-04,04,Arizona,62.0
2023-02-04,09,Connecticut,15.0
2023-02-04,US,US,2593.0
2023-02-04,05,Arkansas,20.0
2023-02-04,39,Ohio,58.0
2023-02-04,72,Puerto Rico,54.0
2023-02-04,51,Virginia,62.0
2023-02-04,02,Alaska,3.0
2023-02-04,45,South Carolina,40.0
2023-02-04,19,Iowa,13.0
2023-02-04,26,Michigan,87.0
2023-02-04,42,Pennsylvania,190.0
2023-02-04,20,Kansas,12.0
2023-02-04,10,Delaware,10.0
2023-02-04,21,Kentucky,16.0
2023-02-04,56,Wyoming,6.0
2023-02-04,17,Illinois,28.0
2023-02-04,48,Texas,281.0
2023-02-04,50,Vermont,3.0
2023-02-04,08,Colorado,38.0
2023-02-04,16,Idaho,3.0
2023-02-04,44,Rhode Island,4.0
2023-01-28,13,Georgia,71.0
2023-01-28,49,Utah,7.0
2023-01-28,53,Washington,66.0
2023-01-28,35,New Mexico,21.0
2023-01-28,22,Louisiana,42.0
2023-01-28,34,New Jersey,79.0
2023-01-28,40,Oklahoma,94.0
2023-01-28,30,Montana,9.0
2023-01-28,36,New York,236.0
2023-01-28,25,Massachusetts,78.0
2023-01-28,55,Wisconsin,51.0
2023-01-28,12,Florida,420.0
2023-01-28,29,Missouri,72.0
2023-01-28,54,West Virginia,21.0
2023-01-28,06,California,126.0
2023-01-28,33,New Hampshire,19.0
2023-01-28,46,South Dakota,15.0
2023-01-28,47,Tennessee,41.0
2023-01-28,11,District of Columbia,7.0
2023-01-28,28,Mississippi,35.0
2023-01-28,32,Nevada,11.0
2023-01-28,24,Maryland,39.0
2023-01-28,27,Minnesota,18.0
2023-01-28,01,Alabama,42.0
2023-01-28,18,Indiana,71.0
2023-01-28,23,Maine,14.0
2023-01-28,31,Nebraska,22.0
2023-01-28,15,Hawaii,9.0
2023-01-28,37,North Carolina,41.0
2023-01-28,38,North Dakota,24.0
2023-01-28,41,Oregon,11.0
2023-01-28,04,Arizona,57.0
2023-01-28,09,Connecticut,33.0
2023-01-28,US,US,3090.0
2023-01-28,05,Arkansas,44.0
2023-01-28,39,Ohio,72.0
2023-01-28,72,Puerto Rico,57.0
2023-01-28,51,Virginia,60.0
2023-01-28,02,Alaska,5.0
2023-01-28,45,South Carolina,41.0
2023-01-28,19,Iowa,47.0
2023-01-28,26,Michigan,84.0
2023-01-28,42,Pennsylvania,235.0
2023-01-28,20,Kansas,21.0
2023-01-28,10,Delaware,6.0
2023-01-28,21,Kentucky,32.0
2023-01-28,56,Wyoming,5.0
2023-01-28,17,Illinois,73.0
2023-01-28,48,Texas,347.0
2023-01-28,50,Vermont,5.0
2023-01-28,08,Colorado,26.0
2023-01-28,16,Idaho,17.0
2023-01-28,44,Rhode Island,10.0
2023-01-21,13,Georgia,80.0
2023-01-21,49,Utah,22.0
2023-01-21,53,Washington,86.0
2023-01-21,35,New Mexico,29.0
2023-01-21,22,Louisiana,83.0
2023-01-21,34,New Jersey,102.0
2023-01-21,40,Oklahoma,168.0
2023-01-21,30,Montana,16.0
2023-01-21,36,New York,309.0
2023-01-21,25,Massachusetts,140.0
2023-01-21,55,Wisconsin,108.0
2023-01-21,12,Florida,592.0
2023-01-21,29,Missouri,100.0
2023-01-21,54,West Virginia,14.0
2023-01-21,06,California,208.0
2023-01-21,33,New Hampshire,23.0
2023-01-21,46,South Dakota,12.0
2023-01-21,47,Tennessee,69.0
2023-01-21,11,District of Columbia,8.0
2023-01-21,28,Mississippi,52.0
2023-01-21,32,Nevada,21.0
2023-01-21,24,Maryland,67.0
2023-01-21,27,Minnesota,29.0
2023-01-21,01,Alabama,57.0
2023-01-21,18,Indiana,100.0
2023-01-21,23,Maine,28.0
2023-01-21,31,Nebraska,55.0
2023-01-21,15,Hawaii,0.0
2023-01-21,37,North Carolina,63.0
2023-01-21,38,North Dakota,28.0
2023-01-21,41,Oregon,32.0
2023-01-21,04,Arizona,118.0
2023-01-21,09,Connecticut,36.0
2023-01-21,US,US,4494.0
2023-01-21,05,Arkansas,65.0
2023-01-21,39,Ohio,122.0
2023-01-21,72,Puerto Rico,47.0
2023-01-21,51,Virginia,72.0
2023-01-21,02,Alaska,7.0
2023-01-21,45,South Carolina,58.0
2023-01-21,19,Iowa,43.0
2023-01-21,26,Michigan,171.0
2023-01-21,42,Pennsylvania,302.0
2023-01-21,20,Kansas,40.0
2023-01-21,10,Delaware,6.0
2023-01-21,21,Kentucky,35.0
2023-01-21,56,Wyoming,13.0
2023-01-21,17,Illinois,68.0
2023-01-21,48,Texas,490.0
2023-01-21,50,Vermont,10.0
2023-01-21,08,Colorado,37.0
2023-01-21,16,Idaho,35.0
2023-01-21,44,Rhode Island,16.0
2023-01-14,13,Georgia,108.0
2023-01-14,49,Utah,22.0
2023-01-14,53,Washington,144.0
2023-01-14,35,New Mexico,53.0
2023-01-14,22,Louisiana,85.0
2023-01-14,34,New Jersey,166.0
2023-01-14,40,Oklahoma,273.0
2023-01-14,30,Montana,39.0
2023-01-14,36,New York,513.0
2023-01-14,25,Massachusetts,258.0
2023-01-14,55,Wisconsin,171.0
2023-01-14,12,Florida,700.0
2023-01-14,29,Missouri,189.0
2023-01-14,54,West Virginia,48.0
2023-01-14,06,California,411.0
2023-01-14,33,New Hampshire,47.0
2023-01-14,46,South Dakota,15.0
2023-01-14,47,Tennessee,100.0
2023-01-14,11,District of Columbia,5.0
2023-01-14,28,Mississippi,57.0
2023-01-14,32,Nevada,37.0
2023-01-14,24,Maryland,101.0
2023-01-14,27,Minnesota,47.0
2023-01-14,01,Alabama,99.0
2023-01-14,18,Indiana,173.0
2023-01-14,23,Maine,57.0
2023-01-14,31,Nebraska,63.0
2023-01-14,15,Hawaii,9.0
2023-01-14,37,North Carolina,131.0
2023-01-14,38,North Dakota,52.0
2023-01-14,41,Oregon,65.0
2023-01-14,04,Arizona,163.0
2023-01-14,09,Connecticut,79.0
2023-01-14,US,US,7181.0
2023-01-14,05,Arkansas,105.0
2023-01-14,39,Ohio,194.0
2023-01-14,72,Puerto Rico,84.0
2023-01-14,51,Virginia,119.0
2023-01-14,02,Alaska,7.0
2023-01-14,45,South Carolina,79.0
2023-01-14,19,Iowa,96.0
2023-01-14,26,Michigan,320.0
2023-01-14,42,Pennsylvania,450.0
2023-01-14,20,Kansas,54.0
2023-01-14,10,Delaware,12.0
2023-01-14,21,Kentucky,63.0
2023-01-14,56,Wyoming,16.0
2023-01-14,17,Illinois,173.0
2023-01-14,48,Texas,763.0
2023-01-14,50,Vermont,12.0
2023-01-14,08,Colorado,99.0
2023-01-14,16,Idaho,46.0
2023-01-14,44,Rhode Island,9.0
2023-01-07,13,Georgia,189.0
2023-01-07,49,Utah,66.0
2023-01-07,53,Washington,231.0
2023-01-07,35,New Mexico,177.0
2023-01-07,22,Louisiana,171.0
2023-01-07,34,New Jersey,343.0
2023-01-07,40,Oklahoma,502.0
2023-01-07,30,Montana,60.0
2023-01-07,36,New York,944.0
2023-01-07,25,Massachusetts,524.0
2023-01-07,55,Wisconsin,332.0
2023-01-07,12,Florida,1321.0
2023-01-07,29,Missouri,405.0
2023-01-07,54,West Virginia,148.0
2023-01-07,06,California,913.0
2023-01-07,33,New Hampshire,108.0
2023-01-07,46,South Dakota,69.0
2023-01-07,47,Tennessee,174.0
2023-01-07,11,District of Columbia,17.0
2023-01-07,28,Mississippi,88.0
2023-01-07,32,Nevada,116.0
2023-01-07,24,Maryland,157.0
2023-01-07,27,Minnesota,80.0
2023-01-07,01,Alabama,123.0
2023-01-07,18,Indiana,361.0
2023-01-07,23,Maine,124.0
2023-01-07,31,Nebraska,99.0
2023-01-07,15,Hawaii,10.0
2023-01-07,37,North Carolina,222.0
2023-01-07,38,North Dakota,72.0
2023-01-07,41,Oregon,152.0
2023-01-07,04,Arizona,386.0
2023-01-07,09,Connecticut,170.0
2023-01-07,US,US,14090.0
2023-01-07,05,Arkansas,158.0
2023-01-07,39,Ohio,489.0
2023-01-07,72,Puerto Rico,52.0
2023-01-07,51,Virginia,233.0
2023-01-07,02,Alaska,32.0
2023-01-07,45,South Carolina,161.0
2023-01-07,19,Iowa,218.0
2023-01-07,26,Michigan,714.0
2023-01-07,42,Pennsylvania,809.0
2023-01-07,20,Kansas,125.0
2023-01-07,10,Delaware,45.0
2023-01-07,21,Kentucky,133.0
2023-01-07,56,Wyoming,30.0
2023-01-07,17,Illinois,433.0
2023-01-07,48,Texas,1246.0
2023-01-07,50,Vermont,51.0
2023-01-07,08,Colorado,158.0
2023-01-07,16,Idaho,112.0
2023-01-07,44,Rhode Island,36.0
2022-12-31,13,Georgia,184.0
2022-12-31,49,Utah,83.0
2022-12-31,53,Washington,384.0
2022-12-31,35,New Mexico,285.0
2022-12-31,22,Louisiana,166.0
2022-12-31,34,New Jersey,476.0
2022-12-31,40,Oklahoma,708.0
2022-12-31,30,Montana,91.0
2022-12-31,36,New York,1291.0
2022-12-31,25,Massachusetts,799.0
2022-12-31,55,Wisconsin,484.0
2022-12-31,12,Florida,1238.0
2022-12-31,29,Missouri,636.0
2022-12-31,54,West Virginia,172.0
2022-12-31,06,California,1423.0
2022-12-31,33,New Hampshire,141.0
2022-12-31,46,South Dakota,59.0
2022-12-31,47,Tennessee,248.0
2022-12-31,11,District of Columbia,30.0
2022-12-31,28,Mississippi,120.0
2022-12-31,32,Nevada,179.0
2022-12-31,24,Maryland,225.0
2022-12-31,27,Minnesota,176.0
2022-12-31,01,Alabama,147.0
2022-12-31,18,Indiana,566.0
2022-12-31,23,Maine,192.0
2022-12-31,31,Nebraska,144.0
2022-12-31,15,Hawaii,34.0
2022-12-31,37,North Carolina,299.0
2022-12-31,38,North Dakota,82.0
2022-12-31,41,Oregon,361.0
2022-12-31,04,Arizona,656.0
2022-12-31,09,Connecticut,241.0
2022-12-31,US,US,19481.0
2022-12-31,05,Arkansas,204.0
2022-12-31,39,Ohio,706.0
2022-12-31,72,Puerto Rico,60.0
2022-12-31,51,Virginia,279.0
2022-12-31,02,Alaska,43.0
2022-12-31,45,South Carolina,157.0
2022-12-31,19,Iowa,320.0
2022-12-31,26,Michigan,1137.0
2022-12-31,42,Pennsylvania,1099.0
2022-12-31,20,Kansas,185.0
2022-12-31,10,Delaware,42.0
2022-12-31,21,Kentucky,243.0
2022-12-31,56,Wyoming,51.0
2022-12-31,17,Illinois,555.0
2022-12-31,48,Texas,1410.0
2022-12-31,50,Vermont,81.0
2022-12-31,08,Colorado,315.0
2022-12-31,16,Idaho,223.0
2022-12-31,44,Rhode Island,49.0
2022-12-24,13,Georgia,158.0
2022-12-24,49,Utah,63.0
2022-12-24,53,Washington,404.0
2022-12-24,35,New Mexico,359.0
2022-12-24,22,Louisiana,155.0
2022-12-24,34,New Jersey,522.0
2022-12-24,40,Oklahoma,679.0
2022-12-24,30,Montana,60.0
2022-12-24,36,New York,1503.0
2022-12-24,25,Massachusetts,805.0
2022-12-24,55,Wisconsin,458.0
2022-12-24,12,Florida,1017.0
2022-12-24,29,Missouri,559.0
2022-12-24,54,West Virginia,155.0
2022-12-24,06,California,1596.0
2022-12-24,33,New Hampshire,117.0
2022-12-24,46,South Dakota,84.0
2022-12-24,47,Tennessee,226.0
2022-12-24,11,District of Columbia,16.0
2022-12-24,28,Mississippi,86.0
2022-12-24,32,Nevada,226.0
2022-12-24,24,Maryland,231.0
2022-12-24,27,Minnesota,162.0
2022-12-24,01,Alabama,151.0
2022-12-24,18,Indiana,615.0
2022-12-24,23,Maine,207.0
2022-12-24,31,Nebraska,140.0
2022-12-24,15,Hawaii,29.0
2022-12-24,37,North Carolina,298.0
2022-12-24,38,North Dakota,72.0
2022-12-24,41,Oregon,451.0
2022-12-24,04,Arizona,580.0
2022-12-24,09,Connecticut,270.0
2022-12-24,US,US,19641.0
2022-12-24,05,Arkansas,201.0
2022-12-24,39,Ohio,799.0
2022-12-24,72,Puerto Rico,114.0
2022-12-24,51,Virginia,269.0
2022-12-24,02,Alaska,43.0
2022-12-24,45,South Carolina,118.0
2022-12-24,19,Iowa,328.0
2022-12-24,26,Michigan,1123.0
2022-12-24,42,Pennsylvania,1045.0
2022-12-24,20,Kansas,182.0
2022-12-24,10,Delaware,29.0
2022-12-24,21,Kentucky,281.0
2022-12-24,56,Wyoming,50.0
2022-12-24,17,Illinois,578.0
2022-12-24,48,Texas,1301.0
2022-12-24,50,Vermont,64.0
2022-12-24,08,Colorado,399.0
2022-12-24,16,Idaho,203.0
2022-12-24,44,Rhode Island,57.0
2022-12-17,13,Georgia,179.0
2022-12-17,49,Utah,41.0
2022-12-17,53,Washington,740.0
2022-12-17,35,New Mexico,341.0
2022-12-17,22,Louisiana,180.0
2022-12-17,34,New Jersey,606.0
2022-12-17,40,Oklahoma,764.0
2022-12-17,30,Montana,99.0
2022-12-17,36,New York,1698.0
2022-12-17,25,Massachusetts,686.0
2022-12-17,55,Wisconsin,483.0
2022-12-17,12,Florida,846.0
2022-12-17,29,Missouri,749.0
2022-12-17,54,West Virginia,199.0
2022-12-17,06,California,1614.0
2022-12-17,33,New Hampshire,76.0
2022-12-17,46,South Dakota,97.0
2022-12-17,47,Tennessee,258.0
2022-12-17,11,District of Columbia,19.0
2022-12-17,28,Mississippi,142.0
2022-12-17,32,Nevada,318.0
2022-12-17,24,Maryland,261.0
2022-12-17,27,Minnesota,247.0
2022-12-17,01,Alabama,174.0
2022-12-17,18,Indiana,731.0
2022-12-17,23,Maine,180.0
2022-12-17,31,Nebraska,166.0
2022-12-17,15,Hawaii,14.0
2022-12-17,37,North Carolina,319.0
2022-12-17,38,North Dakota,66.0
2022-12-17,41,Oregon,686.0
2022-12-17,04,Arizona,568.0
2022-12-17,09,Connecticut,395.0
2022-12-17,US,US,21587.0
2022-12-17,05,Arkansas,251.0
2022-12-17,39,Ohio,972.0
2022-12-17,72,Puerto Rico,61.0
2022-12-17,51,Virginia,286.0
2022-12-17,02,Alaska,51.0
2022-12-17,45,South Carolina,149.0
2022-12-17,19,Iowa,325.0
2022-12-17,26,Michigan,894.0
2022-12-17,42,Pennsylvania,1042.0
2022-12-17,20,Kansas,219.0
2022-12-17,10,Delaware,25.0
2022-12-17,21,Kentucky,429.0
2022-12-17,56,Wyoming,39.0
2022-12-17,17,Illinois,730.0
2022-12-17,48,Texas,1533.0
2022-12-17,50,Vermont,56.0
2022-12-17,08,Colorado,255.0
2022-12-17,16,Idaho,286.0
2022-12-17,44,Rhode Island,41.0
2022-12-10,13,Georgia,209.0
2022-12-10,49,Utah,60.0
2022-12-10,53,Washington,681.0
2022-12-10,35,New Mexico,407.0
2022-12-10,22,Louisiana,382.0
2022-12-10,34,New Jersey,756.0
2022-12-10,40,Oklahoma,807.0
2022-12-10,30,Montana,100.0
2022-12-10,36,New York,1469.0
2022-12-10,25,Massachusetts,578.0
2022-12-10,55,Wisconsin,479.0
2022-12-10,12,Florida,785.0
2022-12-10,29,Missouri,828.0
2022-12-10,54,West Virginia,246.0
2022-12-10,06,California,2435.0
2022-12-10,33,New Hampshire,65.0
2022-12-10,46,South Dakota,84.0
2022-12-10,47,Tennessee,486.0
2022-12-10,11,District of Columbia,40.0
2022-12-10,28,Mississippi,179.0
2022-12-10,32,Nevada,445.0
2022-12-10,24,Maryland,325.0
2022-12-10,27,Minnesota,345.0
2022-12-10,01,Alabama,254.0
2022-12-10,18,Indiana,843.0
2022-12-10,23,Maine,117.0
2022-12-10,31,Nebraska,122.0
2022-12-10,15,Hawaii,13.0
2022-12-10,37,North Carolina,395.0
2022-12-10,38,North Dakota,34.0
2022-12-10,41,Oregon,650.0
2022-12-10,04,Arizona,779.0
2022-12-10,09,Connecticut,394.0
2022-12-10,US,US,24016.0
2022-12-10,05,Arkansas,346.0
2022-12-10,39,Ohio,957.0
2022-12-10,72,Puerto Rico,73.0
2022-12-10,51,Virginia,368.0
2022-12-10,02,Alaska,73.0
2022-12-10,45,South Carolina,160.0
2022-12-10,19,Iowa,231.0
2022-12-10,26,Michigan,591.0
2022-12-10,42,Pennsylvania,1184.0
2022-12-10,20,Kansas,255.0
2022-12-10,10,Delaware,30.0
2022-12-10,21,Kentucky,673.0
2022-12-10,56,Wyoming,41.0
2022-12-10,17,Illinois,945.0
2022-12-10,48,Texas,1775.0
2022-12-10,50,Vermont,45.0
2022-12-10,08,Colorado,235.0
2022-12-10,16,Idaho,185.0
2022-12-10,44,Rhode Island,54.0
2022-12-03,13,Georgia,342.0
2022-12-03,49,Utah,34.0
2022-12-03,53,Washington,732.0
2022-12-03,35,New Mexico,345.0
2022-12-03,22,Louisiana,452.0
2022-12-03,34,New Jersey,995.0
2022-12-03,40,Oklahoma,771.0
2022-12-03,30,Montana,65.0
2022-12-03,36,New York,1308.0
2022-12-03,25,Massachusetts,483.0
2022-12-03,55,Wisconsin,459.0
2022-12-03,12,Florida,919.0
2022-12-03,29,Missouri,849.0
2022-12-03,54,West Virginia,318.0
2022-12-03,06,California,3159.0
2022-12-03,33,New Hampshire,29.0
2022-12-03,46,South Dakota,73.0
2022-12-03,47,Tennessee,687.0
2022-12-03,11,District of Columbia,65.0
2022-12-03,28,Mississippi,268.0
2022-12-03,32,Nevada,478.0
2022-12-03,24,Maryland,411.0
2022-12-03,27,Minnesota,443.0
2022-12-03,01,Alabama,417.0
2022-12-03,18,Indiana,831.0
2022-12-03,23,Maine,100.0
2022-12-03,31,Nebraska,104.0
2022-12-03,15,Hawaii,9.0
2022-12-03,37,North Carolina,638.0
2022-12-03,38,North Dakota,49.0
2022-12-03,41,Oregon,542.0
2022-12-03,04,Arizona,799.0
2022-12-03,09,Connecticut,426.0
2022-12-03,US,US,26834.0
2022-12-03,05,Arkansas,466.0
2022-12-03,39,Ohio,954.0
2022-12-03,72,Puerto Rico,77.0
2022-12-03,51,Virginia,495.0
2022-12-03,02,Alaska,53.0
2022-12-03,45,South Carolina,245.0
2022-12-03,19,Iowa,208.0
2022-12-03,26,Michigan,459.0
2022-12-03,42,Pennsylvania,1296.0
2022-12-03,20,Kansas,301.0
2022-12-03,10,Delaware,86.0
2022-12-03,21,Kentucky,849.0
2022-12-03,56,Wyoming,69.0
2022-12-03,17,Illinois,1097.0
2022-12-03,48,Texas,2179.0
2022-12-03,50,Vermont,31.0
2022-12-03,08,Colorado,163.0
2022-12-03,16,Idaho,183.0
2022-12-03,44,Rhode Island,22.0
2022-11-26,13,Georgia,258.0
2022-11-26,49,Utah,29.0
2022-11-26,53,Washington,536.0
2022-11-26,35,New Mexico,169.0
2022-11-26,22,Louisiana,330.0
2022-11-26,34,New Jersey,513.0
2022-11-26,40,Oklahoma,341.0
2022-11-26,30,Montana,44.0
2022-11-26,36,New York,765.0
2022-11-26,25,Massachusetts,189.0
2022-11-26,55,Wisconsin,235.0
2022-11-26,12,Florida,741.0
2022-11-26,29,Missouri,488.0
2022-11-26,54,West Virginia,189.0
2022-11-26,06,California,2631.0
2022-11-26,33,New Hampshire,9.0
2022-11-26,46,South Dakota,58.0
2022-11-26,47,Tennessee,471.0
2022-11-26,11,District of Columbia,57.0
2022-11-26,28,Mississippi,272.0
2022-11-26,32,Nevada,265.0
2022-11-26,24,Maryland,308.0
2022-11-26,27,Minnesota,381.0
2022-11-26,01,Alabama,268.0
2022-11-26,18,Indiana,457.0
2022-11-26,23,Maine,33.0
2022-11-26,31,Nebraska,60.0
2022-11-26,15,Hawaii,12.0
2022-11-26,37,North Carolina,430.0
2022-11-26,38,North Dakota,22.0
2022-11-26,41,Oregon,376.0
2022-11-26,04,Arizona,570.0
2022-11-26,09,Connecticut,183.0
2022-11-26,US,US,18152.0
2022-11-26,05,Arkansas,407.0
2022-11-26,39,Ohio,560.0
2022-11-26,72,Puerto Rico,73.0
2022-11-26,51,Virginia,380.0
2022-11-26,02,Alaska,65.0
2022-11-26,45,South Carolina,215.0
2022-11-26,19,Iowa,104.0
2022-11-26,26,Michigan,290.0
2022-11-26,42,Pennsylvania,700.0
2022-11-26,20,Kansas,153.0
2022-11-26,10,Delaware,39.0
2022-11-26,21,Kentucky,521.0
2022-11-26,56,Wyoming,37.0
2022-11-26,17,Illinois,797.0
2022-11-26,48,Texas,1796.0
2022-11-26,50,Vermont,13.0
2022-11-26,08,Colorado,157.0
2022-11-26,16,Idaho,141.0
2022-11-26,44,Rhode Island,14.0
2022-11-19,13,Georgia,236.0
2022-11-19,49,Utah,8.0
2022-11-19,53,Washington,239.0
2022-11-19,35,New Mexico,162.0
2022-11-19,22,Louisiana,237.0
2022-11-19,34,New Jersey,320.0
2022-11-19,40,Oklahoma,149.0
2022-11-19,30,Montana,13.0
2022-11-19,36,New York,466.0
2022-11-19,25,Massachusetts,77.0
2022-11-19,55,Wisconsin,88.0
2022-11-19,12,Florida,517.0
2022-11-19,29,Missouri,222.0
2022-11-19,54,West Virginia,136.0
2022-11-19,06,California,1499.0
2022-11-19,33,New Hampshire,9.0
2022-11-19,46,South Dakota,24.0
2022-11-19,47,Tennessee,285.0
2022-11-19,11,District of Columbia,35.0
2022-11-19,28,Mississippi,250.0
2022-11-19,32,Nevada,162.0
2022-11-19,24,Maryland,210.0
2022-11-19,27,Minnesota,243.0
2022-11-19,01,Alabama,258.0
2022-11-19,18,Indiana,235.0
2022-11-19,23,Maine,14.0
2022-11-19,31,Nebraska,31.0
2022-11-19,15,Hawaii,15.0
2022-11-19,37,North Carolina,369.0
2022-11-19,38,North Dakota,13.0
2022-11-19,41,Oregon,113.0
2022-11-19,04,Arizona,308.0
2022-11-19,09,Connecticut,103.0
2022-11-19,US,US,10930.0
2022-11-19,05,Arkansas,214.0
2022-11-19,39,Ohio,311.0
2022-11-19,72,Puerto Rico,65.0
2022-11-19,51,Virginia,262.0
2022-11-19,02,Alaska,36.0
2022-11-19,45,South Carolina,228.0
2022-11-19,19,Iowa,37.0
2022-11-19,26,Michigan,165.0
2022-11-19,42,Pennsylvania,399.0
2022-11-19,20,Kansas,64.0
2022-11-19,10,Delaware,53.0
2022-11-19,21,Kentucky,291.0
2022-11-19,56,Wyoming,36.0
2022-11-19,17,Illinois,386.0
2022-11-19,48,Texas,1168.0
2022-11-19,50,Vermont,2.0
2022-11-19,08,Colorado,107.0
2022-11-19,16,Idaho,56.0
2022-11-19,44,Rhode Island,3.0
2022-11-12,13,Georgia,263.0
2022-11-12,49,Utah,12.0
2022-11-12,53,Washington,89.0
2022-11-12,35,New Mexico,146.0
2022-11-12,22,Louisiana,227.0
2022-11-12,34,New Jersey,295.0
2022-11-12,40,Oklahoma,74.0
2022-11-12,30,Montana,11.0
2022-11-12,36,New York,268.0
2022-11-12,25,Massachusetts,41.0
2022-11-12,55,Wisconsin,45.0
2022-11-12,12,Florida,452.0
2022-11-12,29,Missouri,105.0
2022-11-12,54,West Virginia,127.0
2022-11-12,06,California,858.0
2022-11-12,33,New Hampshire,3.0
2022-11-12,46,South Dakota,13.0
2022-11-12,47,Tennessee,311.0
2022-11-12,11,District of Columbia,44.0
2022-11-12,28,Mississippi,244.0
2022-11-12,32,Nevada,92.0
2022-11-12,24,Maryland,214.0
2022-11-12,27,Minnesota,163.0
2022-11-12,01,Alabama,348.0
2022-11-12,18,Indiana,136.0
2022-11-12,23,Maine,8.0
2022-11-12,31,Nebraska,24.0
2022-11-12,15,Hawaii,21.0
2022-11-12,37,North Carolina,351.0
2022-11-12,38,North Dakota,10.0
2022-11-12,41,Oregon,51.0
2022-11-12,04,Arizona,134.0
2022-11-12,09,Connecticut,52.0
2022-11-12,US,US,8566.0
2022-11-12,05,Arkansas,203.0
2022-11-12,39,Ohio,257.0
2022-11-12,72,Puerto Rico,88.0
2022-11-12,51,Virginia,339.0
2022-11-12,02,Alaska,14.0
2022-11-12,45,South Carolina,256.0
2022-11-12,19,Iowa,20.0
2022-11-12,26,Michigan,88.0
2022-11-12,42,Pennsylvania,343.0
2022-11-12,20,Kansas,44.0
2022-11-12,10,Delaware,13.0
2022-11-12,21,Kentucky,223.0
2022-11-12,56,Wyoming,10.0
2022-11-12,17,Illinois,253.0
2022-11-12,48,Texas,1106.0
2022-11-12,50,Vermont,1.0
2022-11-12,08,Colorado,58.0
2022-11-12,16,Idaho,11.0
2022-11-12,44,Rhode Island,6.0
2022-11-05,13,Georgia,250.0
2022-11-05,49,Utah,6.0
2022-11-05,53,Washington,43.0
2022-11-05,35,New Mexico,87.0
2022-11-05,22,Louisiana,221.0
2022-11-05,34,New Jersey,166.0
2022-11-05,40,Oklahoma,47.0
2022-11-05,30,Montana,6.0
2022-11-05,36,New York,189.0
2022-11-05,25,Massachusetts,32.0
2022-11-05,55,Wisconsin,33.0
2022-11-05,12,Florida,290.0
2022-11-05,29,Missouri,66.0
2022-11-05,54,West Virginia,89.0
2022-11-05,06,California,416.0
2022-11-05,33,New Hampshire,3.0
2022-11-05,46,South Dakota,9.0
2022-11-05,47,Tennessee,231.0
2022-11-05,11,District of Columbia,33.0
2022-11-05,28,Mississippi,260.0
2022-11-05,32,Nevada,35.0
2022-11-05,24,Maryland,156.0
2022-11-05,27,Minnesota,83.0
2022-11-05,01,Alabama,399.0
2022-11-05,18,Indiana,141.0
2022-11-05,23,Maine,3.0
2022-11-05,31,Nebraska,31.0
2022-11-05,15,Hawaii,7.0
2022-11-05,37,North Carolina,283.0
2022-11-05,38,North Dakota,6.0
2022-11-05,41,Oregon,32.0
2022-11-05,04,Arizona,79.0
2022-11-05,09,Connecticut,38.0
2022-11-05,US,US,6398.0
2022-11-05,05,Arkansas,134.0
2022-11-05,39,Ohio,196.0
2022-11-05,72,Puerto Rico,90.0
2022-11-05,51,Virginia,307.0
2022-11-05,02,Alaska,15.0
2022-11-05,45,South Carolina,248.0
2022-11-05,19,Iowa,16.0
2022-11-05,26,Michigan,55.0
2022-11-05,42,Pennsylvania,228.0
2022-11-05,20,Kansas,34.0
2022-11-05,10,Delaware,10.0
2022-11-05,21,Kentucky,124.0
2022-11-05,56,Wyoming,7.0
2022-11-05,17,Illinois,154.0
2022-11-05,48,Texas,953.0
2022-11-05,50,Vermont,0.0
2022-11-05,08,Colorado,35.0
2022-11-05,16,Idaho,16.0
2022-11-05,44,Rhode Island,3.0
2022-10-29,13,Georgia,216.0
2022-10-29,49,Utah,12.0
2022-10-29,53,Washington,33.0
2022-10-29,35,New Mexico,53.0
2022-10-29,22,Louisiana,235.0
2022-10-29,34,New Jersey,67.0
2022-10-29,40,Oklahoma,57.0
2022-10-29,30,Montana,3.0
2022-10-29,36,New York,105.0
2022-10-29,25,Massachusetts,15.0
2022-10-29,55,Wisconsin,15.0
2022-10-29,12,Florida,241.0
2022-10-29,29,Missouri,49.0
2022-10-29,54,West Virginia,56.0
2022-10-29,06,California,199.0
2022-10-29,33,New Hampshire,0.0
2022-10-29,46,South Dakota,9.0
2022-10-29,47,Tennessee,122.0
2022-10-29,11,District of Columbia,11.0
2022-10-29,28,Mississippi,148.0
2022-10-29,32,Nevada,12.0
2022-10-29,24,Maryland,105.0
2022-10-29,27,Minnesota,36.0
2022-10-29,01,Alabama,269.0
2022-10-29,18,Indiana,103.0
2022-10-29,23,Maine,3.0
2022-10-29,31,Nebraska,12.0
2022-10-29,15,Hawaii,7.0
2022-10-29,37,North Carolina,185.0
2022-10-29,38,North Dakota,2.0
2022-10-29,41,Oregon,5.0
2022-10-29,04,Arizona,26.0
2022-10-29,09,Connecticut,36.0
2022-10-29,US,US,4177.0
2022-10-29,05,Arkansas,77.0
2022-10-29,39,Ohio,105.0
2022-10-29,72,Puerto Rico,52.0
2022-10-29,51,Virginia,172.0
2022-10-29,02,Alaska,11.0
2022-10-29,45,South Carolina,156.0
2022-10-29,19,Iowa,15.0
2022-10-29,26,Michigan,48.0
2022-10-29,42,Pennsylvania,166.0
2022-10-29,20,Kansas,19.0
2022-10-29,10,Delaware,4.0
2022-10-29,21,Kentucky,66.0
2022-10-29,56,Wyoming,4.0
2022-10-29,17,Illinois,106.0
2022-10-29,48,Texas,699.0
2022-10-29,50,Vermont,1.0
2022-10-29,08,Colorado,27.0
2022-10-29,16,Idaho,1.0
2022-10-29,44,Rhode Island,0.0
2022-10-22,13,Georgia,137.0
2022-10-22,49,Utah,6.0
2022-10-22,53,Washington,21.0
2022-10-22,35,New Mexico,26.0
2022-10-22,22,Louisiana,129.0
2022-10-22,34,New Jersey,35.0
2022-10-22,40,Oklahoma,30.0
2022-10-22,30,Montana,0.0
2022-10-22,36,New York,41.0
2022-10-22,25,Massachusetts,9.0
2022-10-22,55,Wisconsin,11.0
2022-10-22,12,Florida,124.0
2022-10-22,29,Missouri,23.0
2022-10-22,54,West Virginia,15.0
2022-10-22,06,California,121.0
2022-10-22,33,New Hampshire,1.0
2022-10-22,46,South Dakota,13.0
2022-10-22,47,Tennessee,87.0
2022-10-22,11,District of Columbia,5.0
2022-10-22,28,Mississippi,88.0
2022-10-22,32,Nevada,15.0
2022-10-22,24,Maryland,43.0
2022-10-22,27,Minnesota,14.0
2022-10-22,01,Alabama,140.0
2022-10-22,18,Indiana,69.0
2022-10-22,23,Maine,0.0
2022-10-22,31,Nebraska,12.0
2022-10-22,15,Hawaii,3.0
2022-10-22,37,North Carolina,71.0
2022-10-22,38,North Dakota,2.0
2022-10-22,41,Oregon,6.0
2022-10-22,04,Arizona,24.0
2022-10-22,09,Connecticut,11.0
2022-10-22,US,US,2269.0
2022-10-22,05,Arkansas,47.0
2022-10-22,39,Ohio,33.0
2022-10-22,72,Puerto Rico,49.0
2022-10-22,51,Virginia,77.0
2022-10-22,02,Alaska,1.0
2022-10-22,45,South Carolina,70.0
2022-10-22,19,Iowa,9.0
2022-10-22,26,Michigan,12.0
2022-10-22,42,Pennsylvania,90.0
2022-10-22,20,Kansas,16.0
2022-10-22,10,Delaware,1.0
2022-10-22,21,Kentucky,13.0
2022-10-22,56,Wyoming,2.0
2022-10-22,17,Illinois,39.0
2022-10-22,48,Texas,460.0
2022-10-22,50,Vermont,0.0
2022-10-22,08,Colorado,14.0
2022-10-22,16,Idaho,1.0
2022-10-22,44,Rhode Island,2.0
2022-10-15,13,Georgia,144.0
2022-10-15,49,Utah,3.0
2022-10-15,53,Washington,13.0
2022-10-15,35,New Mexico,23.0
2022-10-15,22,Louisiana,98.0
2022-10-15,34,New Jersey,32.0
2022-10-15,40,Oklahoma,14.0
2022-10-15,30,Montana,0.0
2022-10-15,36,New York,48.0
2022-10-15,25,Massachusetts,8.0
2022-10-15,55,Wisconsin,2.0
2022-10-15,12,Florida,101.0
2022-10-15,29,Missouri,10.0
2022-10-15,54,West Virginia,11.0
2022-10-15,06,California,87.0
2022-10-15,33,New Hampshire,0.0
2022-10-15,46,South Dakota,12.0
2022-10-15,47,Tennessee,59.0
2022-10-15,11,District of Columbia,2.0
2022-10-15,28,Mississippi,67.0
2022-10-15,32,Nevada,15.0
2022-10-15,24,Maryland,27.0
2022-10-15,27,Minnesota,3.0
2022-10-15,01,Alabama,87.0
2022-10-15,18,Indiana,54.0
2022-10-15,23,Maine,0.0
2022-10-15,31,Nebraska,11.0
2022-10-15,15,Hawaii,6.0
2022-10-15,37,North Carolina,34.0
2022-10-15,38,North Dakota,1.0
2022-10-15,41,Oregon,3.0
2022-10-15,04,Arizona,11.0
2022-10-15,09,Connecticut,6.0
2022-10-15,US,US,1671.0
2022-10-15,05,Arkansas,37.0
2022-10-15,39,Ohio,32.0
2022-10-15,72,Puerto Rico,43.0
2022-10-15,51,Virginia,53.0
2022-10-15,02,Alaska,5.0
2022-10-15,45,South Carolina,42.0
2022-10-15,19,Iowa,7.0
2022-10-15,26,Michigan,15.0
2022-10-15,42,Pennsylvania,77.0
2022-10-15,20,Kansas,4.0
2022-10-15,10,Delaware,0.0
2022-10-15,21,Kentucky,23.0
2022-10-15,56,Wyoming,2.0
2022-10-15,17,Illinois,28.0
2022-10-15,48,Texas,305.0
2022-10-15,50,Vermont,0.0
2022-10-15,08,Colorado,3.0
2022-10-15,16,Idaho,1.0
2022-10-15,44,Rhode Island,0.0
2022-10-08,13,Georgia,109.0
2022-10-08,49,Utah,0.0
2022-10-08,53,Washington,15.0
2022-10-08,35,New Mexico,25.0
2022-10-08,22,Louisiana,67.0
2022-10-08,34,New Jersey,24.0
2022-10-08,40,Oklahoma,6.0
2022-10-08,30,Montana,0.0
2022-10-08,36,New York,38.0
2022-10-08,25,Massachusetts,6.0
2022-10-08,55,Wisconsin,1.0
2022-10-08,12,Florida,113.0
2022-10-08,29,Missouri,6.0
2022-10-08,54,West Virginia,5.0
2022-10-08,06,California,92.0
2022-10-08,33,New Hampshire,0.0
2022-10-08,46,South Dakota,10.0
2022-10-08,47,Tennessee,39.0
2022-10-08,11,District of Columbia,1.0
2022-10-08,28,Mississippi,60.0
2022-10-08,32,Nevada,35.0
2022-10-08,24,Maryland,17.0
2022-10-08,27,Minnesota,12.0
2022-10-08,01,Alabama,42.0
2022-10-08,18,Indiana,46.0
2022-10-08,23,Maine,1.0
2022-10-08,31,Nebraska,20.0
2022-10-08,15,Hawaii,5.0
2022-10-08,37,North Carolina,20.0
2022-10-08,38,North Dakota,0.0
2022-10-08,41,Oregon,0.0
2022-10-08,04,Arizona,13.0
2022-10-08,09,Connecticut,2.0
2022-10-08,US,US,1306.0
2022-10-08,05,Arkansas,22.0
2022-10-08,39,Ohio,17.0
2022-10-08,72,Puerto Rico,33.0
2022-10-08,51,Virginia,48.0
2022-10-08,02,Alaska,0.0
2022-10-08,45,South Carolina,33.0
2022-10-08,19,Iowa,6.0
2022-10-08,26,Michigan,12.0
2022-10-08,42,Pennsylvania,58.0
2022-10-08,20,Kansas,7.0
2022-10-08,10,Delaware,0.0
2022-10-08,21,Kentucky,7.0
2022-10-08,56,Wyoming,1.0
2022-10-08,17,Illinois,12.0
2022-10-08,48,Texas,213.0
2022-10-08,50,Vermont,1.0
2022-10-08,08,Colorado,2.0
2022-10-08,16,Idaho,1.0
2022-10-08,44,Rhode Island,1.0
2022-10-01,06,California,68.0
2022-10-01,25,Massachusetts,4.0
2022-10-01,04,Arizona,10.0
2022-10-01,20,Kansas,1.0
2022-10-01,30,Montana,2.0
2022-10-01,28,Mississippi,29.0
2022-10-01,41,Oregon,1.0
2022-10-01,32,Nevada,15.0
2022-10-01,50,Vermont,0.0
2022-10-01,38,North Dakota,0.0
2022-10-01,10,Delaware,0.0
2022-10-01,09,Connecticut,2.0
2022-10-01,21,Kentucky,4.0
2022-10-01,US,US,921.0
2022-10-01,24,Maryland,6.0
2022-10-01,34,New Jersey,21.0
2022-10-01,35,New Mexico,14.0
2022-10-01,51,Virginia,29.0
2022-10-01,02,Alaska,2.0
2022-10-01,48,Texas,127.0
2022-10-01,01,Alabama,28.0
2022-10-01,11,District of Columbia,0.0
2022-10-01,42,Pennsylvania,45.0
2022-10-01,45,South Carolina,18.0
2022-10-01,46,South Dakota,10.0
2022-10-01,18,Indiana,38.0
2022-10-01,49,Utah,0.0
2022-10-01,29,Missouri,12.0
2022-10-01,55,Wisconsin,1.0
2022-10-01,54,West Virginia,1.0
2022-10-01,15,Hawaii,4.0
2022-10-01,44,Rhode Island,1.0
2022-10-01,19,Iowa,9.0
2022-10-01,53,Washington,11.0
2022-10-01,08,Colorado,3.0
2022-10-01,12,Florida,78.0
2022-10-01,16,Idaho,3.0
2022-10-01,05,Arkansas,10.0
2022-10-01,22,Louisiana,47.0
2022-10-01,40,Oklahoma,8.0
2022-10-01,26,Michigan,4.0
2022-10-01,72,Puerto Rico,45.0
2022-10-01,31,Nebraska,18.0
2022-10-01,36,New York,28.0
2022-10-01,13,Georgia,77.0
2022-10-01,17,Illinois,10.0
2022-10-01,23,Maine,0.0
2022-10-01,37,North Carolina,21.0
2022-10-01,33,New Hampshire,1.0
2022-10-01,27,Minnesota,2.0
2022-10-01,39,Ohio,15.0
2022-10-01,47,Tennessee,38.0
2022-10-01,56,Wyoming,0.0
2022-09-24,06,California,35.0
2022-09-24,25,Massachusetts,4.0
2022-09-24,04,Arizona,9.0
2022-09-24,20,Kansas,1.0
2022-09-24,30,Montana,0.0
2022-09-24,28,Mississippi,20.0
2022-09-24,41,Oregon,2.0
2022-09-24,32,Nevada,11.0
2022-09-24,50,Vermont,0.0
2022-09-24,38,North Dakota,1.0
2022-09-24,10,Delaware,0.0
2022-09-24,09,Connecticut,3.0
2022-09-24,21,Kentucky,10.0
2022-09-24,US,US,795.0
2022-09-24,24,Maryland,3.0
2022-09-24,34,New Jersey,15.0
2022-09-24,35,New Mexico,6.0
2022-09-24,51,Virginia,16.0
2022-09-24,02,Alaska,0.0
2022-09-24,48,Texas,215.0
2022-09-24,01,Alabama,19.0
2022-09-24,11,District of Columbia,1.0
2022-09-24,42,Pennsylvania,34.0
2022-09-24,45,South Carolina,17.0
2022-09-24,46,South Dakota,7.0
2022-09-24,18,Indiana,32.0
2022-09-24,49,Utah,1.0
2022-09-24,29,Missouri,8.0
2022-09-24,55,Wisconsin,4.0
2022-09-24,54,West Virginia,1.0
2022-09-24,15,Hawaii,3.0
2022-09-24,44,Rhode Island,0.0
2022-09-24,19,Iowa,2.0
2022-09-24,53,Washington,7.0
2022-09-24,08,Colorado,4.0
2022-09-24,12,Florida,78.0
2022-09-24,16,Idaho,3.0
2022-09-24,05,Arkansas,7.0
2022-09-24,22,Louisiana,18.0
2022-09-24,40,Oklahoma,6.0
2022-09-24,26,Michigan,7.0
2022-09-24,72,Puerto Rico,35.0
2022-09-24,31,Nebraska,2.0
2022-09-24,36,New York,21.0
2022-09-24,13,Georgia,55.0
2022-09-24,17,Illinois,15.0
2022-09-24,23,Maine,0.0
2022-09-24,37,North Carolina,11.0
2022-09-24,33,New Hampshire,1.0
2022-09-24,27,Minnesota,2.0
2022-09-24,39,Ohio,11.0
2022-09-24,47,Tennessee,32.0
2022-09-24,56,Wyoming,0.0
2022-09-17,06,California,21.0
2022-09-17,25,Massachusetts,3.0
2022-09-17,04,Arizona,7.0
2022-09-17,20,Kansas,0.0
2022-09-17,30,Montana,1.0
2022-09-17,28,Mississippi,36.0
2022-09-17,41,Oregon,0.0
2022-09-17,32,Nevada,8.0
2022-09-17,50,Vermont,0.0
2022-09-17,38,North Dakota,0.0
2022-09-17,10,Delaware,2.0
2022-09-17,09,Connecticut,5.0
2022-09-17,21,Kentucky,5.0
2022-09-17,US,US,665.0
2022-09-17,24,Maryland,8.0
2022-09-17,34,New Jersey,10.0
2022-09-17,35,New Mexico,4.0
2022-09-17,51,Virginia,27.0
2022-09-17,02,Alaska,0.0
2022-09-17,48,Texas,123.0
2022-09-17,01,Alabama,22.0
2022-09-17,11,District of Columbia,0.0
2022-09-17,42,Pennsylvania,32.0
2022-09-17,45,South Carolina,9.0
2022-09-17,46,South Dakota,7.0
2022-09-17,18,Indiana,26.0
2022-09-17,49,Utah,0.0
2022-09-17,29,Missouri,6.0
2022-09-17,55,Wisconsin,0.0
2022-09-17,54,West Virginia,1.0
2022-09-17,15,Hawaii,2.0
2022-09-17,44,Rhode Island,0.0
2022-09-17,19,Iowa,1.0
2022-09-17,53,Washington,16.0
2022-09-17,08,Colorado,3.0
2022-09-17,12,Florida,79.0
2022-09-17,16,Idaho,0.0
2022-09-17,05,Arkansas,5.0
2022-09-17,22,Louisiana,19.0
2022-09-17,40,Oklahoma,12.0
2022-09-17,26,Michigan,2.0
2022-09-17,72,Puerto Rico,39.0
2022-09-17,31,Nebraska,9.0
2022-09-17,36,New York,20.0
2022-09-17,13,Georgia,46.0
2022-09-17,17,Illinois,4.0
2022-09-17,23,Maine,0.0
2022-09-17,37,North Carolina,17.0
2022-09-17,33,New Hampshire,3.0
2022-09-17,27,Minnesota,0.0
2022-09-17,39,Ohio,7.0
2022-09-17,47,Tennessee,17.0
2022-09-17,56,Wyoming,0.0
2022-09-10,06,California,36.0
2022-09-10,25,Massachusetts,1.0
2022-09-10,04,Arizona,4.0
2022-09-10,20,Kansas,1.0
2022-09-10,30,Montana,0.0
2022-09-10,28,Mississippi,18.0
2022-09-10,41,Oregon,1.0
2022-09-10,32,Nevada,1.0
2022-09-10,50,Vermont,0.0
2022-09-10,38,North Dakota,0.0
2022-09-10,10,Delaware,0.0
2022-09-10,09,Connecticut,3.0
2022-09-10,21,Kentucky,8.0
2022-09-10,US,US,576.0
2022-09-10,24,Maryland,3.0
2022-09-10,34,New Jersey,7.0
2022-09-10,35,New Mexico,11.0
2022-09-10,51,Virginia,20.0
2022-09-10,02,Alaska,5.0
2022-09-10,48,Texas,105.0
2022-09-10,01,Alabama,12.0
2022-09-10,11,District of Columbia,0.0
2022-09-10,42,Pennsylvania,37.0
2022-09-10,45,South Carolina,7.0
2022-09-10,46,South Dakota,7.0
2022-09-10,18,Indiana,26.0
2022-09-10,49,Utah,1.0
2022-09-10,29,Missouri,4.0
2022-09-10,55,Wisconsin,0.0
2022-09-10,54,West Virginia,0.0
2022-09-10,15,Hawaii,1.0
2022-09-10,44,Rhode Island,0.0
2022-09-10,19,Iowa,0.0
2022-09-10,53,Washington,10.0
2022-09-10,08,Colorado,2.0
2022-09-10,12,Florida,50.0
2022-09-10,16,Idaho,0.0
2022-09-10,05,Arkansas,6.0
2022-09-10,22,Louisiana,16.0
2022-09-10,40,Oklahoma,11.0
2022-09-10,26,Michigan,9.0
2022-09-10,72,Puerto Rico,37.0
2022-09-10,31,Nebraska,2.0
2022-09-10,36,New York,15.0
2022-09-10,13,Georgia,43.0
2022-09-10,17,Illinois,5.0
2022-09-10,23,Maine,0.0
2022-09-10,37,North Carolina,13.0
2022-09-10,33,New Hampshire,0.0
2022-09-10,27,Minnesota,1.0
2022-09-10,39,Ohio,16.0
2022-09-10,47,Tennessee,20.0
2022-09-10,56,Wyoming,0.0
2022-09-03,06,California,33.0
2022-09-03,25,Massachusetts,4.0
2022-09-03,04,Arizona,14.0
2022-09-03,20,Kansas,0.0
2022-09-03,30,Montana,0.0
2022-09-03,28,Mississippi,21.0
2022-09-03,41,Oregon,0.0
2022-09-03,32,Nevada,7.0
2022-09-03,50,Vermont,1.0
2022-09-03,38,North Dakota,1.0
2022-09-03,10,Delaware,1.0
2022-09-03,09,Connecticut,4.0
2022-09-03,21,Kentucky,4.0
2022-09-03,US,US,545.0
2022-09-03,24,Maryland,0.0
2022-09-03,34,New Jersey,8.0
2022-09-03,35,New Mexico,17.0
2022-09-03,51,Virginia,24.0
2022-09-03,02,Alaska,0.0
2022-09-03,48,Texas,95.0
2022-09-03,01,Alabama,13.0
2022-09-03,11,District of Columbia,0.0
2022-09-03,42,Pennsylvania,29.0
2022-09-03,45,South Carolina,9.0
2022-09-03,46,South Dakota,7.0
2022-09-03,18,Indiana,18.0
2022-09-03,49,Utah,1.0
2022-09-03,29,Missouri,8.0
2022-09-03,55,Wisconsin,3.0
2022-09-03,54,West Virginia,0.0
2022-09-03,15,Hawaii,2.0
2022-09-03,44,Rhode Island,0.0
2022-09-03,19,Iowa,3.0
2022-09-03,53,Washington,17.0
2022-09-03,08,Colorado,1.0
2022-09-03,12,Florida,53.0
2022-09-03,16,Idaho,3.0
2022-09-03,05,Arkansas,6.0
2022-09-03,22,Louisiana,10.0
2022-09-03,40,Oklahoma,7.0
2022-09-03,26,Michigan,1.0
2022-09-03,72,Puerto Rico,23.0
2022-09-03,31,Nebraska,8.0
2022-09-03,36,New York,23.0
2022-09-03,13,Georgia,20.0
2022-09-03,17,Illinois,10.0
2022-09-03,23,Maine,0.0
2022-09-03,37,North Carolina,6.0
2022-09-03,33,New Hampshire,0.0
2022-09-03,27,Minnesota,1.0
2022-09-03,39,Ohio,13.0
2022-09-03,47,Tennessee,14.0
2022-09-03,56,Wyoming,0.0
2022-08-27,06,California,29.0
2022-08-27,25,Massachusetts,3.0
2022-08-27,04,Arizona,16.0
2022-08-27,20,Kansas,1.0
2022-08-27,30,Montana,0.0
2022-08-27,28,Mississippi,13.0
2022-08-27,41,Oregon,0.0
2022-08-27,32,Nevada,5.0
2022-08-27,50,Vermont,0.0
2022-08-27,38,North Dakota,0.0
2022-08-27,10,Delaware,0.0
2022-08-27,09,Connecticut,8.0
2022-08-27,21,Kentucky,4.0
2022-08-27,US,US,482.0
2022-08-27,24,Maryland,4.0
2022-08-27,34,New Jersey,12.0
2022-08-27,35,New Mexico,6.0
2022-08-27,51,Virginia,14.0
2022-08-27,02,Alaska,1.0
2022-08-27,48,Texas,71.0
2022-08-27,01,Alabama,10.0
2022-08-27,11,District of Columbia,1.0
2022-08-27,42,Pennsylvania,23.0
2022-08-27,45,South Carolina,3.0
2022-08-27,46,South Dakota,7.0
2022-08-27,18,Indiana,15.0
2022-08-27,49,Utah,0.0
2022-08-27,29,Missouri,2.0
2022-08-27,55,Wisconsin,2.0
2022-08-27,54,West Virginia,0.0
2022-08-27,15,Hawaii,1.0
2022-08-27,44,Rhode Island,0.0
2022-08-27,19,Iowa,1.0
2022-08-27,53,Washington,7.0
2022-08-27,08,Colorado,1.0
2022-08-27,12,Florida,65.0
2022-08-27,16,Idaho,0.0
2022-08-27,05,Arkansas,3.0
2022-08-27,22,Louisiana,11.0
2022-08-27,40,Oklahoma,8.0
2022-08-27,26,Michigan,2.0
2022-08-27,72,Puerto Rico,20.0
2022-08-27,31,Nebraska,9.0
2022-08-27,36,New York,24.0
2022-08-27,13,Georgia,26.0
2022-08-27,17,Illinois,16.0
2022-08-27,23,Maine,0.0
2022-08-27,37,North Carolina,11.0
2022-08-27,33,New Hampshire,0.0
2022-08-27,27,Minnesota,1.0
2022-08-27,39,Ohio,10.0
2022-08-27,47,Tennessee,15.0
2022-08-27,56,Wyoming,0.0
2022-08-20,06,California,35.0
2022-08-20,25,Massachusetts,2.0
2022-08-20,04,Arizona,14.0
2022-08-20,20,Kansas,2.0
2022-08-20,30,Montana,1.0
2022-08-20,28,Mississippi,13.0
2022-08-20,41,Oregon,0.0
2022-08-20,32,Nevada,1.0
2022-08-20,50,Vermont,0.0
2022-08-20,38,North Dakota,0.0
2022-08-20,10,Delaware,0.0
2022-08-20,09,Connecticut,2.0
2022-08-20,21,Kentucky,3.0
2022-08-20,US,US,483.0
2022-08-20,24,Maryland,6.0
2022-08-20,34,New Jersey,7.0
2022-08-20,35,New Mexico,6.0
2022-08-20,51,Virginia,16.0
2022-08-20,02,Alaska,1.0
2022-08-20,48,Texas,89.0
2022-08-20,01,Alabama,5.0
2022-08-20,11,District of Columbia,0.0
2022-08-20,42,Pennsylvania,38.0
2022-08-20,45,South Carolina,3.0
2022-08-20,46,South Dakota,7.0
2022-08-20,18,Indiana,11.0
2022-08-20,49,Utah,1.0
2022-08-20,29,Missouri,15.0
2022-08-20,55,Wisconsin,1.0
2022-08-20,54,West Virginia,1.0
2022-08-20,15,Hawaii,1.0
2022-08-20,44,Rhode Island,0.0
2022-08-20,19,Iowa,4.0
2022-08-20,53,Washington,12.0
2022-08-20,08,Colorado,10.0
2022-08-20,12,Florida,60.0
2022-08-20,16,Idaho,1.0
2022-08-20,05,Arkansas,3.0
2022-08-20,22,Louisiana,8.0
2022-08-20,40,Oklahoma,4.0
2022-08-20,26,Michigan,2.0
2022-08-20,72,Puerto Rico,13.0
2022-08-20,31,Nebraska,6.0
2022-08-20,36,New York,16.0
2022-08-20,13,Georgia,13.0
2022-08-20,17,Illinois,12.0
2022-08-20,23,Maine,0.0
2022-08-20,37,North Carolina,12.0
2022-08-20,33,New Hampshire,0.0
2022-08-20,27,Minnesota,0.0
2022-08-20,39,Ohio,10.0
2022-08-20,47,Tennessee,13.0
2022-08-20,56,Wyoming,0.0
2022-08-13,06,California,39.0
2022-08-13,25,Massachusetts,3.0
2022-08-13,04,Arizona,8.0
2022-08-13,20,Kansas,1.0
2022-08-13,30,Montana,0.0
2022-08-13,28,Mississippi,14.0
2022-08-13,41,Oregon,2.0
2022-08-13,32,Nevada,0.0
2022-08-13,50,Vermont,0.0
2022-08-13,38,North Dakota,3.0
2022-08-13,10,Delaware,0.0
2022-08-13,09,Connecticut,1.0
2022-08-13,21,Kentucky,4.0
2022-08-13,US,US,489.0
2022-08-13,24,Maryland,5.0
2022-08-13,34,New Jersey,9.0
2022-08-13,35,New Mexico,10.0
2022-08-13,51,Virginia,28.0
2022-08-13,02,Alaska,1.0
2022-08-13,48,Texas,64.0
2022-08-13,01,Alabama,7.0
2022-08-13,11,District of Columbia,0.0
2022-08-13,42,Pennsylvania,27.0
2022-08-13,45,South Carolina,6.0
2022-08-13,46,South Dakota,7.0
2022-08-13,18,Indiana,4.0
2022-08-13,49,Utah,0.0
2022-08-13,29,Missouri,12.0
2022-08-13,55,Wisconsin,1.0
2022-08-13,54,West Virginia,0.0
2022-08-13,15,Hawaii,1.0
2022-08-13,44,Rhode Island,0.0
2022-08-13,19,Iowa,1.0
2022-08-13,53,Washington,15.0
2022-08-13,08,Colorado,10.0
2022-08-13,12,Florida,74.0
2022-08-13,16,Idaho,0.0
2022-08-13,05,Arkansas,7.0
2022-08-13,22,Louisiana,13.0
2022-08-13,40,Oklahoma,11.0
2022-08-13,26,Michigan,3.0
2022-08-13,72,Puerto Rico,23.0
2022-08-13,31,Nebraska,0.0
2022-08-13,36,New York,11.0
2022-08-13,13,Georgia,19.0
2022-08-13,17,Illinois,11.0
2022-08-13,23,Maine,2.0
2022-08-13,37,North Carolina,9.0
2022-08-13,33,New Hampshire,0.0
2022-08-13,27,Minnesota,5.0
2022-08-13,39,Ohio,1.0
2022-08-13,47,Tennessee,16.0
2022-08-13,56,Wyoming,0.0
2022-08-06,06,California,38.0
2022-08-06,25,Massachusetts,5.0
2022-08-06,04,Arizona,5.0
2022-08-06,20,Kansas,2.0
2022-08-06,30,Montana,0.0
2022-08-06,28,Mississippi,19.0
2022-08-06,41,Oregon,1.0
2022-08-06,32,Nevada,1.0
2022-08-06,50,Vermont,0.0
2022-08-06,38,North Dakota,1.0
2022-08-06,10,Delaware,0.0
2022-08-06,09,Connecticut,3.0
2022-08-06,21,Kentucky,1.0
2022-08-06,US,US,486.0
2022-08-06,24,Maryland,2.0
2022-08-06,34,New Jersey,16.0
2022-08-06,35,New Mexico,1.0
2022-08-06,51,Virginia,15.0
2022-08-06,02,Alaska,0.0
2022-08-06,48,Texas,60.0
2022-08-06,01,Alabama,9.0
2022-08-06,11,District of Columbia,2.0
2022-08-06,42,Pennsylvania,23.0
2022-08-06,45,South Carolina,6.0
2022-08-06,46,South Dakota,5.0
2022-08-06,18,Indiana,10.0
2022-08-06,49,Utah,0.0
2022-08-06,29,Missouri,23.0
2022-08-06,55,Wisconsin,6.0
2022-08-06,54,West Virginia,0.0
2022-08-06,15,Hawaii,3.0
2022-08-06,44,Rhode Island,0.0
2022-08-06,19,Iowa,1.0
2022-08-06,53,Washington,17.0
2022-08-06,08,Colorado,12.0
2022-08-06,12,Florida,69.0
2022-08-06,16,Idaho,2.0
2022-08-06,05,Arkansas,3.0
2022-08-06,22,Louisiana,6.0
2022-08-06,40,Oklahoma,22.0
2022-08-06,26,Michigan,1.0
2022-08-06,72,Puerto Rico,10.0
2022-08-06,31,Nebraska,3.0
2022-08-06,36,New York,11.0
2022-08-06,13,Georgia,33.0
2022-08-06,17,Illinois,13.0
2022-08-06,23,Maine,0.0
2022-08-06,37,North Carolina,1.0
2022-08-06,33,New Hampshire,0.0
2022-08-06,27,Minnesota,2.0
2022-08-06,39,Ohio,4.0
2022-08-06,47,Tennessee,17.0
2022-08-06,56,Wyoming,0.0
2022-07-30,06,California,47.0
2022-07-30,25,Massachusetts,3.0
2022-07-30,04,Arizona,15.0
2022-07-30,20,Kansas,3.0
2022-07-30,30,Montana,0.0
2022-07-30,28,Mississippi,18.0
2022-07-30,41,Oregon,1.0
2022-07-30,32,Nevada,5.0
2022-07-30,50,Vermont,0.0
2022-07-30,38,North Dakota,0.0
2022-07-30,10,Delaware,0.0
2022-07-30,09,Connecticut,3.0
2022-07-30,21,Kentucky,6.0
2022-07-30,US,US,520.0
2022-07-30,24,Maryland,3.0
2022-07-30,34,New Jersey,9.0
2022-07-30,35,New Mexico,1.0
2022-07-30,51,Virginia,27.0
2022-07-30,02,Alaska,0.0
2022-07-30,48,Texas,62.0
2022-07-30,01,Alabama,9.0
2022-07-30,11,District of Columbia,0.0
2022-07-30,42,Pennsylvania,24.0
2022-07-30,45,South Carolina,15.0
2022-07-30,46,South Dakota,8.0
2022-07-30,18,Indiana,10.0
2022-07-30,49,Utah,1.0
2022-07-30,29,Missouri,12.0
2022-07-30,55,Wisconsin,2.0
2022-07-30,54,West Virginia,0.0
2022-07-30,15,Hawaii,2.0
2022-07-30,44,Rhode Island,0.0
2022-07-30,19,Iowa,0.0
2022-07-30,53,Washington,13.0
2022-07-30,08,Colorado,8.0
2022-07-30,12,Florida,74.0
2022-07-30,16,Idaho,1.0
2022-07-30,05,Arkansas,1.0
2022-07-30,22,Louisiana,4.0
2022-07-30,40,Oklahoma,6.0
2022-07-30,26,Michigan,4.0
2022-07-30,72,Puerto Rico,15.0
2022-07-30,31,Nebraska,3.0
2022-07-30,36,New York,17.0
2022-07-30,13,Georgia,39.0
2022-07-30,17,Illinois,9.0
2022-07-30,23,Maine,0.0
2022-07-30,37,North Carolina,11.0
2022-07-30,33,New Hampshire,1.0
2022-07-30,27,Minnesota,3.0
2022-07-30,39,Ohio,7.0
2022-07-30,47,Tennessee,14.0
2022-07-30,56,Wyoming,2.0
2022-07-23,06,California,61.0
2022-07-23,25,Massachusetts,3.0
2022-07-23,04,Arizona,13.0
2022-07-23,20,Kansas,2.0
2022-07-23,30,Montana,0.0
2022-07-23,28,Mississippi,23.0
2022-07-23,41,Oregon,1.0
2022-07-23,32,Nevada,4.0
2022-07-23,50,Vermont,0.0
2022-07-23,38,North Dakota,2.0
2022-07-23,10,Delaware,0.0
2022-07-23,09,Connecticut,6.0
2022-07-23,21,Kentucky,1.0
2022-07-23,US,US,627.0
2022-07-23,24,Maryland,3.0
2022-07-23,34,New Jersey,8.0
2022-07-23,35,New Mexico,4.0
2022-07-23,51,Virginia,33.0
2022-07-23,02,Alaska,0.0
2022-07-23,48,Texas,81.0
2022-07-23,01,Alabama,5.0
2022-07-23,11,District of Columbia,0.0
2022-07-23,42,Pennsylvania,28.0
2022-07-23,45,South Carolina,26.0
2022-07-23,46,South Dakota,6.0
2022-07-23,18,Indiana,7.0
2022-07-23,49,Utah,0.0
2022-07-23,29,Missouri,25.0
2022-07-23,55,Wisconsin,0.0
2022-07-23,54,West Virginia,1.0
2022-07-23,15,Hawaii,1.0
2022-07-23,44,Rhode Island,0.0
2022-07-23,19,Iowa,0.0
2022-07-23,53,Washington,23.0
2022-07-23,08,Colorado,9.0
2022-07-23,12,Florida,89.0
2022-07-23,16,Idaho,0.0
2022-07-23,05,Arkansas,10.0
2022-07-23,22,Louisiana,18.0
2022-07-23,40,Oklahoma,5.0
2022-07-23,26,Michigan,7.0
2022-07-23,72,Puerto Rico,13.0
2022-07-23,31,Nebraska,1.0
2022-07-23,36,New York,10.0
2022-07-23,13,Georgia,28.0
2022-07-23,17,Illinois,4.0
2022-07-23,23,Maine,1.0
2022-07-23,37,North Carolina,38.0
2022-07-23,33,New Hampshire,1.0
2022-07-23,27,Minnesota,3.0
2022-07-23,39,Ohio,11.0
2022-07-23,47,Tennessee,11.0
2022-07-23,56,Wyoming,0.0
2022-07-16,06,California,99.0
2022-07-16,25,Massachusetts,6.0
2022-07-16,04,Arizona,9.0
2022-07-16,20,Kansas,0.0
2022-07-16,30,Montana,2.0
2022-07-16,28,Mississippi,20.0
2022-07-16,41,Oregon,7.0
2022-07-16,32,Nevada,18.0
2022-07-16,50,Vermont,1.0
2022-07-16,38,North Dakota,1.0
2022-07-16,10,Delaware,1.0
2022-07-16,09,Connecticut,3.0
2022-07-16,21,Kentucky,3.0
2022-07-16,US,US,765.0
2022-07-16,24,Maryland,7.0
2022-07-16,34,New Jersey,17.0
2022-07-16,35,New Mexico,5.0
2022-07-16,51,Virginia,19.0
2022-07-16,02,Alaska,0.0
2022-07-16,48,Texas,83.0
2022-07-16,01,Alabama,33.0
2022-07-16,11,District of Columbia,1.0
2022-07-16,42,Pennsylvania,20.0
2022-07-16,45,South Carolina,4.0
2022-07-16,46,South Dakota,0.0
2022-07-16,18,Indiana,9.0
2022-07-16,49,Utah,0.0
2022-07-16,29,Missouri,12.0
2022-07-16,55,Wisconsin,2.0
2022-07-16,54,West Virginia,6.0
2022-07-16,15,Hawaii,0.0
2022-07-16,44,Rhode Island,1.0
2022-07-16,19,Iowa,0.0
2022-07-16,53,Washington,30.0
2022-07-16,08,Colorado,9.0
2022-07-16,12,Florida,124.0
2022-07-16,16,Idaho,4.0
2022-07-16,05,Arkansas,19.0
2022-07-16,22,Louisiana,4.0
2022-07-16,40,Oklahoma,24.0
2022-07-16,26,Michigan,5.0
2022-07-16,72,Puerto Rico,15.0
2022-07-16,31,Nebraska,7.0
2022-07-16,36,New York,38.0
2022-07-16,13,Georgia,27.0
2022-07-16,17,Illinois,11.0
2022-07-16,23,Maine,0.0
2022-07-16,37,North Carolina,41.0
2022-07-16,33,New Hampshire,0.0
2022-07-16,27,Minnesota,2.0
2022-07-16,39,Ohio,5.0
2022-07-16,47,Tennessee,7.0
2022-07-16,56,Wyoming,3.0
2022-07-09,06,California,115.0
2022-07-09,25,Massachusetts,6.0
2022-07-09,04,Arizona,14.0
2022-07-09,20,Kansas,3.0
2022-07-09,30,Montana,2.0
2022-07-09,28,Mississippi,21.0
2022-07-09,41,Oregon,0.0
2022-07-09,32,Nevada,20.0
2022-07-09,50,Vermont,1.0
2022-07-09,38,North Dakota,0.0
2022-07-09,10,Delaware,0.0
2022-07-09,09,Connecticut,5.0
2022-07-09,21,Kentucky,6.0
2022-07-09,US,US,776.0
2022-07-09,24,Maryland,12.0
2022-07-09,34,New Jersey,15.0
2022-07-09,35,New Mexico,0.0
2022-07-09,51,Virginia,20.0
2022-07-09,02,Alaska,3.0
2022-07-09,48,Texas,56.0
2022-07-09,01,Alabama,15.0
2022-07-09,11,District of Columbia,2.0
2022-07-09,42,Pennsylvania,32.0
2022-07-09,45,South Carolina,8.0
2022-07-09,46,South Dakota,0.0
2022-07-09,18,Indiana,8.0
2022-07-09,49,Utah,0.0
2022-07-09,29,Missouri,14.0
2022-07-09,55,Wisconsin,1.0
2022-07-09,54,West Virginia,6.0
2022-07-09,15,Hawaii,3.0
2022-07-09,44,Rhode Island,9.0
2022-07-09,19,Iowa,3.0
2022-07-09,53,Washington,31.0
2022-07-09,08,Colorado,11.0
2022-07-09,12,Florida,161.0
2022-07-09,16,Idaho,3.0
2022-07-09,05,Arkansas,5.0
2022-07-09,22,Louisiana,1.0
2022-07-09,40,Oklahoma,26.0
2022-07-09,26,Michigan,9.0
2022-07-09,72,Puerto Rico,13.0
2022-07-09,31,Nebraska,5.0
2022-07-09,36,New York,36.0
2022-07-09,13,Georgia,28.0
2022-07-09,17,Illinois,10.0
2022-07-09,23,Maine,1.0
2022-07-09,37,North Carolina,15.0
2022-07-09,33,New Hampshire,1.0
2022-07-09,27,Minnesota,2.0
2022-07-09,39,Ohio,6.0
2022-07-09,47,Tennessee,9.0
2022-07-09,56,Wyoming,2.0
2022-07-02,06,California,193.0
2022-07-02,25,Massachusetts,6.0
2022-07-02,04,Arizona,16.0
2022-07-02,20,Kansas,4.0
2022-07-02,30,Montana,4.0
2022-07-02,28,Mississippi,17.0
2022-07-02,41,Oregon,3.0
2022-07-02,32,Nevada,24.0
2022-07-02,50,Vermont,3.0
2022-07-02,38,North Dakota,0.0
2022-07-02,10,Delaware,0.0
2022-07-02,09,Connecticut,8.0
2022-07-02,21,Kentucky,1.0
2022-07-02,US,US,1073.0
2022-07-02,24,Maryland,13.0
2022-07-02,34,New Jersey,11.0
2022-07-02,35,New Mexico,12.0
2022-07-02,51,Virginia,39.0
2022-07-02,02,Alaska,2.0
2022-07-02,48,Texas,80.0
2022-07-02,01,Alabama,8.0
2022-07-02,11,District of Columbia,1.0
2022-07-02,42,Pennsylvania,35.0
2022-07-02,45,South Carolina,11.0
2022-07-02,46,South Dakota,1.0
2022-07-02,18,Indiana,12.0
2022-07-02,49,Utah,5.0
2022-07-02,29,Missouri,11.0
2022-07-02,55,Wisconsin,8.0
2022-07-02,54,West Virginia,1.0
2022-07-02,15,Hawaii,3.0
2022-07-02,44,Rhode Island,0.0
2022-07-02,19,Iowa,3.0
2022-07-02,53,Washington,55.0
2022-07-02,08,Colorado,13.0
2022-07-02,12,Florida,208.0
2022-07-02,16,Idaho,3.0
2022-07-02,05,Arkansas,8.0
2022-07-02,22,Louisiana,7.0
2022-07-02,40,Oklahoma,25.0
2022-07-02,26,Michigan,11.0
2022-07-02,72,Puerto Rico,24.0
2022-07-02,31,Nebraska,9.0
2022-07-02,36,New York,45.0
2022-07-02,13,Georgia,35.0
2022-07-02,17,Illinois,7.0
2022-07-02,23,Maine,2.0
2022-07-02,37,North Carolina,38.0
2022-07-02,33,New Hampshire,0.0
2022-07-02,27,Minnesota,1.0
2022-07-02,39,Ohio,11.0
2022-07-02,47,Tennessee,35.0
2022-07-02,56,Wyoming,1.0
2022-06-25,06,California,238.0
2022-06-25,25,Massachusetts,10.0
2022-06-25,04,Arizona,35.0
2022-06-25,20,Kansas,3.0
2022-06-25,30,Montana,0.0
2022-06-25,28,Mississippi,23.0
2022-06-25,41,Oregon,8.0
2022-06-25,32,Nevada,36.0
2022-06-25,50,Vermont,0.0
2022-06-25,38,North Dakota,0.0
2022-06-25,10,Delaware,2.0
2022-06-25,09,Connecticut,6.0
2022-06-25,21,Kentucky,11.0
2022-06-25,US,US,1365.0
2022-06-25,24,Maryland,20.0
2022-06-25,34,New Jersey,23.0
2022-06-25,35,New Mexico,6.0
2022-06-25,51,Virginia,35.0
2022-06-25,02,Alaska,3.0
2022-06-25,48,Texas,92.0
2022-06-25,01,Alabama,7.0
2022-06-25,11,District of Columbia,3.0
2022-06-25,42,Pennsylvania,35.0
2022-06-25,45,South Carolina,29.0
2022-06-25,46,South Dakota,2.0
2022-06-25,18,Indiana,17.0
2022-06-25,49,Utah,3.0
2022-06-25,29,Missouri,19.0
2022-06-25,55,Wisconsin,7.0
2022-06-25,54,West Virginia,5.0
2022-06-25,15,Hawaii,6.0
2022-06-25,44,Rhode Island,1.0
2022-06-25,19,Iowa,5.0
2022-06-25,53,Washington,64.0
2022-06-25,08,Colorado,9.0
2022-06-25,12,Florida,302.0
2022-06-25,16,Idaho,2.0
2022-06-25,05,Arkansas,16.0
2022-06-25,22,Louisiana,11.0
2022-06-25,40,Oklahoma,28.0
2022-06-25,26,Michigan,16.0
2022-06-25,72,Puerto Rico,16.0
2022-06-25,31,Nebraska,6.0
2022-06-25,36,New York,65.0
2022-06-25,13,Georgia,27.0
2022-06-25,17,Illinois,19.0
2022-06-25,23,Maine,5.0
2022-06-25,37,North Carolina,58.0
2022-06-25,33,New Hampshire,1.0
2022-06-25,27,Minnesota,0.0
2022-06-25,39,Ohio,12.0
2022-06-25,47,Tennessee,15.0
2022-06-25,56,Wyoming,0.0
2022-06-18,06,California,305.0
2022-06-18,25,Massachusetts,15.0
2022-06-18,04,Arizona,55.0
2022-06-18,20,Kansas,0.0
2022-06-18,30,Montana,1.0
2022-06-18,28,Mississippi,13.0
2022-06-18,41,Oregon,12.0
2022-06-18,32,Nevada,62.0
2022-06-18,50,Vermont,2.0
2022-06-18,38,North Dakota,0.0
2022-06-18,10,Delaware,1.0
2022-06-18,09,Connecticut,14.0
2022-06-18,21,Kentucky,5.0
2022-06-18,US,US,1775.0
2022-06-18,24,Maryland,21.0
2022-06-18,34,New Jersey,43.0
2022-06-18,35,New Mexico,15.0
2022-06-18,51,Virginia,29.0
2022-06-18,02,Alaska,1.0
2022-06-18,48,Texas,110.0
2022-06-18,01,Alabama,15.0
2022-06-18,11,District of Columbia,2.0
2022-06-18,42,Pennsylvania,40.0
2022-06-18,45,South Carolina,17.0
2022-06-18,46,South Dakota,1.0
2022-06-18,18,Indiana,18.0
2022-06-18,49,Utah,1.0
2022-06-18,29,Missouri,23.0
2022-06-18,55,Wisconsin,9.0
2022-06-18,54,West Virginia,6.0
2022-06-18,15,Hawaii,4.0
2022-06-18,44,Rhode Island,2.0
2022-06-18,19,Iowa,6.0
2022-06-18,53,Washington,44.0
2022-06-18,08,Colorado,25.0
2022-06-18,12,Florida,460.0
2022-06-18,16,Idaho,5.0
2022-06-18,05,Arkansas,10.0
2022-06-18,22,Louisiana,12.0
2022-06-18,40,Oklahoma,28.0
2022-06-18,26,Michigan,32.0
2022-06-18,72,Puerto Rico,26.0
2022-06-18,31,Nebraska,3.0
2022-06-18,36,New York,92.0
2022-06-18,13,Georgia,41.0
2022-06-18,17,Illinois,23.0
2022-06-18,23,Maine,3.0
2022-06-18,37,North Carolina,59.0
2022-06-18,33,New Hampshire,1.0
2022-06-18,27,Minnesota,10.0
2022-06-18,39,Ohio,20.0
2022-06-18,47,Tennessee,25.0
2022-06-18,56,Wyoming,4.0
2022-06-11,06,California,391.0
2022-06-11,25,Massachusetts,41.0
2022-06-11,04,Arizona,93.0
2022-06-11,20,Kansas,2.0
2022-06-11,30,Montana,10.0
2022-06-11,28,Mississippi,14.0
2022-06-11,41,Oregon,18.0
2022-06-11,32,Nevada,89.0
2022-06-11,50,Vermont,5.0
2022-06-11,38,North Dakota,2.0
2022-06-11,10,Delaware,6.0
2022-06-11,09,Connecticut,36.0
2022-06-11,21,Kentucky,17.0
2022-06-11,US,US,2202.0
2022-06-11,24,Maryland,17.0
2022-06-11,34,New Jersey,42.0
2022-06-11,35,New Mexico,23.0
2022-06-11,51,Virginia,40.0
2022-06-11,02,Alaska,6.0
2022-06-11,48,Texas,76.0
2022-06-11,01,Alabama,15.0
2022-06-11,11,District of Columbia,2.0
2022-06-11,42,Pennsylvania,49.0
2022-06-11,45,South Carolina,25.0
2022-06-11,46,South Dakota,1.0
2022-06-11,18,Indiana,8.0
2022-06-11,49,Utah,3.0
2022-06-11,29,Missouri,17.0
2022-06-11,55,Wisconsin,15.0
2022-06-11,54,West Virginia,12.0
2022-06-11,15,Hawaii,3.0
2022-06-11,44,Rhode Island,1.0
2022-06-11,19,Iowa,9.0
2022-06-11,53,Washington,57.0
2022-06-11,08,Colorado,39.0
2022-06-11,12,Florida,551.0
2022-06-11,16,Idaho,7.0
2022-06-11,05,Arkansas,19.0
2022-06-11,22,Louisiana,28.0
2022-06-11,40,Oklahoma,26.0
2022-06-11,26,Michigan,35.0
2022-06-11,72,Puerto Rico,20.0
2022-06-11,31,Nebraska,9.0
2022-06-11,36,New York,103.0
2022-06-11,13,Georgia,48.0
2022-06-11,17,Illinois,16.0
2022-06-11,23,Maine,57.0
2022-06-11,37,North Carolina,43.0
2022-06-11,33,New Hampshire,4.0
2022-06-11,27,Minnesota,4.0
2022-06-11,39,Ohio,21.0
2022-06-11,47,Tennessee,18.0
2022-06-11,56,Wyoming,7.0
2022-06-04,06,California,432.0
2022-06-04,25,Massachusetts,40.0
2022-06-04,04,Arizona,209.0
2022-06-04,20,Kansas,2.0
2022-06-04,30,Montana,23.0
2022-06-04,28,Mississippi,23.0
2022-06-04,41,Oregon,28.0
2022-06-04,32,Nevada,71.0
2022-06-04,50,Vermont,0.0
2022-06-04,38,North Dakota,4.0
2022-06-04,10,Delaware,9.0
2022-06-04,09,Connecticut,20.0
2022-06-04,21,Kentucky,22.0
2022-06-04,US,US,2675.0
2022-06-04,24,Maryland,17.0
2022-06-04,34,New Jersey,52.0
2022-06-04,35,New Mexico,53.0
2022-06-04,51,Virginia,41.0
2022-06-04,02,Alaska,2.0
2022-06-04,48,Texas,88.0
2022-06-04,01,Alabama,13.0
2022-06-04,11,District of Columbia,5.0
2022-06-04,42,Pennsylvania,64.0
2022-06-04,45,South Carolina,27.0
2022-06-04,46,South Dakota,1.0
2022-06-04,18,Indiana,27.0
2022-06-04,49,Utah,5.0
2022-06-04,29,Missouri,28.0
2022-06-04,55,Wisconsin,16.0
2022-06-04,54,West Virginia,5.0
2022-06-04,15,Hawaii,4.0
2022-06-04,44,Rhode Island,6.0
2022-06-04,19,Iowa,6.0
2022-06-04,53,Washington,65.0
2022-06-04,08,Colorado,75.0
2022-06-04,12,Florida,663.0
2022-06-04,16,Idaho,10.0
2022-06-04,05,Arkansas,17.0
2022-06-04,22,Louisiana,19.0
2022-06-04,40,Oklahoma,33.0
2022-06-04,26,Michigan,70.0
2022-06-04,72,Puerto Rico,28.0
2022-06-04,31,Nebraska,6.0
2022-06-04,36,New York,124.0
2022-06-04,13,Georgia,66.0
2022-06-04,17,Illinois,41.0
2022-06-04,23,Maine,12.0
2022-06-04,37,North Carolina,22.0
2022-06-04,33,New Hampshire,6.0
2022-06-04,27,Minnesota,6.0
2022-06-04,39,Ohio,37.0
2022-06-04,47,Tennessee,20.0
2022-06-04,56,Wyoming,7.0
2022-05-28,06,California,412.0
2022-05-28,25,Massachusetts,75.0
2022-05-28,04,Arizona,199.0
2022-05-28,20,Kansas,2.0
2022-05-28,30,Montana,14.0
2022-05-28,28,Mississippi,20.0
2022-05-28,41,Oregon,33.0
2022-05-28,32,Nevada,93.0
2022-05-28,50,Vermont,2.0
2022-05-28,38,North Dakota,0.0
2022-05-28,10,Delaware,3.0
2022-05-28,09,Connecticut,36.0
2022-05-28,21,Kentucky,22.0
2022-05-28,US,US,2729.0
2022-05-28,24,Maryland,29.0
2022-05-28,34,New Jersey,75.0
2022-05-28,35,New Mexico,50.0
2022-05-28,51,Virginia,35.0
2022-05-28,02,Alaska,4.0
2022-05-28,48,Texas,115.0
2022-05-28,01,Alabama,13.0
2022-05-28,11,District of Columbia,4.0
2022-05-28,42,Pennsylvania,83.0
2022-05-28,45,South Carolina,30.0
2022-05-28,46,South Dakota,3.0
2022-05-28,18,Indiana,31.0
2022-05-28,49,Utah,1.0
2022-05-28,29,Missouri,22.0
2022-05-28,55,Wisconsin,27.0
2022-05-28,54,West Virginia,5.0
2022-05-28,15,Hawaii,9.0
2022-05-28,44,Rhode Island,7.0
2022-05-28,19,Iowa,6.0
2022-05-28,53,Washington,67.0
2022-05-28,08,Colorado,87.0
2022-05-28,12,Florida,516.0
2022-05-28,16,Idaho,3.0
2022-05-28,05,Arkansas,14.0
2022-05-28,22,Louisiana,14.0
2022-05-28,40,Oklahoma,39.0
2022-05-28,26,Michigan,93.0
2022-05-28,72,Puerto Rico,23.0
2022-05-28,31,Nebraska,3.0
2022-05-28,36,New York,155.0
2022-05-28,13,Georgia,62.0
2022-05-28,17,Illinois,49.0
2022-05-28,23,Maine,15.0
2022-05-28,37,North Carolina,40.0
2022-05-28,33,New Hampshire,6.0
2022-05-28,27,Minnesota,12.0
2022-05-28,39,Ohio,45.0
2022-05-28,47,Tennessee,18.0
2022-05-28,56,Wyoming,6.0
2022-05-21,06,California,355.0
2022-05-21,25,Massachusetts,148.0
2022-05-21,04,Arizona,225.0
2022-05-21,20,Kansas,7.0
2022-05-21,30,Montana,11.0
2022-05-21,28,Mississippi,31.0
2022-05-21,41,Oregon,36.0
2022-05-21,32,Nevada,99.0
2022-05-21,50,Vermont,0.0
2022-05-21,38,North Dakota,1.0
2022-05-21,10,Delaware,4.0
2022-05-21,09,Connecticut,75.0
2022-05-21,21,Kentucky,41.0
2022-05-21,US,US,3117.0
2022-05-21,24,Maryland,45.0
2022-05-21,34,New Jersey,87.0
2022-05-21,35,New Mexico,61.0
2022-05-21,51,Virginia,35.0
2022-05-21,02,Alaska,18.0
2022-05-21,48,Texas,128.0
2022-05-21,01,Alabama,15.0
2022-05-21,11,District of Columbia,4.0
2022-05-21,42,Pennsylvania,158.0
2022-05-21,45,South Carolina,37.0
2022-05-21,46,South Dakota,5.0
2022-05-21,18,Indiana,45.0
2022-05-21,49,Utah,7.0
2022-05-21,29,Missouri,33.0
2022-05-21,55,Wisconsin,26.0
2022-05-21,54,West Virginia,12.0
2022-05-21,15,Hawaii,11.0
2022-05-21,44,Rhode Island,6.0
2022-05-21,19,Iowa,10.0
2022-05-21,53,Washington,60.0
2022-05-21,08,Colorado,120.0
2022-05-21,12,Florida,371.0
2022-05-21,16,Idaho,12.0
2022-05-21,05,Arkansas,15.0
2022-05-21,22,Louisiana,36.0
2022-05-21,40,Oklahoma,29.0
2022-05-21,26,Michigan,140.0
2022-05-21,72,Puerto Rico,23.0
2022-05-21,31,Nebraska,7.0
2022-05-21,36,New York,182.0
2022-05-21,13,Georgia,55.0
2022-05-21,17,Illinois,96.0
2022-05-21,23,Maine,36.0
2022-05-21,37,North Carolina,45.0
2022-05-21,33,New Hampshire,13.0
2022-05-21,27,Minnesota,13.0
2022-05-21,39,Ohio,66.0
2022-05-21,47,Tennessee,15.0
2022-05-21,56,Wyoming,6.0
2022-05-14,06,California,277.0
2022-05-14,25,Massachusetts,167.0
2022-05-14,04,Arizona,194.0
2022-05-14,20,Kansas,7.0
2022-05-14,30,Montana,9.0
2022-05-14,28,Mississippi,25.0
2022-05-14,41,Oregon,26.0
2022-05-14,32,Nevada,79.0
2022-05-14,50,Vermont,3.0
2022-05-14,38,North Dakota,1.0
2022-05-14,10,Delaware,3.0
2022-05-14,09,Connecticut,70.0
2022-05-14,21,Kentucky,47.0
2022-05-14,US,US,3117.0
2022-05-14,24,Maryland,54.0
2022-05-14,34,New Jersey,95.0
2022-05-14,35,New Mexico,37.0
2022-05-14,51,Virginia,41.0
2022-05-14,02,Alaska,3.0
2022-05-14,48,Texas,142.0
2022-05-14,01,Alabama,12.0
2022-05-14,11,District of Columbia,5.0
2022-05-14,42,Pennsylvania,179.0
2022-05-14,45,South Carolina,27.0
2022-05-14,46,South Dakota,19.0
2022-05-14,18,Indiana,35.0
2022-05-14,49,Utah,10.0
2022-05-14,29,Missouri,39.0
2022-05-14,55,Wisconsin,36.0
2022-05-14,54,West Virginia,16.0
2022-05-14,15,Hawaii,3.0
2022-05-14,44,Rhode Island,8.0
2022-05-14,19,Iowa,17.0
2022-05-14,53,Washington,57.0
2022-05-14,08,Colorado,173.0
2022-05-14,12,Florida,278.0
2022-05-14,16,Idaho,16.0
2022-05-14,05,Arkansas,28.0
2022-05-14,22,Louisiana,32.0
2022-05-14,40,Oklahoma,47.0
2022-05-14,26,Michigan,180.0
2022-05-14,72,Puerto Rico,27.0
2022-05-14,31,Nebraska,4.0
2022-05-14,36,New York,188.0
2022-05-14,13,Georgia,60.0
2022-05-14,17,Illinois,123.0
2022-05-14,23,Maine,37.0
2022-05-14,37,North Carolina,37.0
2022-05-14,33,New Hampshire,14.0
2022-05-14,27,Minnesota,17.0
2022-05-14,39,Ohio,79.0
2022-05-14,47,Tennessee,30.0
2022-05-14,56,Wyoming,4.0
2022-05-07,06,California,206.0
2022-05-07,25,Massachusetts,178.0
2022-05-07,04,Arizona,170.0
2022-05-07,20,Kansas,8.0
2022-05-07,30,Montana,20.0
2022-05-07,28,Mississippi,22.0
2022-05-07,41,Oregon,27.0
2022-05-07,32,Nevada,59.0
2022-05-07,50,Vermont,7.0
2022-05-07,38,North Dakota,1.0
2022-05-07,10,Delaware,4.0
2022-05-07,09,Connecticut,76.0
2022-05-07,21,Kentucky,109.0
2022-05-07,US,US,3166.0
2022-05-07,24,Maryland,46.0
2022-05-07,34,New Jersey,119.0
2022-05-07,35,New Mexico,70.0
2022-05-07,51,Virginia,44.0
2022-05-07,02,Alaska,6.0
2022-05-07,48,Texas,128.0
2022-05-07,01,Alabama,19.0
2022-05-07,11,District of Columbia,2.0
2022-05-07,42,Pennsylvania,149.0
2022-05-07,45,South Carolina,20.0
2022-05-07,46,South Dakota,3.0
2022-05-07,18,Indiana,49.0
2022-05-07,49,Utah,12.0
2022-05-07,29,Missouri,66.0
2022-05-07,55,Wisconsin,51.0
2022-05-07,54,West Virginia,18.0
2022-05-07,15,Hawaii,2.0
2022-05-07,44,Rhode Island,6.0
2022-05-07,19,Iowa,20.0
2022-05-07,53,Washington,60.0
2022-05-07,08,Colorado,258.0
2022-05-07,12,Florida,213.0
2022-05-07,16,Idaho,13.0
2022-05-07,05,Arkansas,17.0
2022-05-07,22,Louisiana,35.0
2022-05-07,40,Oklahoma,34.0
2022-05-07,26,Michigan,169.0
2022-05-07,72,Puerto Rico,28.0
2022-05-07,31,Nebraska,6.0
2022-05-07,36,New York,231.0
2022-05-07,13,Georgia,44.0
2022-05-07,17,Illinois,108.0
2022-05-07,23,Maine,8.0
2022-05-07,37,North Carolina,51.0
2022-05-07,33,New Hampshire,21.0
2022-05-07,27,Minnesota,32.0
2022-05-07,39,Ohio,99.0
2022-05-07,47,Tennessee,18.0
2022-05-07,56,Wyoming,4.0
2022-04-30,06,California,213.0
2022-04-30,25,Massachusetts,194.0
2022-04-30,04,Arizona,156.0
2022-04-30,20,Kansas,19.0
2022-04-30,30,Montana,18.0
2022-04-30,28,Mississippi,26.0
2022-04-30,41,Oregon,23.0
2022-04-30,32,Nevada,59.0
2022-04-30,50,Vermont,6.0
2022-04-30,38,North Dakota,3.0
2022-04-30,10,Delaware,7.0
2022-04-30,09,Connecticut,57.0
2022-04-30,21,Kentucky,119.0
2022-04-30,US,US,3185.0
2022-04-30,24,Maryland,51.0
2022-04-30,34,New Jersey,125.0
2022-04-30,35,New Mexico,51.0
2022-04-30,51,Virginia,57.0
2022-04-30,02,Alaska,1.0
2022-04-30,48,Texas,168.0
2022-04-30,01,Alabama,8.0
2022-04-30,11,District of Columbia,3.0
2022-04-30,42,Pennsylvania,160.0
2022-04-30,45,South Carolina,29.0
2022-04-30,46,South Dakota,8.0
2022-04-30,18,Indiana,72.0
2022-04-30,49,Utah,1.0
2022-04-30,29,Missouri,55.0
2022-04-30,55,Wisconsin,64.0
2022-04-30,54,West Virginia,35.0
2022-04-30,15,Hawaii,4.0
2022-04-30,44,Rhode Island,5.0
2022-04-30,19,Iowa,17.0
2022-04-30,53,Washington,42.0
2022-04-30,08,Colorado,163.0
2022-04-30,12,Florida,164.0
2022-04-30,16,Idaho,15.0
2022-04-30,05,Arkansas,33.0
2022-04-30,22,Louisiana,24.0
2022-04-30,40,Oklahoma,45.0
2022-04-30,26,Michigan,136.0
2022-04-30,72,Puerto Rico,39.0
2022-04-30,31,Nebraska,16.0
2022-04-30,36,New York,271.0
2022-04-30,13,Georgia,36.0
2022-04-30,17,Illinois,97.0
2022-04-30,23,Maine,30.0
2022-04-30,37,North Carolina,63.0
2022-04-30,33,New Hampshire,24.0
2022-04-30,27,Minnesota,29.0
2022-04-30,39,Ohio,104.0
2022-04-30,47,Tennessee,35.0
2022-04-30,56,Wyoming,5.0
2022-04-23,06,California,148.0
2022-04-23,25,Massachusetts,180.0
2022-04-23,04,Arizona,131.0
2022-04-23,20,Kansas,26.0
2022-04-23,30,Montana,21.0
2022-04-23,28,Mississippi,16.0
2022-04-23,41,Oregon,27.0
2022-04-23,32,Nevada,84.0
2022-04-23,50,Vermont,12.0
2022-04-23,38,North Dakota,7.0
2022-04-23,10,Delaware,17.0
2022-04-23,09,Connecticut,52.0
2022-04-23,21,Kentucky,82.0
2022-04-23,US,US,3452.0
2022-04-23,24,Maryland,43.0
2022-04-23,34,New Jersey,126.0
2022-04-23,35,New Mexico,41.0
2022-04-23,51,Virginia,42.0
2022-04-23,02,Alaska,2.0
2022-04-23,48,Texas,407.0
2022-04-23,01,Alabama,25.0
2022-04-23,11,District of Columbia,1.0
2022-04-23,42,Pennsylvania,200.0
2022-04-23,45,South Carolina,32.0
2022-04-23,46,South Dakota,3.0
2022-04-23,18,Indiana,64.0
2022-04-23,49,Utah,9.0
2022-04-23,29,Missouri,70.0
2022-04-23,55,Wisconsin,54.0
2022-04-23,54,West Virginia,39.0
2022-04-23,15,Hawaii,7.0
2022-04-23,44,Rhode Island,10.0
2022-04-23,19,Iowa,20.0
2022-04-23,53,Washington,34.0
2022-04-23,08,Colorado,179.0
2022-04-23,12,Florida,140.0
2022-04-23,16,Idaho,17.0
2022-04-23,05,Arkansas,34.0
2022-04-23,22,Louisiana,44.0
2022-04-23,40,Oklahoma,76.0
2022-04-23,26,Michigan,138.0
2022-04-23,72,Puerto Rico,74.0
2022-04-23,31,Nebraska,16.0
2022-04-23,36,New York,275.0
2022-04-23,13,Georgia,46.0
2022-04-23,17,Illinois,105.0
2022-04-23,23,Maine,20.0
2022-04-23,37,North Carolina,45.0
2022-04-23,33,New Hampshire,28.0
2022-04-23,27,Minnesota,33.0
2022-04-23,39,Ohio,115.0
2022-04-23,47,Tennessee,34.0
2022-04-23,56,Wyoming,1.0
2022-04-16,06,California,104.0
2022-04-16,25,Massachusetts,169.0
2022-04-16,04,Arizona,93.0
2022-04-16,20,Kansas,19.0
2022-04-16,30,Montana,14.0
2022-04-16,28,Mississippi,22.0
2022-04-16,41,Oregon,14.0
2022-04-16,32,Nevada,88.0
2022-04-16,50,Vermont,12.0
2022-04-16,38,North Dakota,7.0
2022-04-16,10,Delaware,38.0
2022-04-16,09,Connecticut,45.0
2022-04-16,21,Kentucky,105.0
2022-04-16,US,US,3292.0
2022-04-16,24,Maryland,51.0
2022-04-16,34,New Jersey,140.0
2022-04-16,35,New Mexico,28.0
2022-04-16,51,Virginia,51.0
2022-04-16,02,Alaska,1.0
2022-04-16,48,Texas,319.0
2022-04-16,01,Alabama,11.0
2022-04-16,11,District of Columbia,2.0
2022-04-16,42,Pennsylvania,189.0
2022-04-16,45,South Carolina,31.0
2022-04-16,46,South Dakota,4.0
2022-04-16,18,Indiana,93.0
2022-04-16,49,Utah,16.0
2022-04-16,29,Missouri,77.0
2022-04-16,55,Wisconsin,66.0
2022-04-16,54,West Virginia,43.0
2022-04-16,15,Hawaii,9.0
2022-04-16,44,Rhode Island,9.0
2022-04-16,19,Iowa,25.0
2022-04-16,53,Washington,32.0
2022-04-16,08,Colorado,139.0
2022-04-16,12,Florida,147.0
2022-04-16,16,Idaho,16.0
2022-04-16,05,Arkansas,43.0
2022-04-16,22,Louisiana,48.0
2022-04-16,40,Oklahoma,100.0
2022-04-16,26,Michigan,150.0
2022-04-16,72,Puerto Rico,55.0
2022-04-16,31,Nebraska,29.0
2022-04-16,36,New York,226.0
2022-04-16,13,Georgia,42.0
2022-04-16,17,Illinois,78.0
2022-04-16,23,Maine,15.0
2022-04-16,37,North Carolina,57.0
2022-04-16,33,New Hampshire,17.0
2022-04-16,27,Minnesota,27.0
2022-04-16,39,Ohio,133.0
2022-04-16,47,Tennessee,35.0
2022-04-16,56,Wyoming,8.0
2022-04-09,06,California,96.0
2022-04-09,25,Massachusetts,134.0
2022-04-09,04,Arizona,116.0
2022-04-09,20,Kansas,32.0
2022-04-09,30,Montana,19.0
2022-04-09,28,Mississippi,32.0
2022-04-09,41,Oregon,14.0
2022-04-09,32,Nevada,110.0
2022-04-09,50,Vermont,14.0
2022-04-09,38,North Dakota,4.0
2022-04-09,10,Delaware,7.0
2022-04-09,09,Connecticut,47.0
2022-04-09,21,Kentucky,90.0
2022-04-09,US,US,3131.0
2022-04-09,24,Maryland,47.0
2022-04-09,34,New Jersey,136.0
2022-04-09,35,New Mexico,43.0
2022-04-09,51,Virginia,35.0
2022-04-09,02,Alaska,2.0
2022-04-09,48,Texas,338.0
2022-04-09,01,Alabama,21.0
2022-04-09,11,District of Columbia,2.0
2022-04-09,42,Pennsylvania,183.0
2022-04-09,45,South Carolina,18.0
2022-04-09,46,South Dakota,11.0
2022-04-09,18,Indiana,109.0
2022-04-09,49,Utah,14.0
2022-04-09,29,Missouri,77.0
2022-04-09,55,Wisconsin,44.0
2022-04-09,54,West Virginia,36.0
2022-04-09,15,Hawaii,3.0
2022-04-09,44,Rhode Island,5.0
2022-04-09,19,Iowa,25.0
2022-04-09,53,Washington,24.0
2022-04-09,08,Colorado,104.0
2022-04-09,12,Florida,83.0
2022-04-09,16,Idaho,20.0
2022-04-09,05,Arkansas,74.0
2022-04-09,22,Louisiana,30.0
2022-04-09,40,Oklahoma,118.0
2022-04-09,26,Michigan,160.0
2022-04-09,72,Puerto Rico,31.0
2022-04-09,31,Nebraska,35.0
2022-04-09,36,New York,195.0
2022-04-09,13,Georgia,33.0
2022-04-09,17,Illinois,105.0
2022-04-09,23,Maine,11.0
2022-04-09,37,North Carolina,35.0
2022-04-09,33,New Hampshire,13.0
2022-04-09,27,Minnesota,28.0
2022-04-09,39,Ohio,127.0
2022-04-09,47,Tennessee,31.0
2022-04-09,56,Wyoming,10.0
2022-04-02,06,California,79.0
2022-04-02,25,Massachusetts,80.0
2022-04-02,04,Arizona,99.0
2022-04-02,20,Kansas,28.0
2022-04-02,30,Montana,38.0
2022-04-02,28,Mississippi,25.0
2022-04-02,41,Oregon,10.0
2022-04-02,32,Nevada,68.0
2022-04-02,50,Vermont,9.0
2022-04-02,38,North Dakota,4.0
2022-04-02,10,Delaware,3.0
2022-04-02,09,Connecticut,26.0
2022-04-02,21,Kentucky,53.0
2022-04-02,US,US,3002.0
2022-04-02,24,Maryland,29.0
2022-04-02,34,New Jersey,80.0
2022-04-02,35,New Mexico,39.0
2022-04-02,51,Virginia,39.0
2022-04-02,02,Alaska,0.0
2022-04-02,48,Texas,519.0
2022-04-02,01,Alabama,25.0
2022-04-02,11,District of Columbia,4.0
2022-04-02,42,Pennsylvania,140.0
2022-04-02,45,South Carolina,15.0
2022-04-02,46,South Dakota,5.0
2022-04-02,18,Indiana,115.0
2022-04-02,49,Utah,17.0
2022-04-02,29,Missouri,91.0
2022-04-02,55,Wisconsin,57.0
2022-04-02,54,West Virginia,37.0
2022-04-02,15,Hawaii,1.0
2022-04-02,44,Rhode Island,3.0
2022-04-02,19,Iowa,36.0
2022-04-02,53,Washington,20.0
2022-04-02,08,Colorado,121.0
2022-04-02,12,Florida,78.0
2022-04-02,16,Idaho,19.0
2022-04-02,05,Arkansas,56.0
2022-04-02,22,Louisiana,63.0
2022-04-02,40,Oklahoma,165.0
2022-04-02,26,Michigan,146.0
2022-04-02,72,Puerto Rico,26.0
2022-04-02,31,Nebraska,25.0
2022-04-02,36,New York,163.0
2022-04-02,13,Georgia,45.0
2022-04-02,17,Illinois,88.0
2022-04-02,23,Maine,9.0
2022-04-02,37,North Carolina,28.0
2022-04-02,33,New Hampshire,6.0
2022-04-02,27,Minnesota,33.0
2022-04-02,39,Ohio,97.0
2022-04-02,47,Tennessee,38.0
2022-04-02,56,Wyoming,2.0
2022-03-26,06,California,61.0
2022-03-26,25,Massachusetts,32.0
2022-03-26,04,Arizona,120.0
2022-03-26,20,Kansas,49.0
2022-03-26,30,Montana,19.0
2022-03-26,28,Mississippi,48.0
2022-03-26,41,Oregon,24.0
2022-03-26,32,Nevada,53.0
2022-03-26,50,Vermont,8.0
2022-03-26,38,North Dakota,9.0
2022-03-26,10,Delaware,4.0
2022-03-26,09,Connecticut,25.0
2022-03-26,21,Kentucky,42.0
2022-03-26,US,US,2905.0
2022-03-26,24,Maryland,30.0
2022-03-26,34,New Jersey,60.0
2022-03-26,35,New Mexico,36.0
2022-03-26,51,Virginia,35.0
2022-03-26,02,Alaska,3.0
2022-03-26,48,Texas,594.0
2022-03-26,01,Alabama,17.0
2022-03-26,11,District of Columbia,4.0
2022-03-26,42,Pennsylvania,108.0
2022-03-26,45,South Carolina,7.0
2022-03-26,46,South Dakota,5.0
2022-03-26,18,Indiana,125.0
2022-03-26,49,Utah,6.0
2022-03-26,29,Missouri,79.0
2022-03-26,55,Wisconsin,58.0
2022-03-26,54,West Virginia,19.0
2022-03-26,15,Hawaii,0.0
2022-03-26,44,Rhode Island,1.0
2022-03-26,19,Iowa,43.0
2022-03-26,53,Washington,24.0
2022-03-26,08,Colorado,82.0
2022-03-26,12,Florida,84.0
2022-03-26,16,Idaho,14.0
2022-03-26,05,Arkansas,74.0
2022-03-26,22,Louisiana,74.0
2022-03-26,40,Oklahoma,156.0
2022-03-26,26,Michigan,134.0
2022-03-26,72,Puerto Rico,31.0
2022-03-26,31,Nebraska,60.0
2022-03-26,36,New York,85.0
2022-03-26,13,Georgia,33.0
2022-03-26,17,Illinois,106.0
2022-03-26,23,Maine,3.0
2022-03-26,37,North Carolina,23.0
2022-03-26,33,New Hampshire,7.0
2022-03-26,27,Minnesota,37.0
2022-03-26,39,Ohio,104.0
2022-03-26,47,Tennessee,43.0
2022-03-26,56,Wyoming,7.0
2022-03-19,06,California,51.0
2022-03-19,25,Massachusetts,37.0
2022-03-19,04,Arizona,104.0
2022-03-19,20,Kansas,31.0
2022-03-19,30,Montana,16.0
2022-03-19,28,Mississippi,31.0
2022-03-19,41,Oregon,18.0
2022-03-19,32,Nevada,41.0
2022-03-19,50,Vermont,0.0
2022-03-19,38,North Dakota,5.0
2022-03-19,10,Delaware,4.0
2022-03-19,09,Connecticut,18.0
2022-03-19,21,Kentucky,39.0
2022-03-19,US,US,2611.0
2022-03-19,24,Maryland,19.0
2022-03-19,34,New Jersey,41.0
2022-03-19,35,New Mexico,15.0
2022-03-19,51,Virginia,32.0
2022-03-19,02,Alaska,1.0
2022-03-19,48,Texas,589.0
2022-03-19,01,Alabama,23.0
2022-03-19,11,District of Columbia,2.0
2022-03-19,42,Pennsylvania,101.0
2022-03-19,45,South Carolina,14.0
2022-03-19,46,South Dakota,12.0
2022-03-19,18,Indiana,119.0
2022-03-19,49,Utah,17.0
2022-03-19,29,Missouri,90.0
2022-03-19,55,Wisconsin,53.0
2022-03-19,54,West Virginia,43.0
2022-03-19,15,Hawaii,1.0
2022-03-19,44,Rhode Island,1.0
2022-03-19,19,Iowa,49.0
2022-03-19,53,Washington,21.0
2022-03-19,08,Colorado,55.0
2022-03-19,12,Florida,58.0
2022-03-19,16,Idaho,16.0
2022-03-19,05,Arkansas,62.0
2022-03-19,22,Louisiana,64.0
2022-03-19,40,Oklahoma,161.0
2022-03-19,26,Michigan,119.0
2022-03-19,72,Puerto Rico,21.0
2022-03-19,31,Nebraska,61.0
2022-03-19,36,New York,84.0
2022-03-19,13,Georgia,35.0
2022-03-19,17,Illinois,58.0
2022-03-19,23,Maine,1.0
2022-03-19,37,North Carolina,14.0
2022-03-19,33,New Hampshire,10.0
2022-03-19,27,Minnesota,29.0
2022-03-19,39,Ohio,94.0
2022-03-19,47,Tennessee,28.0
2022-03-19,56,Wyoming,3.0
2022-03-12,06,California,40.0
2022-03-12,25,Massachusetts,24.0
2022-03-12,04,Arizona,79.0
2022-03-12,20,Kansas,40.0
2022-03-12,30,Montana,14.0
2022-03-12,28,Mississippi,33.0
2022-03-12,41,Oregon,7.0
2022-03-12,32,Nevada,33.0
2022-03-12,50,Vermont,0.0
2022-03-12,38,North Dakota,7.0
2022-03-12,10,Delaware,7.0
2022-03-12,09,Connecticut,8.0
2022-03-12,21,Kentucky,30.0
2022-03-12,US,US,2086.0
2022-03-12,24,Maryland,16.0
2022-03-12,34,New Jersey,30.0
2022-03-12,35,New Mexico,6.0
2022-03-12,51,Virginia,18.0
2022-03-12,02,Alaska,2.0
2022-03-12,48,Texas,405.0
2022-03-12,01,Alabama,35.0
2022-03-12,11,District of Columbia,4.0
2022-03-12,42,Pennsylvania,79.0
2022-03-12,45,South Carolina,14.0
2022-03-12,46,South Dakota,13.0
2022-03-12,18,Indiana,108.0
2022-03-12,49,Utah,12.0
2022-03-12,29,Missouri,67.0
2022-03-12,55,Wisconsin,41.0
2022-03-12,54,West Virginia,21.0
2022-03-12,15,Hawaii,0.0
2022-03-12,44,Rhode Island,0.0
2022-03-12,19,Iowa,54.0
2022-03-12,53,Washington,12.0
2022-03-12,08,Colorado,38.0
2022-03-12,12,Florida,47.0
2022-03-12,16,Idaho,13.0
2022-03-12,05,Arkansas,60.0
2022-03-12,22,Louisiana,62.0
2022-03-12,40,Oklahoma,116.0
2022-03-12,26,Michigan,88.0
2022-03-12,72,Puerto Rico,23.0
2022-03-12,31,Nebraska,43.0
2022-03-12,36,New York,51.0
2022-03-12,13,Georgia,38.0
2022-03-12,17,Illinois,33.0
2022-03-12,23,Maine,2.0
2022-03-12,37,North Carolina,55.0
2022-03-12,33,New Hampshire,14.0
2022-03-12,27,Minnesota,35.0
2022-03-12,39,Ohio,75.0
2022-03-12,47,Tennessee,28.0
2022-03-12,56,Wyoming,6.0
2022-03-05,06,California,34.0
2022-03-05,25,Massachusetts,11.0
2022-03-05,04,Arizona,80.0
2022-03-05,20,Kansas,28.0
2022-03-05,30,Montana,21.0
2022-03-05,28,Mississippi,34.0
2022-03-05,41,Oregon,2.0
2022-03-05,32,Nevada,24.0
2022-03-05,50,Vermont,0.0
2022-03-05,38,North Dakota,3.0
2022-03-05,10,Delaware,1.0
2022-03-05,09,Connecticut,4.0
2022-03-05,21,Kentucky,23.0
2022-03-05,US,US,1791.0
2022-03-05,24,Maryland,23.0
2022-03-05,34,New Jersey,33.0
2022-03-05,35,New Mexico,4.0
2022-03-05,51,Virginia,27.0
2022-03-05,02,Alaska,0.0
2022-03-05,48,Texas,305.0
2022-03-05,01,Alabama,26.0
2022-03-05,11,District of Columbia,1.0
2022-03-05,42,Pennsylvania,68.0
2022-03-05,45,South Carolina,16.0
2022-03-05,46,South Dakota,30.0
2022-03-05,18,Indiana,59.0
2022-03-05,49,Utah,9.0
2022-03-05,29,Missouri,72.0
2022-03-05,55,Wisconsin,61.0
2022-03-05,54,West Virginia,21.0
2022-03-05,15,Hawaii,0.0
2022-03-05,44,Rhode Island,2.0
2022-03-05,19,Iowa,56.0
2022-03-05,53,Washington,13.0
2022-03-05,08,Colorado,21.0
2022-03-05,12,Florida,59.0
2022-03-05,16,Idaho,1.0
2022-03-05,05,Arkansas,57.0
2022-03-05,22,Louisiana,80.0
2022-03-05,40,Oklahoma,82.0
2022-03-05,26,Michigan,74.0
2022-03-05,72,Puerto Rico,6.0
2022-03-05,31,Nebraska,53.0
2022-03-05,36,New York,57.0
2022-03-05,13,Georgia,27.0
2022-03-05,17,Illinois,21.0
2022-03-05,23,Maine,2.0
2022-03-05,37,North Carolina,44.0
2022-03-05,33,New Hampshire,2.0
2022-03-05,27,Minnesota,28.0
2022-03-05,39,Ohio,53.0
2022-03-05,47,Tennessee,29.0
2022-03-05,56,Wyoming,4.0
2022-02-26,06,California,23.0
2022-02-26,25,Massachusetts,34.0
2022-02-26,04,Arizona,80.0
2022-02-26,20,Kansas,34.0
2022-02-26,30,Montana,16.0
2022-02-26,28,Mississippi,27.0
2022-02-26,41,Oregon,4.0
2022-02-26,32,Nevada,9.0
2022-02-26,50,Vermont,1.0
2022-02-26,38,North Dakota,0.0
2022-02-26,10,Delaware,0.0
2022-02-26,09,Connecticut,7.0
2022-02-26,21,Kentucky,23.0
2022-02-26,US,US,1603.0
2022-02-26,24,Maryland,15.0
2022-02-26,34,New Jersey,28.0
2022-02-26,35,New Mexico,4.0
2022-02-26,51,Virginia,27.0
2022-02-26,02,Alaska,1.0
2022-02-26,48,Texas,323.0
2022-02-26,01,Alabama,10.0
2022-02-26,11,District of Columbia,0.0
2022-02-26,42,Pennsylvania,77.0
2022-02-26,45,South Carolina,13.0
2022-02-26,46,South Dakota,12.0
2022-02-26,18,Indiana,42.0
2022-02-26,49,Utah,5.0
2022-02-26,29,Missouri,50.0
2022-02-26,55,Wisconsin,29.0
2022-02-26,54,West Virginia,8.0
2022-02-26,15,Hawaii,0.0
2022-02-26,44,Rhode Island,0.0
2022-02-26,19,Iowa,57.0
2022-02-26,53,Washington,5.0
2022-02-26,08,Colorado,24.0
2022-02-26,12,Florida,55.0
2022-02-26,16,Idaho,3.0
2022-02-26,05,Arkansas,37.0
2022-02-26,22,Louisiana,116.0
2022-02-26,40,Oklahoma,75.0
2022-02-26,26,Michigan,50.0
2022-02-26,72,Puerto Rico,7.0
2022-02-26,31,Nebraska,40.0
2022-02-26,36,New York,29.0
2022-02-26,13,Georgia,44.0
2022-02-26,17,Illinois,26.0
2022-02-26,23,Maine,2.0
2022-02-26,37,North Carolina,33.0
2022-02-26,33,New Hampshire,0.0
2022-02-26,27,Minnesota,19.0
2022-02-26,39,Ohio,32.0
2022-02-26,47,Tennessee,42.0
2022-02-26,56,Wyoming,4.0
2022-02-19,06,California,11.0
2022-02-19,25,Massachusetts,43.0
2022-02-19,04,Arizona,56.0
2022-02-19,20,Kansas,25.0
2022-02-19,30,Montana,7.0
2022-02-19,28,Mississippi,25.0
2022-02-19,41,Oregon,5.0
2022-02-19,32,Nevada,9.0
2022-02-19,50,Vermont,0.0
2022-02-19,38,North Dakota,8.0
2022-02-19,10,Delaware,0.0
2022-02-19,09,Connecticut,1.0
2022-02-19,21,Kentucky,12.0
2022-02-19,US,US,1490.0
2022-02-19,24,Maryland,13.0
2022-02-19,34,New Jersey,22.0
2022-02-19,35,New Mexico,5.0
2022-02-19,51,Virginia,31.0
2022-02-19,02,Alaska,0.0
2022-02-19,48,Texas,226.0
2022-02-19,01,Alabama,21.0
2022-02-19,11,District of Columbia,1.0
2022-02-19,42,Pennsylvania,88.0
2022-02-19,45,South Carolina,17.0
2022-02-19,46,South Dakota,13.0
2022-02-19,18,Indiana,53.0
2022-02-19,49,Utah,3.0
2022-02-19,29,Missouri,55.0
2022-02-19,55,Wisconsin,25.0
2022-02-19,54,West Virginia,4.0
2022-02-19,15,Hawaii,0.0
2022-02-19,44,Rhode Island,1.0
2022-02-19,19,Iowa,40.0
2022-02-19,53,Washington,6.0
2022-02-19,08,Colorado,16.0
2022-02-19,12,Florida,47.0
2022-02-19,16,Idaho,1.0
2022-02-19,05,Arkansas,22.0
2022-02-19,22,Louisiana,170.0
2022-02-19,40,Oklahoma,74.0
2022-02-19,26,Michigan,49.0
2022-02-19,72,Puerto Rico,7.0
2022-02-19,31,Nebraska,32.0
2022-02-19,36,New York,39.0
2022-02-19,13,Georgia,48.0
2022-02-19,17,Illinois,22.0
2022-02-19,23,Maine,5.0
2022-02-19,37,North Carolina,34.0
2022-02-19,33,New Hampshire,7.0
2022-02-19,27,Minnesota,30.0
2022-02-19,39,Ohio,33.0
2022-02-19,47,Tennessee,26.0
2022-02-19,56,Wyoming,2.0
2022-02-12,06,California,28.0
2022-02-12,25,Massachusetts,30.0
2022-02-12,04,Arizona,53.0
2022-02-12,20,Kansas,22.0
2022-02-12,30,Montana,13.0
2022-02-12,28,Mississippi,21.0
2022-02-12,41,Oregon,2.0
2022-02-12,32,Nevada,8.0
2022-02-12,50,Vermont,0.0
2022-02-12,38,North Dakota,7.0
2022-02-12,10,Delaware,0.0
2022-02-12,09,Connecticut,0.0
2022-02-12,21,Kentucky,11.0
2022-02-12,US,US,1158.0
2022-02-12,24,Maryland,6.0
2022-02-12,34,New Jersey,20.0
2022-02-12,35,New Mexico,4.0
2022-02-12,51,Virginia,34.0
2022-02-12,02,Alaska,0.0
2022-02-12,48,Texas,131.0
2022-02-12,01,Alabama,9.0
2022-02-12,11,District of Columbia,0.0
2022-02-12,42,Pennsylvania,50.0
2022-02-12,45,South Carolina,11.0
2022-02-12,46,South Dakota,18.0
2022-02-12,18,Indiana,31.0
2022-02-12,49,Utah,3.0
2022-02-12,29,Missouri,46.0
2022-02-12,55,Wisconsin,29.0
2022-02-12,54,West Virginia,2.0
2022-02-12,15,Hawaii,0.0
2022-02-12,44,Rhode Island,0.0
2022-02-12,19,Iowa,46.0
2022-02-12,53,Washington,8.0
2022-02-12,08,Colorado,27.0
2022-02-12,12,Florida,47.0
2022-02-12,16,Idaho,1.0
2022-02-12,05,Arkansas,23.0
2022-02-12,22,Louisiana,85.0
2022-02-12,40,Oklahoma,68.0
2022-02-12,26,Michigan,40.0
2022-02-12,72,Puerto Rico,15.0
2022-02-12,31,Nebraska,29.0
2022-02-12,36,New York,23.0
2022-02-12,13,Georgia,41.0
2022-02-12,17,Illinois,8.0
2022-02-12,23,Maine,5.0
2022-02-12,37,North Carolina,25.0
2022-02-12,33,New Hampshire,9.0
2022-02-12,27,Minnesota,20.0
2022-02-12,39,Ohio,26.0
2022-02-12,47,Tennessee,21.0
2022-02-12,56,Wyoming,2.0
2022-02-05,06,California,30.0
2022-02-05,25,Massachusetts,33.0
2022-02-05,04,Arizona,35.0
2022-02-05,20,Kansas,9.0
2022-02-05,30,Montana,9.0
2022-02-05,28,Mississippi,21.0
2022-02-05,41,Oregon,1.0
2022-02-05,32,Nevada,4.0
2022-02-05,50,Vermont,0.0
2022-02-05,38,North Dakota,18.0
2022-02-05,10,Delaware,0.0
2022-02-05,09,Connecticut,4.0
2022-02-05,21,Kentucky,13.0
2022-02-05,US,US,1089.0
2022-02-05,24,Maryland,8.0
2022-02-05,34,New Jersey,18.0
2022-02-05,35,New Mexico,9.0
2022-02-05,51,Virginia,38.0
2022-02-05,02,Alaska,1.0
2022-02-05,48,Texas,86.0
2022-02-05,01,Alabama,5.0
2022-02-05,11,District of Columbia,3.0
2022-02-05,42,Pennsylvania,34.0
2022-02-05,45,South Carolina,9.0
2022-02-05,46,South Dakota,9.0
2022-02-05,18,Indiana,33.0
2022-02-05,49,Utah,4.0
2022-02-05,29,Missouri,47.0
2022-02-05,55,Wisconsin,30.0
2022-02-05,54,West Virginia,7.0
2022-02-05,15,Hawaii,0.0
2022-02-05,44,Rhode Island,0.0
2022-02-05,19,Iowa,16.0
2022-02-05,53,Washington,7.0
2022-02-05,08,Colorado,12.0
2022-02-05,12,Florida,56.0
2022-02-05,16,Idaho,1.0
2022-02-05,05,Arkansas,16.0
2022-02-05,22,Louisiana,74.0
2022-02-05,40,Oklahoma,49.0
2022-02-05,26,Michigan,27.0
2022-02-05,72,Puerto Rico,5.0
2022-02-05,31,Nebraska,34.0
2022-02-05,36,New York,15.0
2022-02-05,13,Georgia,53.0
2022-02-05,17,Illinois,10.0
2022-02-05,23,Maine,3.0
2022-02-05,37,North Carolina,48.0
2022-02-05,33,New Hampshire,1.0
2022-02-05,27,Minnesota,18.0
2022-02-05,39,Ohio,20.0
2022-02-05,47,Tennessee,31.0
2022-02-05,56,Wyoming,0.0
