date,location,location_name,value
2021-10-09,AK,AK,0.0
2021-10-16,AK,AK,0.0
2021-10-23,AK,AK,1.0
2021-10-30,AK,AK,0.0
2021-11-06,AK,AK,0.0
2021-11-13,AK,AK,0.0
2021-11-20,AK,AK,0.0
2021-11-27,AK,AK,0.0
2021-12-04,AK,AK,0.0
2021-12-11,AK,AK,0.0
2021-12-18,AK,AK,2.0
2021-12-25,AK,AK,7.0
2022-01-01,AK,AK,8.0
2022-01-08,AK,AK,3.0
2022-01-15,AK,AK,12.0
2022-01-22,AK,AK,15.0
2022-01-29,AK,AK,1.0
2022-02-05,AK,AK,1.0
2022-02-12,AK,AK,0.0
2022-02-19,AK,AK,0.0
2022-02-26,AK,AK,1.0
2022-03-05,AK,AK,0.0
2022-03-12,AK,AK,2.0
2022-03-19,AK,AK,1.0
2022-03-26,AK,AK,3.0
2022-04-02,AK,AK,0.0
2022-04-09,AK,AK,2.0
2022-04-16,AK,AK,1.0
2022-04-23,AK,AK,2.0
2022-04-30,AK,AK,1.0
2022-05-07,AK,AK,6.0
2022-05-14,AK,AK,3.0
2022-05-21,AK,AK,18.0
2022-05-28,AK,AK,4.0
2022-06-04,AK,AK,2.0
2022-06-11,AK,AK,6.0
2022-06-18,AK,AK,1.0
2022-06-25,AK,AK,3.0
2022-07-02,AK,AK,2.0
2022-07-09,AK,AK,3.0
2022-07-16,AK,AK,0.0
2022-07-23,AK,AK,0.0
2022-07-30,AK,AK,0.0
2022-08-06,AK,AK,0.0
2022-08-13,AK,AK,1.0
2022-08-20,AK,AK,1.0
2022-08-27,AK,AK,1.0
2022-09-03,AK,AK,0.0
2022-09-10,AK,AK,5.0
2022-09-17,AK,AK,0.0
2022-09-24,AK,AK,0.0
2022-10-01,AK,AK,2.0
2023-10-07,CT,CT,4.0
2023-10-14,CT,CT,3.0
2023-10-21,CT,CT,1.0
2023-10-28,CT,CT,7.0
2023-11-04,CT,CT,12.0
2023-11-11,CT,CT,5.0
2023-11-18,CT,CT,22.0
2023-11-25,CT,CT,33.0
2023-12-02,CT,CT,57.0
2023-12-09,CT,CT,74.0
2023-12-16,CT,CT,120.0
2023-12-23,CT,CT,115.0
2023-12-30,CT,CT,194.0
2024-01-06,CT,CT,167.0
2024-01-13,CT,CT,159.0
2024-01-20,CT,CT,128.0
2024-01-27,CT,CT,156.0
2024-02-03,CT,CT,111.0
2024-02-10,CT,CT,142.0
2024-02-17,CT,CT,119.0
2024-02-24,CT,CT,171.0
2024-03-02,CT,CT,212.0
2024-03-09,CT,CT,165.0
2024-03-16,CT,CT,99.0
2024-03-23,CT,CT,83.0
2024-03-30,CT,CT,89.0
2024-04-06,CT,CT,88.0
2024-04-13,CT,CT,62.0
2024-04-20,CT,CT,57.0
2024-04-27,CT,CT,64.0
2024-05-04,CT,CT,34.0
2024-05-11,CT,CT,22.0
2024-05-18,CT,CT,10.0
2024-05-25,CT,CT,6.0
2024-06-01,CT,CT,4.0
2024-06-08,CT,CT,5.0
2024-06-15,CT,CT,2.0
2024-06-22,CT,CT,3.0
2024-06-29,CT,CT,1.0
2024-07-06,CT,CT,7.0
2024-07-13,CT,CT,3.0
2024-07-20,CT,CT,2.0
2024-07-27,CT,CT,1.0
2024-08-03,CT,CT,3.0
2024-08-10,CT,CT,0.0
2024-08-17,CT,CT,2.0
2024-08-24,CT,CT,1.0
2024-08-31,CT,CT,0.0
2024-09-07,CT,CT,2.0
2024-09-14,CT,CT,2.0
2024-09-21,CT,CT,0.0
2024-09-28,CT,CT,0.0
2022-10-08,GA,GA,109.0
2022-10-15,GA,GA,144.0
2022-10-22,GA,GA,137.0
2022-10-29,GA,GA,216.0
2022-11-05,GA,GA,250.0
2022-11-12,GA,GA,263.0
2022-11-19,GA,GA,236.0
2022-11-26,GA,GA,258.0
2022-12-03,GA,GA,342.0
2022-12-10,GA,GA,209.0
2022-12-17,GA,GA,179.0
2022-12-24,GA,GA,158.0
2022-12-31,GA,GA,184.0
2023-01-07,GA,GA,189.0
2023-01-14,GA,GA,108.0
2023-01-21,GA,GA,80.0
2023-01-28,GA,GA,71.0
2023-02-04,GA,GA,204.0
2023-02-11,GA,GA,83.0
2023-02-18,GA,GA,75.0
2023-02-25,GA,GA,60.0
2023-03-04,GA,GA,54.0
2023-03-11,GA,GA,51.0
2023-03-18,GA,GA,54.0
2023-03-25,GA,GA,62.0
2023-04-01,GA,GA,53.0
2023-04-08,GA,GA,49.0
2023-04-15,GA,GA,29.0
2023-04-22,GA,GA,44.0
2023-04-29,GA,GA,43.0
2023-05-06,GA,GA,33.0
2023-05-13,GA,GA,50.0
2023-05-20,GA,GA,30.0
2023-05-27,GA,GA,37.0
2023-06-03,GA,GA,46.0
2023-06-10,GA,GA,55.0
2023-06-17,GA,GA,41.0
2023-06-24,GA,GA,38.0
2023-07-01,GA,GA,38.0
2023-07-08,GA,GA,23.0
2023-07-15,GA,GA,18.0
2023-07-22,GA,GA,17.0
2023-07-29,GA,GA,16.0
2023-08-05,GA,GA,19.0
2023-08-12,GA,GA,28.0
2023-08-19,GA,GA,19.0
2023-08-26,GA,GA,28.0
2023-09-02,GA,GA,34.0
2023-09-09,GA,GA,21.0
2023-09-16,GA,GA,34.0
2023-09-23,GA,GA,30.0
2023-09-30,GA,GA,29.0
2021-10-09,GU,GU,1.0
2021-10-16,GU,GU,2.0
2021-10-23,GU,GU,2.0
2021-10-30,GU,GU,0.0
2021-11-06,GU,GU,0.0
2021-11-13,GU,GU,0.0
2021-11-20,GU,GU,1.0
2021-11-27,GU,GU,2.0
2021-12-04,GU,GU,1.0
2021-12-11,GU,GU,0.0
2021-12-18,GU,GU,1.0
2021-12-25,GU,GU,2.0
2022-01-01,GU,GU,0.0
2022-01-08,GU,GU,1.0
2022-01-15,GU,GU,0.0
2022-01-22,GU,GU,1.0
2022-01-29,GU,GU,0.0
2022-02-05,GU,GU,0.0
2022-02-12,GU,GU,0.0
2022-02-19,GU,GU,0.0
2022-02-26,GU,GU,1.0
2022-03-05,GU,GU,0.0
2022-03-12,GU,GU,0.0
2022-03-19,GU,GU,0.0
2022-03-26,GU,GU,0.0
2022-04-02,GU,GU,0.0
2022-04-09,GU,GU,0.0
2022-04-16,GU,GU,0.0
2022-04-23,GU,GU,0.0
2022-04-30,GU,GU,0.0
2022-05-07,GU,GU,0.0
2022-05-14,GU,GU,0.0
2022-05-21,GU,GU,1.0
2022-05-28,GU,GU,2.0
2022-06-04,GU,GU,5.0
2022-06-11,GU,GU,2.0
2022-06-18,GU,GU,4.0
2022-06-25,GU,GU,3.0
2022-07-02,GU,GU,0.0
2022-07-09,GU,GU,1.0
2022-07-16,GU,GU,1.0
2022-07-23,GU,GU,1.0
2022-07-30,GU,GU,1.0
2022-08-06,GU,GU,2.0
2022-08-13,GU,GU,1.0
2022-08-20,GU,GU,3.0
2022-08-27,GU,GU,1.0
2022-09-03,GU,GU,2.0
2022-09-10,GU,GU,1.0
2022-09-17,GU,GU,1.0
2022-09-24,GU,GU,0.0
2022-10-01,GU,GU,0.0
2024-10-05,LA,LA,5.0
2024-10-12,LA,LA,0.0
2024-10-19,LA,LA,13.0
2024-10-26,LA,LA,23.0
2024-11-02,LA,LA,27.0
2024-11-09,LA,LA,87.0
2024-11-16,LA,LA,84.0
2024-11-23,LA,LA,78.0
2024-11-30,LA,LA,135.0
2024-12-07,LA,LA,163.0
2024-12-14,LA,LA,252.0
2024-12-21,LA,LA,423.0
2024-12-28,LA,LA,590.0
2025-01-04,LA,LA,713.0
2025-01-11,LA,LA,446.0
2025-01-18,LA,LA,477.0
2025-01-25,LA,LA,521.0
2025-02-01,LA,LA,620.0
2025-02-08,LA,LA,494.0
2025-02-15,LA,LA,387.0
2025-02-22,LA,LA,330.0
2025-03-01,LA,LA,359.0
2025-03-08,LA,LA,398.0
2025-03-15,LA,LA,327.0
2025-03-22,LA,LA,230.0
2025-03-29,LA,LA,178.0
2025-04-05,LA,LA,121.0
2025-04-12,LA,LA,80.0
2025-04-19,LA,LA,70.0
2025-04-26,LA,LA,63.0
2025-05-03,LA,LA,44.0
2025-05-10,LA,LA,33.0
2025-05-17,LA,LA,41.0
2025-05-24,LA,LA,34.0
2025-05-31,LA,LA,37.0
2025-06-07,LA,LA,36.0
2025-06-14,LA,LA,37.0
2025-06-21,LA,LA,39.0
2025-06-28,LA,LA,29.0
2025-07-05,LA,LA,21.0
2025-07-12,LA,LA,19.0
2025-07-19,LA,LA,21.0
2025-07-26,LA,LA,17.0
2025-08-02,LA,LA,25.0
2025-08-09,LA,LA,21.0
2025-08-16,LA,LA,22.0
2025-08-23,LA,LA,27.0
2025-08-30,LA,LA,27.0
2025-09-06,LA,LA,20.0
2025-09-13,LA,LA,19.0
2025-09-20,LA,LA,25.0
2025-09-27,LA,LA,31.0
2022-10-08,MD,MD,17.0
2022-10-15,MD,MD,27.0
2022-10-22,MD,MD,43.0
2022-10-29,MD,MD,105.0
2022-11-05,MD,MD,156.0
2022-11-12,MD,MD,214.0
2022-11-19,MD,MD,210.0
2022-11-26,MD,MD,308.0
2022-12-03,MD,MD,411.0
2022-12-10,MD,MD,325.0
2022-12-17,MD,MD,261.0
2022-12-24,MD,MD,231.0
2022-12-31,MD,MD,225.0
2023-01-07,MD,MD,157.0
2023-01-14,MD,MD,101.0
2023-01-21,MD,MD,67.0
2023-01-28,MD,MD,39.0
2023-02-04,MD,MD,51.0
2023-02-11,MD,MD,41.0
2023-02-18,MD,MD,26.0
2023-02-25,MD,MD,26.0
2023-03-04,MD,MD,13.0
2023-03-11,MD,MD,16.0
2023-03-18,MD,MD,10.0
2023-03-25,MD,MD,21.0
2023-04-01,MD,MD,9.0
2023-04-08,MD,MD,12.0
2023-04-15,MD,MD,13.0
2023-04-22,MD,MD,10.0
2023-04-29,MD,MD,10.0
2023-05-06,MD,MD,15.0
2023-05-13,MD,MD,11.0
2023-05-20,MD,MD,5.0
2023-05-27,MD,MD,6.0
2023-06-03,MD,MD,8.0
2023-06-10,MD,MD,5.0
2023-06-17,MD,MD,2.0
2023-06-24,MD,MD,8.0
2023-07-01,MD,MD,0.0
2023-07-08,MD,MD,3.0
2023-07-15,MD,MD,5.0
2023-07-22,MD,MD,4.0
2023-07-29,MD,MD,14.0
2023-08-05,MD,MD,7.0
2023-08-12,MD,MD,5.0
2023-08-19,MD,MD,6.0
2023-08-26,MD,MD,3.0
2023-09-02,MD,MD,5.0
2023-09-09,MD,MD,5.0
2023-09-16,MD,MD,2.0
2023-09-23,MD,MD,6.0
2023-09-30,MD,MD,4.0
2020-10-17,MO,MO,0.0
2020-10-24,MO,MO,8.0
2020-10-31,MO,MO,2.0
2020-11-07,MO,MO,8.0
2020-11-14,MO,MO,11.0
2020-11-21,MO,MO,8.0
2020-11-28,MO,MO,16.0
2020-12-05,MO,MO,15.0
2020-12-12,MO,MO,7.0
2020-12-19,MO,MO,17.0
2020-12-26,MO,MO,10.0
2021-01-02,MO,MO,6.0
2021-01-09,MO,MO,13.0
2021-01-16,MO,MO,8.0
2021-01-23,MO,MO,9.0
2021-01-30,MO,MO,6.0
2021-02-06,MO,MO,7.0
2021-02-13,MO,MO,4.0
2021-02-20,MO,MO,13.0
2021-02-27,MO,MO,15.0
2021-03-06,MO,MO,5.0
2021-03-13,MO,MO,2.0
2021-03-20,MO,MO,2.0
2021-03-27,MO,MO,2.0
2021-04-03,MO,MO,3.0
2021-04-10,MO,MO,4.0
2021-04-17,MO,MO,0.0
2021-04-24,MO,MO,3.0
2021-05-01,MO,MO,7.0
2021-05-08,MO,MO,3.0
2021-05-15,MO,MO,1.0
2021-05-22,MO,MO,2.0
2021-05-29,MO,MO,3.0
2021-06-05,MO,MO,0.0
2021-06-12,MO,MO,0.0
2021-06-19,MO,MO,0.0
2021-06-26,MO,MO,2.0
2021-07-03,MO,MO,1.0
2021-07-10,MO,MO,3.0
2021-07-17,MO,MO,1.0
2021-07-24,MO,MO,4.0
2021-07-31,MO,MO,2.0
2021-08-07,MO,MO,2.0
2021-08-14,MO,MO,2.0
2021-08-21,MO,MO,4.0
2021-08-28,MO,MO,4.0
2021-09-04,MO,MO,2.0
2021-09-11,MO,MO,2.0
2021-09-18,MO,MO,1.0
2021-09-25,MO,MO,2.0
2021-10-02,MO,MO,6.0
2025-10-04,NM,NM,0.0
2025-10-11,NM,NM,6.0
2025-10-18,NM,NM,3.0
2025-10-25,NM,NM,5.0
2025-11-01,NM,NM,6.0
2025-11-08,NM,NM,7.0
2025-11-15,NM,NM,14.0
2025-11-22,NM,NM,17.0
2025-11-29,NM,NM,39.0
2025-12-06,NM,NM,39.0
2025-12-13,NM,NM,69.0
2025-12-20,NM,NM,170.0
2025-12-27,NM,NM,386.0
2026-01-03,NM,NM,409.0
2026-01-10,NM,NM,247.0
2026-01-17,NM,NM,147.0
2026-01-24,NM,NM,138.0
2026-01-31,NM,NM,105.0
2026-02-07,NM,NM,166.0
2026-02-14,NM,NM,78.0
2026-02-21,NM,NM,94.0
2026-02-28,NM,NM,94.0
2026-03-07,NM,NM,68.0
2026-03-14,NM,NM,61.0
2026-03-21,NM,NM,48.0
2026-03-28,NM,NM,13.0
2026-04-04,NM,NM,11.0
2026-04-11,NM,NM,9.0
2026-04-18,NM,NM,11.0
2026-04-25,NM,NM,7.0
2026-05-02,NM,NM,13.0
2026-05-09,NM,NM,10.0
2026-05-16,NM,NM,4.0
2026-05-23,NM,NM,4.0
2020-08-08,NV,NV,0.0
2020-09-26,NV,NV,0.0
2023-10-07,NV,NV,4.0
2023-10-14,NV,NV,6.0
2023-10-21,NV,NV,7.0
2023-10-28,NV,NV,8.0
2023-11-04,NV,NV,12.0
2023-11-11,NV,NV,22.0
2023-11-18,NV,NV,27.0
2023-11-25,NV,NV,39.0
2023-12-02,NV,NV,45.0
2023-12-09,NV,NV,77.0
2023-12-16,NV,NV,118.0
2023-12-23,NV,NV,158.0
2023-12-30,NV,NV,185.0
2024-01-06,NV,NV,143.0
2024-01-13,NV,NV,145.0
2024-01-20,NV,NV,78.0
2024-01-27,NV,NV,67.0
2024-02-03,NV,NV,58.0
2024-02-10,NV,NV,35.0
2024-02-17,NV,NV,51.0
2024-02-24,NV,NV,43.0
2024-03-02,NV,NV,49.0
2024-03-09,NV,NV,43.0
2024-03-16,NV,NV,30.0
2024-03-23,NV,NV,39.0
2024-03-30,NV,NV,26.0
2024-04-06,NV,NV,35.0
2024-04-13,NV,NV,23.0
2024-04-20,NV,NV,26.0
2024-04-27,NV,NV,21.0
2024-05-04,NV,NV,10.0
2024-05-11,NV,NV,1.0
2024-05-18,NV,NV,2.0
2024-05-25,NV,NV,0.0
2024-06-01,NV,NV,1.0
2024-06-08,NV,NV,0.0
2024-06-15,NV,NV,0.0
2024-06-22,NV,NV,1.0
2024-06-29,NV,NV,1.0
2024-07-06,NV,NV,1.0
2024-07-13,NV,NV,0.0
2024-07-20,NV,NV,0.0
2024-07-27,NV,NV,0.0
2024-08-03,NV,NV,0.0
2024-08-10,NV,NV,0.0
2024-08-17,NV,NV,0.0
2024-08-24,NV,NV,0.0
2024-08-31,NV,NV,0.0
2024-09-07,NV,NV,0.0
2024-09-14,NV,NV,0.0
2024-09-21,NV,NV,0.0
2024-09-28,NV,NV,1.0
2024-10-05,RI,RI,0.0
2024-10-12,RI,RI,0.0
2024-10-19,RI,RI,0.0
2024-10-26,RI,RI,0.0
2024-11-02,RI,RI,2.0
2024-11-09,RI,RI,3.0
2024-11-16,RI,RI,0.0
2024-11-23,RI,RI,2.0
2024-11-30,RI,RI,6.0
2024-12-07,RI,RI,10.0
2024-12-14,RI,RI,28.0
2024-12-21,RI,RI,29.0
2024-12-28,RI,RI,65.0
2025-01-04,RI,RI,93.0
2025-01-11,RI,RI,69.0
2025-01-18,RI,RI,107.0
2025-01-25,RI,RI,114.0
2025-02-01,RI,RI,173.0
2025-02-08,RI,RI,202.0
2025-02-15,RI,RI,180.0
2025-02-22,RI,RI,160.0
2025-03-01,RI,RI,107.0
2025-03-08,RI,RI,79.0
2025-03-15,RI,RI,68.0
2025-03-22,RI,RI,43.0
2025-03-29,RI,RI,26.0
2025-04-05,RI,RI,25.0
2025-04-12,RI,RI,22.0
2025-04-19,RI,RI,17.0
2025-04-26,RI,RI,4.0
2025-05-03,RI,RI,8.0
2025-05-10,RI,RI,3.0
2025-05-17,RI,RI,2.0
2025-05-24,RI,RI,2.0
2025-05-31,RI,RI,2.0
2025-06-07,RI,RI,3.0
2025-06-14,RI,RI,0.0
2025-06-21,RI,RI,0.0
2025-06-28,RI,RI,0.0
2025-07-05,RI,RI,0.0
2025-07-12,RI,RI,1.0
2025-07-19,RI,RI,0.0
2025-07-26,RI,RI,0.0
2025-08-02,RI,RI,1.0
2025-08-09,RI,RI,2.0
2025-08-16,RI,RI,1.0
2025-08-23,RI,RI,1.0
2025-08-30,RI,RI,0.0
2025-09-06,RI,RI,0.0
2025-09-13,RI,RI,0.0
2025-09-20,RI,RI,3.0
2025-09-27,RI,RI,4.0
2022-10-08,Region 4,Region 4,423.0
2022-10-15,Region 4,Region 4,557.0
2022-10-22,Region 4,Region 4,730.0
2022-10-29,Region 4,Region 4,1403.0
2022-11-05,Region 4,Region 4,2085.0
2022-11-12,Region 4,Region 4,2448.0
2022-11-19,Region 4,Region 4,2434.0
2022-11-26,Region 4,Region 4,3176.0
2022-12-03,Region 4,Region 4,4365.0
2022-12-10,Region 4,Region 4,3141.0
2022-12-17,Region 4,Region 4,2496.0
2022-12-24,Region 4,Region 4,2335.0
2022-12-31,Region 4,Region 4,2636.0
2023-01-07,Region 4,Region 4,2411.0
2023-01-14,Region 4,Region 4,1337.0
2023-01-21,Region 4,Region 4,1006.0
2023-01-28,Region 4,Region 4,723.0
2023-02-04,Region 4,Region 4,760.0
2023-02-11,Region 4,Region 4,591.0
2023-02-18,Region 4,Region 4,536.0
2023-02-25,Region 4,Region 4,453.0
2023-03-04,Region 4,Region 4,396.0
2023-03-11,Region 4,Region 4,377.0
2023-03-18,Region 4,Region 4,417.0
2023-03-25,Region 4,Region 4,344.0
2023-04-01,Region 4,Region 4,357.0
2023-04-08,Region 4,Region 4,370.0
2023-04-15,Region 4,Region 4,286.0
2023-04-22,Region 4,Region 4,317.0
2023-04-29,Region 4,Region 4,265.0
2023-05-06,Region 4,Region 4,250.0
2023-05-13,Region 4,Region 4,289.0
2023-05-20,Region 4,Region 4,259.0
2023-05-27,Region 4,Region 4,269.0
2023-06-03,Region 4,Region 4,294.0
2023-06-10,Region 4,Region 4,317.0
2023-06-17,Region 4,Region 4,288.0
2023-06-24,Region 4,Region 4,285.0
2023-07-01,Region 4,Region 4,288.0
2023-07-08,Region 4,Region 4,237.0
2023-07-15,Region 4,Region 4,244.0
2023-07-22,Region 4,Region 4,198.0
2023-07-29,Region 4,Region 4,248.0
2023-08-05,Region 4,Region 4,229.0
2023-08-12,Region 4,Region 4,249.0
2023-08-19,Region 4,Region 4,279.0
2023-08-26,Region 4,Region 4,298.0
2023-09-02,Region 4,Region 4,324.0
2023-09-09,Region 4,Region 4,289.0
2023-09-16,Region 4,Region 4,306.0
2023-09-23,Region 4,Region 4,301.0
2023-09-30,Region 4,Region 4,330.0
2020-08-08,Region 5,Region 5,0.0
2020-08-15,Region 5,Region 5,0.0
2020-08-22,Region 5,Region 5,0.0
2020-08-29,Region 5,Region 5,0.0
2020-09-05,Region 5,Region 5,0.0
2020-09-12,Region 5,Region 5,0.0
2020-09-19,Region 5,Region 5,0.0
2020-09-26,Region 5,Region 5,0.0
2023-10-07,Region 5,Region 5,77.0
2023-10-14,Region 5,Region 5,91.0
2023-10-21,Region 5,Region 5,102.0
2023-10-28,Region 5,Region 5,94.0
2023-11-04,Region 5,Region 5,157.0
2023-11-11,Region 5,Region 5,206.0
2023-11-18,Region 5,Region 5,304.0
2023-11-25,Region 5,Region 5,423.0
2023-12-02,Region 5,Region 5,647.0
2023-12-09,Region 5,Region 5,864.0
2023-12-16,Region 5,Region 5,1199.0
2023-12-23,Region 5,Region 5,1844.0
2023-12-30,Region 5,Region 5,2823.0
2024-01-06,Region 5,Region 5,2507.0
2024-01-13,Region 5,Region 5,2172.0
2024-01-20,Region 5,Region 5,1886.0
2024-01-27,Region 5,Region 5,1966.0
2024-02-03,Region 5,Region 5,2123.0
2024-02-10,Region 5,Region 5,2345.0
2024-02-17,Region 5,Region 5,2462.0
2024-02-24,Region 5,Region 5,2737.0
2024-03-02,Region 5,Region 5,2757.0
2024-03-09,Region 5,Region 5,2525.0
2024-03-16,Region 5,Region 5,1828.0
2024-03-23,Region 5,Region 5,1480.0
2024-03-30,Region 5,Region 5,1391.0
2024-04-06,Region 5,Region 5,1304.0
2024-04-13,Region 5,Region 5,981.0
2024-04-20,Region 5,Region 5,582.0
2024-04-27,Region 5,Region 5,411.0
2024-05-04,Region 5,Region 5,241.0
2024-05-11,Region 5,Region 5,94.0
2024-05-18,Region 5,Region 5,75.0
2024-05-25,Region 5,Region 5,56.0
2024-06-01,Region 5,Region 5,37.0
2024-06-08,Region 5,Region 5,25.0
2024-06-15,Region 5,Region 5,24.0
2024-06-22,Region 5,Region 5,27.0
2024-06-29,Region 5,Region 5,24.0
2024-07-06,Region 5,Region 5,26.0
2024-07-13,Region 5,Region 5,22.0
2024-07-20,Region 5,Region 5,18.0
2024-07-27,Region 5,Region 5,14.0
2024-08-03,Region 5,Region 5,10.0
2024-08-10,Region 5,Region 5,17.0
2024-08-17,Region 5,Region 5,21.0
2024-08-24,Region 5,Region 5,22.0
2024-08-31,Region 5,Region 5,15.0
2024-09-07,Region 5,Region 5,13.0
2024-09-14,Region 5,Region 5,30.0
2024-09-21,Region 5,Region 5,27.0
2024-09-28,Region 5,Region 5,18.0
2020-10-10,Region 6,Region 6,0.0
2020-10-17,Region 6,Region 6,3.0
2020-10-24,Region 6,Region 6,83.0
2020-10-31,Region 6,Region 6,157.0
2020-11-07,Region 6,Region 6,215.0
2020-11-14,Region 6,Region 6,227.0
2020-11-21,Region 6,Region 6,206.0
2020-11-28,Region 6,Region 6,253.0
2020-12-05,Region 6,Region 6,283.0
2020-12-12,Region 6,Region 6,258.0
2020-12-19,Region 6,Region 6,318.0
2020-12-26,Region 6,Region 6,301.0
2021-01-02,Region 6,Region 6,309.0
2021-01-09,Region 6,Region 6,171.0
2021-01-16,Region 6,Region 6,152.0
2021-01-23,Region 6,Region 6,383.0
2021-01-30,Region 6,Region 6,173.0
2021-02-06,Region 6,Region 6,180.0
2021-02-13,Region 6,Region 6,157.0
2021-02-20,Region 6,Region 6,140.0
2021-02-27,Region 6,Region 6,117.0
2021-03-06,Region 6,Region 6,110.0
2021-03-13,Region 6,Region 6,155.0
2021-03-20,Region 6,Region 6,69.0
2021-03-27,Region 6,Region 6,82.0
2021-04-03,Region 6,Region 6,87.0
2021-04-10,Region 6,Region 6,94.0
2021-04-17,Region 6,Region 6,73.0
2021-04-24,Region 6,Region 6,90.0
2021-05-01,Region 6,Region 6,75.0
2021-05-08,Region 6,Region 6,56.0
2021-05-15,Region 6,Region 6,54.0
2021-05-22,Region 6,Region 6,59.0
2021-05-29,Region 6,Region 6,58.0
2021-06-05,Region 6,Region 6,81.0
2021-06-12,Region 6,Region 6,61.0
2021-06-19,Region 6,Region 6,53.0
2021-06-26,Region 6,Region 6,56.0
2021-07-03,Region 6,Region 6,70.0
2021-07-10,Region 6,Region 6,102.0
2021-07-17,Region 6,Region 6,120.0
2021-07-24,Region 6,Region 6,88.0
2021-07-31,Region 6,Region 6,68.0
2021-08-07,Region 6,Region 6,86.0
2021-08-14,Region 6,Region 6,47.0
2021-08-21,Region 6,Region 6,24.0
2021-08-28,Region 6,Region 6,35.0
2021-09-04,Region 6,Region 6,39.0
2021-09-11,Region 6,Region 6,35.0
2021-09-18,Region 6,Region 6,30.0
2021-09-25,Region 6,Region 6,35.0
2021-10-02,Region 6,Region 6,36.0
2020-10-17,Region 7,Region 7,0.0
2020-10-24,Region 7,Region 7,15.0
2020-10-31,Region 7,Region 7,12.0
2020-11-07,Region 7,Region 7,21.0
2020-11-14,Region 7,Region 7,33.0
2020-11-21,Region 7,Region 7,17.0
2020-11-28,Region 7,Region 7,29.0
2020-12-05,Region 7,Region 7,25.0
2020-12-12,Region 7,Region 7,18.0
2020-12-19,Region 7,Region 7,35.0
2020-12-26,Region 7,Region 7,15.0
2021-01-02,Region 7,Region 7,14.0
2021-01-09,Region 7,Region 7,19.0
2021-01-16,Region 7,Region 7,28.0
2021-01-23,Region 7,Region 7,12.0
2021-01-30,Region 7,Region 7,11.0
2021-02-06,Region 7,Region 7,9.0
2021-02-13,Region 7,Region 7,10.0
2021-02-20,Region 7,Region 7,27.0
2021-02-27,Region 7,Region 7,22.0
2021-03-06,Region 7,Region 7,9.0
2021-03-13,Region 7,Region 7,15.0
2021-03-20,Region 7,Region 7,2.0
2021-03-27,Region 7,Region 7,14.0
2021-04-03,Region 7,Region 7,12.0
2021-04-10,Region 7,Region 7,12.0
2021-04-17,Region 7,Region 7,22.0
2021-04-24,Region 7,Region 7,14.0
2021-05-01,Region 7,Region 7,13.0
2021-05-08,Region 7,Region 7,15.0
2021-05-15,Region 7,Region 7,1.0
2021-05-22,Region 7,Region 7,10.0
2021-05-29,Region 7,Region 7,4.0
2021-06-05,Region 7,Region 7,0.0
2021-06-12,Region 7,Region 7,1.0
2021-06-19,Region 7,Region 7,0.0
2021-06-26,Region 7,Region 7,5.0
2021-07-03,Region 7,Region 7,3.0
2021-07-10,Region 7,Region 7,3.0
2021-07-17,Region 7,Region 7,5.0
2021-07-24,Region 7,Region 7,4.0
2021-07-31,Region 7,Region 7,2.0
2021-08-07,Region 7,Region 7,4.0
2021-08-14,Region 7,Region 7,3.0
2021-08-21,Region 7,Region 7,7.0
2021-08-28,Region 7,Region 7,6.0
2021-09-04,Region 7,Region 7,4.0
2021-09-11,Region 7,Region 7,4.0
2021-09-18,Region 7,Region 7,2.0
2021-09-25,Region 7,Region 7,15.0
2021-10-02,Region 7,Region 7,10.0
2024-10-05,Region 8,Region 8,5.0
2024-10-12,Region 8,Region 8,2.0
2024-10-19,Region 8,Region 8,6.0
2024-10-26,Region 8,Region 8,28.0
2024-11-02,Region 8,Region 8,29.0
2024-11-09,Region 8,Region 8,34.0
2024-11-16,Region 8,Region 8,48.0
2024-11-23,Region 8,Region 8,64.0
2024-11-30,Region 8,Region 8,102.0
2024-12-07,Region 8,Region 8,164.0
2024-12-14,Region 8,Region 8,271.0
2024-12-21,Region 8,Region 8,409.0
2024-12-28,Region 8,Region 8,969.0
2025-01-04,Region 8,Region 8,1438.0
2025-01-11,Region 8,Region 8,970.0
2025-01-18,Region 8,Region 8,920.0
2025-01-25,Region 8,Region 8,975.0
2025-02-01,Region 8,Region 8,1192.0
2025-02-08,Region 8,Region 8,1441.0
2025-02-15,Region 8,Region 8,1285.0
2025-02-22,Region 8,Region 8,1149.0
2025-03-01,Region 8,Region 8,888.0
2025-03-08,Region 8,Region 8,741.0
2025-03-15,Region 8,Region 8,548.0
2025-03-22,Region 8,Region 8,399.0
2025-03-29,Region 8,Region 8,293.0
2025-04-05,Region 8,Region 8,206.0
2025-04-12,Region 8,Region 8,152.0
2025-04-19,Region 8,Region 8,116.0
2025-04-26,Region 8,Region 8,97.0
2025-05-03,Region 8,Region 8,67.0
2025-05-10,Region 8,Region 8,60.0
2025-05-17,Region 8,Region 8,46.0
2025-05-24,Region 8,Region 8,44.0
2025-05-31,Region 8,Region 8,45.0
2025-06-07,Region 8,Region 8,39.0
2025-06-14,Region 8,Region 8,39.0
2025-06-21,Region 8,Region 8,18.0
2025-06-28,Region 8,Region 8,12.0
2025-07-05,Region 8,Region 8,19.0
2025-07-12,Region 8,Region 8,19.0
2025-07-19,Region 8,Region 8,11.0
2025-07-26,Region 8,Region 8,10.0
2025-08-02,Region 8,Region 8,10.0
2025-08-09,Region 8,Region 8,19.0
2025-08-16,Region 8,Region 8,11.0
2025-08-23,Region 8,Region 8,6.0
2025-08-30,Region 8,Region 8,15.0
2025-09-06,Region 8,Region 8,14.0
2025-09-13,Region 8,Region 8,13.0
2025-09-20,Region 8,Region 8,10.0
2025-09-27,Region 8,Region 8,13.0
2025-10-04,Region 9,Region 9,129.0
2025-10-11,Region 9,Region 9,117.0
2025-10-18,Region 9,Region 9,135.0
2025-10-25,Region 9,Region 9,158.0
2025-11-01,Region 9,Region 9,189.0
2025-11-08,Region 9,Region 9,210.0
2025-11-15,Region 9,Region 9,219.0
2025-11-22,Region 9,Region 9,260.0
2025-11-29,Region 9,Region 9,313.0
2025-12-06,Region 9,Region 9,379.0
2025-12-13,Region 9,Region 9,633.0
2025-12-20,Region 9,Region 9,1063.0
2025-12-27,Region 9,Region 9,1925.0
2026-01-03,Region 9,Region 9,2294.0
2026-01-10,Region 9,Region 9,2005.0
2026-01-17,Region 9,Region 9,1724.0
2026-01-24,Region 9,Region 9,1967.0
2026-01-31,Region 9,Region 9,2052.0
2026-02-07,Region 9,Region 9,2559.0
2026-02-14,Region 9,Region 9,2711.0
2026-02-21,Region 9,Region 9,2031.0
2026-02-28,Region 9,Region 9,1676.0
2026-03-07,Region 9,Region 9,1291.0
2026-03-14,Region 9,Region 9,943.0
2026-03-21,Region 9,Region 9,915.0
2026-03-28,Region 9,Region 9,600.0
2026-04-04,Region 9,Region 9,420.0
2026-04-11,Region 9,Region 9,351.0
2026-04-18,Region 9,Region 9,280.0
2026-04-25,Region 9,Region 9,346.0
2026-05-02,Region 9,Region 9,348.0
2026-05-09,Region 9,Region 9,295.0
2026-05-16,Region 9,Region 9,276.0
2026-05-23,Region 9,Region 9,228.0
2020-08-29,TN,TN,0.0
2020-09-05,TN,TN,0.0
2020-09-26,TN,TN,0.0
2025-10-04,USA,USA,976.0
2025-10-11,USA,USA,1016.0
2025-10-18,USA,USA,1119.0
2025-10-25,USA,USA,1198.0
2025-11-01,USA,USA,1358.0
2025-11-08,USA,USA,1788.0
2025-11-15,USA,USA,2482.0
2025-11-22,USA,USA,3579.0
2025-11-29,USA,USA,5215.0
2025-12-06,USA,USA,7446.0
2025-12-13,USA,USA,11145.0
2025-12-20,USA,USA,21051.0
2025-12-27,USA,USA,37536.0
2026-01-03,USA,USA,42548.0
2026-01-10,USA,USA,29887.0
2026-01-17,USA,USA,19731.0
2026-01-24,USA,USA,16802.0
2026-01-31,USA,USA,15729.0
2026-02-07,USA,USA,15939.0
2026-02-14,USA,USA,16222.0
2026-02-21,USA,USA,14710.0
2026-02-28,USA,USA,11142.0
2026-03-07,USA,USA,9589.0
2026-03-14,USA,USA,7781.0
2026-03-21,USA,USA,6076.0
2026-03-28,USA,USA,3300.0
2026-04-04,USA,USA,2895.0
2026-04-11,USA,USA,2228.0
2026-04-18,USA,USA,1936.0
2026-04-25,USA,USA,1871.0
2026-05-02,USA,USA,1636.0
2026-05-09,USA,USA,1468.0
2026-05-16,USA,USA,1287.0
2026-05-23,USA,USA,1180.0
2022-10-08,UT,UT,0.0
2022-10-15,UT,UT,3.0
2022-10-22,UT,UT,6.0
2022-10-29,UT,UT,12.0
2022-11-05,UT,UT,6.0
2022-11-12,UT,UT,12.0
2022-11-19,UT,UT,8.0
2022-11-26,UT,UT,29.0
2022-12-03,UT,UT,34.0
2022-12-10,UT,UT,60.0
2022-12-17,UT,UT,41.0
2022-12-24,UT,UT,63.0
2022-12-31,UT,UT,83.0
2023-01-07,UT,UT,66.0
2023-01-14,UT,UT,22.0
2023-01-21,UT,UT,22.0
2023-01-28,UT,UT,7.0
2023-02-04,UT,UT,7.0
2023-02-11,UT,UT,7.0
2023-02-18,UT,UT,12.0
2023-02-25,UT,UT,4.0
2023-03-04,UT,UT,3.0
2023-03-11,UT,UT,7.0
2023-03-18,UT,UT,3.0
2023-03-25,UT,UT,3.0
2023-04-01,UT,UT,3.0
2023-04-08,UT,UT,6.0
2023-04-15,UT,UT,3.0
2023-04-22,UT,UT,6.0
2023-04-29,UT,UT,0.0
2023-05-06,UT,UT,4.0
2023-05-13,UT,UT,6.0
2023-05-20,UT,UT,4.0
2023-05-27,UT,UT,5.0
2023-06-03,UT,UT,1.0
2023-06-10,UT,UT,1.0
2023-06-17,UT,UT,4.0
2023-06-24,UT,UT,3.0
2023-07-01,UT,UT,3.0
2023-07-08,UT,UT,1.0
2023-07-15,UT,UT,3.0
2023-07-22,UT,UT,0.0
2023-07-29,UT,UT,1.0
2023-08-05,UT,UT,1.0
2023-08-12,UT,UT,1.0
2023-08-19,UT,UT,0.0
2023-08-26,UT,UT,0.0
2023-09-02,UT,UT,1.0
2023-09-09,UT,UT,2.0
2023-09-16,UT,UT,3.0
2023-09-23,UT,UT,2.0
2023-09-30,UT,UT,4.0
2023-10-07,WA,WA,4.0
2023-10-14,WA,WA,13.0
2023-10-21,WA,WA,11.0
2023-10-28,WA,WA,8.0
2023-11-04,WA,WA,17.0
2023-11-11,WA,WA,17.0
2023-11-18,WA,WA,33.0
2023-11-25,WA,WA,36.0
2023-12-02,WA,WA,74.0
2023-12-09,WA,WA,83.0
2023-12-16,WA,WA,109.0
2023-12-23,WA,WA,155.0
2023-12-30,WA,WA,211.0
2024-01-06,WA,WA,209.0
2024-01-13,WA,WA,161.0
2024-01-20,WA,WA,145.0
2024-01-27,WA,WA,120.0
2024-02-03,WA,WA,105.0
2024-02-10,WA,WA,80.0
2024-02-17,WA,WA,73.0
2024-02-24,WA,WA,97.0
2024-03-02,WA,WA,75.0
2024-03-09,WA,WA,56.0
2024-03-16,WA,WA,85.0
2024-03-23,WA,WA,81.0
2024-03-30,WA,WA,56.0
2024-04-06,WA,WA,43.0
2024-04-13,WA,WA,42.0
2024-04-20,WA,WA,26.0
2024-04-27,WA,WA,37.0
2024-05-04,WA,WA,25.0
2024-05-11,WA,WA,28.0
2024-05-18,WA,WA,12.0
2024-05-25,WA,WA,21.0
2024-06-01,WA,WA,21.0
2024-06-08,WA,WA,39.0
2024-06-15,WA,WA,20.0
2024-06-22,WA,WA,28.0
2024-06-29,WA,WA,32.0
2024-07-06,WA,WA,19.0
2024-07-13,WA,WA,15.0
2024-07-20,WA,WA,6.0
2024-07-27,WA,WA,6.0
2024-08-03,WA,WA,3.0
2024-08-10,WA,WA,4.0
2024-08-17,WA,WA,8.0
2024-08-24,WA,WA,5.0
2024-08-31,WA,WA,7.0
2024-09-07,WA,WA,6.0
2024-09-14,WA,WA,5.0
2024-09-21,WA,WA,6.0
2024-09-28,WA,WA,6.0
2025-10-04,AL,AL,21.0
2025-10-11,AL,AL,14.0
2025-10-18,AL,AL,12.0
2025-10-25,AL,AL,11.0
2025-11-01,AL,AL,15.0
2025-11-08,AL,AL,18.0
2025-11-15,AL,AL,31.0
2025-11-22,AL,AL,37.0
2025-11-29,AL,AL,46.0
2025-12-06,AL,AL,67.0
2025-12-13,AL,AL,104.0
2025-12-20,AL,AL,275.0
2025-12-27,AL,AL,498.0
2026-01-03,AL,AL,501.0
2026-01-10,AL,AL,316.0
2026-01-17,AL,AL,206.0
2026-01-24,AL,AL,250.0
2026-01-31,AL,AL,262.0
2026-02-07,AL,AL,355.0
2026-02-14,AL,AL,437.0
2026-02-21,AL,AL,333.0
2026-02-28,AL,AL,180.0
2026-03-07,AL,AL,145.0
2026-03-14,AL,AL,105.0
2026-03-21,AL,AL,58.0
2026-03-28,AL,AL,45.0
2026-04-04,AL,AL,30.0
2026-04-11,AL,AL,33.0
2026-04-18,AL,AL,26.0
2026-04-25,AL,AL,28.0
2026-05-02,AL,AL,20.0
2026-05-09,AL,AL,20.0
2026-05-16,AL,AL,24.0
2026-05-23,AL,AL,23.0
2020-10-17,AR,AR,0.0
2020-10-24,AR,AR,4.0
2020-10-31,AR,AR,8.0
2020-11-07,AR,AR,14.0
2020-11-14,AR,AR,10.0
2020-11-21,AR,AR,6.0
2020-11-28,AR,AR,13.0
2020-12-05,AR,AR,6.0
2020-12-12,AR,AR,12.0
2020-12-19,AR,AR,11.0
2020-12-26,AR,AR,9.0
2021-01-02,AR,AR,20.0
2021-01-09,AR,AR,20.0
2021-01-16,AR,AR,17.0
2021-01-23,AR,AR,13.0
2021-01-30,AR,AR,21.0
2021-02-06,AR,AR,9.0
2021-02-13,AR,AR,19.0
2021-02-20,AR,AR,16.0
2021-02-27,AR,AR,10.0
2021-03-06,AR,AR,10.0
2021-03-13,AR,AR,21.0
2021-03-20,AR,AR,13.0
2021-03-27,AR,AR,14.0
2021-04-03,AR,AR,11.0
2021-04-10,AR,AR,14.0
2021-04-17,AR,AR,16.0
2021-04-24,AR,AR,18.0
2021-05-01,AR,AR,15.0
2021-05-08,AR,AR,6.0
2021-05-15,AR,AR,6.0
2021-05-22,AR,AR,3.0
2021-05-29,AR,AR,1.0
2021-06-05,AR,AR,7.0
2021-06-12,AR,AR,1.0
2021-06-19,AR,AR,4.0
2021-06-26,AR,AR,4.0
2021-07-03,AR,AR,2.0
2021-07-10,AR,AR,1.0
2021-07-17,AR,AR,1.0
2021-07-24,AR,AR,1.0
2021-07-31,AR,AR,0.0
2021-08-07,AR,AR,3.0
2021-08-14,AR,AR,2.0
2021-08-21,AR,AR,3.0
2021-08-28,AR,AR,5.0
2021-09-04,AR,AR,2.0
2021-09-11,AR,AR,0.0
2021-09-18,AR,AR,2.0
2021-09-25,AR,AR,3.0
2021-10-02,AR,AR,0.0
2022-10-08,AZ,AZ,13.0
2022-10-15,AZ,AZ,11.0
2022-10-22,AZ,AZ,24.0
2022-10-29,AZ,AZ,26.0
2022-11-05,AZ,AZ,79.0
2022-11-12,AZ,AZ,134.0
2022-11-19,AZ,AZ,308.0
2022-11-26,AZ,AZ,570.0
2022-12-03,AZ,AZ,799.0
2022-12-10,AZ,AZ,779.0
2022-12-17,AZ,AZ,568.0
2022-12-24,AZ,AZ,580.0
2022-12-31,AZ,AZ,656.0
2023-01-07,AZ,AZ,386.0
2023-01-14,AZ,AZ,163.0
2023-01-21,AZ,AZ,118.0
2023-01-28,AZ,AZ,57.0
2023-02-04,AZ,AZ,62.0
2023-02-11,AZ,AZ,56.0
2023-02-18,AZ,AZ,38.0
2023-02-25,AZ,AZ,43.0
2023-03-04,AZ,AZ,49.0
2023-03-11,AZ,AZ,43.0
2023-03-18,AZ,AZ,55.0
2023-03-25,AZ,AZ,36.0
2023-04-01,AZ,AZ,23.0
2023-04-08,AZ,AZ,40.0
2023-04-15,AZ,AZ,46.0
2023-04-22,AZ,AZ,37.0
2023-04-29,AZ,AZ,41.0
2023-05-06,AZ,AZ,34.0
2023-05-13,AZ,AZ,55.0
2023-05-20,AZ,AZ,55.0
2023-05-27,AZ,AZ,65.0
2023-06-03,AZ,AZ,65.0
2023-06-10,AZ,AZ,61.0
2023-06-17,AZ,AZ,50.0
2023-06-24,AZ,AZ,48.0
2023-07-01,AZ,AZ,29.0
2023-07-08,AZ,AZ,34.0
2023-07-15,AZ,AZ,28.0
2023-07-22,AZ,AZ,13.0
2023-07-29,AZ,AZ,15.0
2023-08-05,AZ,AZ,11.0
2023-08-12,AZ,AZ,9.0
2023-08-19,AZ,AZ,6.0
2023-08-26,AZ,AZ,17.0
2023-09-02,AZ,AZ,13.0
2023-09-09,AZ,AZ,8.0
2023-09-16,AZ,AZ,10.0
2023-09-23,AZ,AZ,8.0
2023-09-30,AZ,AZ,21.0
2021-10-09,CO,CO,1.0
2021-10-16,CO,CO,0.0
2021-10-23,CO,CO,0.0
2021-10-30,CO,CO,2.0
2021-11-06,CO,CO,4.0
2021-11-13,CO,CO,3.0
2021-11-20,CO,CO,2.0
2021-11-27,CO,CO,4.0
2021-12-04,CO,CO,16.0
2021-12-11,CO,CO,26.0
2021-12-18,CO,CO,32.0
2021-12-25,CO,CO,47.0
2022-01-01,CO,CO,65.0
2022-01-08,CO,CO,29.0
2022-01-15,CO,CO,24.0
2022-01-22,CO,CO,9.0
2022-01-29,CO,CO,9.0
2022-02-05,CO,CO,12.0
2022-02-12,CO,CO,27.0
2022-02-19,CO,CO,16.0
2022-02-26,CO,CO,24.0
2022-03-05,CO,CO,21.0
2022-03-12,CO,CO,38.0
2022-03-19,CO,CO,55.0
2022-03-26,CO,CO,82.0
2022-04-02,CO,CO,121.0
2022-04-09,CO,CO,104.0
2022-04-16,CO,CO,139.0
2022-04-23,CO,CO,179.0
2022-04-30,CO,CO,163.0
2022-05-07,CO,CO,258.0
2022-05-14,CO,CO,173.0
2022-05-21,CO,CO,120.0
2022-05-28,CO,CO,87.0
2022-06-04,CO,CO,75.0
2022-06-11,CO,CO,39.0
2022-06-18,CO,CO,25.0
2022-06-25,CO,CO,9.0
2022-07-02,CO,CO,13.0
2022-07-09,CO,CO,11.0
2022-07-16,CO,CO,9.0
2022-07-23,CO,CO,9.0
2022-07-30,CO,CO,8.0
2022-08-06,CO,CO,12.0
2022-08-13,CO,CO,10.0
2022-08-20,CO,CO,10.0
2022-08-27,CO,CO,1.0
2022-09-03,CO,CO,1.0
2022-09-10,CO,CO,2.0
2022-09-17,CO,CO,3.0
2022-09-24,CO,CO,4.0
2022-10-01,CO,CO,3.0
2022-10-08,CT,CT,2.0
2022-10-15,CT,CT,6.0
2022-10-22,CT,CT,11.0
2022-10-29,CT,CT,36.0
2022-11-05,CT,CT,38.0
2022-11-12,CT,CT,52.0
2022-11-19,CT,CT,103.0
2022-11-26,CT,CT,183.0
2022-12-03,CT,CT,426.0
2022-12-10,CT,CT,394.0
2022-12-17,CT,CT,395.0
2022-12-24,CT,CT,270.0
2022-12-31,CT,CT,241.0
2023-01-07,CT,CT,170.0
2023-01-14,CT,CT,79.0
2023-01-21,CT,CT,36.0
2023-01-28,CT,CT,33.0
2023-02-04,CT,CT,15.0
2023-02-11,CT,CT,15.0
2023-02-18,CT,CT,14.0
2023-02-25,CT,CT,17.0
2023-03-04,CT,CT,10.0
2023-03-11,CT,CT,19.0
2023-03-18,CT,CT,10.0
2023-03-25,CT,CT,13.0
2023-04-01,CT,CT,12.0
2023-04-08,CT,CT,22.0
2023-04-15,CT,CT,11.0
2023-04-22,CT,CT,8.0
2023-04-29,CT,CT,9.0
2023-05-06,CT,CT,7.0
2023-05-13,CT,CT,6.0
2023-05-20,CT,CT,9.0
2023-05-27,CT,CT,12.0
2023-06-03,CT,CT,4.0
2023-06-10,CT,CT,6.0
2023-06-17,CT,CT,6.0
2023-06-24,CT,CT,6.0
2023-07-01,CT,CT,6.0
2023-07-08,CT,CT,1.0
2023-07-15,CT,CT,2.0
2023-07-22,CT,CT,3.0
2023-07-29,CT,CT,5.0
2023-08-05,CT,CT,4.0
2023-08-12,CT,CT,7.0
2023-08-19,CT,CT,4.0
2023-08-26,CT,CT,8.0
2023-09-02,CT,CT,6.0
2023-09-09,CT,CT,1.0
2023-09-16,CT,CT,9.0
2023-09-23,CT,CT,16.0
2023-09-30,CT,CT,8.0
2021-10-09,FL,FL,35.0
2021-10-16,FL,FL,16.0
2021-10-23,FL,FL,28.0
2021-10-30,FL,FL,27.0
2021-11-06,FL,FL,29.0
2021-11-13,FL,FL,49.0
2021-11-20,FL,FL,49.0
2021-11-27,FL,FL,64.0
2021-12-04,FL,FL,62.0
2021-12-11,FL,FL,81.0
2021-12-18,FL,FL,83.0
2021-12-25,FL,FL,103.0
2022-01-01,FL,FL,111.0
2022-01-08,FL,FL,72.0
2022-01-15,FL,FL,102.0
2022-01-22,FL,FL,69.0
2022-01-29,FL,FL,43.0
2022-02-05,FL,FL,56.0
2022-02-12,FL,FL,47.0
2022-02-19,FL,FL,47.0
2022-02-26,FL,FL,55.0
2022-03-05,FL,FL,59.0
2022-03-12,FL,FL,47.0
2022-03-19,FL,FL,58.0
2022-03-26,FL,FL,84.0
2022-04-02,FL,FL,78.0
2022-04-09,FL,FL,83.0
2022-04-16,FL,FL,147.0
2022-04-23,FL,FL,140.0
2022-04-30,FL,FL,164.0
2022-05-07,FL,FL,213.0
2022-05-14,FL,FL,278.0
2022-05-21,FL,FL,371.0
2022-05-28,FL,FL,516.0
2022-06-04,FL,FL,663.0
2022-06-11,FL,FL,551.0
2022-06-18,FL,FL,460.0
2022-06-25,FL,FL,302.0
2022-07-02,FL,FL,208.0
2022-07-09,FL,FL,161.0
2022-07-16,FL,FL,124.0
2022-07-23,FL,FL,89.0
2022-07-30,FL,FL,74.0
2022-08-06,FL,FL,69.0
2022-08-13,FL,FL,74.0
2022-08-20,FL,FL,60.0
2022-08-27,FL,FL,65.0
2022-09-03,FL,FL,53.0
2022-09-10,FL,FL,50.0
2022-09-17,FL,FL,79.0
2022-09-24,FL,FL,78.0
2022-10-01,FL,FL,78.0
2023-10-07,FL,FL,226.0
2023-10-14,FL,FL,213.0
2023-10-21,FL,FL,290.0
2023-10-28,FL,FL,313.0
2023-11-04,FL,FL,443.0
2023-11-11,FL,FL,462.0
2023-11-18,FL,FL,651.0
2023-11-25,FL,FL,701.0
2023-12-02,FL,FL,743.0
2023-12-09,FL,FL,759.0
2023-12-16,FL,FL,842.0
2023-12-23,FL,FL,988.0
2023-12-30,FL,FL,1350.0
2024-01-06,FL,FL,1411.0
2024-01-13,FL,FL,1069.0
2024-01-20,FL,FL,907.0
2024-01-27,FL,FL,833.0
2024-02-03,FL,FL,711.0
2024-02-10,FL,FL,827.0
2024-02-17,FL,FL,677.0
2024-02-24,FL,FL,617.0
2024-03-02,FL,FL,536.0
2024-03-09,FL,FL,533.0
2024-03-16,FL,FL,516.0
2024-03-23,FL,FL,419.0
2024-03-30,FL,FL,402.0
2024-04-06,FL,FL,311.0
2024-04-13,FL,FL,324.0
2024-04-20,FL,FL,237.0
2024-04-27,FL,FL,260.0
2024-05-04,FL,FL,140.0
2024-05-11,FL,FL,85.0
2024-05-18,FL,FL,91.0
2024-05-25,FL,FL,97.0
2024-06-01,FL,FL,77.0
2024-06-08,FL,FL,81.0
2024-06-15,FL,FL,80.0
2024-06-22,FL,FL,64.0
2024-06-29,FL,FL,62.0
2024-07-06,FL,FL,56.0
2024-07-13,FL,FL,78.0
2024-07-20,FL,FL,59.0
2024-07-27,FL,FL,41.0
2024-08-03,FL,FL,54.0
2024-08-10,FL,FL,42.0
2024-08-17,FL,FL,45.0
2024-08-24,FL,FL,41.0
2024-08-31,FL,FL,38.0
2024-09-07,FL,FL,55.0
2024-09-14,FL,FL,79.0
2024-09-21,FL,FL,44.0
2024-09-28,FL,FL,46.0
2022-10-08,GU,GU,2.0
2022-10-15,GU,GU,2.0
2022-10-22,GU,GU,1.0
2022-10-29,GU,GU,1.0
2022-11-05,GU,GU,3.0
2022-11-12,GU,GU,1.0
2022-11-19,GU,GU,1.0
2022-11-26,GU,GU,0.0
2022-12-03,GU,GU,1.0
2022-12-10,GU,GU,3.0
2022-12-17,GU,GU,1.0
2022-12-24,GU,GU,3.0
2022-12-31,GU,GU,2.0
2023-01-07,GU,GU,1.0
2023-01-14,GU,GU,0.0
2023-01-21,GU,GU,2.0
2023-01-28,GU,GU,1.0
2023-02-04,GU,GU,2.0
2023-02-11,GU,GU,1.0
2023-02-18,GU,GU,0.0
2023-02-25,GU,GU,1.0
2023-03-04,GU,GU,0.0
2023-03-11,GU,GU,0.0
2023-03-18,GU,GU,3.0
2023-03-25,GU,GU,0.0
2023-04-01,GU,GU,1.0
2023-04-08,GU,GU,2.0
2023-04-15,GU,GU,2.0
2023-04-22,GU,GU,0.0
2023-04-29,GU,GU,0.0
2023-05-06,GU,GU,1.0
2023-05-13,GU,GU,0.0
2023-05-20,GU,GU,0.0
2023-05-27,GU,GU,0.0
2023-06-03,GU,GU,1.0
2023-06-10,GU,GU,3.0
2023-06-17,GU,GU,1.0
2023-06-24,GU,GU,0.0
2023-07-01,GU,GU,1.0
2023-07-08,GU,GU,0.0
2023-07-15,GU,GU,0.0
2023-07-22,GU,GU,1.0
2023-07-29,GU,GU,1.0
2023-08-05,GU,GU,1.0
2023-08-12,GU,GU,1.0
2023-08-19,GU,GU,1.0
2023-08-26,GU,GU,2.0
2023-09-02,GU,GU,5.0
2023-09-09,GU,GU,2.0
2023-09-16,GU,GU,3.0
2023-09-23,GU,GU,4.0
2023-09-30,GU,GU,2.0
2021-10-09,HI,HI,0.0
2021-10-16,HI,HI,0.0
2021-10-23,HI,HI,0.0
2021-10-30,HI,HI,0.0
2021-11-06,HI,HI,0.0
2021-11-13,HI,HI,0.0
2021-11-20,HI,HI,0.0
2021-11-27,HI,HI,1.0
2021-12-04,HI,HI,0.0
2021-12-11,HI,HI,0.0
2021-12-18,HI,HI,0.0
2021-12-25,HI,HI,1.0
2022-01-01,HI,HI,0.0
2022-01-08,HI,HI,0.0
2022-01-15,HI,HI,0.0
2022-01-22,HI,HI,0.0
2022-01-29,HI,HI,0.0
2022-02-05,HI,HI,0.0
2022-02-12,HI,HI,0.0
2022-02-19,HI,HI,0.0
2022-02-26,HI,HI,0.0
2022-03-05,HI,HI,0.0
2022-03-12,HI,HI,0.0
2022-03-19,HI,HI,1.0
2022-03-26,HI,HI,0.0
2022-04-02,HI,HI,1.0
2022-04-09,HI,HI,3.0
2022-04-16,HI,HI,9.0
2022-04-23,HI,HI,7.0
2022-04-30,HI,HI,4.0
2022-05-07,HI,HI,2.0
2022-05-14,HI,HI,3.0
2022-05-21,HI,HI,11.0
2022-05-28,HI,HI,9.0
2022-06-04,HI,HI,4.0
2022-06-11,HI,HI,3.0
2022-06-18,HI,HI,4.0
2022-06-25,HI,HI,6.0
2022-07-02,HI,HI,3.0
2022-07-09,HI,HI,3.0
2022-07-16,HI,HI,0.0
2022-07-23,HI,HI,1.0
2022-07-30,HI,HI,2.0
2022-08-06,HI,HI,3.0
2022-08-13,HI,HI,1.0
2022-08-20,HI,HI,1.0
2022-08-27,HI,HI,1.0
2022-09-03,HI,HI,2.0
2022-09-10,HI,HI,1.0
2022-09-17,HI,HI,2.0
2022-09-24,HI,HI,3.0
2022-10-01,HI,HI,4.0
2025-10-04,KS,KS,10.0
2025-10-11,KS,KS,13.0
2025-10-18,KS,KS,9.0
2025-10-25,KS,KS,16.0
2025-11-01,KS,KS,11.0
2025-11-08,KS,KS,6.0
2025-11-15,KS,KS,10.0
2025-11-22,KS,KS,8.0
2025-11-29,KS,KS,13.0
2025-12-06,KS,KS,22.0
2025-12-13,KS,KS,30.0
2025-12-20,KS,KS,101.0
2025-12-27,KS,KS,269.0
2026-01-03,KS,KS,353.0
2026-01-10,KS,KS,268.0
2026-01-17,KS,KS,189.0
2026-01-24,KS,KS,213.0
2026-01-31,KS,KS,214.0
2026-02-07,KS,KS,214.0
2026-02-14,KS,KS,211.0
2026-02-21,KS,KS,190.0
2026-02-28,KS,KS,130.0
2026-03-07,KS,KS,102.0
2026-03-14,KS,KS,62.0
2026-03-21,KS,KS,45.0
2026-03-28,KS,KS,17.0
2026-04-04,KS,KS,14.0
2026-04-11,KS,KS,11.0
2026-04-18,KS,KS,7.0
2026-04-25,KS,KS,9.0
2026-05-02,KS,KS,4.0
2026-05-09,KS,KS,3.0
2026-05-16,KS,KS,3.0
2026-05-23,KS,KS,5.0
2020-10-24,MN,MN,0.0
2020-10-31,MN,MN,0.0
2020-11-07,MN,MN,1.0
2020-11-14,MN,MN,30.0
2020-11-21,MN,MN,8.0
2020-11-28,MN,MN,1.0
2020-12-05,MN,MN,1.0
2020-12-12,MN,MN,0.0
2020-12-19,MN,MN,0.0
2020-12-26,MN,MN,1.0
2021-01-02,MN,MN,0.0
2021-01-09,MN,MN,1.0
2021-01-16,MN,MN,1.0
2021-01-23,MN,MN,0.0
2021-01-30,MN,MN,12.0
2021-02-06,MN,MN,0.0
2021-02-13,MN,MN,0.0
2021-02-20,MN,MN,5.0
2021-02-27,MN,MN,8.0
2021-03-06,MN,MN,18.0
2021-03-13,MN,MN,8.0
2021-03-20,MN,MN,0.0
2021-03-27,MN,MN,0.0
2021-04-03,MN,MN,0.0
2021-04-10,MN,MN,0.0
2021-04-17,MN,MN,0.0
2021-04-24,MN,MN,1.0
2021-05-01,MN,MN,2.0
2021-05-08,MN,MN,1.0
2021-05-15,MN,MN,0.0
2021-05-22,MN,MN,0.0
2021-05-29,MN,MN,0.0
2021-06-05,MN,MN,0.0
2021-06-12,MN,MN,0.0
2021-06-19,MN,MN,1.0
2021-06-26,MN,MN,0.0
2021-07-03,MN,MN,0.0
2021-07-10,MN,MN,0.0
2021-07-17,MN,MN,0.0
2021-07-24,MN,MN,0.0
2021-07-31,MN,MN,0.0
2021-08-07,MN,MN,0.0
2021-08-14,MN,MN,0.0
2021-08-21,MN,MN,0.0
2021-08-28,MN,MN,2.0
2021-09-04,MN,MN,0.0
2021-09-11,MN,MN,0.0
2021-09-18,MN,MN,3.0
2021-09-25,MN,MN,0.0
2021-10-02,MN,MN,1.0
2021-10-09,MP,MP,0.0
2021-10-16,MP,MP,0.0
2021-10-23,MP,MP,0.0
2021-10-30,MP,MP,0.0
2021-11-06,MP,MP,0.0
2021-11-13,MP,MP,0.0
2021-11-20,MP,MP,0.0
2021-11-27,MP,MP,0.0
2021-12-04,MP,MP,0.0
2021-12-11,MP,MP,0.0
2021-12-18,MP,MP,0.0
2021-12-25,MP,MP,0.0
2022-01-01,MP,MP,0.0
2022-01-08,MP,MP,0.0
2022-01-15,MP,MP,45.0
2022-01-22,MP,MP,105.0
2022-01-29,MP,MP,105.0
2022-02-05,MP,MP,75.0
2022-02-12,MP,MP,0.0
2022-02-19,MP,MP,0.0
2022-02-26,MP,MP,0.0
2022-03-05,MP,MP,0.0
2022-03-12,MP,MP,0.0
2022-03-19,MP,MP,0.0
2022-03-26,MP,MP,0.0
2022-04-02,MP,MP,0.0
2022-04-09,MP,MP,0.0
2022-04-16,MP,MP,0.0
2022-04-23,MP,MP,0.0
2022-04-30,MP,MP,0.0
2022-05-28,MP,MP,0.0
2022-06-04,MP,MP,0.0
2022-06-11,MP,MP,0.0
2022-06-18,MP,MP,0.0
2022-06-25,MP,MP,0.0
2022-07-23,MP,MP,0.0
2022-07-30,MP,MP,0.0
2022-08-06,MP,MP,0.0
2022-09-17,MP,MP,0.0
2020-10-17,MT,MT,0.0
2020-10-24,MT,MT,0.0
2020-10-31,MT,MT,1.0
2020-11-07,MT,MT,1.0
2020-11-14,MT,MT,1.0
2020-11-21,MT,MT,1.0
2020-11-28,MT,MT,0.0
2020-12-05,MT,MT,0.0
2020-12-12,MT,MT,0.0
2020-12-19,MT,MT,1.0
2020-12-26,MT,MT,1.0
2021-01-02,MT,MT,0.0
2021-01-09,MT,MT,0.0
2021-01-16,MT,MT,0.0
2021-01-23,MT,MT,0.0
2021-01-30,MT,MT,0.0
2021-02-06,MT,MT,0.0
2021-02-13,MT,MT,0.0
2021-02-20,MT,MT,0.0
2021-02-27,MT,MT,1.0
2021-03-06,MT,MT,0.0
2021-03-13,MT,MT,0.0
2021-03-20,MT,MT,0.0
2021-03-27,MT,MT,0.0
2021-04-03,MT,MT,0.0
2021-04-10,MT,MT,2.0
2021-04-17,MT,MT,0.0
2021-04-24,MT,MT,0.0
2021-05-01,MT,MT,0.0
2021-05-08,MT,MT,0.0
2021-05-15,MT,MT,0.0
2021-05-22,MT,MT,0.0
2021-05-29,MT,MT,0.0
2021-06-05,MT,MT,0.0
2021-06-12,MT,MT,0.0
2021-06-19,MT,MT,1.0
2021-06-26,MT,MT,0.0
2021-07-03,MT,MT,0.0
2021-07-10,MT,MT,0.0
2021-07-17,MT,MT,0.0
2021-07-24,MT,MT,0.0
2021-07-31,MT,MT,0.0
2021-08-07,MT,MT,0.0
2021-08-14,MT,MT,0.0
2021-08-21,MT,MT,0.0
2021-08-28,MT,MT,0.0
2021-09-04,MT,MT,0.0
2021-09-11,MT,MT,0.0
2021-09-18,MT,MT,7.0
2021-09-25,MT,MT,1.0
2021-10-02,MT,MT,0.0
2023-10-07,NH,NH,2.0
2023-10-14,NH,NH,0.0
2023-10-21,NH,NH,0.0
2023-10-28,NH,NH,2.0
2023-11-04,NH,NH,2.0
2023-11-11,NH,NH,2.0
2023-11-18,NH,NH,2.0
2023-11-25,NH,NH,1.0
2023-12-02,NH,NH,7.0
2023-12-09,NH,NH,15.0
2023-12-16,NH,NH,28.0
2023-12-23,NH,NH,41.0
2023-12-30,NH,NH,51.0
2024-01-06,NH,NH,46.0
2024-01-13,NH,NH,47.0
2024-01-20,NH,NH,30.0
2024-01-27,NH,NH,24.0
2024-02-03,NH,NH,37.0
2024-02-10,NH,NH,43.0
2024-02-17,NH,NH,41.0
2024-02-24,NH,NH,33.0
2024-03-02,NH,NH,39.0
2024-03-09,NH,NH,33.0
2024-03-16,NH,NH,38.0
2024-03-23,NH,NH,25.0
2024-03-30,NH,NH,17.0
2024-04-06,NH,NH,16.0
2024-04-13,NH,NH,14.0
2024-04-20,NH,NH,12.0
2024-04-27,NH,NH,4.0
2024-05-04,NH,NH,3.0
2024-05-11,NH,NH,0.0
2024-05-18,NH,NH,0.0
2024-05-25,NH,NH,0.0
2024-06-01,NH,NH,0.0
2024-06-08,NH,NH,0.0
2024-06-15,NH,NH,0.0
2024-06-22,NH,NH,0.0
2024-06-29,NH,NH,0.0
2024-07-06,NH,NH,0.0
2024-07-13,NH,NH,0.0
2024-07-20,NH,NH,0.0
2024-07-27,NH,NH,0.0
2024-08-03,NH,NH,0.0
2024-08-10,NH,NH,0.0
2024-08-17,NH,NH,0.0
2024-08-24,NH,NH,0.0
2024-08-31,NH,NH,0.0
2024-09-07,NH,NH,0.0
2024-09-14,NH,NH,0.0
2024-09-21,NH,NH,0.0
2024-09-28,NH,NH,0.0
2020-10-24,OH,OH,2.0
2020-10-31,OH,OH,1.0
2020-11-07,OH,OH,3.0
2020-11-14,OH,OH,4.0
2020-11-21,OH,OH,2.0
2020-11-28,OH,OH,4.0
2020-12-05,OH,OH,7.0
2020-12-12,OH,OH,6.0
2020-12-19,OH,OH,5.0
2020-12-26,OH,OH,14.0
2021-01-02,OH,OH,21.0
2021-01-09,OH,OH,11.0
2021-01-16,OH,OH,7.0
2021-01-23,OH,OH,6.0
2021-01-30,OH,OH,8.0
2021-02-06,OH,OH,6.0
2021-02-13,OH,OH,9.0
2021-02-20,OH,OH,12.0
2021-02-27,OH,OH,11.0
2021-03-06,OH,OH,12.0
2021-03-13,OH,OH,7.0
2021-03-20,OH,OH,5.0
2021-03-27,OH,OH,6.0
2021-04-03,OH,OH,7.0
2021-04-10,OH,OH,1.0
2021-04-17,OH,OH,9.0
2021-04-24,OH,OH,3.0
2021-05-01,OH,OH,3.0
2021-05-08,OH,OH,1.0
2021-05-15,OH,OH,2.0
2021-05-22,OH,OH,1.0
2021-05-29,OH,OH,3.0
2021-06-05,OH,OH,0.0
2021-06-12,OH,OH,3.0
2021-06-19,OH,OH,3.0
2021-06-26,OH,OH,0.0
2021-07-03,OH,OH,2.0
2021-07-10,OH,OH,0.0
2021-07-17,OH,OH,0.0
2021-07-24,OH,OH,0.0
2021-07-31,OH,OH,5.0
2021-08-07,OH,OH,29.0
2021-08-14,OH,OH,5.0
2021-08-21,OH,OH,2.0
2021-08-28,OH,OH,1.0
2021-09-04,OH,OH,0.0
2021-09-11,OH,OH,3.0
2021-09-18,OH,OH,6.0
2021-09-25,OH,OH,2.0
2021-10-02,OH,OH,8.0
2023-10-07,PA,PA,41.0
2023-10-14,PA,PA,40.0
2023-10-21,PA,PA,38.0
2023-10-28,PA,PA,49.0
2023-11-04,PA,PA,30.0
2023-11-11,PA,PA,81.0
2023-11-18,PA,PA,89.0
2023-11-25,PA,PA,118.0
2023-12-02,PA,PA,211.0
2023-12-09,PA,PA,267.0
2023-12-16,PA,PA,390.0
2023-12-23,PA,PA,702.0
2023-12-30,PA,PA,932.0
2024-01-06,PA,PA,758.0
2024-01-13,PA,PA,577.0
2024-01-20,PA,PA,454.0
2024-01-27,PA,PA,401.0
2024-02-03,PA,PA,443.0
2024-02-10,PA,PA,425.0
2024-02-17,PA,PA,493.0
2024-02-24,PA,PA,493.0
2024-03-02,PA,PA,540.0
2024-03-09,PA,PA,511.0
2024-03-16,PA,PA,367.0
2024-03-23,PA,PA,339.0
2024-03-30,PA,PA,266.0
2024-04-06,PA,PA,256.0
2024-04-13,PA,PA,195.0
2024-04-20,PA,PA,144.0
2024-04-27,PA,PA,112.0
2024-05-04,PA,PA,95.0
2024-05-11,PA,PA,84.0
2024-05-18,PA,PA,92.0
2024-05-25,PA,PA,85.0
2024-06-01,PA,PA,79.0
2024-06-08,PA,PA,59.0
2024-06-15,PA,PA,80.0
2024-06-22,PA,PA,51.0
2024-06-29,PA,PA,47.0
2024-07-06,PA,PA,46.0
2024-07-13,PA,PA,58.0
2024-07-20,PA,PA,50.0
2024-07-27,PA,PA,59.0
2024-08-03,PA,PA,55.0
2024-08-10,PA,PA,44.0
2024-08-17,PA,PA,53.0
2024-08-24,PA,PA,55.0
2024-08-31,PA,PA,63.0
2024-09-07,PA,PA,43.0
2024-09-14,PA,PA,54.0
2024-09-21,PA,PA,83.0
2024-09-28,PA,PA,45.0
2021-10-09,RI,RI,0.0
2021-10-16,RI,RI,1.0
2021-10-23,RI,RI,0.0
2021-10-30,RI,RI,1.0
2021-11-06,RI,RI,1.0
2021-11-13,RI,RI,0.0
2021-11-20,RI,RI,0.0
2021-11-27,RI,RI,0.0
2021-12-04,RI,RI,3.0
2021-12-11,RI,RI,1.0
2021-12-18,RI,RI,3.0
2021-12-25,RI,RI,4.0
2022-01-01,RI,RI,3.0
2022-01-08,RI,RI,2.0
2022-01-15,RI,RI,1.0
2022-01-22,RI,RI,1.0
2022-01-29,RI,RI,2.0
2022-02-05,RI,RI,0.0
2022-02-12,RI,RI,0.0
2022-02-19,RI,RI,1.0
2022-02-26,RI,RI,0.0
2022-03-05,RI,RI,2.0
2022-03-12,RI,RI,0.0
2022-03-19,RI,RI,1.0
2022-03-26,RI,RI,1.0
2022-04-02,RI,RI,3.0
2022-04-09,RI,RI,5.0
2022-04-16,RI,RI,9.0
2022-04-23,RI,RI,10.0
2022-04-30,RI,RI,5.0
2022-05-07,RI,RI,6.0
2022-05-14,RI,RI,8.0
2022-05-21,RI,RI,6.0
2022-05-28,RI,RI,7.0
2022-06-04,RI,RI,6.0
2022-06-11,RI,RI,1.0
2022-06-18,RI,RI,2.0
2022-06-25,RI,RI,1.0
2022-07-02,RI,RI,0.0
2022-07-09,RI,RI,9.0
2022-07-16,RI,RI,1.0
2022-07-23,RI,RI,0.0
2022-07-30,RI,RI,0.0
2022-08-06,RI,RI,0.0
2022-08-13,RI,RI,0.0
2022-08-20,RI,RI,0.0
2022-08-27,RI,RI,0.0
2022-09-03,RI,RI,0.0
2022-09-10,RI,RI,0.0
2022-09-17,RI,RI,0.0
2022-09-24,RI,RI,0.0
2022-10-01,RI,RI,1.0
2024-10-05,Region 2,Region 2,27.0
2024-10-12,Region 2,Region 2,9.0
2024-10-19,Region 2,Region 2,11.0
2024-10-26,Region 2,Region 2,24.0
2024-11-02,Region 2,Region 2,58.0
2024-11-09,Region 2,Region 2,222.0
2024-11-16,Region 2,Region 2,328.0
2024-11-23,Region 2,Region 2,310.0
2024-11-30,Region 2,Region 2,580.0
2024-12-07,Region 2,Region 2,841.0
2024-12-14,Region 2,Region 2,1076.0
2024-12-21,Region 2,Region 2,1624.0
2024-12-28,Region 2,Region 2,2959.0
2025-01-04,Region 2,Region 2,4930.0
2025-01-11,Region 2,Region 2,4576.0
2025-01-18,Region 2,Region 2,4522.0
2025-01-25,Region 2,Region 2,5027.0
2025-02-01,Region 2,Region 2,5270.0
2025-02-08,Region 2,Region 2,5081.0
2025-02-15,Region 2,Region 2,4365.0
2025-02-22,Region 2,Region 2,3480.0
2025-03-01,Region 2,Region 2,2883.0
2025-03-08,Region 2,Region 2,2191.0
2025-03-15,Region 2,Region 2,1919.0
2025-03-22,Region 2,Region 2,1482.0
2025-03-29,Region 2,Region 2,1106.0
2025-04-05,Region 2,Region 2,950.0
2025-04-12,Region 2,Region 2,830.0
2025-04-19,Region 2,Region 2,607.0
2025-04-26,Region 2,Region 2,468.0
2025-05-03,Region 2,Region 2,365.0
2025-05-10,Region 2,Region 2,355.0
2025-05-17,Region 2,Region 2,308.0
2025-05-24,Region 2,Region 2,249.0
2025-05-31,Region 2,Region 2,326.0
2025-06-07,Region 2,Region 2,238.0
2025-06-14,Region 2,Region 2,243.0
2025-06-21,Region 2,Region 2,256.0
2025-06-28,Region 2,Region 2,161.0
2025-07-05,Region 2,Region 2,171.0
2025-07-12,Region 2,Region 2,146.0
2025-07-19,Region 2,Region 2,131.0
2025-07-26,Region 2,Region 2,139.0
2025-08-02,Region 2,Region 2,121.0
2025-08-09,Region 2,Region 2,120.0
2025-08-16,Region 2,Region 2,70.0
2025-08-23,Region 2,Region 2,118.0
2025-08-30,Region 2,Region 2,110.0
2025-09-06,Region 2,Region 2,172.0
2025-09-13,Region 2,Region 2,147.0
2025-09-20,Region 2,Region 2,97.0
2025-09-27,Region 2,Region 2,98.0
2024-10-05,Region 4,Region 4,69.0
2024-10-12,Region 4,Region 4,98.0
2024-10-19,Region 4,Region 4,215.0
2024-10-26,Region 4,Region 4,221.0
2024-11-02,Region 4,Region 4,233.0
2024-11-09,Region 4,Region 4,622.0
2024-11-16,Region 4,Region 4,661.0
2024-11-23,Region 4,Region 4,700.0
2024-11-30,Region 4,Region 4,906.0
2024-12-07,Region 4,Region 4,1216.0
2024-12-14,Region 4,Region 4,1910.0
2024-12-21,Region 4,Region 4,3214.0
2024-12-28,Region 4,Region 4,5950.0
2025-01-04,Region 4,Region 4,8187.0
2025-01-11,Region 4,Region 4,6402.0
2025-01-18,Region 4,Region 4,7157.0
2025-01-25,Region 4,Region 4,8912.0
2025-02-01,Region 4,Region 4,11537.0
2025-02-08,Region 4,Region 4,11597.0
2025-02-15,Region 4,Region 4,8348.0
2025-02-22,Region 4,Region 4,6141.0
2025-03-01,Region 4,Region 4,5274.0
2025-03-08,Region 4,Region 4,4555.0
2025-03-15,Region 4,Region 4,3831.0
2025-03-22,Region 4,Region 4,2755.0
2025-03-29,Region 4,Region 4,2065.0
2025-04-05,Region 4,Region 4,1486.0
2025-04-12,Region 4,Region 4,923.0
2025-04-19,Region 4,Region 4,687.0
2025-04-26,Region 4,Region 4,557.0
2025-05-03,Region 4,Region 4,449.0
2025-05-10,Region 4,Region 4,427.0
2025-05-17,Region 4,Region 4,404.0
2025-05-24,Region 4,Region 4,369.0
2025-05-31,Region 4,Region 4,381.0
2025-06-07,Region 4,Region 4,360.0
2025-06-14,Region 4,Region 4,383.0
2025-06-21,Region 4,Region 4,354.0
2025-06-28,Region 4,Region 4,326.0
2025-07-05,Region 4,Region 4,265.0
2025-07-12,Region 4,Region 4,277.0
2025-07-19,Region 4,Region 4,274.0
2025-07-26,Region 4,Region 4,273.0
2025-08-02,Region 4,Region 4,237.0
2025-08-09,Region 4,Region 4,223.0
2025-08-16,Region 4,Region 4,242.0
2025-08-23,Region 4,Region 4,231.0
2025-08-30,Region 4,Region 4,308.0
2025-09-06,Region 4,Region 4,292.0
2025-09-13,Region 4,Region 4,285.0
2025-09-20,Region 4,Region 4,276.0
2025-09-27,Region 4,Region 4,327.0
2025-10-04,TN,TN,26.0
2025-10-11,TN,TN,26.0
2025-10-18,TN,TN,40.0
2025-10-25,TN,TN,22.0
2025-11-01,TN,TN,34.0
2025-11-08,TN,TN,56.0
2025-11-15,TN,TN,39.0
2025-11-22,TN,TN,57.0
2025-11-29,TN,TN,62.0
2025-12-06,TN,TN,106.0
2025-12-13,TN,TN,166.0
2025-12-20,TN,TN,346.0
2025-12-27,TN,TN,861.0
2026-01-03,TN,TN,863.0
2026-01-10,TN,TN,519.0
2026-01-17,TN,TN,315.0
2026-01-24,TN,TN,312.0
2026-01-31,TN,TN,373.0
2026-02-07,TN,TN,318.0
2026-02-14,TN,TN,323.0
2026-02-21,TN,TN,321.0
2026-02-28,TN,TN,248.0
2026-03-07,TN,TN,199.0
2026-03-14,TN,TN,176.0
2026-03-21,TN,TN,145.0
2026-03-28,TN,TN,81.0
2026-04-04,TN,TN,63.0
2026-04-11,TN,TN,50.0
2026-04-18,TN,TN,47.0
2026-04-25,TN,TN,39.0
2026-05-02,TN,TN,34.0
2026-05-09,TN,TN,45.0
2026-05-16,TN,TN,36.0
2026-05-23,TN,TN,33.0
2022-10-08,USA,USA,1306.0
2022-10-15,USA,USA,1671.0
2022-10-22,USA,USA,2269.0
2022-10-29,USA,USA,4177.0
2022-11-05,USA,USA,6398.0
2022-11-12,USA,USA,8566.0
2022-11-19,USA,USA,10930.0
2022-11-26,USA,USA,18152.0
2022-12-03,USA,USA,26834.0
2022-12-10,USA,USA,24016.0
2022-12-17,USA,USA,21587.0
2022-12-24,USA,USA,19641.0
2022-12-31,USA,USA,19481.0
2023-01-07,USA,USA,14090.0
2023-01-14,USA,USA,7181.0
2023-01-21,USA,USA,4494.0
2023-01-28,USA,USA,3090.0
2023-02-04,USA,USA,2593.0
2023-02-11,USA,USA,2181.0
2023-02-18,USA,USA,1905.0
2023-02-25,USA,USA,1647.0
2023-03-04,USA,USA,1500.0
2023-03-11,USA,USA,1370.0
2023-03-18,USA,USA,1412.0
2023-03-25,USA,USA,1330.0
2023-04-01,USA,USA,1292.0
2023-04-08,USA,USA,1197.0
2023-04-15,USA,USA,1078.0
2023-04-22,USA,USA,980.0
2023-04-29,USA,USA,905.0
2023-05-06,USA,USA,992.0
2023-05-13,USA,USA,978.0
2023-05-20,USA,USA,1116.0
2023-05-27,USA,USA,974.0
2023-06-03,USA,USA,939.0
2023-06-10,USA,USA,937.0
2023-06-17,USA,USA,873.0
2023-06-24,USA,USA,813.0
2023-07-01,USA,USA,837.0
2023-07-08,USA,USA,699.0
2023-07-15,USA,USA,736.0
2023-07-22,USA,USA,644.0
2023-07-29,USA,USA,767.0
2023-08-05,USA,USA,687.0
2023-08-12,USA,USA,704.0
2023-08-19,USA,USA,738.0
2023-08-26,USA,USA,795.0
2023-09-02,USA,USA,879.0
2023-09-09,USA,USA,803.0
2023-09-16,USA,USA,818.0
2023-09-23,USA,USA,879.0
2023-09-30,USA,USA,1025.0
2021-08-28,AS,AS,0.0
2021-09-04,AS,AS,0.0
2021-09-11,AS,AS,0.0
2021-09-18,AS,AS,0.0
2021-09-25,AS,AS,0.0
2021-10-02,AS,AS,0.0
2025-10-04,AS,AS,0.0
2025-10-11,AS,AS,0.0
2025-10-18,AS,AS,0.0
2025-11-08,AS,AS,4.0
2025-11-15,AS,AS,0.0
2026-02-28,AS,AS,0.0
2022-10-08,FL,FL,113.0
2022-10-15,FL,FL,101.0
2022-10-22,FL,FL,124.0
2022-10-29,FL,FL,241.0
2022-11-05,FL,FL,290.0
2022-11-12,FL,FL,452.0
2022-11-19,FL,FL,517.0
2022-11-26,FL,FL,741.0
2022-12-03,FL,FL,919.0
2022-12-10,FL,FL,785.0
2022-12-17,FL,FL,846.0
2022-12-24,FL,FL,1017.0
2022-12-31,FL,FL,1238.0
2023-01-07,FL,FL,1321.0
2023-01-14,FL,FL,700.0
2023-01-21,FL,FL,592.0
2023-01-28,FL,FL,420.0
2023-02-04,FL,FL,353.0
2023-02-11,FL,FL,300.0
2023-02-18,FL,FL,235.0
2023-02-25,FL,FL,213.0
2023-03-04,FL,FL,178.0
2023-03-11,FL,FL,179.0
2023-03-18,FL,FL,211.0
2023-03-25,FL,FL,158.0
2023-04-01,FL,FL,165.0
2023-04-08,FL,FL,184.0
2023-04-15,FL,FL,130.0
2023-04-22,FL,FL,152.0
2023-04-29,FL,FL,136.0
2023-05-06,FL,FL,128.0
2023-05-13,FL,FL,132.0
2023-05-20,FL,FL,140.0
2023-05-27,FL,FL,141.0
2023-06-03,FL,FL,148.0
2023-06-10,FL,FL,166.0
2023-06-17,FL,FL,148.0
2023-06-24,FL,FL,165.0
2023-07-01,FL,FL,158.0
2023-07-08,FL,FL,144.0
2023-07-15,FL,FL,138.0
2023-07-22,FL,FL,109.0
2023-07-29,FL,FL,131.0
2023-08-05,FL,FL,131.0
2023-08-12,FL,FL,133.0
2023-08-19,FL,FL,152.0
2023-08-26,FL,FL,160.0
2023-09-02,FL,FL,171.0
2023-09-09,FL,FL,150.0
2023-09-16,FL,FL,154.0
2023-09-23,FL,FL,171.0
2023-09-30,FL,FL,168.0
2020-10-17,HI,HI,0.0
2020-10-24,HI,HI,0.0
2020-10-31,HI,HI,0.0
2020-11-07,HI,HI,0.0
2020-11-14,HI,HI,0.0
2020-11-21,HI,HI,0.0
2020-11-28,HI,HI,1.0
2020-12-05,HI,HI,0.0
2020-12-12,HI,HI,0.0
2020-12-19,HI,HI,0.0
2020-12-26,HI,HI,0.0
2021-01-02,HI,HI,0.0
2021-01-09,HI,HI,0.0
2021-01-16,HI,HI,0.0
2021-01-23,HI,HI,0.0
2021-01-30,HI,HI,0.0
2021-02-06,HI,HI,0.0
2021-02-13,HI,HI,0.0
2021-02-20,HI,HI,0.0
2021-02-27,HI,HI,0.0
2021-03-06,HI,HI,0.0
2021-03-13,HI,HI,0.0
2021-03-20,HI,HI,0.0
2021-03-27,HI,HI,0.0
2021-04-03,HI,HI,0.0
2021-04-10,HI,HI,0.0
2021-04-17,HI,HI,0.0
2021-04-24,HI,HI,0.0
2021-05-01,HI,HI,0.0
2021-05-08,HI,HI,0.0
2021-05-15,HI,HI,0.0
2021-05-22,HI,HI,0.0
2021-05-29,HI,HI,0.0
2021-06-05,HI,HI,0.0
2021-06-12,HI,HI,0.0
2021-06-19,HI,HI,0.0
2021-06-26,HI,HI,0.0
2021-07-03,HI,HI,0.0
2021-07-10,HI,HI,1.0
2021-07-17,HI,HI,1.0
2021-07-24,HI,HI,0.0
2021-07-31,HI,HI,0.0
2021-08-07,HI,HI,2.0
2021-08-14,HI,HI,2.0
2021-08-21,HI,HI,0.0
2021-08-28,HI,HI,0.0
2021-09-04,HI,HI,0.0
2021-09-11,HI,HI,0.0
2021-09-18,HI,HI,0.0
2021-09-25,HI,HI,1.0
2021-10-02,HI,HI,0.0
2023-10-07,HI,HI,10.0
2023-10-14,HI,HI,15.0
2023-10-21,HI,HI,13.0
2023-10-28,HI,HI,13.0
2023-11-04,HI,HI,14.0
2023-11-11,HI,HI,16.0
2023-11-18,HI,HI,29.0
2023-11-25,HI,HI,26.0
2023-12-02,HI,HI,23.0
2023-12-09,HI,HI,32.0
2023-12-16,HI,HI,24.0
2023-12-23,HI,HI,28.0
2023-12-30,HI,HI,32.0
2024-01-06,HI,HI,40.0
2024-01-13,HI,HI,25.0
2024-01-20,HI,HI,23.0
2024-01-27,HI,HI,30.0
2024-02-03,HI,HI,5.0
2024-02-10,HI,HI,17.0
2024-02-17,HI,HI,10.0
2024-02-24,HI,HI,14.0
2024-03-02,HI,HI,16.0
2024-03-09,HI,HI,9.0
2024-03-16,HI,HI,18.0
2024-03-23,HI,HI,6.0
2024-03-30,HI,HI,7.0
2024-04-06,HI,HI,9.0
2024-04-13,HI,HI,12.0
2024-04-20,HI,HI,5.0
2024-04-27,HI,HI,14.0
2024-05-04,HI,HI,6.0
2024-05-11,HI,HI,3.0
2024-05-18,HI,HI,2.0
2024-05-25,HI,HI,2.0
2024-06-01,HI,HI,6.0
2024-06-08,HI,HI,1.0
2024-06-15,HI,HI,3.0
2024-06-22,HI,HI,4.0
2024-06-29,HI,HI,2.0
2024-07-06,HI,HI,3.0
2024-07-13,HI,HI,4.0
2024-07-20,HI,HI,6.0
2024-07-27,HI,HI,1.0
2024-08-03,HI,HI,3.0
2024-08-10,HI,HI,3.0
2024-08-17,HI,HI,1.0
2024-08-24,HI,HI,1.0
2024-08-31,HI,HI,2.0
2024-09-07,HI,HI,2.0
2024-09-14,HI,HI,1.0
2024-09-21,HI,HI,1.0
2024-09-28,HI,HI,1.0
2025-10-04,IN,IN,18.0
2025-10-11,IN,IN,12.0
2025-10-18,IN,IN,17.0
2025-10-25,IN,IN,17.0
2025-11-01,IN,IN,19.0
2025-11-08,IN,IN,22.0
2025-11-15,IN,IN,41.0
2025-11-22,IN,IN,60.0
2025-11-29,IN,IN,86.0
2025-12-06,IN,IN,118.0
2025-12-13,IN,IN,163.0
2025-12-20,IN,IN,351.0
2025-12-27,IN,IN,699.0
2026-01-03,IN,IN,906.0
2026-01-10,IN,IN,642.0
2026-01-17,IN,IN,383.0
2026-01-24,IN,IN,316.0
2026-01-31,IN,IN,335.0
2026-02-07,IN,IN,350.0
2026-02-14,IN,IN,277.0
2026-02-21,IN,IN,359.0
2026-02-28,IN,IN,292.0
2026-03-07,IN,IN,288.0
2026-03-14,IN,IN,246.0
2026-03-21,IN,IN,185.0
2026-03-28,IN,IN,58.0
2026-04-04,IN,IN,51.0
2026-04-11,IN,IN,31.0
2026-04-18,IN,IN,39.0
2026-04-25,IN,IN,21.0
2026-05-02,IN,IN,21.0
2026-05-09,IN,IN,18.0
2026-05-16,IN,IN,18.0
2026-05-23,IN,IN,18.0
2020-10-17,MD,MD,0.0
2020-10-24,MD,MD,0.0
2020-10-31,MD,MD,1.0
2020-11-07,MD,MD,2.0
2020-11-14,MD,MD,3.0
2020-11-21,MD,MD,4.0
2020-11-28,MD,MD,3.0
2020-12-05,MD,MD,0.0
2020-12-12,MD,MD,0.0
2020-12-19,MD,MD,2.0
2020-12-26,MD,MD,2.0
2021-01-02,MD,MD,4.0
2021-01-09,MD,MD,10.0
2021-01-16,MD,MD,4.0
2021-01-23,MD,MD,3.0
2021-01-30,MD,MD,4.0
2021-02-06,MD,MD,0.0
2021-02-13,MD,MD,1.0
2021-02-20,MD,MD,1.0
2021-02-27,MD,MD,1.0
2021-03-06,MD,MD,1.0
2021-03-13,MD,MD,3.0
2021-03-20,MD,MD,0.0
2021-03-27,MD,MD,1.0
2021-04-03,MD,MD,1.0
2021-04-10,MD,MD,0.0
2021-04-17,MD,MD,1.0
2021-04-24,MD,MD,0.0
2021-05-01,MD,MD,0.0
2021-05-08,MD,MD,1.0
2021-05-15,MD,MD,2.0
2021-05-22,MD,MD,0.0
2021-05-29,MD,MD,0.0
2021-06-05,MD,MD,0.0
2021-06-12,MD,MD,1.0
2021-06-19,MD,MD,2.0
2021-06-26,MD,MD,2.0
2021-07-03,MD,MD,2.0
2021-07-10,MD,MD,0.0
2021-07-17,MD,MD,0.0
2021-07-24,MD,MD,0.0
2021-07-31,MD,MD,0.0
2021-08-07,MD,MD,0.0
2021-08-14,MD,MD,0.0
2021-08-21,MD,MD,0.0
2021-08-28,MD,MD,0.0
2021-09-04,MD,MD,0.0
2021-09-11,MD,MD,0.0
2021-09-18,MD,MD,0.0
2021-09-25,MD,MD,0.0
2021-10-02,MD,MD,1.0
2022-10-08,MO,MO,6.0
2022-10-15,MO,MO,10.0
2022-10-22,MO,MO,23.0
2022-10-29,MO,MO,49.0
2022-11-05,MO,MO,66.0
2022-11-12,MO,MO,105.0
2022-11-19,MO,MO,222.0
2022-11-26,MO,MO,488.0
2022-12-03,MO,MO,849.0
2022-12-10,MO,MO,828.0
2022-12-17,MO,MO,749.0
2022-12-24,MO,MO,559.0
2022-12-31,MO,MO,636.0
2023-01-07,MO,MO,405.0
2023-01-14,MO,MO,189.0
2023-01-21,MO,MO,100.0
2023-01-28,MO,MO,72.0
2023-02-04,MO,MO,50.0
2023-02-11,MO,MO,41.0
2023-02-18,MO,MO,42.0
2023-02-25,MO,MO,36.0
2023-03-04,MO,MO,39.0
2023-03-11,MO,MO,35.0
2023-03-18,MO,MO,24.0
2023-03-25,MO,MO,32.0
2023-04-01,MO,MO,29.0
2023-04-08,MO,MO,29.0
2023-04-15,MO,MO,18.0
2023-04-22,MO,MO,19.0
2023-04-29,MO,MO,26.0
2023-05-06,MO,MO,27.0
2023-05-13,MO,MO,21.0
2023-05-20,MO,MO,22.0
2023-05-27,MO,MO,8.0
2023-06-03,MO,MO,8.0
2023-06-10,MO,MO,18.0
2023-06-17,MO,MO,10.0
2023-06-24,MO,MO,12.0
2023-07-01,MO,MO,7.0
2023-07-08,MO,MO,3.0
2023-07-15,MO,MO,13.0
2023-07-22,MO,MO,20.0
2023-07-29,MO,MO,10.0
2023-08-05,MO,MO,4.0
2023-08-12,MO,MO,9.0
2023-08-19,MO,MO,11.0
2023-08-26,MO,MO,7.0
2023-09-02,MO,MO,6.0
2023-09-09,MO,MO,12.0
2023-09-16,MO,MO,8.0
2023-09-23,MO,MO,16.0
2023-09-30,MO,MO,12.0
2021-10-09,ND,ND,2.0
2021-10-16,ND,ND,2.0
2021-10-23,ND,ND,0.0
2021-10-30,ND,ND,4.0
2021-11-06,ND,ND,1.0
2021-11-13,ND,ND,3.0
2021-11-20,ND,ND,1.0
2021-11-27,ND,ND,3.0
2021-12-04,ND,ND,9.0
2021-12-11,ND,ND,5.0
2021-12-18,ND,ND,6.0
2021-12-25,ND,ND,14.0
2022-01-01,ND,ND,51.0
2022-01-08,ND,ND,54.0
2022-01-15,ND,ND,40.0
2022-01-22,ND,ND,29.0
2022-01-29,ND,ND,19.0
2022-02-05,ND,ND,18.0
2022-02-12,ND,ND,7.0
2022-02-19,ND,ND,8.0
2022-02-26,ND,ND,0.0
2022-03-05,ND,ND,3.0
2022-03-12,ND,ND,7.0
2022-03-19,ND,ND,5.0
2022-03-26,ND,ND,9.0
2022-04-02,ND,ND,4.0
2022-04-09,ND,ND,4.0
2022-04-16,ND,ND,7.0
2022-04-23,ND,ND,7.0
2022-04-30,ND,ND,3.0
2022-05-07,ND,ND,1.0
2022-05-14,ND,ND,1.0
2022-05-21,ND,ND,1.0
2022-05-28,ND,ND,0.0
2022-06-04,ND,ND,4.0
2022-06-11,ND,ND,2.0
2022-06-18,ND,ND,0.0
2022-06-25,ND,ND,0.0
2022-07-02,ND,ND,0.0
2022-07-09,ND,ND,0.0
2022-07-16,ND,ND,1.0
2022-07-23,ND,ND,2.0
2022-07-30,ND,ND,0.0
2022-08-06,ND,ND,1.0
2022-08-13,ND,ND,3.0
2022-08-20,ND,ND,0.0
2022-08-27,ND,ND,0.0
2022-09-03,ND,ND,1.0
2022-09-10,ND,ND,0.0
2022-09-17,ND,ND,0.0
2022-09-24,ND,ND,1.0
2022-10-01,ND,ND,0.0
2025-10-04,ND,ND,3.0
2025-10-11,ND,ND,3.0
2025-10-18,ND,ND,1.0
2025-10-25,ND,ND,2.0
2025-11-01,ND,ND,2.0
2025-11-08,ND,ND,5.0
2025-11-15,ND,ND,1.0
2025-11-22,ND,ND,2.0
2025-11-29,ND,ND,10.0
2025-12-06,ND,ND,9.0
2025-12-13,ND,ND,22.0
2025-12-20,ND,ND,55.0
2025-12-27,ND,ND,104.0
2026-01-03,ND,ND,159.0
2026-01-10,ND,ND,103.0
2026-01-17,ND,ND,95.0
2026-01-24,ND,ND,72.0
2026-01-31,ND,ND,61.0
2026-02-07,ND,ND,42.0
2026-02-14,ND,ND,30.0
2026-02-21,ND,ND,22.0
2026-02-28,ND,ND,18.0
2026-03-07,ND,ND,27.0
2026-03-14,ND,ND,22.0
2026-03-21,ND,ND,24.0
2026-03-28,ND,ND,15.0
2026-04-04,ND,ND,10.0
2026-04-11,ND,ND,11.0
2026-04-18,ND,ND,10.0
2026-04-25,ND,ND,7.0
2026-05-02,ND,ND,5.0
2026-05-09,ND,ND,3.0
2026-05-16,ND,ND,7.0
2026-05-23,ND,ND,7.0
2025-10-04,NV,NV,5.0
2025-10-11,NV,NV,3.0
2025-10-18,NV,NV,10.0
2025-10-25,NV,NV,10.0
2025-11-01,NV,NV,6.0
2025-11-08,NV,NV,13.0
2025-11-15,NV,NV,18.0
2025-11-22,NV,NV,12.0
2025-11-29,NV,NV,13.0
2025-12-06,NV,NV,32.0
2025-12-13,NV,NV,54.0
2025-12-20,NV,NV,128.0
2025-12-27,NV,NV,273.0
2026-01-03,NV,NV,251.0
2026-01-10,NV,NV,199.0
2026-01-17,NV,NV,129.0
2026-01-24,NV,NV,97.0
2026-01-31,NV,NV,115.0
2026-02-07,NV,NV,104.0
2026-02-14,NV,NV,120.0
2026-02-21,NV,NV,90.0
2026-02-28,NV,NV,68.0
2026-03-07,NV,NV,60.0
2026-03-14,NV,NV,51.0
2026-03-21,NV,NV,48.0
2026-03-28,NV,NV,45.0
2026-04-04,NV,NV,34.0
2026-04-11,NV,NV,21.0
2026-04-18,NV,NV,20.0
2026-04-25,NV,NV,30.0
2026-05-02,NV,NV,44.0
2026-05-09,NV,NV,46.0
2026-05-16,NV,NV,31.0
2026-05-23,NV,NV,25.0
2024-10-05,OH,OH,0.0
2024-10-12,OH,OH,1.0
2024-10-19,OH,OH,10.0
2024-10-26,OH,OH,229.0
2024-11-02,OH,OH,17.0
2024-11-09,OH,OH,24.0
2024-11-16,OH,OH,40.0
2024-11-23,OH,OH,40.0
2024-11-30,OH,OH,55.0
2024-12-07,OH,OH,93.0
2024-12-14,OH,OH,152.0
2024-12-21,OH,OH,308.0
2024-12-28,OH,OH,725.0
2025-01-04,OH,OH,1302.0
2025-01-11,OH,OH,1044.0
2025-01-18,OH,OH,1148.0
2025-01-25,OH,OH,1735.0
2025-02-01,OH,OH,2523.0
2025-02-08,OH,OH,3269.0
2025-02-15,OH,OH,3705.0
2025-02-22,OH,OH,3266.0
2025-03-01,OH,OH,2611.0
2025-03-08,OH,OH,1905.0
2025-03-15,OH,OH,1361.0
2025-03-22,OH,OH,797.0
2025-03-29,OH,OH,453.0
2025-04-05,OH,OH,274.0
2025-04-12,OH,OH,169.0
2025-04-19,OH,OH,107.0
2025-04-26,OH,OH,87.0
2025-05-03,OH,OH,47.0
2025-05-10,OH,OH,33.0
2025-05-17,OH,OH,25.0
2025-05-24,OH,OH,20.0
2025-05-31,OH,OH,19.0
2025-06-07,OH,OH,21.0
2025-06-14,OH,OH,15.0
2025-06-21,OH,OH,17.0
2025-06-28,OH,OH,14.0
2025-07-05,OH,OH,18.0
2025-07-12,OH,OH,11.0
2025-07-19,OH,OH,15.0
2025-07-26,OH,OH,19.0
2025-08-02,OH,OH,16.0
2025-08-09,OH,OH,3.0
2025-08-16,OH,OH,5.0
2025-08-23,OH,OH,10.0
2025-08-30,OH,OH,10.0
2025-09-06,OH,OH,6.0
2025-09-13,OH,OH,16.0
2025-09-20,OH,OH,14.0
2025-09-27,OH,OH,13.0
2025-10-04,OR,OR,3.0
2025-10-11,OR,OR,5.0
2025-10-18,OR,OR,5.0
2025-10-25,OR,OR,6.0
2025-11-01,OR,OR,4.0
2025-11-08,OR,OR,9.0
2025-11-15,OR,OR,12.0
2025-11-22,OR,OR,20.0
2025-11-29,OR,OR,29.0
2025-12-06,OR,OR,41.0
2025-12-13,OR,OR,40.0
2025-12-20,OR,OR,57.0
2025-12-27,OR,OR,137.0
2026-01-03,OR,OR,198.0
2026-01-10,OR,OR,170.0
2026-01-17,OR,OR,203.0
2026-01-24,OR,OR,245.0
2026-01-31,OR,OR,432.0
2026-02-07,OR,OR,573.0
2026-02-14,OR,OR,400.0
2026-02-21,OR,OR,309.0
2026-02-28,OR,OR,197.0
2026-03-07,OR,OR,147.0
2026-03-14,OR,OR,102.0
2026-03-21,OR,OR,49.0
2026-03-28,OR,OR,24.0
2026-04-04,OR,OR,13.0
2026-04-11,OR,OR,5.0
2026-04-18,OR,OR,10.0
2026-04-25,OR,OR,10.0
2026-05-02,OR,OR,13.0
2026-05-09,OR,OR,13.0
2026-05-16,OR,OR,10.0
2026-05-23,OR,OR,4.0
2025-10-04,PA,PA,112.0
2025-10-11,PA,PA,119.0
2025-10-18,PA,PA,104.0
2025-10-25,PA,PA,132.0
2025-11-01,PA,PA,117.0
2025-11-08,PA,PA,113.0
2025-11-15,PA,PA,157.0
2025-11-22,PA,PA,221.0
2025-11-29,PA,PA,349.0
2025-12-06,PA,PA,513.0
2025-12-13,PA,PA,707.0
2025-12-20,PA,PA,1256.0
2025-12-27,PA,PA,2377.0
2026-01-03,PA,PA,3327.0
2026-01-10,PA,PA,2245.0
2026-01-17,PA,PA,1867.0
2026-01-24,PA,PA,1232.0
2026-01-31,PA,PA,1039.0
2026-02-07,PA,PA,842.0
2026-02-14,PA,PA,784.0
2026-02-21,PA,PA,774.0
2026-02-28,PA,PA,804.0
2026-03-07,PA,PA,853.0
2026-03-14,PA,PA,891.0
2026-03-21,PA,PA,682.0
2026-03-28,PA,PA,375.0
2026-04-04,PA,PA,486.0
2026-04-11,PA,PA,345.0
2026-04-18,PA,PA,310.0
2026-04-25,PA,PA,260.0
2026-05-02,PA,PA,194.0
2026-05-09,PA,PA,182.0
2026-05-16,PA,PA,140.0
2026-05-23,PA,PA,185.0
2024-10-05,Region 6,Region 6,10.0
2024-10-12,Region 6,Region 6,81.0
2024-10-19,Region 6,Region 6,63.0
2024-10-26,Region 6,Region 6,106.0
2024-11-02,Region 6,Region 6,141.0
2024-11-09,Region 6,Region 6,312.0
2024-11-16,Region 6,Region 6,358.0
2024-11-23,Region 6,Region 6,405.0
2024-11-30,Region 6,Region 6,647.0
2024-12-07,Region 6,Region 6,868.0
2024-12-14,Region 6,Region 6,1163.0
2024-12-21,Region 6,Region 6,1976.0
2024-12-28,Region 6,Region 6,3319.0
2025-01-04,Region 6,Region 6,4176.0
2025-01-11,Region 6,Region 6,3195.0
2025-01-18,Region 6,Region 6,3835.0
2025-01-25,Region 6,Region 6,5116.0
2025-02-01,Region 6,Region 6,7228.0
2025-02-08,Region 6,Region 6,6798.0
2025-02-15,Region 6,Region 6,4476.0
2025-02-22,Region 6,Region 6,3244.0
2025-03-01,Region 6,Region 6,2793.0
2025-03-08,Region 6,Region 6,2347.0
2025-03-15,Region 6,Region 6,1757.0
2025-03-22,Region 6,Region 6,1202.0
2025-03-29,Region 6,Region 6,993.0
2025-04-05,Region 6,Region 6,661.0
2025-04-12,Region 6,Region 6,455.0
2025-04-19,Region 6,Region 6,422.0
2025-04-26,Region 6,Region 6,376.0
2025-05-03,Region 6,Region 6,306.0
2025-05-10,Region 6,Region 6,260.0
2025-05-17,Region 6,Region 6,287.0
2025-05-24,Region 6,Region 6,218.0
2025-05-31,Region 6,Region 6,231.0
2025-06-07,Region 6,Region 6,219.0
2025-06-14,Region 6,Region 6,202.0
2025-06-21,Region 6,Region 6,193.0
2025-06-28,Region 6,Region 6,171.0
2025-07-05,Region 6,Region 6,118.0
2025-07-12,Region 6,Region 6,121.0
2025-07-19,Region 6,Region 6,114.0
2025-07-26,Region 6,Region 6,124.0
2025-08-02,Region 6,Region 6,118.0
2025-08-09,Region 6,Region 6,111.0
2025-08-16,Region 6,Region 6,123.0
2025-08-23,Region 6,Region 6,135.0
2025-08-30,Region 6,Region 6,138.0
2025-09-06,Region 6,Region 6,163.0
2025-09-13,Region 6,Region 6,147.0
2025-09-20,Region 6,Region 6,143.0
2025-09-27,Region 6,Region 6,186.0
2023-10-07,Region 7,Region 7,42.0
2023-10-14,Region 7,Region 7,38.0
2023-10-21,Region 7,Region 7,36.0
2023-10-28,Region 7,Region 7,33.0
2023-11-04,Region 7,Region 7,44.0
2023-11-11,Region 7,Region 7,68.0
2023-11-18,Region 7,Region 7,76.0
2023-11-25,Region 7,Region 7,119.0
2023-12-02,Region 7,Region 7,174.0
2023-12-09,Region 7,Region 7,231.0
2023-12-16,Region 7,Region 7,260.0
2023-12-23,Region 7,Region 7,468.0
2023-12-30,Region 7,Region 7,612.0
2024-01-06,Region 7,Region 7,582.0
2024-01-13,Region 7,Region 7,556.0
2024-01-20,Region 7,Region 7,462.0
2024-01-27,Region 7,Region 7,463.0
2024-02-03,Region 7,Region 7,568.0
2024-02-10,Region 7,Region 7,649.0
2024-02-17,Region 7,Region 7,643.0
2024-02-24,Region 7,Region 7,777.0
2024-03-02,Region 7,Region 7,805.0
2024-03-09,Region 7,Region 7,756.0
2024-03-16,Region 7,Region 7,557.0
2024-03-23,Region 7,Region 7,412.0
2024-03-30,Region 7,Region 7,400.0
2024-04-06,Region 7,Region 7,324.0
2024-04-13,Region 7,Region 7,243.0
2024-04-20,Region 7,Region 7,203.0
2024-04-27,Region 7,Region 7,125.0
2024-05-04,Region 7,Region 7,56.0
2024-05-11,Region 7,Region 7,27.0
2024-05-18,Region 7,Region 7,18.0
2024-05-25,Region 7,Region 7,17.0
2024-06-01,Region 7,Region 7,9.0
2024-06-08,Region 7,Region 7,10.0
2024-06-15,Region 7,Region 7,5.0
2024-06-22,Region 7,Region 7,4.0
2024-06-29,Region 7,Region 7,7.0
2024-07-06,Region 7,Region 7,0.0
2024-07-13,Region 7,Region 7,6.0
2024-07-20,Region 7,Region 7,3.0
2024-07-27,Region 7,Region 7,6.0
2024-08-03,Region 7,Region 7,2.0
2024-08-10,Region 7,Region 7,3.0
2024-08-17,Region 7,Region 7,5.0
2024-08-24,Region 7,Region 7,4.0
2024-08-31,Region 7,Region 7,5.0
2024-09-07,Region 7,Region 7,4.0
2024-09-14,Region 7,Region 7,5.0
2024-09-21,Region 7,Region 7,4.0
2024-09-28,Region 7,Region 7,7.0
2022-10-08,Region 8,Region 8,13.0
2022-10-15,Region 8,Region 8,21.0
2022-10-22,Region 8,Region 8,37.0
2022-10-29,Region 8,Region 8,57.0
2022-11-05,Region 8,Region 8,69.0
2022-11-12,Region 8,Region 8,114.0
2022-11-19,Region 8,Region 8,201.0
2022-11-26,Region 8,Region 8,347.0
2022-12-03,Region 8,Region 8,453.0
2022-12-10,Region 8,Region 8,554.0
2022-12-17,Region 8,Region 8,597.0
2022-12-24,Region 8,Region 8,728.0
2022-12-31,Region 8,Region 8,681.0
2023-01-07,Region 8,Region 8,455.0
2023-01-14,Region 8,Region 8,243.0
2023-01-21,Region 8,Region 8,128.0
2023-01-28,Region 8,Region 8,86.0
2023-02-04,Region 8,Region 8,84.0
2023-02-11,Region 8,Region 8,63.0
2023-02-18,Region 8,Region 8,63.0
2023-02-25,Region 8,Region 8,33.0
2023-03-04,Region 8,Region 8,41.0
2023-03-11,Region 8,Region 8,41.0
2023-03-18,Region 8,Region 8,46.0
2023-03-25,Region 8,Region 8,34.0
2023-04-01,Region 8,Region 8,24.0
2023-04-08,Region 8,Region 8,35.0
2023-04-15,Region 8,Region 8,34.0
2023-04-22,Region 8,Region 8,27.0
2023-04-29,Region 8,Region 8,19.0
2023-05-06,Region 8,Region 8,27.0
2023-05-13,Region 8,Region 8,23.0
2023-05-20,Region 8,Region 8,32.0
2023-05-27,Region 8,Region 8,24.0
2023-06-03,Region 8,Region 8,12.0
2023-06-10,Region 8,Region 8,12.0
2023-06-17,Region 8,Region 8,17.0
2023-06-24,Region 8,Region 8,9.0
2023-07-01,Region 8,Region 8,23.0
2023-07-08,Region 8,Region 8,10.0
2023-07-15,Region 8,Region 8,13.0
2023-07-22,Region 8,Region 8,5.0
2023-07-29,Region 8,Region 8,7.0
2023-08-05,Region 8,Region 8,6.0
2023-08-12,Region 8,Region 8,9.0
2023-08-19,Region 8,Region 8,3.0
2023-08-26,Region 8,Region 8,6.0
2023-09-02,Region 8,Region 8,5.0
2023-09-09,Region 8,Region 8,13.0
2023-09-16,Region 8,Region 8,6.0
2023-09-23,Region 8,Region 8,14.0
2023-09-30,Region 8,Region 8,23.0
2023-10-07,USA,USA,1110.0
2023-10-14,USA,USA,1219.0
2023-10-21,USA,USA,1461.0
2023-10-28,USA,USA,1613.0
2023-11-04,USA,USA,2010.0
2023-11-11,USA,USA,2776.0
2023-11-18,USA,USA,3493.0
2023-11-25,USA,USA,4381.0
2023-12-02,USA,USA,5948.0
2023-12-09,USA,USA,7474.0
2023-12-16,USA,USA,10286.0
2023-12-23,USA,USA,15727.0
2023-12-30,USA,USA,21684.0
2024-01-06,USA,USA,19540.0
2024-01-13,USA,USA,15919.0
2024-01-20,USA,USA,13308.0
2024-01-27,USA,USA,12993.0
2024-02-03,USA,USA,11965.0
2024-02-10,USA,USA,11638.0
2024-02-17,USA,USA,11135.0
2024-02-24,USA,USA,10874.0
2024-03-02,USA,USA,10826.0
2024-03-09,USA,USA,9421.0
2024-03-16,USA,USA,7326.0
2024-03-23,USA,USA,6043.0
2024-03-30,USA,USA,5581.0
2024-04-06,USA,USA,5074.0
2024-04-13,USA,USA,4077.0
2024-04-20,USA,USA,2943.0
2024-04-27,USA,USA,2417.0
2024-05-04,USA,USA,1486.0
2024-05-11,USA,USA,852.0
2024-05-18,USA,USA,681.0
2024-05-25,USA,USA,610.0
2024-06-01,USA,USA,590.0
2024-06-08,USA,USA,511.0
2024-06-15,USA,USA,517.0
2024-06-22,USA,USA,441.0
2024-06-29,USA,USA,356.0
2024-07-06,USA,USA,341.0
2024-07-13,USA,USA,367.0
2024-07-20,USA,USA,324.0
2024-07-27,USA,USA,273.0
2024-08-03,USA,USA,275.0
2024-08-10,USA,USA,275.0
2024-08-17,USA,USA,273.0
2024-08-24,USA,USA,274.0
2024-08-31,USA,USA,259.0
2024-09-07,USA,USA,223.0
2024-09-14,USA,USA,319.0
2024-09-21,USA,USA,293.0
2024-09-28,USA,USA,223.0
2020-10-03,AZ,AZ,0.0
2020-10-10,AZ,AZ,0.0
2020-10-17,AZ,AZ,0.0
2020-10-24,AZ,AZ,1.0
2020-10-31,AZ,AZ,2.0
2020-11-07,AZ,AZ,10.0
2020-11-14,AZ,AZ,21.0
2020-11-21,AZ,AZ,17.0
2020-11-28,AZ,AZ,13.0
2020-12-05,AZ,AZ,19.0
2020-12-12,AZ,AZ,33.0
2020-12-19,AZ,AZ,11.0
2020-12-26,AZ,AZ,8.0
2021-01-02,AZ,AZ,44.0
2021-01-09,AZ,AZ,9.0
2021-01-16,AZ,AZ,14.0
2021-01-23,AZ,AZ,3.0
2021-01-30,AZ,AZ,2.0
2021-02-06,AZ,AZ,3.0
2021-02-13,AZ,AZ,3.0
2021-02-20,AZ,AZ,4.0
2021-02-27,AZ,AZ,5.0
2021-03-06,AZ,AZ,15.0
2021-03-13,AZ,AZ,0.0
2021-03-20,AZ,AZ,4.0
2021-03-27,AZ,AZ,3.0
2021-04-03,AZ,AZ,5.0
2021-04-10,AZ,AZ,4.0
2021-04-17,AZ,AZ,4.0
2021-04-24,AZ,AZ,3.0
2021-05-01,AZ,AZ,21.0
2021-05-08,AZ,AZ,2.0
2021-05-15,AZ,AZ,2.0
2021-05-22,AZ,AZ,5.0
2021-05-29,AZ,AZ,0.0
2021-06-05,AZ,AZ,3.0
2021-06-12,AZ,AZ,3.0
2021-06-19,AZ,AZ,3.0
2021-06-26,AZ,AZ,3.0
2021-07-03,AZ,AZ,3.0
2021-07-10,AZ,AZ,2.0
2021-07-17,AZ,AZ,0.0
2021-07-24,AZ,AZ,2.0
2021-07-31,AZ,AZ,1.0
2021-08-07,AZ,AZ,2.0
2021-08-14,AZ,AZ,9.0
2021-08-21,AZ,AZ,9.0
2021-08-28,AZ,AZ,7.0
2021-09-04,AZ,AZ,4.0
2021-09-11,AZ,AZ,1.0
2021-09-18,AZ,AZ,2.0
2021-09-25,AZ,AZ,1.0
2021-10-02,AZ,AZ,6.0
2025-10-04,CT,CT,8.0
2025-10-11,CT,CT,2.0
2025-10-18,CT,CT,3.0
2025-10-25,CT,CT,10.0
2025-11-01,CT,CT,8.0
2025-11-08,CT,CT,16.0
2025-11-15,CT,CT,11.0
2025-11-22,CT,CT,30.0
2025-11-29,CT,CT,74.0
2025-12-06,CT,CT,125.0
2025-12-13,CT,CT,206.0
2025-12-20,CT,CT,447.0
2025-12-27,CT,CT,652.0
2026-01-03,CT,CT,778.0
2026-01-10,CT,CT,478.0
2026-01-17,CT,CT,240.0
2026-01-24,CT,CT,117.0
2026-01-31,CT,CT,83.0
2026-02-07,CT,CT,55.0
2026-02-14,CT,CT,32.0
2026-02-21,CT,CT,33.0
2026-02-28,CT,CT,39.0
2026-03-07,CT,CT,36.0
2026-03-14,CT,CT,36.0
2026-03-21,CT,CT,32.0
2026-03-28,CT,CT,41.0
2026-04-04,CT,CT,34.0
2026-04-11,CT,CT,29.0
2026-04-18,CT,CT,34.0
2026-04-25,CT,CT,18.0
2026-05-02,CT,CT,9.0
2026-05-09,CT,CT,8.0
2026-05-16,CT,CT,5.0
2026-05-23,CT,CT,2.0
2025-10-04,GU,GU,7.0
2025-10-11,GU,GU,5.0
2025-10-18,GU,GU,6.0
2025-10-25,GU,GU,17.0
2025-11-01,GU,GU,23.0
2025-11-08,GU,GU,18.0
2025-11-15,GU,GU,14.0
2025-11-22,GU,GU,8.0
2025-11-29,GU,GU,7.0
2025-12-06,GU,GU,4.0
2025-12-13,GU,GU,2.0
2025-12-20,GU,GU,1.0
2025-12-27,GU,GU,0.0
2026-01-03,GU,GU,1.0
2026-01-10,GU,GU,1.0
2026-01-17,GU,GU,3.0
2026-01-24,GU,GU,1.0
2026-01-31,GU,GU,0.0
2026-02-07,GU,GU,0.0
2026-02-14,GU,GU,1.0
2026-02-21,GU,GU,0.0
2026-02-28,GU,GU,0.0
2026-03-07,GU,GU,0.0
2026-03-14,GU,GU,0.0
2026-03-21,GU,GU,2.0
2026-03-28,GU,GU,1.0
2026-04-04,GU,GU,1.0
2026-04-11,GU,GU,0.0
2026-04-18,GU,GU,1.0
2026-04-25,GU,GU,0.0
2026-05-02,GU,GU,0.0
2026-05-09,GU,GU,0.0
2026-05-16,GU,GU,0.0
2021-10-09,IA,IA,0.0
2021-10-16,IA,IA,0.0
2021-10-23,IA,IA,0.0
2021-10-30,IA,IA,0.0
2021-11-06,IA,IA,0.0
2021-11-13,IA,IA,0.0
2021-11-20,IA,IA,1.0
2021-11-27,IA,IA,2.0
2021-12-04,IA,IA,1.0
2021-12-11,IA,IA,3.0
2021-12-18,IA,IA,3.0
2021-12-25,IA,IA,3.0
2022-01-01,IA,IA,12.0
2022-01-08,IA,IA,15.0
2022-01-15,IA,IA,12.0
2022-01-22,IA,IA,21.0
2022-01-29,IA,IA,7.0
2022-02-05,IA,IA,16.0
2022-02-12,IA,IA,46.0
2022-02-19,IA,IA,40.0
2022-02-26,IA,IA,57.0
2022-03-05,IA,IA,56.0
2022-03-12,IA,IA,54.0
2022-03-19,IA,IA,49.0
2022-03-26,IA,IA,43.0
2022-04-02,IA,IA,36.0
2022-04-09,IA,IA,25.0
2022-04-16,IA,IA,25.0
2022-04-23,IA,IA,20.0
2022-04-30,IA,IA,17.0
2022-05-07,IA,IA,20.0
2022-05-14,IA,IA,17.0
2022-05-21,IA,IA,10.0
2022-05-28,IA,IA,6.0
2022-06-04,IA,IA,6.0
2022-06-11,IA,IA,9.0
2022-06-18,IA,IA,6.0
2022-06-25,IA,IA,5.0
2022-07-02,IA,IA,3.0
2022-07-09,IA,IA,3.0
2022-07-16,IA,IA,0.0
2022-07-23,IA,IA,0.0
2022-07-30,IA,IA,0.0
2022-08-06,IA,IA,1.0
2022-08-13,IA,IA,1.0
2022-08-20,IA,IA,4.0
2022-08-27,IA,IA,1.0
2022-09-03,IA,IA,3.0
2022-09-10,IA,IA,0.0
2022-09-17,IA,IA,1.0
2022-09-24,IA,IA,2.0
2022-10-01,IA,IA,9.0
2023-10-07,ID,ID,4.0
2023-10-14,ID,ID,2.0
2023-10-21,ID,ID,2.0
2023-10-28,ID,ID,4.0
2023-11-04,ID,ID,5.0
2023-11-11,ID,ID,4.0
2023-11-18,ID,ID,11.0
2023-11-25,ID,ID,8.0
2023-12-02,ID,ID,19.0
2023-12-09,ID,ID,46.0
2023-12-16,ID,ID,67.0
2023-12-23,ID,ID,115.0
2023-12-30,ID,ID,163.0
2024-01-06,ID,ID,157.0
2024-01-13,ID,ID,102.0
2024-01-20,ID,ID,88.0
2024-01-27,ID,ID,69.0
2024-02-03,ID,ID,71.0
2024-02-10,ID,ID,61.0
2024-02-17,ID,ID,59.0
2024-02-24,ID,ID,90.0
2024-03-02,ID,ID,61.0
2024-03-09,ID,ID,70.0
2024-03-16,ID,ID,68.0
2024-03-23,ID,ID,55.0
2024-03-30,ID,ID,45.0
2024-04-06,ID,ID,31.0
2024-04-13,ID,ID,12.0
2024-04-20,ID,ID,15.0
2024-04-27,ID,ID,16.0
2024-05-04,ID,ID,2.0
2024-05-11,ID,ID,0.0
2024-05-18,ID,ID,0.0
2024-05-25,ID,ID,0.0
2024-06-01,ID,ID,0.0
2024-06-08,ID,ID,0.0
2024-06-15,ID,ID,0.0
2024-06-22,ID,ID,0.0
2024-06-29,ID,ID,0.0
2024-07-06,ID,ID,0.0
2024-07-13,ID,ID,0.0
2024-07-20,ID,ID,0.0
2024-07-27,ID,ID,0.0
2024-08-03,ID,ID,0.0
2024-08-10,ID,ID,0.0
2024-08-17,ID,ID,0.0
2024-08-24,ID,ID,0.0
2024-08-31,ID,ID,0.0
2024-09-07,ID,ID,0.0
2024-09-14,ID,ID,0.0
2024-09-21,ID,ID,1.0
2024-09-28,ID,ID,0.0
2025-10-04,ID,ID,2.0
2025-10-11,ID,ID,1.0
2025-10-18,ID,ID,4.0
2025-10-25,ID,ID,4.0
2025-11-01,ID,ID,8.0
2025-11-08,ID,ID,20.0
2025-11-15,ID,ID,11.0
2025-11-22,ID,ID,27.0
2025-11-29,ID,ID,29.0
2025-12-06,ID,ID,45.0
2025-12-13,ID,ID,35.0
2025-12-20,ID,ID,102.0
2025-12-27,ID,ID,152.0
2026-01-03,ID,ID,235.0
2026-01-10,ID,ID,157.0
2026-01-17,ID,ID,120.0
2026-01-24,ID,ID,97.0
2026-01-31,ID,ID,101.0
2026-02-07,ID,ID,107.0
2026-02-14,ID,ID,116.0
2026-02-21,ID,ID,119.0
2026-02-28,ID,ID,106.0
2026-03-07,ID,ID,68.0
2026-03-14,ID,ID,75.0
2026-03-21,ID,ID,50.0
2026-03-28,ID,ID,47.0
2026-04-04,ID,ID,26.0
2026-04-11,ID,ID,15.0
2026-04-18,ID,ID,7.0
2026-04-25,ID,ID,7.0
2026-05-02,ID,ID,7.0
2026-05-09,ID,ID,8.0
2026-05-16,ID,ID,8.0
2026-05-23,ID,ID,6.0
2021-10-09,IN,IN,13.0
2021-10-16,IN,IN,7.0
2021-10-23,IN,IN,7.0
2021-10-30,IN,IN,13.0
2021-11-06,IN,IN,14.0
2021-11-13,IN,IN,6.0
2021-11-20,IN,IN,15.0
2021-11-27,IN,IN,16.0
2021-12-04,IN,IN,32.0
2021-12-11,IN,IN,33.0
2021-12-18,IN,IN,46.0
2021-12-25,IN,IN,100.0
2022-01-01,IN,IN,110.0
2022-01-08,IN,IN,60.0
2022-01-15,IN,IN,46.0
2022-01-22,IN,IN,28.0
2022-01-29,IN,IN,32.0
2022-02-05,IN,IN,33.0
2022-02-12,IN,IN,31.0
2022-02-19,IN,IN,53.0
2022-02-26,IN,IN,42.0
2022-03-05,IN,IN,59.0
2022-03-12,IN,IN,108.0
2022-03-19,IN,IN,119.0
2022-03-26,IN,IN,125.0
2022-04-02,IN,IN,115.0
2022-04-09,IN,IN,109.0
2022-04-16,IN,IN,93.0
2022-04-23,IN,IN,64.0
2022-04-30,IN,IN,72.0
2022-05-07,IN,IN,49.0
2022-05-14,IN,IN,35.0
2022-05-21,IN,IN,45.0
2022-05-28,IN,IN,31.0
2022-06-04,IN,IN,27.0
2022-06-11,IN,IN,8.0
2022-06-18,IN,IN,18.0
2022-06-25,IN,IN,17.0
2022-07-02,IN,IN,12.0
2022-07-09,IN,IN,8.0
2022-07-16,IN,IN,9.0
2022-07-23,IN,IN,7.0
2022-07-30,IN,IN,10.0
2022-08-06,IN,IN,10.0
2022-08-13,IN,IN,4.0
2022-08-20,IN,IN,11.0
2022-08-27,IN,IN,15.0
2022-09-03,IN,IN,18.0
2022-09-10,IN,IN,26.0
2022-09-17,IN,IN,26.0
2022-09-24,IN,IN,32.0
2022-10-01,IN,IN,38.0
2025-10-04,MO,MO,19.0
2025-10-11,MO,MO,24.0
2025-10-18,MO,MO,24.0
2025-10-25,MO,MO,24.0
2025-11-01,MO,MO,25.0
2025-11-08,MO,MO,28.0
2025-11-15,MO,MO,37.0
2025-11-22,MO,MO,39.0
2025-11-29,MO,MO,57.0
2025-12-06,MO,MO,86.0
2025-12-13,MO,MO,118.0
2025-12-20,MO,MO,261.0
2025-12-27,MO,MO,809.0
2026-01-03,MO,MO,941.0
2026-01-10,MO,MO,522.0
2026-01-17,MO,MO,523.0
2026-01-24,MO,MO,454.0
2026-01-31,MO,MO,437.0
2026-02-07,MO,MO,410.0
2026-02-14,MO,MO,457.0
2026-02-21,MO,MO,441.0
2026-02-28,MO,MO,305.0
2026-03-07,MO,MO,250.0
2026-03-14,MO,MO,221.0
2026-03-21,MO,MO,124.0
2026-03-28,MO,MO,59.0
2026-04-04,MO,MO,44.0
2026-04-11,MO,MO,37.0
2026-04-18,MO,MO,24.0
2026-04-25,MO,MO,16.0
2026-05-02,MO,MO,8.0
2026-05-09,MO,MO,13.0
2026-05-16,MO,MO,9.0
2026-05-23,MO,MO,13.0
2020-10-24,MP,MP,0.0
2020-10-31,MP,MP,0.0
2020-11-07,MP,MP,0.0
2020-11-14,MP,MP,0.0
2020-11-21,MP,MP,0.0
2020-11-28,MP,MP,0.0
2020-12-05,MP,MP,0.0
2020-12-12,MP,MP,0.0
2020-12-19,MP,MP,0.0
2020-12-26,MP,MP,0.0
2021-01-02,MP,MP,0.0
2021-01-09,MP,MP,0.0
2021-01-16,MP,MP,0.0
2021-01-23,MP,MP,0.0
2021-01-30,MP,MP,0.0
2021-02-06,MP,MP,0.0
2021-02-13,MP,MP,0.0
2021-02-20,MP,MP,0.0
2021-02-27,MP,MP,0.0
2021-03-06,MP,MP,0.0
2021-03-13,MP,MP,0.0
2021-03-20,MP,MP,0.0
2021-03-27,MP,MP,0.0
2021-04-03,MP,MP,0.0
2021-04-10,MP,MP,0.0
2021-04-17,MP,MP,0.0
2021-04-24,MP,MP,0.0
2021-05-01,MP,MP,0.0
2021-05-08,MP,MP,0.0
2021-05-15,MP,MP,0.0
2021-05-22,MP,MP,0.0
2021-05-29,MP,MP,0.0
2021-06-05,MP,MP,0.0
2021-06-12,MP,MP,0.0
2021-06-19,MP,MP,0.0
2021-06-26,MP,MP,0.0
2021-07-03,MP,MP,0.0
2021-07-10,MP,MP,0.0
2021-07-17,MP,MP,0.0
2021-07-24,MP,MP,0.0
2021-07-31,MP,MP,0.0
2021-08-07,MP,MP,0.0
2021-08-14,MP,MP,0.0
2021-08-21,MP,MP,0.0
2021-08-28,MP,MP,0.0
2021-09-04,MP,MP,0.0
2021-09-11,MP,MP,0.0
2021-09-18,MP,MP,0.0
2021-09-25,MP,MP,0.0
2021-10-02,MP,MP,0.0
2025-03-01,MP,MP,2.0
2025-03-08,MP,MP,3.0
2025-03-15,MP,MP,0.0
2025-03-22,MP,MP,0.0
2025-03-29,MP,MP,0.0
2025-04-05,MP,MP,0.0
2025-04-12,MP,MP,0.0
2025-04-19,MP,MP,0.0
2025-04-26,MP,MP,0.0
2025-05-03,MP,MP,0.0
2025-05-10,MP,MP,0.0
2025-05-17,MP,MP,1.0
2025-05-24,MP,MP,0.0
2025-05-31,MP,MP,0.0
2025-06-07,MP,MP,0.0
2025-06-14,MP,MP,0.0
2025-06-21,MP,MP,0.0
2025-06-28,MP,MP,0.0
2025-07-05,MP,MP,0.0
2025-07-12,MP,MP,0.0
2025-07-19,MP,MP,0.0
2025-07-26,MP,MP,0.0
2025-08-02,MP,MP,0.0
2025-08-09,MP,MP,2.0
2025-08-16,MP,MP,0.0
2025-08-23,MP,MP,0.0
2025-08-30,MP,MP,0.0
2025-09-06,MP,MP,3.0
2025-09-13,MP,MP,1.0
2025-09-20,MP,MP,0.0
2025-09-27,MP,MP,3.0
2025-10-04,OK,OK,18.0
2025-10-11,OK,OK,8.0
2025-10-18,OK,OK,7.0
2025-10-25,OK,OK,18.0
2025-11-01,OK,OK,13.0
2025-11-08,OK,OK,18.0
2025-11-15,OK,OK,10.0
2025-11-22,OK,OK,15.0
2025-11-29,OK,OK,21.0
2025-12-06,OK,OK,25.0
2025-12-13,OK,OK,53.0
2025-12-20,OK,OK,87.0
2025-12-27,OK,OK,231.0
2026-01-03,OK,OK,244.0
2026-01-10,OK,OK,169.0
2026-01-17,OK,OK,168.0
2026-01-24,OK,OK,166.0
2026-01-31,OK,OK,239.0
2026-02-07,OK,OK,238.0
2026-02-14,OK,OK,310.0
2026-02-21,OK,OK,254.0
2026-02-28,OK,OK,183.0
2026-03-07,OK,OK,155.0
2026-03-14,OK,OK,116.0
2026-03-21,OK,OK,67.0
2026-03-28,OK,OK,23.0
2026-04-04,OK,OK,45.0
2026-04-11,OK,OK,6.0
2026-04-18,OK,OK,7.0
2026-04-25,OK,OK,7.0
2026-05-02,OK,OK,7.0
2026-05-09,OK,OK,8.0
2026-05-16,OK,OK,10.0
2026-05-23,OK,OK,8.0
2020-10-03,Region 1,Region 1,0.0
2020-10-10,Region 1,Region 1,0.0
2020-10-17,Region 1,Region 1,0.0
2020-10-24,Region 1,Region 1,2.0
2020-10-31,Region 1,Region 1,6.0
2020-11-07,Region 1,Region 1,8.0
2020-11-14,Region 1,Region 1,5.0
2020-11-21,Region 1,Region 1,5.0
2020-11-28,Region 1,Region 1,1.0
2020-12-05,Region 1,Region 1,5.0
2020-12-12,Region 1,Region 1,1.0
2020-12-19,Region 1,Region 1,6.0
2020-12-26,Region 1,Region 1,4.0
2021-01-02,Region 1,Region 1,11.0
2021-01-09,Region 1,Region 1,5.0
2021-01-16,Region 1,Region 1,4.0
2021-01-23,Region 1,Region 1,4.0
2021-01-30,Region 1,Region 1,1.0
2021-02-06,Region 1,Region 1,5.0
2021-02-13,Region 1,Region 1,3.0
2021-02-20,Region 1,Region 1,5.0
2021-02-27,Region 1,Region 1,2.0
2021-03-06,Region 1,Region 1,4.0
2021-03-13,Region 1,Region 1,7.0
2021-03-20,Region 1,Region 1,10.0
2021-03-27,Region 1,Region 1,0.0
2021-04-03,Region 1,Region 1,4.0
2021-04-10,Region 1,Region 1,5.0
2021-04-17,Region 1,Region 1,3.0
2021-04-24,Region 1,Region 1,2.0
2021-05-01,Region 1,Region 1,1.0
2021-05-08,Region 1,Region 1,10.0
2021-05-15,Region 1,Region 1,0.0
2021-05-22,Region 1,Region 1,0.0
2021-05-29,Region 1,Region 1,0.0
2021-06-05,Region 1,Region 1,0.0
2021-06-12,Region 1,Region 1,0.0
2021-06-19,Region 1,Region 1,0.0
2021-06-26,Region 1,Region 1,1.0
2021-07-03,Region 1,Region 1,0.0
2021-07-10,Region 1,Region 1,0.0
2021-07-17,Region 1,Region 1,0.0
2021-07-24,Region 1,Region 1,0.0
2021-07-31,Region 1,Region 1,1.0
2021-08-07,Region 1,Region 1,0.0
2021-08-14,Region 1,Region 1,1.0
2021-08-21,Region 1,Region 1,0.0
2021-08-28,Region 1,Region 1,2.0
2021-09-04,Region 1,Region 1,0.0
2021-09-11,Region 1,Region 1,0.0
2021-09-18,Region 1,Region 1,0.0
2021-09-25,Region 1,Region 1,0.0
2021-10-02,Region 1,Region 1,1.0
2022-10-08,Region 10,Region 10,16.0
2022-10-15,Region 10,Region 10,22.0
2022-10-22,Region 10,Region 10,29.0
2022-10-29,Region 10,Region 10,50.0
2022-11-05,Region 10,Region 10,106.0
2022-11-12,Region 10,Region 10,165.0
2022-11-19,Region 10,Region 10,444.0
2022-11-26,Region 10,Region 10,1118.0
2022-12-03,Region 10,Region 10,1510.0
2022-12-10,Region 10,Region 10,1589.0
2022-12-17,Region 10,Region 10,1763.0
2022-12-24,Region 10,Region 10,1101.0
2022-12-31,Region 10,Region 10,1011.0
2023-01-07,Region 10,Region 10,527.0
2023-01-14,Region 10,Region 10,262.0
2023-01-21,Region 10,Region 10,160.0
2023-01-28,Region 10,Region 10,99.0
2023-02-04,Region 10,Region 10,58.0
2023-02-11,Region 10,Region 10,59.0
2023-02-18,Region 10,Region 10,45.0
2023-02-25,Region 10,Region 10,52.0
2023-03-04,Region 10,Region 10,68.0
2023-03-11,Region 10,Region 10,61.0
2023-03-18,Region 10,Region 10,44.0
2023-03-25,Region 10,Region 10,37.0
2023-04-01,Region 10,Region 10,40.0
2023-04-08,Region 10,Region 10,38.0
2023-04-15,Region 10,Region 10,34.0
2023-04-22,Region 10,Region 10,23.0
2023-04-29,Region 10,Region 10,26.0
2023-05-06,Region 10,Region 10,25.0
2023-05-13,Region 10,Region 10,20.0
2023-05-20,Region 10,Region 10,16.0
2023-05-27,Region 10,Region 10,20.0
2023-06-03,Region 10,Region 10,25.0
2023-06-10,Region 10,Region 10,37.0
2023-06-17,Region 10,Region 10,33.0
2023-06-24,Region 10,Region 10,23.0
2023-07-01,Region 10,Region 10,31.0
2023-07-08,Region 10,Region 10,25.0
2023-07-15,Region 10,Region 10,29.0
2023-07-22,Region 10,Region 10,23.0
2023-07-29,Region 10,Region 10,23.0
2023-08-05,Region 10,Region 10,27.0
2023-08-12,Region 10,Region 10,25.0
2023-08-19,Region 10,Region 10,33.0
2023-08-26,Region 10,Region 10,24.0
2023-09-02,Region 10,Region 10,46.0
2023-09-09,Region 10,Region 10,44.0
2023-09-16,Region 10,Region 10,26.0
2023-09-23,Region 10,Region 10,21.0
2023-09-30,Region 10,Region 10,27.0
2021-10-09,Region 4,Region 4,84.0
2021-10-16,Region 4,Region 4,69.0
2021-10-23,Region 4,Region 4,102.0
2021-10-30,Region 4,Region 4,115.0
2021-11-06,Region 4,Region 4,142.0
2021-11-13,Region 4,Region 4,133.0
2021-11-20,Region 4,Region 4,112.0
2021-11-27,Region 4,Region 4,143.0
2021-12-04,Region 4,Region 4,209.0
2021-12-11,Region 4,Region 4,244.0
2021-12-18,Region 4,Region 4,268.0
2021-12-25,Region 4,Region 4,377.0
2022-01-01,Region 4,Region 4,598.0
2022-01-08,Region 4,Region 4,458.0
2022-01-15,Region 4,Region 4,377.0
2022-01-22,Region 4,Region 4,250.0
2022-01-29,Region 4,Region 4,206.0
2022-02-05,Region 4,Region 4,236.0
2022-02-12,Region 4,Region 4,186.0
2022-02-19,Region 4,Region 4,230.0
2022-02-26,Region 4,Region 4,247.0
2022-03-05,Region 4,Region 4,258.0
2022-03-12,Region 4,Region 4,280.0
2022-03-19,Region 4,Region 4,242.0
2022-03-26,Region 4,Region 4,297.0
2022-04-02,Region 4,Region 4,307.0
2022-04-09,Region 4,Region 4,343.0
2022-04-16,Region 4,Region 4,450.0
2022-04-23,Region 4,Region 4,420.0
2022-04-30,Region 4,Region 4,480.0
2022-05-07,Region 4,Region 4,496.0
2022-05-14,Region 4,Region 4,516.0
2022-05-21,Region 4,Region 4,610.0
2022-05-28,Region 4,Region 4,721.0
2022-06-04,Region 4,Region 4,856.0
2022-06-11,Region 4,Region 4,731.0
2022-06-18,Region 4,Region 4,635.0
2022-06-25,Region 4,Region 4,472.0
2022-07-02,Region 4,Region 4,353.0
2022-07-09,Region 4,Region 4,263.0
2022-07-16,Region 4,Region 4,259.0
2022-07-23,Region 4,Region 4,221.0
2022-07-30,Region 4,Region 4,186.0
2022-08-06,Region 4,Region 4,155.0
2022-08-13,Region 4,Region 4,149.0
2022-08-20,Region 4,Region 4,122.0
2022-08-27,Region 4,Region 4,147.0
2022-09-03,Region 4,Region 4,140.0
2022-09-10,Region 4,Region 4,171.0
2022-09-17,Region 4,Region 4,231.0
2022-09-24,Region 4,Region 4,242.0
2022-10-01,Region 4,Region 4,293.0
2025-10-04,Region 4,Region 4,282.0
2025-10-11,Region 4,Region 4,306.0
2025-10-18,Region 4,Region 4,339.0
2025-10-25,Region 4,Region 4,344.0
2025-11-01,Region 4,Region 4,384.0
2025-11-08,Region 4,Region 4,520.0
2025-11-15,Region 4,Region 4,760.0
2025-11-22,Region 4,Region 4,1030.0
2025-11-29,Region 4,Region 4,1288.0
2025-12-06,Region 4,Region 4,1736.0
2025-12-13,Region 4,Region 4,2338.0
2025-12-20,Region 4,Region 4,4801.0
2025-12-27,Region 4,Region 4,9054.0
2026-01-03,Region 4,Region 4,9410.0
2026-01-10,Region 4,Region 4,6560.0
2026-01-17,Region 4,Region 4,4046.0
2026-01-24,Region 4,Region 4,3572.0
2026-01-31,Region 4,Region 4,3652.0
2026-02-07,Region 4,Region 4,4048.0
2026-02-14,Region 4,Region 4,4650.0
2026-02-21,Region 4,Region 4,4081.0
2026-02-28,Region 4,Region 4,2740.0
2026-03-07,Region 4,Region 4,2276.0
2026-03-14,Region 4,Region 4,1697.0
2026-03-21,Region 4,Region 4,1118.0
2026-03-28,Region 4,Region 4,672.0
2026-04-04,Region 4,Region 4,484.0
2026-04-11,Region 4,Region 4,367.0
2026-04-18,Region 4,Region 4,347.0
2026-04-25,Region 4,Region 4,365.0
2026-05-02,Region 4,Region 4,314.0
2026-05-09,Region 4,Region 4,289.0
2026-05-16,Region 4,Region 4,270.0
2026-05-23,Region 4,Region 4,260.0
2023-10-07,Region 6,Region 6,176.0
2023-10-14,Region 6,Region 6,253.0
2023-10-21,Region 6,Region 6,315.0
2023-10-28,Region 6,Region 6,316.0
2023-11-04,Region 6,Region 6,432.0
2023-11-11,Region 6,Region 6,559.0
2023-11-18,Region 6,Region 6,590.0
2023-11-25,Region 6,Region 6,761.0
2023-12-02,Region 6,Region 6,957.0
2023-12-09,Region 6,Region 6,1171.0
2023-12-16,Region 6,Region 6,1624.0
2023-12-23,Region 6,Region 6,2379.0
2023-12-30,Region 6,Region 6,2913.0
2024-01-06,Region 6,Region 6,3032.0
2024-01-13,Region 6,Region 6,2797.0
2024-01-20,Region 6,Region 6,2415.0
2024-01-27,Region 6,Region 6,2721.0
2024-02-03,Region 6,Region 6,2732.0
2024-02-10,Region 6,Region 6,2429.0
2024-02-17,Region 6,Region 6,1928.0
2024-02-24,Region 6,Region 6,1592.0
2024-03-02,Region 6,Region 6,1404.0
2024-03-09,Region 6,Region 6,1196.0
2024-03-16,Region 6,Region 6,952.0
2024-03-23,Region 6,Region 6,684.0
2024-03-30,Region 6,Region 6,616.0
2024-04-06,Region 6,Region 6,504.0
2024-04-13,Region 6,Region 6,406.0
2024-04-20,Region 6,Region 6,354.0
2024-04-27,Region 6,Region 6,304.0
2024-05-04,Region 6,Region 6,139.0
2024-05-11,Region 6,Region 6,46.0
2024-05-18,Region 6,Region 6,21.0
2024-05-25,Region 6,Region 6,27.0
2024-06-01,Region 6,Region 6,23.0
2024-06-08,Region 6,Region 6,17.0
2024-06-15,Region 6,Region 6,10.0
2024-06-22,Region 6,Region 6,11.0
2024-06-29,Region 6,Region 6,6.0
2024-07-06,Region 6,Region 6,14.0
2024-07-13,Region 6,Region 6,6.0
2024-07-20,Region 6,Region 6,22.0
2024-07-27,Region 6,Region 6,10.0
2024-08-03,Region 6,Region 6,14.0
2024-08-10,Region 6,Region 6,15.0
2024-08-17,Region 6,Region 6,14.0
2024-08-24,Region 6,Region 6,16.0
2024-08-31,Region 6,Region 6,10.0
2024-09-07,Region 6,Region 6,11.0
2024-09-14,Region 6,Region 6,5.0
2024-09-21,Region 6,Region 6,13.0
2024-09-28,Region 6,Region 6,10.0
2025-10-04,Region 8,Region 8,22.0
2025-10-11,Region 8,Region 8,14.0
2025-10-18,Region 8,Region 8,17.0
2025-10-25,Region 8,Region 8,24.0
2025-11-01,Region 8,Region 8,27.0
2025-11-08,Region 8,Region 8,38.0
2025-11-15,Region 8,Region 8,73.0
2025-11-22,Region 8,Region 8,123.0
2025-11-29,Region 8,Region 8,215.0
2025-12-06,Region 8,Region 8,309.0
2025-12-13,Region 8,Region 8,423.0
2025-12-20,Region 8,Region 8,797.0
2025-12-27,Region 8,Region 8,1395.0
2026-01-03,Region 8,Region 8,1568.0
2026-01-10,Region 8,Region 8,981.0
2026-01-17,Region 8,Region 8,646.0
2026-01-24,Region 8,Region 8,481.0
2026-01-31,Region 8,Region 8,426.0
2026-02-07,Region 8,Region 8,407.0
2026-02-14,Region 8,Region 8,400.0
2026-02-21,Region 8,Region 8,327.0
2026-02-28,Region 8,Region 8,290.0
2026-03-07,Region 8,Region 8,233.0
2026-03-14,Region 8,Region 8,233.0
2026-03-21,Region 8,Region 8,244.0
2026-03-28,Region 8,Region 8,87.0
2026-04-04,Region 8,Region 8,82.0
2026-04-11,Region 8,Region 8,70.0
2026-04-18,Region 8,Region 8,51.0
2026-04-25,Region 8,Region 8,72.0
2026-05-02,Region 8,Region 8,52.0
2026-05-09,Region 8,Region 8,49.0
2026-05-16,Region 8,Region 8,38.0
2026-05-23,Region 8,Region 8,29.0
2020-10-03,USA,USA,0.0
2020-10-10,USA,USA,0.0
2020-10-17,USA,USA,4.0
2020-10-24,USA,USA,241.0
2020-10-31,USA,USA,470.0
2020-11-07,USA,USA,520.0
2020-11-14,USA,USA,653.0
2020-11-21,USA,USA,607.0
2020-11-28,USA,USA,684.0
2020-12-05,USA,USA,658.0
2020-12-12,USA,USA,640.0
2020-12-19,USA,USA,766.0
2020-12-26,USA,USA,750.0
2021-01-02,USA,USA,738.0
2021-01-09,USA,USA,596.0
2021-01-16,USA,USA,648.0
2021-01-23,USA,USA,715.0
2021-01-30,USA,USA,551.0
2021-02-06,USA,USA,506.0
2021-02-13,USA,USA,463.0
2021-02-20,USA,USA,480.0
2021-02-27,USA,USA,422.0
2021-03-06,USA,USA,436.0
2021-03-13,USA,USA,456.0
2021-03-20,USA,USA,380.0
2021-03-27,USA,USA,368.0
2021-04-03,USA,USA,383.0
2021-04-10,USA,USA,348.0
2021-04-17,USA,USA,370.0
2021-04-24,USA,USA,472.0
2021-05-01,USA,USA,451.0
2021-05-08,USA,USA,342.0
2021-05-15,USA,USA,274.0
2021-05-22,USA,USA,294.0
2021-05-29,USA,USA,247.0
2021-06-05,USA,USA,252.0
2021-06-12,USA,USA,231.0
2021-06-19,USA,USA,214.0
2021-06-26,USA,USA,203.0
2021-07-03,USA,USA,221.0
2021-07-10,USA,USA,243.0
2021-07-17,USA,USA,292.0
2021-07-24,USA,USA,263.0
2021-07-31,USA,USA,280.0
2021-08-07,USA,USA,349.0
2021-08-14,USA,USA,290.0
2021-08-21,USA,USA,280.0
2021-08-28,USA,USA,262.0
2021-09-04,USA,USA,281.0
2021-09-11,USA,USA,246.0
2021-09-18,USA,USA,261.0
2021-09-25,USA,USA,234.0
2021-10-02,USA,USA,253.0
2020-10-17,UT,UT,0.0
2020-10-24,UT,UT,0.0
2020-10-31,UT,UT,1.0
2020-11-07,UT,UT,1.0
2020-11-14,UT,UT,1.0
2020-11-21,UT,UT,0.0
2020-11-28,UT,UT,0.0
2020-12-05,UT,UT,0.0
2020-12-12,UT,UT,4.0
2020-12-19,UT,UT,0.0
2020-12-26,UT,UT,0.0
2021-01-02,UT,UT,1.0
2021-01-09,UT,UT,0.0
2021-01-16,UT,UT,1.0
2021-01-23,UT,UT,0.0
2021-01-30,UT,UT,0.0
2021-02-06,UT,UT,0.0
2021-02-13,UT,UT,0.0
2021-02-20,UT,UT,0.0
2021-02-27,UT,UT,0.0
2021-03-06,UT,UT,0.0
2021-03-13,UT,UT,0.0
2021-03-20,UT,UT,0.0
2021-03-27,UT,UT,1.0
2021-04-03,UT,UT,0.0
2021-04-10,UT,UT,0.0
2021-04-17,UT,UT,0.0
2021-04-24,UT,UT,0.0
2021-05-01,UT,UT,1.0
2021-05-08,UT,UT,0.0
2021-05-15,UT,UT,0.0
2021-05-22,UT,UT,1.0
2021-05-29,UT,UT,0.0
2021-06-05,UT,UT,0.0
2021-06-12,UT,UT,0.0
2021-06-19,UT,UT,0.0
2021-06-26,UT,UT,0.0
2021-07-03,UT,UT,1.0
2021-07-10,UT,UT,1.0
2021-07-17,UT,UT,1.0
2021-07-24,UT,UT,0.0
2021-07-31,UT,UT,0.0
2021-08-07,UT,UT,0.0
2021-08-14,UT,UT,0.0
2021-08-21,UT,UT,0.0
2021-08-28,UT,UT,0.0
2021-09-04,UT,UT,0.0
2021-09-11,UT,UT,1.0
2021-09-18,UT,UT,1.0
2021-09-25,UT,UT,1.0
2021-10-02,UT,UT,1.0
2021-10-09,UT,UT,2.0
2021-10-16,UT,UT,0.0
2021-10-23,UT,UT,1.0
2021-10-30,UT,UT,1.0
2021-11-06,UT,UT,0.0
2021-11-13,UT,UT,0.0
2021-11-20,UT,UT,0.0
2021-11-27,UT,UT,0.0
2021-12-04,UT,UT,4.0
2021-12-11,UT,UT,0.0
2021-12-18,UT,UT,1.0
2021-12-25,UT,UT,5.0
2022-01-01,UT,UT,3.0
2022-01-08,UT,UT,2.0
2022-01-15,UT,UT,1.0
2022-01-22,UT,UT,4.0
2022-01-29,UT,UT,3.0
2022-02-05,UT,UT,4.0
2022-02-12,UT,UT,3.0
2022-02-19,UT,UT,3.0
2022-02-26,UT,UT,5.0
2022-03-05,UT,UT,9.0
2022-03-12,UT,UT,12.0
2022-03-19,UT,UT,17.0
2022-03-26,UT,UT,6.0
2022-04-02,UT,UT,17.0
2022-04-09,UT,UT,14.0
2022-04-16,UT,UT,16.0
2022-04-23,UT,UT,9.0
2022-04-30,UT,UT,1.0
2022-05-07,UT,UT,12.0
2022-05-14,UT,UT,10.0
2022-05-21,UT,UT,7.0
2022-05-28,UT,UT,1.0
2022-06-04,UT,UT,5.0
2022-06-11,UT,UT,3.0
2022-06-18,UT,UT,1.0
2022-06-25,UT,UT,3.0
2022-07-02,UT,UT,5.0
2022-07-09,UT,UT,0.0
2022-07-16,UT,UT,0.0
2022-07-23,UT,UT,0.0
2022-07-30,UT,UT,1.0
2022-08-06,UT,UT,0.0
2022-08-13,UT,UT,0.0
2022-08-20,UT,UT,1.0
2022-08-27,UT,UT,0.0
2022-09-03,UT,UT,1.0
2022-09-10,UT,UT,1.0
2022-09-17,UT,UT,0.0
2022-09-24,UT,UT,1.0
2022-10-01,UT,UT,0.0
2024-10-05,AR,AR,3.0
2024-10-12,AR,AR,0.0
2024-10-19,AR,AR,2.0
2024-10-26,AR,AR,1.0
2024-11-02,AR,AR,6.0
2024-11-09,AR,AR,11.0
2024-11-16,AR,AR,13.0
2024-11-23,AR,AR,8.0
2024-11-30,AR,AR,12.0
2024-12-07,AR,AR,32.0
2024-12-14,AR,AR,42.0
2024-12-21,AR,AR,59.0
2024-12-28,AR,AR,127.0
2025-01-04,AR,AR,212.0
2025-01-11,AR,AR,158.0
2025-01-18,AR,AR,223.0
2025-01-25,AR,AR,388.0
2025-02-01,AR,AR,551.0
2025-02-08,AR,AR,752.0
2025-02-15,AR,AR,543.0
2025-02-22,AR,AR,392.0
2025-03-01,AR,AR,363.0
2025-03-08,AR,AR,326.0
2025-03-15,AR,AR,232.0
2025-03-22,AR,AR,165.0
2025-03-29,AR,AR,111.0
2025-04-05,AR,AR,71.0
2025-04-12,AR,AR,34.0
2025-04-19,AR,AR,29.0
2025-04-26,AR,AR,24.0
2025-05-03,AR,AR,21.0
2025-05-10,AR,AR,13.0
2025-05-17,AR,AR,13.0
2025-05-24,AR,AR,14.0
2025-05-31,AR,AR,14.0
2025-06-07,AR,AR,14.0
2025-06-14,AR,AR,12.0
2025-06-21,AR,AR,14.0
2025-06-28,AR,AR,20.0
2025-07-05,AR,AR,5.0
2025-07-12,AR,AR,8.0
2025-07-19,AR,AR,4.0
2025-07-26,AR,AR,4.0
2025-08-02,AR,AR,2.0
2025-08-09,AR,AR,2.0
2025-08-16,AR,AR,4.0
2025-08-23,AR,AR,3.0
2025-08-30,AR,AR,1.0
2025-09-06,AR,AR,2.0
2025-09-13,AR,AR,1.0
2025-09-20,AR,AR,3.0
2025-09-27,AR,AR,9.0
2021-10-09,CA,CA,12.0
2021-10-16,CA,CA,5.0
2021-10-23,CA,CA,10.0
2021-10-30,CA,CA,5.0
2021-11-06,CA,CA,15.0
2021-11-13,CA,CA,15.0
2021-11-20,CA,CA,17.0
2021-11-27,CA,CA,20.0
2021-12-04,CA,CA,44.0
2021-12-11,CA,CA,61.0
2021-12-18,CA,CA,60.0
2021-12-25,CA,CA,111.0
2022-01-01,CA,CA,96.0
2022-01-08,CA,CA,87.0
2022-01-15,CA,CA,75.0
2022-01-22,CA,CA,63.0
2022-01-29,CA,CA,23.0
2022-02-05,CA,CA,30.0
2022-02-12,CA,CA,28.0
2022-02-19,CA,CA,11.0
2022-02-26,CA,CA,23.0
2022-03-05,CA,CA,34.0
2022-03-12,CA,CA,40.0
2022-03-19,CA,CA,51.0
2022-03-26,CA,CA,61.0
2022-04-02,CA,CA,79.0
2022-04-09,CA,CA,96.0
2022-04-16,CA,CA,104.0
2022-04-23,CA,CA,148.0
2022-04-30,CA,CA,213.0
2022-05-07,CA,CA,206.0
2022-05-14,CA,CA,277.0
2022-05-21,CA,CA,355.0
2022-05-28,CA,CA,412.0
2022-06-04,CA,CA,432.0
2022-06-11,CA,CA,391.0
2022-06-18,CA,CA,305.0
2022-06-25,CA,CA,238.0
2022-07-02,CA,CA,193.0
2022-07-09,CA,CA,115.0
2022-07-16,CA,CA,99.0
2022-07-23,CA,CA,61.0
2022-07-30,CA,CA,47.0
2022-08-06,CA,CA,38.0
2022-08-13,CA,CA,39.0
2022-08-20,CA,CA,35.0
2022-08-27,CA,CA,29.0
2022-09-03,CA,CA,33.0
2022-09-10,CA,CA,36.0
2022-09-17,CA,CA,21.0
2022-09-24,CA,CA,35.0
2022-10-01,CA,CA,68.0
2021-10-09,MA,MA,0.0
2021-10-16,MA,MA,0.0
2021-10-23,MA,MA,0.0
2021-10-30,MA,MA,0.0
2021-11-06,MA,MA,0.0
2021-11-13,MA,MA,0.0
2021-11-20,MA,MA,4.0
2021-11-27,MA,MA,2.0
2021-12-04,MA,MA,9.0
2021-12-11,MA,MA,19.0
2021-12-18,MA,MA,15.0
2021-12-25,MA,MA,24.0
2022-01-01,MA,MA,54.0
2022-01-08,MA,MA,46.0
2022-01-15,MA,MA,42.0
2022-01-22,MA,MA,50.0
2022-01-29,MA,MA,29.0
2022-02-05,MA,MA,33.0
2022-02-12,MA,MA,30.0
2022-02-19,MA,MA,43.0
2022-02-26,MA,MA,34.0
2022-03-05,MA,MA,11.0
2022-03-12,MA,MA,24.0
2022-03-19,MA,MA,37.0
2022-03-26,MA,MA,32.0
2022-04-02,MA,MA,80.0
2022-04-09,MA,MA,134.0
2022-04-16,MA,MA,169.0
2022-04-23,MA,MA,180.0
2022-04-30,MA,MA,194.0
2022-05-07,MA,MA,178.0
2022-05-14,MA,MA,167.0
2022-05-21,MA,MA,148.0
2022-05-28,MA,MA,75.0
2022-06-04,MA,MA,40.0
2022-06-11,MA,MA,41.0
2022-06-18,MA,MA,15.0
2022-06-25,MA,MA,10.0
2022-07-02,MA,MA,6.0
2022-07-09,MA,MA,6.0
2022-07-16,MA,MA,6.0
2022-07-23,MA,MA,3.0
2022-07-30,MA,MA,3.0
2022-08-06,MA,MA,5.0
2022-08-13,MA,MA,3.0
2022-08-20,MA,MA,2.0
2022-08-27,MA,MA,3.0
2022-09-03,MA,MA,4.0
2022-09-10,MA,MA,1.0
2022-09-17,MA,MA,3.0
2022-09-24,MA,MA,4.0
2022-10-01,MA,MA,4.0
2024-10-05,ME,ME,0.0
2024-10-12,ME,ME,0.0
2024-10-19,ME,ME,0.0
2024-10-26,ME,ME,0.0
2024-11-02,ME,ME,0.0
2024-11-09,ME,ME,1.0
2024-11-16,ME,ME,0.0
2024-11-23,ME,ME,0.0
2024-11-30,ME,ME,2.0
2024-12-07,ME,ME,2.0
2024-12-14,ME,ME,2.0
2024-12-21,ME,ME,10.0
2024-12-28,ME,ME,31.0
2025-01-04,ME,ME,88.0
2025-01-11,ME,ME,92.0
2025-01-18,ME,ME,86.0
2025-01-25,ME,ME,109.0
2025-02-01,ME,ME,151.0
2025-02-08,ME,ME,205.0
2025-02-15,ME,ME,267.0
2025-02-22,ME,ME,266.0
2025-03-01,ME,ME,205.0
2025-03-08,ME,ME,200.0
2025-03-15,ME,ME,115.0
2025-03-22,ME,ME,83.0
2025-03-29,ME,ME,59.0
2025-04-05,ME,ME,55.0
2025-04-12,ME,ME,40.0
2025-04-19,ME,ME,23.0
2025-04-26,ME,ME,16.0
2025-05-03,ME,ME,10.0
2025-05-10,ME,ME,3.0
2025-05-17,ME,ME,2.0
2025-05-24,ME,ME,2.0
2025-05-31,ME,ME,1.0
2025-06-07,ME,ME,0.0
2025-06-14,ME,ME,2.0
2025-06-21,ME,ME,2.0
2025-06-28,ME,ME,0.0
2025-07-05,ME,ME,1.0
2025-07-12,ME,ME,1.0
2025-07-19,ME,ME,1.0
2025-07-26,ME,ME,1.0
2025-08-02,ME,ME,0.0
2025-08-09,ME,ME,0.0
2025-08-16,ME,ME,0.0
2025-08-23,ME,ME,1.0
2025-08-30,ME,ME,1.0
2025-09-06,ME,ME,1.0
2025-09-13,ME,ME,2.0
2025-09-20,ME,ME,0.0
2025-09-27,ME,ME,0.0
2024-10-05,MI,MI,12.0
2024-10-12,MI,MI,2.0
2024-10-19,MI,MI,6.0
2024-10-26,MI,MI,4.0
2024-11-02,MI,MI,21.0
2024-11-09,MI,MI,48.0
2024-11-16,MI,MI,46.0
2024-11-23,MI,MI,67.0
2024-11-30,MI,MI,65.0
2024-12-07,MI,MI,95.0
2024-12-14,MI,MI,172.0
2024-12-21,MI,MI,296.0
2024-12-28,MI,MI,489.0
2025-01-04,MI,MI,644.0
2025-01-11,MI,MI,758.0
2025-01-18,MI,MI,636.0
2025-01-25,MI,MI,1013.0
2025-02-01,MI,MI,1379.0
2025-02-08,MI,MI,1721.0
2025-02-15,MI,MI,1800.0
2025-02-22,MI,MI,1805.0
2025-03-01,MI,MI,1669.0
2025-03-08,MI,MI,1264.0
2025-03-15,MI,MI,855.0
2025-03-22,MI,MI,948.0
2025-03-29,MI,MI,636.0
2025-04-05,MI,MI,305.0
2025-04-12,MI,MI,255.0
2025-04-19,MI,MI,196.0
2025-04-26,MI,MI,127.0
2025-05-03,MI,MI,117.0
2025-05-10,MI,MI,93.0
2025-05-17,MI,MI,62.0
2025-05-24,MI,MI,51.0
2025-05-31,MI,MI,52.0
2025-06-07,MI,MI,32.0
2025-06-14,MI,MI,34.0
2025-06-21,MI,MI,30.0
2025-06-28,MI,MI,32.0
2025-07-05,MI,MI,19.0
2025-07-12,MI,MI,19.0
2025-07-19,MI,MI,16.0
2025-07-26,MI,MI,21.0
2025-08-02,MI,MI,17.0
2025-08-09,MI,MI,16.0
2025-08-16,MI,MI,25.0
2025-08-23,MI,MI,28.0
2025-08-30,MI,MI,29.0
2025-09-06,MI,MI,26.0
2025-09-13,MI,MI,29.0
2025-09-20,MI,MI,20.0
2025-09-27,MI,MI,22.0
2024-10-05,OR,OR,0.0
2024-10-12,OR,OR,6.0
2024-10-19,OR,OR,4.0
2024-10-26,OR,OR,7.0
2024-11-02,OR,OR,7.0
2024-11-09,OR,OR,25.0
2024-11-16,OR,OR,36.0
2024-11-23,OR,OR,63.0
2024-11-30,OR,OR,83.0
2024-12-07,OR,OR,119.0
2024-12-14,OR,OR,242.0
2024-12-21,OR,OR,392.0
2024-12-28,OR,OR,558.0
2025-01-04,OR,OR,539.0
2025-01-11,OR,OR,321.0
2025-01-18,OR,OR,290.0
2025-01-25,OR,OR,277.0
2025-02-01,OR,OR,500.0
2025-02-08,OR,OR,566.0
2025-02-15,OR,OR,502.0
2025-02-22,OR,OR,486.0
2025-03-01,OR,OR,323.0
2025-03-08,OR,OR,208.0
2025-03-15,OR,OR,184.0
2025-03-22,OR,OR,126.0
2025-03-29,OR,OR,95.0
2025-04-05,OR,OR,85.0
2025-04-12,OR,OR,50.0
2025-04-19,OR,OR,43.0
2025-04-26,OR,OR,33.0
2025-05-03,OR,OR,36.0
2025-05-10,OR,OR,27.0
2025-05-17,OR,OR,19.0
2025-05-24,OR,OR,20.0
2025-05-31,OR,OR,14.0
2025-06-07,OR,OR,16.0
2025-06-14,OR,OR,17.0
2025-06-21,OR,OR,11.0
2025-06-28,OR,OR,12.0
2025-07-05,OR,OR,13.0
2025-07-12,OR,OR,7.0
2025-07-19,OR,OR,7.0
2025-07-26,OR,OR,9.0
2025-08-02,OR,OR,4.0
2025-08-09,OR,OR,4.0
2025-08-16,OR,OR,2.0
2025-08-23,OR,OR,5.0
2025-08-30,OR,OR,0.0
2025-09-06,OR,OR,3.0
2025-09-13,OR,OR,3.0
2025-09-20,OR,OR,1.0
2025-09-27,OR,OR,3.0
2024-10-05,PA,PA,61.0
2024-10-12,PA,PA,26.0
2024-10-19,PA,PA,6.0
2024-10-26,PA,PA,63.0
2024-11-02,PA,PA,104.0
2024-11-09,PA,PA,142.0
2024-11-16,PA,PA,111.0
2024-11-23,PA,PA,134.0
2024-11-30,PA,PA,116.0
2024-12-07,PA,PA,208.0
2024-12-14,PA,PA,349.0
2024-12-21,PA,PA,630.0
2024-12-28,PA,PA,1208.0
2025-01-04,PA,PA,2031.0
2025-01-11,PA,PA,2059.0
2025-01-18,PA,PA,2480.0
2025-01-25,PA,PA,3179.0
2025-02-01,PA,PA,3852.0
2025-02-08,PA,PA,4357.0
2025-02-15,PA,PA,4569.0
2025-02-22,PA,PA,3747.0
2025-03-01,PA,PA,3135.0
2025-03-08,PA,PA,2428.0
2025-03-15,PA,PA,1646.0
2025-03-22,PA,PA,1346.0
2025-03-29,PA,PA,958.0
2025-04-05,PA,PA,671.0
2025-04-12,PA,PA,479.0
2025-04-19,PA,PA,417.0
2025-04-26,PA,PA,474.0
2025-05-03,PA,PA,256.0
2025-05-10,PA,PA,262.0
2025-05-17,PA,PA,173.0
2025-05-24,PA,PA,172.0
2025-05-31,PA,PA,187.0
2025-06-07,PA,PA,162.0
2025-06-14,PA,PA,156.0
2025-06-21,PA,PA,153.0
2025-06-28,PA,PA,144.0
2025-07-05,PA,PA,104.0
2025-07-12,PA,PA,127.0
2025-07-19,PA,PA,106.0
2025-07-26,PA,PA,119.0
2025-08-02,PA,PA,92.0
2025-08-09,PA,PA,92.0
2025-08-16,PA,PA,105.0
2025-08-23,PA,PA,100.0
2025-08-30,PA,PA,93.0
2025-09-06,PA,PA,90.0
2025-09-13,PA,PA,120.0
2025-09-20,PA,PA,121.0
2025-09-27,PA,PA,119.0
2024-10-05,Region 5,Region 5,19.0
2024-10-12,Region 5,Region 5,7.0
2024-10-19,Region 5,Region 5,119.0
2024-10-26,Region 5,Region 5,255.0
2024-11-02,Region 5,Region 5,88.0
2024-11-09,Region 5,Region 5,166.0
2024-11-16,Region 5,Region 5,160.0
2024-11-23,Region 5,Region 5,254.0
2024-11-30,Region 5,Region 5,274.0
2024-12-07,Region 5,Region 5,427.0
2024-12-14,Region 5,Region 5,865.0
2024-12-21,Region 5,Region 5,1728.0
2024-12-28,Region 5,Region 5,3743.0
2025-01-04,Region 5,Region 5,5701.0
2025-01-11,Region 5,Region 5,5016.0
2025-01-18,Region 5,Region 5,5225.0
2025-01-25,Region 5,Region 5,7046.0
2025-02-01,Region 5,Region 5,9292.0
2025-02-08,Region 5,Region 5,10939.0
2025-02-15,Region 5,Region 5,10900.0
2025-02-22,Region 5,Region 5,9715.0
2025-03-01,Region 5,Region 5,7880.0
2025-03-08,Region 5,Region 5,5743.0
2025-03-15,Region 5,Region 5,4035.0
2025-03-22,Region 5,Region 5,3029.0
2025-03-29,Region 5,Region 5,1900.0
2025-04-05,Region 5,Region 5,1147.0
2025-04-12,Region 5,Region 5,792.0
2025-04-19,Region 5,Region 5,589.0
2025-04-26,Region 5,Region 5,440.0
2025-05-03,Region 5,Region 5,340.0
2025-05-10,Region 5,Region 5,261.0
2025-05-17,Region 5,Region 5,187.0
2025-05-24,Region 5,Region 5,182.0
2025-05-31,Region 5,Region 5,164.0
2025-06-07,Region 5,Region 5,104.0
2025-06-14,Region 5,Region 5,94.0
2025-06-21,Region 5,Region 5,94.0
2025-06-28,Region 5,Region 5,101.0
2025-07-05,Region 5,Region 5,98.0
2025-07-12,Region 5,Region 5,72.0
2025-07-19,Region 5,Region 5,60.0
2025-07-26,Region 5,Region 5,60.0
2025-08-02,Region 5,Region 5,63.0
2025-08-09,Region 5,Region 5,46.0
2025-08-16,Region 5,Region 5,55.0
2025-08-23,Region 5,Region 5,64.0
2025-08-30,Region 5,Region 5,63.0
2025-09-06,Region 5,Region 5,62.0
2025-09-13,Region 5,Region 5,82.0
2025-09-20,Region 5,Region 5,64.0
2025-09-27,Region 5,Region 5,58.0
2021-10-09,Region 6,Region 6,47.0
2021-10-16,Region 6,Region 6,52.0
2021-10-23,Region 6,Region 6,32.0
2021-10-30,Region 6,Region 6,30.0
2021-11-06,Region 6,Region 6,41.0
2021-11-13,Region 6,Region 6,52.0
2021-11-20,Region 6,Region 6,47.0
2021-11-27,Region 6,Region 6,48.0
2021-12-04,Region 6,Region 6,120.0
2021-12-11,Region 6,Region 6,150.0
2021-12-18,Region 6,Region 6,183.0
2021-12-25,Region 6,Region 6,249.0
2022-01-01,Region 6,Region 6,424.0
2022-01-08,Region 6,Region 6,356.0
2022-01-15,Region 6,Region 6,243.0
2022-01-22,Region 6,Region 6,160.0
2022-01-29,Region 6,Region 6,149.0
2022-02-05,Region 6,Region 6,234.0
2022-02-12,Region 6,Region 6,311.0
2022-02-19,Region 6,Region 6,497.0
2022-02-26,Region 6,Region 6,555.0
2022-03-05,Region 6,Region 6,528.0
2022-03-12,Region 6,Region 6,649.0
2022-03-19,Region 6,Region 6,891.0
2022-03-26,Region 6,Region 6,934.0
2022-04-02,Region 6,Region 6,842.0
2022-04-09,Region 6,Region 6,603.0
2022-04-16,Region 6,Region 6,538.0
2022-04-23,Region 6,Region 6,602.0
2022-04-30,Region 6,Region 6,321.0
2022-05-07,Region 6,Region 6,284.0
2022-05-14,Region 6,Region 6,286.0
2022-05-21,Region 6,Region 6,269.0
2022-05-28,Region 6,Region 6,232.0
2022-06-04,Region 6,Region 6,210.0
2022-06-11,Region 6,Region 6,172.0
2022-06-18,Region 6,Region 6,175.0
2022-06-25,Region 6,Region 6,153.0
2022-07-02,Region 6,Region 6,132.0
2022-07-09,Region 6,Region 6,88.0
2022-07-16,Region 6,Region 6,135.0
2022-07-23,Region 6,Region 6,118.0
2022-07-30,Region 6,Region 6,74.0
2022-08-06,Region 6,Region 6,92.0
2022-08-13,Region 6,Region 6,105.0
2022-08-20,Region 6,Region 6,110.0
2022-08-27,Region 6,Region 6,99.0
2022-09-03,Region 6,Region 6,135.0
2022-09-10,Region 6,Region 6,149.0
2022-09-17,Region 6,Region 6,163.0
2022-09-24,Region 6,Region 6,252.0
2022-10-01,Region 6,Region 6,206.0
2020-09-26,Region 7,Region 7,0.0
2020-10-03,Region 8,Region 8,0.0
2020-10-10,Region 8,Region 8,0.0
2020-10-17,Region 8,Region 8,0.0
2020-10-24,Region 8,Region 8,4.0
2020-10-31,Region 8,Region 8,3.0
2020-11-07,Region 8,Region 8,7.0
2020-11-14,Region 8,Region 8,16.0
2020-11-21,Region 8,Region 8,7.0
2020-11-28,Region 8,Region 8,4.0
2020-12-05,Region 8,Region 8,7.0
2020-12-12,Region 8,Region 8,13.0
2020-12-19,Region 8,Region 8,8.0
2020-12-26,Region 8,Region 8,9.0
2021-01-02,Region 8,Region 8,1.0
2021-01-09,Region 8,Region 8,2.0
2021-01-16,Region 8,Region 8,19.0
2021-01-23,Region 8,Region 8,5.0
2021-01-30,Region 8,Region 8,6.0
2021-02-06,Region 8,Region 8,2.0
2021-02-13,Region 8,Region 8,3.0
2021-02-20,Region 8,Region 8,2.0
2021-02-27,Region 8,Region 8,2.0
2021-03-06,Region 8,Region 8,8.0
2021-03-13,Region 8,Region 8,3.0
2021-03-20,Region 8,Region 8,1.0
2021-03-27,Region 8,Region 8,5.0
2021-04-03,Region 8,Region 8,0.0
2021-04-10,Region 8,Region 8,4.0
2021-04-17,Region 8,Region 8,1.0
2021-04-24,Region 8,Region 8,6.0
2021-05-01,Region 8,Region 8,5.0
2021-05-08,Region 8,Region 8,4.0
2021-05-15,Region 8,Region 8,2.0
2021-05-22,Region 8,Region 8,4.0
2021-05-29,Region 8,Region 8,13.0
2021-06-05,Region 8,Region 8,0.0
2021-06-12,Region 8,Region 8,16.0
2021-06-19,Region 8,Region 8,10.0
2021-06-26,Region 8,Region 8,5.0
2021-07-03,Region 8,Region 8,5.0
2021-07-10,Region 8,Region 8,9.0
2021-07-17,Region 8,Region 8,5.0
2021-07-24,Region 8,Region 8,2.0
2021-07-31,Region 8,Region 8,3.0
2021-08-07,Region 8,Region 8,5.0
2021-08-14,Region 8,Region 8,4.0
2021-08-21,Region 8,Region 8,7.0
2021-08-28,Region 8,Region 8,4.0
2021-09-04,Region 8,Region 8,6.0
2021-09-11,Region 8,Region 8,10.0
2021-09-18,Region 8,Region 8,10.0
2021-09-25,Region 8,Region 8,3.0
2021-10-02,Region 8,Region 8,2.0
2023-10-07,SC,SC,22.0
2023-10-14,SC,SC,26.0
2023-10-21,SC,SC,32.0
2023-10-28,SC,SC,21.0
2023-11-04,SC,SC,45.0
2023-11-11,SC,SC,52.0
2023-11-18,SC,SC,64.0
2023-11-25,SC,SC,81.0
2023-12-02,SC,SC,133.0
2023-12-09,SC,SC,177.0
2023-12-16,SC,SC,264.0
2023-12-23,SC,SC,421.0
2023-12-30,SC,SC,649.0
2024-01-06,SC,SC,473.0
2024-01-13,SC,SC,268.0
2024-01-20,SC,SC,197.0
2024-01-27,SC,SC,213.0
2024-02-03,SC,SC,175.0
2024-02-10,SC,SC,132.0
2024-02-17,SC,SC,130.0
2024-02-24,SC,SC,111.0
2024-03-02,SC,SC,107.0
2024-03-09,SC,SC,97.0
2024-03-16,SC,SC,74.0
2024-03-23,SC,SC,66.0
2024-03-30,SC,SC,63.0
2024-04-06,SC,SC,44.0
2024-04-13,SC,SC,64.0
2024-04-20,SC,SC,37.0
2024-04-27,SC,SC,30.0
2024-05-04,SC,SC,31.0
2024-05-11,SC,SC,21.0
2024-05-18,SC,SC,22.0
2024-05-25,SC,SC,18.0
2024-06-01,SC,SC,19.0
2024-06-08,SC,SC,28.0
2024-06-15,SC,SC,29.0
2024-06-22,SC,SC,20.0
2024-06-29,SC,SC,17.0
2024-07-06,SC,SC,19.0
2024-07-13,SC,SC,20.0
2024-07-20,SC,SC,15.0
2024-07-27,SC,SC,16.0
2024-08-03,SC,SC,22.0
2024-08-10,SC,SC,15.0
2024-08-17,SC,SC,16.0
2024-08-24,SC,SC,24.0
2024-08-31,SC,SC,3.0
2024-09-07,SC,SC,2.0
2024-09-14,SC,SC,2.0
2024-09-21,SC,SC,1.0
2024-09-28,SC,SC,2.0
2025-10-04,SC,SC,17.0
2025-10-11,SC,SC,19.0
2025-10-18,SC,SC,6.0
2025-10-25,SC,SC,6.0
2025-11-01,SC,SC,12.0
2025-11-08,SC,SC,16.0
2025-11-15,SC,SC,20.0
2025-11-22,SC,SC,41.0
2025-11-29,SC,SC,53.0
2025-12-06,SC,SC,86.0
2025-12-13,SC,SC,123.0
2025-12-20,SC,SC,391.0
2025-12-27,SC,SC,856.0
2026-01-03,SC,SC,891.0
2026-01-10,SC,SC,559.0
2026-01-17,SC,SC,300.0
2026-01-24,SC,SC,241.0
2026-01-31,SC,SC,260.0
2026-02-07,SC,SC,255.0
2026-02-14,SC,SC,234.0
2026-02-21,SC,SC,258.0
2026-02-28,SC,SC,184.0
2026-03-07,SC,SC,96.0
2026-03-14,SC,SC,72.0
2026-03-21,SC,SC,53.0
2026-03-28,SC,SC,15.0
2026-04-04,SC,SC,13.0
2026-04-11,SC,SC,11.0
2026-04-18,SC,SC,4.0
2026-04-25,SC,SC,13.0
2026-05-02,SC,SC,15.0
2026-05-09,SC,SC,7.0
2026-05-16,SC,SC,8.0
2026-05-23,SC,SC,11.0
2023-10-07,TN,TN,28.0
2023-10-14,TN,TN,32.0
2023-10-21,TN,TN,43.0
2023-10-28,TN,TN,44.0
2023-11-04,TN,TN,44.0
2023-11-11,TN,TN,47.0
2023-11-18,TN,TN,57.0
2023-11-25,TN,TN,73.0
2023-12-02,TN,TN,98.0
2023-12-09,TN,TN,152.0
2023-12-16,TN,TN,178.0
2023-12-23,TN,TN,294.0
2023-12-30,TN,TN,538.0
2024-01-06,TN,TN,474.0
2024-01-13,TN,TN,390.0
2024-01-20,TN,TN,350.0
2024-01-27,TN,TN,280.0
2024-02-03,TN,TN,223.0
2024-02-10,TN,TN,196.0
2024-02-17,TN,TN,195.0
2024-02-24,TN,TN,201.0
2024-03-02,TN,TN,236.0
2024-03-09,TN,TN,188.0
2024-03-16,TN,TN,129.0
2024-03-23,TN,TN,127.0
2024-03-30,TN,TN,84.0
2024-04-06,TN,TN,102.0
2024-04-13,TN,TN,77.0
2024-04-20,TN,TN,58.0
2024-04-27,TN,TN,51.0
2024-05-04,TN,TN,22.0
2024-05-11,TN,TN,17.0
2024-05-18,TN,TN,21.0
2024-05-25,TN,TN,20.0
2024-06-01,TN,TN,30.0
2024-06-08,TN,TN,17.0
2024-06-15,TN,TN,15.0
2024-06-22,TN,TN,12.0
2024-06-29,TN,TN,7.0
2024-07-06,TN,TN,10.0
2024-07-13,TN,TN,11.0
2024-07-20,TN,TN,10.0
2024-07-27,TN,TN,13.0
2024-08-03,TN,TN,9.0
2024-08-10,TN,TN,9.0
2024-08-17,TN,TN,9.0
2024-08-24,TN,TN,8.0
2024-08-31,TN,TN,11.0
2024-09-07,TN,TN,8.0
2024-09-14,TN,TN,6.0
2024-09-21,TN,TN,2.0
2024-09-28,TN,TN,5.0
2023-10-07,UT,UT,4.0
2023-10-14,UT,UT,3.0
2023-10-21,UT,UT,9.0
2023-10-28,UT,UT,5.0
2023-11-04,UT,UT,9.0
2023-11-11,UT,UT,5.0
2023-11-18,UT,UT,7.0
2023-11-25,UT,UT,10.0
2023-12-02,UT,UT,17.0
2023-12-09,UT,UT,17.0
2023-12-16,UT,UT,24.0
2023-12-23,UT,UT,58.0
2023-12-30,UT,UT,80.0
2024-01-06,UT,UT,63.0
2024-01-13,UT,UT,47.0
2024-01-20,UT,UT,28.0
2024-01-27,UT,UT,38.0
2024-02-03,UT,UT,28.0
2024-02-10,UT,UT,16.0
2024-02-17,UT,UT,19.0
2024-02-24,UT,UT,9.0
2024-03-02,UT,UT,17.0
2024-03-09,UT,UT,14.0
2024-03-16,UT,UT,13.0
2024-03-23,UT,UT,11.0
2024-03-30,UT,UT,11.0
2024-04-06,UT,UT,5.0
2024-04-13,UT,UT,1.0
2024-04-20,UT,UT,3.0
2024-04-27,UT,UT,6.0
2024-05-04,UT,UT,2.0
2024-05-11,UT,UT,3.0
2024-05-18,UT,UT,0.0
2024-05-25,UT,UT,0.0
2024-06-01,UT,UT,0.0
2024-06-08,UT,UT,0.0
2024-06-15,UT,UT,0.0
2024-06-22,UT,UT,0.0
2024-06-29,UT,UT,0.0
2024-07-06,UT,UT,0.0
2024-07-13,UT,UT,0.0
2024-07-20,UT,UT,0.0
2024-07-27,UT,UT,0.0
2024-08-03,UT,UT,0.0
2024-08-10,UT,UT,0.0
2024-08-17,UT,UT,0.0
2024-08-24,UT,UT,0.0
2024-08-31,UT,UT,0.0
2024-09-07,UT,UT,0.0
2024-09-14,UT,UT,0.0
2024-09-21,UT,UT,0.0
2024-09-28,UT,UT,0.0
2022-10-08,WA,WA,15.0
2022-10-15,WA,WA,13.0
2022-10-22,WA,WA,21.0
2022-10-29,WA,WA,33.0
2022-11-05,WA,WA,43.0
2022-11-12,WA,WA,89.0
2022-11-19,WA,WA,239.0
2022-11-26,WA,WA,536.0
2022-12-03,WA,WA,732.0
2022-12-10,WA,WA,681.0
2022-12-17,WA,WA,740.0
2022-12-24,WA,WA,404.0
2022-12-31,WA,WA,384.0
2023-01-07,WA,WA,231.0
2023-01-14,WA,WA,144.0
2023-01-21,WA,WA,86.0
2023-01-28,WA,WA,66.0
2023-02-04,WA,WA,42.0
2023-02-11,WA,WA,47.0
2023-02-18,WA,WA,31.0
2023-02-25,WA,WA,38.0
2023-03-04,WA,WA,58.0
2023-03-11,WA,WA,47.0
2023-03-18,WA,WA,28.0
2023-03-25,WA,WA,28.0
2023-04-01,WA,WA,32.0
2023-04-08,WA,WA,26.0
2023-04-15,WA,WA,27.0
2023-04-22,WA,WA,18.0
2023-04-29,WA,WA,14.0
2023-05-06,WA,WA,13.0
2023-05-13,WA,WA,10.0
2023-05-20,WA,WA,13.0
2023-05-27,WA,WA,15.0
2023-06-03,WA,WA,17.0
2023-06-10,WA,WA,28.0
2023-06-17,WA,WA,19.0
2023-06-24,WA,WA,17.0
2023-07-01,WA,WA,19.0
2023-07-08,WA,WA,18.0
2023-07-15,WA,WA,19.0
2023-07-22,WA,WA,18.0
2023-07-29,WA,WA,18.0
2023-08-05,WA,WA,20.0
2023-08-12,WA,WA,17.0
2023-08-19,WA,WA,25.0
2023-08-26,WA,WA,20.0
2023-09-02,WA,WA,42.0
2023-09-09,WA,WA,37.0
2023-09-16,WA,WA,15.0
2023-09-23,WA,WA,6.0
2023-09-30,WA,WA,12.0
2022-10-08,DC,DC,1.0
2022-10-15,DC,DC,2.0
2022-10-22,DC,DC,5.0
2022-10-29,DC,DC,11.0
2022-11-05,DC,DC,33.0
2022-11-12,DC,DC,44.0
2022-11-19,DC,DC,35.0
2022-11-26,DC,DC,57.0
2022-12-03,DC,DC,65.0
2022-12-10,DC,DC,40.0
2022-12-17,DC,DC,19.0
2022-12-24,DC,DC,16.0
2022-12-31,DC,DC,30.0
2023-01-07,DC,DC,17.0
2023-01-14,DC,DC,5.0
2023-01-21,DC,DC,8.0
2023-01-28,DC,DC,7.0
2023-02-04,DC,DC,8.0
2023-02-11,DC,DC,5.0
2023-02-18,DC,DC,5.0
2023-02-25,DC,DC,4.0
2023-03-04,DC,DC,2.0
2023-03-11,DC,DC,2.0
2023-03-18,DC,DC,2.0
2023-03-25,DC,DC,2.0
2023-04-01,DC,DC,10.0
2023-04-08,DC,DC,4.0
2023-04-15,DC,DC,3.0
2023-04-22,DC,DC,3.0
2023-04-29,DC,DC,1.0
2023-05-06,DC,DC,0.0
2023-05-13,DC,DC,1.0
2023-05-20,DC,DC,2.0
2023-05-27,DC,DC,6.0
2023-06-03,DC,DC,3.0
2023-06-10,DC,DC,1.0
2023-06-17,DC,DC,1.0
2023-06-24,DC,DC,2.0
2023-07-01,DC,DC,1.0
2023-07-08,DC,DC,2.0
2023-07-15,DC,DC,2.0
2023-07-22,DC,DC,1.0
2023-07-29,DC,DC,1.0
2023-08-05,DC,DC,0.0
2023-08-12,DC,DC,1.0
2023-08-19,DC,DC,1.0
2023-08-26,DC,DC,1.0
2023-09-02,DC,DC,0.0
2023-09-09,DC,DC,1.0
2023-09-16,DC,DC,0.0
2023-09-23,DC,DC,1.0
2023-09-30,DC,DC,0.0
2025-10-04,DC,DC,6.0
2025-10-11,DC,DC,3.0
2025-10-18,DC,DC,2.0
2025-10-25,DC,DC,3.0
2025-11-01,DC,DC,0.0
2025-11-08,DC,DC,0.0
2025-11-15,DC,DC,7.0
2025-11-22,DC,DC,14.0
2025-11-29,DC,DC,14.0
2025-12-06,DC,DC,26.0
2025-12-13,DC,DC,33.0
2025-12-20,DC,DC,47.0
2025-12-27,DC,DC,98.0
2026-01-03,DC,DC,106.0
2026-01-10,DC,DC,83.0
2026-01-17,DC,DC,50.0
2026-01-24,DC,DC,33.0
2026-01-31,DC,DC,15.0
2026-02-07,DC,DC,10.0
2026-02-14,DC,DC,9.0
2026-02-21,DC,DC,7.0
2026-02-28,DC,DC,5.0
2026-03-07,DC,DC,12.0
2026-03-14,DC,DC,8.0
2026-03-21,DC,DC,1.0
2026-03-28,DC,DC,0.0
2026-04-04,DC,DC,1.0
2026-04-11,DC,DC,1.0
2026-04-18,DC,DC,5.0
2026-04-25,DC,DC,2.0
2026-05-02,DC,DC,1.0
2026-05-09,DC,DC,0.0
2026-05-16,DC,DC,1.0
2026-05-23,DC,DC,2.0
2023-10-07,IA,IA,3.0
2023-10-14,IA,IA,1.0
2023-10-21,IA,IA,4.0
2023-10-28,IA,IA,4.0
2023-11-04,IA,IA,10.0
2023-11-11,IA,IA,13.0
2023-11-18,IA,IA,14.0
2023-11-25,IA,IA,27.0
2023-12-02,IA,IA,44.0
2023-12-09,IA,IA,43.0
2023-12-16,IA,IA,50.0
2023-12-23,IA,IA,90.0
2023-12-30,IA,IA,99.0
2024-01-06,IA,IA,94.0
2024-01-13,IA,IA,84.0
2024-01-20,IA,IA,95.0
2024-01-27,IA,IA,76.0
2024-02-03,IA,IA,107.0
2024-02-10,IA,IA,112.0
2024-02-17,IA,IA,124.0
2024-02-24,IA,IA,157.0
2024-03-02,IA,IA,180.0
2024-03-09,IA,IA,178.0
2024-03-16,IA,IA,115.0
2024-03-23,IA,IA,94.0
2024-03-30,IA,IA,90.0
2024-04-06,IA,IA,82.0
2024-04-13,IA,IA,63.0
2024-04-20,IA,IA,53.0
2024-04-27,IA,IA,22.0
2024-05-04,IA,IA,9.0
2024-05-11,IA,IA,3.0
2024-05-18,IA,IA,3.0
2024-05-25,IA,IA,2.0
2024-06-01,IA,IA,1.0
2024-06-08,IA,IA,0.0
2024-06-15,IA,IA,1.0
2024-06-22,IA,IA,0.0
2024-06-29,IA,IA,1.0
2024-07-06,IA,IA,0.0
2024-07-13,IA,IA,1.0
2024-07-20,IA,IA,0.0
2024-07-27,IA,IA,1.0
2024-08-03,IA,IA,0.0
2024-08-10,IA,IA,0.0
2024-08-17,IA,IA,1.0
2024-08-24,IA,IA,2.0
2024-08-31,IA,IA,2.0
2024-09-07,IA,IA,1.0
2024-09-14,IA,IA,2.0
2024-09-21,IA,IA,0.0
2024-09-28,IA,IA,1.0
2023-10-07,IL,IL,21.0
2023-10-14,IL,IL,18.0
2023-10-21,IL,IL,27.0
2023-10-28,IL,IL,21.0
2023-11-04,IL,IL,34.0
2023-11-11,IL,IL,54.0
2023-11-18,IL,IL,71.0
2023-11-25,IL,IL,102.0
2023-12-02,IL,IL,165.0
2023-12-09,IL,IL,205.0
2023-12-16,IL,IL,253.0
2023-12-23,IL,IL,464.0
2023-12-30,IL,IL,576.0
2024-01-06,IL,IL,511.0
2024-01-13,IL,IL,380.0
2024-01-20,IL,IL,335.0
2024-01-27,IL,IL,275.0
2024-02-03,IL,IL,272.0
2024-02-10,IL,IL,250.0
2024-02-17,IL,IL,262.0
2024-02-24,IL,IL,318.0
2024-03-02,IL,IL,331.0
2024-03-09,IL,IL,267.0
2024-03-16,IL,IL,250.0
2024-03-23,IL,IL,212.0
2024-03-30,IL,IL,201.0
2024-04-06,IL,IL,182.0
2024-04-13,IL,IL,186.0
2024-04-20,IL,IL,122.0
2024-04-27,IL,IL,88.0
2024-05-04,IL,IL,43.0
2024-05-11,IL,IL,13.0
2024-05-18,IL,IL,10.0
2024-05-25,IL,IL,9.0
2024-06-01,IL,IL,9.0
2024-06-08,IL,IL,8.0
2024-06-15,IL,IL,9.0
2024-06-22,IL,IL,6.0
2024-06-29,IL,IL,6.0
2024-07-06,IL,IL,8.0
2024-07-13,IL,IL,5.0
2024-07-20,IL,IL,4.0
2024-07-27,IL,IL,3.0
2024-08-03,IL,IL,4.0
2024-08-10,IL,IL,6.0
2024-08-17,IL,IL,1.0
2024-08-24,IL,IL,3.0
2024-08-31,IL,IL,3.0
2024-09-07,IL,IL,1.0
2024-09-14,IL,IL,6.0
2024-09-21,IL,IL,7.0
2024-09-28,IL,IL,4.0
2024-10-05,KS,KS,0.0
2024-10-12,KS,KS,0.0
2024-10-19,KS,KS,1.0
2024-10-26,KS,KS,3.0
2024-11-02,KS,KS,10.0
2024-11-09,KS,KS,7.0
2024-11-16,KS,KS,11.0
2024-11-23,KS,KS,17.0
2024-11-30,KS,KS,20.0
2024-12-07,KS,KS,36.0
2024-12-14,KS,KS,90.0
2024-12-21,KS,KS,120.0
2024-12-28,KS,KS,225.0
2025-01-04,KS,KS,353.0
2025-01-11,KS,KS,236.0
2025-01-18,KS,KS,200.0
2025-01-25,KS,KS,216.0
2025-02-01,KS,KS,390.0
2025-02-08,KS,KS,483.0
2025-02-15,KS,KS,519.0
2025-02-22,KS,KS,413.0
2025-03-01,KS,KS,308.0
2025-03-08,KS,KS,251.0
2025-03-15,KS,KS,164.0
2025-03-22,KS,KS,120.0
2025-03-29,KS,KS,68.0
2025-04-05,KS,KS,40.0
2025-04-12,KS,KS,29.0
2025-04-19,KS,KS,29.0
2025-04-26,KS,KS,9.0
2025-05-03,KS,KS,6.0
2025-05-10,KS,KS,4.0
2025-05-17,KS,KS,8.0
2025-05-24,KS,KS,11.0
2025-05-31,KS,KS,9.0
2025-06-07,KS,KS,2.0
2025-06-14,KS,KS,1.0
2025-06-21,KS,KS,5.0
2025-06-28,KS,KS,6.0
2025-07-05,KS,KS,3.0
2025-07-12,KS,KS,2.0
2025-07-19,KS,KS,3.0
2025-07-26,KS,KS,3.0
2025-08-02,KS,KS,3.0
2025-08-09,KS,KS,1.0
2025-08-16,KS,KS,0.0
2025-08-23,KS,KS,1.0
2025-08-30,KS,KS,1.0
2025-09-06,KS,KS,3.0
2025-09-13,KS,KS,5.0
2025-09-20,KS,KS,6.0
2025-09-27,KS,KS,7.0
2020-10-17,LA,LA,0.0
2020-10-24,LA,LA,0.0
2020-10-31,LA,LA,1.0
2020-11-07,LA,LA,5.0
2020-11-14,LA,LA,23.0
2020-11-21,LA,LA,8.0
2020-11-28,LA,LA,7.0
2020-12-05,LA,LA,9.0
2020-12-12,LA,LA,21.0
2020-12-19,LA,LA,17.0
2020-12-26,LA,LA,17.0
2021-01-02,LA,LA,16.0
2021-01-09,LA,LA,4.0
2021-01-16,LA,LA,5.0
2021-01-23,LA,LA,20.0
2021-01-30,LA,LA,20.0
2021-02-06,LA,LA,12.0
2021-02-13,LA,LA,12.0
2021-02-20,LA,LA,7.0
2021-02-27,LA,LA,19.0
2021-03-06,LA,LA,8.0
2021-03-13,LA,LA,11.0
2021-03-20,LA,LA,1.0
2021-03-27,LA,LA,9.0
2021-04-03,LA,LA,5.0
2021-04-10,LA,LA,9.0
2021-04-17,LA,LA,5.0
2021-04-24,LA,LA,16.0
2021-05-01,LA,LA,5.0
2021-05-08,LA,LA,6.0
2021-05-15,LA,LA,4.0
2021-05-22,LA,LA,6.0
2021-05-29,LA,LA,9.0
2021-06-05,LA,LA,17.0
2021-06-12,LA,LA,14.0
2021-06-19,LA,LA,9.0
2021-06-26,LA,LA,8.0
2021-07-03,LA,LA,9.0
2021-07-10,LA,LA,19.0
2021-07-17,LA,LA,26.0
2021-07-24,LA,LA,2.0
2021-07-31,LA,LA,17.0
2021-08-07,LA,LA,32.0
2021-08-14,LA,LA,18.0
2021-08-21,LA,LA,2.0
2021-08-28,LA,LA,11.0
2021-09-04,LA,LA,10.0
2021-09-11,LA,LA,3.0
2021-09-18,LA,LA,4.0
2021-09-25,LA,LA,6.0
2021-10-02,LA,LA,17.0
2022-10-08,MN,MN,12.0
2022-10-15,MN,MN,3.0
2022-10-22,MN,MN,14.0
2022-10-29,MN,MN,36.0
2022-11-05,MN,MN,83.0
2022-11-12,MN,MN,163.0
2022-11-19,MN,MN,243.0
2022-11-26,MN,MN,381.0
2022-12-03,MN,MN,443.0
2022-12-10,MN,MN,345.0
2022-12-17,MN,MN,247.0
2022-12-24,MN,MN,162.0
2022-12-31,MN,MN,176.0
2023-01-07,MN,MN,80.0
2023-01-14,MN,MN,47.0
2023-01-21,MN,MN,29.0
2023-01-28,MN,MN,18.0
2023-02-04,MN,MN,16.0
2023-02-11,MN,MN,7.0
2023-02-18,MN,MN,9.0
2023-02-25,MN,MN,6.0
2023-03-04,MN,MN,7.0
2023-03-11,MN,MN,5.0
2023-03-18,MN,MN,6.0
2023-03-25,MN,MN,4.0
2023-04-01,MN,MN,10.0
2023-04-08,MN,MN,12.0
2023-04-15,MN,MN,12.0
2023-04-22,MN,MN,8.0
2023-04-29,MN,MN,12.0
2023-05-06,MN,MN,19.0
2023-05-13,MN,MN,13.0
2023-05-20,MN,MN,8.0
2023-05-27,MN,MN,3.0
2023-06-03,MN,MN,1.0
2023-06-10,MN,MN,5.0
2023-06-17,MN,MN,8.0
2023-06-24,MN,MN,2.0
2023-07-01,MN,MN,0.0
2023-07-08,MN,MN,1.0
2023-07-15,MN,MN,0.0
2023-07-22,MN,MN,0.0
2023-07-29,MN,MN,3.0
2023-08-05,MN,MN,2.0
2023-08-12,MN,MN,0.0
2023-08-19,MN,MN,0.0
2023-08-26,MN,MN,3.0
2023-09-02,MN,MN,0.0
2023-09-09,MN,MN,0.0
2023-09-16,MN,MN,1.0
2023-09-23,MN,MN,3.0
2023-09-30,MN,MN,2.0
2025-10-04,MN,MN,0.0
2025-10-11,MN,MN,7.0
2025-10-18,MN,MN,1.0
2025-10-25,MN,MN,5.0
2025-11-01,MN,MN,4.0
2025-11-08,MN,MN,9.0
2025-11-15,MN,MN,17.0
2025-11-22,MN,MN,34.0
2025-11-29,MN,MN,74.0
2025-12-06,MN,MN,105.0
2025-12-13,MN,MN,257.0
2025-12-20,MN,MN,542.0
2025-12-27,MN,MN,944.0
2026-01-03,MN,MN,1063.0
2026-01-10,MN,MN,705.0
2026-01-17,MN,MN,415.0
2026-01-24,MN,MN,329.0
2026-01-31,MN,MN,211.0
2026-02-07,MN,MN,183.0
2026-02-14,MN,MN,200.0
2026-02-21,MN,MN,196.0
2026-02-28,MN,MN,136.0
2026-03-07,MN,MN,157.0
2026-03-14,MN,MN,130.0
2026-03-21,MN,MN,114.0
2026-03-28,MN,MN,36.0
2026-04-04,MN,MN,33.0
2026-04-11,MN,MN,25.0
2026-04-18,MN,MN,23.0
2026-04-25,MN,MN,22.0
2026-05-02,MN,MN,34.0
2026-05-09,MN,MN,16.0
2026-05-16,MN,MN,18.0
2026-05-23,MN,MN,11.0
2022-10-08,MS,MS,60.0
2022-10-15,MS,MS,67.0
2022-10-22,MS,MS,88.0
2022-10-29,MS,MS,148.0
2022-11-05,MS,MS,260.0
2022-11-12,MS,MS,244.0
2022-11-19,MS,MS,250.0
2022-11-26,MS,MS,272.0
2022-12-03,MS,MS,268.0
2022-12-10,MS,MS,179.0
2022-12-17,MS,MS,142.0
2022-12-24,MS,MS,86.0
2022-12-31,MS,MS,120.0
2023-01-07,MS,MS,88.0
2023-01-14,MS,MS,57.0
2023-01-21,MS,MS,52.0
2023-01-28,MS,MS,35.0
2023-02-04,MS,MS,29.0
2023-02-11,MS,MS,21.0
2023-02-18,MS,MS,28.0
2023-02-25,MS,MS,32.0
2023-03-04,MS,MS,34.0
2023-03-11,MS,MS,32.0
2023-03-18,MS,MS,22.0
2023-03-25,MS,MS,16.0
2023-04-01,MS,MS,19.0
2023-04-08,MS,MS,26.0
2023-04-15,MS,MS,16.0
2023-04-22,MS,MS,33.0
2023-04-29,MS,MS,16.0
2023-05-06,MS,MS,21.0
2023-05-13,MS,MS,24.0
2023-05-20,MS,MS,22.0
2023-05-27,MS,MS,20.0
2023-06-03,MS,MS,10.0
2023-06-10,MS,MS,17.0
2023-06-17,MS,MS,14.0
2023-06-24,MS,MS,13.0
2023-07-01,MS,MS,15.0
2023-07-08,MS,MS,14.0
2023-07-15,MS,MS,14.0
2023-07-22,MS,MS,10.0
2023-07-29,MS,MS,17.0
2023-08-05,MS,MS,9.0
2023-08-12,MS,MS,27.0
2023-08-19,MS,MS,34.0
2023-08-26,MS,MS,40.0
2023-09-02,MS,MS,43.0
2023-09-09,MS,MS,19.0
2023-09-16,MS,MS,23.0
2023-09-23,MS,MS,16.0
2023-09-30,MS,MS,20.0
2025-10-04,MT,MT,6.0
2025-10-11,MT,MT,2.0
2025-10-18,MT,MT,5.0
2025-10-25,MT,MT,6.0
2025-11-01,MT,MT,1.0
2025-11-08,MT,MT,1.0
2025-11-15,MT,MT,7.0
2025-11-22,MT,MT,4.0
2025-11-29,MT,MT,13.0
2025-12-06,MT,MT,16.0
2025-12-13,MT,MT,24.0
2025-12-20,MT,MT,40.0
2025-12-27,MT,MT,122.0
2026-01-03,MT,MT,151.0
2026-01-10,MT,MT,123.0
2026-01-17,MT,MT,82.0
2026-01-24,MT,MT,64.0
2026-01-31,MT,MT,79.0
2026-02-07,MT,MT,84.0
2026-02-14,MT,MT,92.0
2026-02-21,MT,MT,53.0
2026-02-28,MT,MT,47.0
2026-03-07,MT,MT,38.0
2026-03-14,MT,MT,51.0
2026-03-21,MT,MT,34.0
2026-03-28,MT,MT,13.0
2026-04-04,MT,MT,14.0
2026-04-11,MT,MT,9.0
2026-04-18,MT,MT,5.0
2026-04-25,MT,MT,4.0
2026-05-02,MT,MT,0.0
2026-05-09,MT,MT,8.0
2026-05-16,MT,MT,2.0
2026-05-23,MT,MT,2.0
2024-10-05,NH,NH,0.0
2024-10-12,NH,NH,0.0
2024-10-19,NH,NH,0.0
2024-10-26,NH,NH,0.0
2024-11-02,NH,NH,1.0
2024-11-09,NH,NH,5.0
2024-11-16,NH,NH,6.0
2024-11-23,NH,NH,11.0
2024-11-30,NH,NH,14.0
2024-12-07,NH,NH,16.0
2024-12-14,NH,NH,22.0
2024-12-21,NH,NH,24.0
2024-12-28,NH,NH,53.0
2025-01-04,NH,NH,108.0
2025-01-11,NH,NH,90.0
2025-01-18,NH,NH,86.0
2025-01-25,NH,NH,144.0
2025-02-01,NH,NH,174.0
2025-02-08,NH,NH,203.0
2025-02-15,NH,NH,205.0
2025-02-22,NH,NH,212.0
2025-03-01,NH,NH,190.0
2025-03-08,NH,NH,145.0
2025-03-15,NH,NH,79.0
2025-03-22,NH,NH,53.0
2025-03-29,NH,NH,34.0
2025-04-05,NH,NH,17.0
2025-04-12,NH,NH,22.0
2025-04-19,NH,NH,22.0
2025-04-26,NH,NH,9.0
2025-05-03,NH,NH,6.0
2025-05-10,NH,NH,8.0
2025-05-17,NH,NH,3.0
2025-05-24,NH,NH,1.0
2025-05-31,NH,NH,3.0
2025-06-07,NH,NH,1.0
2025-06-14,NH,NH,2.0
2025-06-21,NH,NH,2.0
2025-06-28,NH,NH,0.0
2025-07-05,NH,NH,1.0
2025-07-12,NH,NH,3.0
2025-07-19,NH,NH,1.0
2025-07-26,NH,NH,3.0
2025-08-02,NH,NH,3.0
2025-08-09,NH,NH,3.0
2025-08-16,NH,NH,5.0
2025-08-23,NH,NH,0.0
2025-08-30,NH,NH,2.0
2025-09-06,NH,NH,0.0
2025-09-13,NH,NH,0.0
2025-09-20,NH,NH,1.0
2025-09-27,NH,NH,0.0
2021-10-09,NJ,NJ,5.0
2021-10-16,NJ,NJ,2.0
2021-10-23,NJ,NJ,11.0
2021-10-30,NJ,NJ,2.0
2021-11-06,NJ,NJ,3.0
2021-11-13,NJ,NJ,7.0
2021-11-20,NJ,NJ,12.0
2021-11-27,NJ,NJ,17.0
2021-12-04,NJ,NJ,36.0
2021-12-11,NJ,NJ,47.0
2021-12-18,NJ,NJ,69.0
2021-12-25,NJ,NJ,50.0
2022-01-01,NJ,NJ,53.0
2022-01-08,NJ,NJ,43.0
2022-01-15,NJ,NJ,26.0
2022-01-22,NJ,NJ,17.0
2022-01-29,NJ,NJ,19.0
2022-02-05,NJ,NJ,18.0
2022-02-12,NJ,NJ,20.0
2022-02-19,NJ,NJ,22.0
2022-02-26,NJ,NJ,28.0
2022-03-05,NJ,NJ,33.0
2022-03-12,NJ,NJ,30.0
2022-03-19,NJ,NJ,41.0
2022-03-26,NJ,NJ,60.0
2022-04-02,NJ,NJ,80.0
2022-04-09,NJ,NJ,136.0
2022-04-16,NJ,NJ,140.0
2022-04-23,NJ,NJ,126.0
2022-04-30,NJ,NJ,125.0
2022-05-07,NJ,NJ,119.0
2022-05-14,NJ,NJ,95.0
2022-05-21,NJ,NJ,87.0
2022-05-28,NJ,NJ,75.0
2022-06-04,NJ,NJ,52.0
2022-06-11,NJ,NJ,42.0
2022-06-18,NJ,NJ,43.0
2022-06-25,NJ,NJ,23.0
2022-07-02,NJ,NJ,11.0
2022-07-09,NJ,NJ,15.0
2022-07-16,NJ,NJ,17.0
2022-07-23,NJ,NJ,8.0
2022-07-30,NJ,NJ,9.0
2022-08-06,NJ,NJ,16.0
2022-08-13,NJ,NJ,9.0
2022-08-20,NJ,NJ,7.0
2022-08-27,NJ,NJ,12.0
2022-09-03,NJ,NJ,8.0
2022-09-10,NJ,NJ,7.0
2022-09-17,NJ,NJ,10.0
2022-09-24,NJ,NJ,15.0
2022-10-01,NJ,NJ,21.0
2024-10-05,NJ,NJ,17.0
2024-10-12,NJ,NJ,0.0
2024-10-19,NJ,NJ,0.0
2024-10-26,NJ,NJ,2.0
2024-11-02,NJ,NJ,28.0
2024-11-09,NJ,NJ,30.0
2024-11-16,NJ,NJ,37.0
2024-11-23,NJ,NJ,47.0
2024-11-30,NJ,NJ,67.0
2024-12-07,NJ,NJ,109.0
2024-12-14,NJ,NJ,174.0
2024-12-21,NJ,NJ,335.0
2024-12-28,NJ,NJ,723.0
2025-01-04,NJ,NJ,1326.0
2025-01-11,NJ,NJ,1078.0
2025-01-18,NJ,NJ,1259.0
2025-01-25,NJ,NJ,1591.0
2025-02-01,NJ,NJ,1794.0
2025-02-08,NJ,NJ,1888.0
2025-02-15,NJ,NJ,1517.0
2025-02-22,NJ,NJ,1205.0
2025-03-01,NJ,NJ,938.0
2025-03-08,NJ,NJ,630.0
2025-03-15,NJ,NJ,465.0
2025-03-22,NJ,NJ,345.0
2025-03-29,NJ,NJ,282.0
2025-04-05,NJ,NJ,248.0
2025-04-12,NJ,NJ,161.0
2025-04-19,NJ,NJ,137.0
2025-04-26,NJ,NJ,72.0
2025-05-03,NJ,NJ,70.0
2025-05-10,NJ,NJ,40.0
2025-05-17,NJ,NJ,43.0
2025-05-24,NJ,NJ,25.0
2025-05-31,NJ,NJ,30.0
2025-06-07,NJ,NJ,26.0
2025-06-14,NJ,NJ,24.0
2025-06-21,NJ,NJ,20.0
2025-06-28,NJ,NJ,25.0
2025-07-05,NJ,NJ,23.0
2025-07-12,NJ,NJ,18.0
2025-07-19,NJ,NJ,13.0
2025-07-26,NJ,NJ,10.0
2025-08-02,NJ,NJ,7.0
2025-08-09,NJ,NJ,9.0
2025-08-16,NJ,NJ,12.0
2025-08-23,NJ,NJ,11.0
2025-08-30,NJ,NJ,10.0
2025-09-06,NJ,NJ,14.0
2025-09-13,NJ,NJ,10.0
2025-09-20,NJ,NJ,11.0
2025-09-27,NJ,NJ,19.0
2021-10-09,NM,NM,1.0
2021-10-16,NM,NM,0.0
2021-10-23,NM,NM,2.0
2021-10-30,NM,NM,0.0
2021-11-06,NM,NM,2.0
2021-11-13,NM,NM,1.0
2021-11-20,NM,NM,1.0
2021-11-27,NM,NM,0.0
2021-12-04,NM,NM,4.0
2021-12-11,NM,NM,0.0
2021-12-18,NM,NM,6.0
2021-12-25,NM,NM,1.0
2022-01-01,NM,NM,3.0
2022-01-08,NM,NM,3.0
2022-01-15,NM,NM,2.0
2022-01-22,NM,NM,0.0
2022-01-29,NM,NM,0.0
2022-02-05,NM,NM,9.0
2022-02-12,NM,NM,4.0
2022-02-19,NM,NM,5.0
2022-02-26,NM,NM,4.0
2022-03-05,NM,NM,4.0
2022-03-12,NM,NM,6.0
2022-03-19,NM,NM,15.0
2022-03-26,NM,NM,36.0
2022-04-02,NM,NM,39.0
2022-04-09,NM,NM,43.0
2022-04-16,NM,NM,28.0
2022-04-23,NM,NM,41.0
2022-04-30,NM,NM,51.0
2022-05-07,NM,NM,70.0
2022-05-14,NM,NM,37.0
2022-05-21,NM,NM,61.0
2022-05-28,NM,NM,50.0
2022-06-04,NM,NM,53.0
2022-06-11,NM,NM,23.0
2022-06-18,NM,NM,15.0
2022-06-25,NM,NM,6.0
2022-07-02,NM,NM,12.0
2022-07-09,NM,NM,0.0
2022-07-16,NM,NM,5.0
2022-07-23,NM,NM,4.0
2022-07-30,NM,NM,1.0
2022-08-06,NM,NM,1.0
2022-08-13,NM,NM,10.0
2022-08-20,NM,NM,6.0
2022-08-27,NM,NM,6.0
2022-09-03,NM,NM,17.0
2022-09-10,NM,NM,11.0
2022-09-17,NM,NM,4.0
2022-09-24,NM,NM,6.0
2022-10-01,NM,NM,14.0
2022-10-08,NV,NV,35.0
2022-10-15,NV,NV,15.0
2022-10-22,NV,NV,15.0
2022-10-29,NV,NV,12.0
2022-11-05,NV,NV,35.0
2022-11-12,NV,NV,92.0
2022-11-19,NV,NV,162.0
2022-11-26,NV,NV,265.0
2022-12-03,NV,NV,478.0
2022-12-10,NV,NV,445.0
2022-12-17,NV,NV,318.0
2022-12-24,NV,NV,226.0
2022-12-31,NV,NV,179.0
2023-01-07,NV,NV,116.0
2023-01-14,NV,NV,37.0
2023-01-21,NV,NV,21.0
2023-01-28,NV,NV,11.0
2023-02-04,NV,NV,4.0
2023-02-11,NV,NV,11.0
2023-02-18,NV,NV,12.0
2023-02-25,NV,NV,3.0
2023-03-04,NV,NV,4.0
2023-03-11,NV,NV,3.0
2023-03-18,NV,NV,6.0
2023-03-25,NV,NV,8.0
2023-04-01,NV,NV,4.0
2023-04-08,NV,NV,4.0
2023-04-15,NV,NV,8.0
2023-04-22,NV,NV,0.0
2023-04-29,NV,NV,4.0
2023-05-06,NV,NV,7.0
2023-05-13,NV,NV,6.0
2023-05-20,NV,NV,3.0
2023-05-27,NV,NV,6.0
2023-06-03,NV,NV,6.0
2023-06-10,NV,NV,11.0
2023-06-17,NV,NV,8.0
2023-06-24,NV,NV,8.0
2023-07-01,NV,NV,7.0
2023-07-08,NV,NV,6.0
2023-07-15,NV,NV,10.0
2023-07-22,NV,NV,7.0
2023-07-29,NV,NV,4.0
2023-08-05,NV,NV,6.0
2023-08-12,NV,NV,6.0
2023-08-19,NV,NV,3.0
2023-08-26,NV,NV,4.0
2023-09-02,NV,NV,3.0
2023-09-09,NV,NV,4.0
2023-09-16,NV,NV,0.0
2023-09-23,NV,NV,4.0
2023-09-30,NV,NV,3.0
2022-10-08,Region 5,Region 5,100.0
2022-10-15,Region 5,Region 5,134.0
2022-10-22,Region 5,Region 5,178.0
2022-10-29,Region 5,Region 5,413.0
2022-11-05,Region 5,Region 5,662.0
2022-11-12,Region 5,Region 5,942.0
2022-11-19,Region 5,Region 5,1428.0
2022-11-26,Region 5,Region 5,2720.0
2022-12-03,Region 5,Region 5,4243.0
2022-12-10,Region 5,Region 5,4160.0
2022-12-17,Region 5,Region 5,4057.0
2022-12-24,Region 5,Region 5,3735.0
2022-12-31,Region 5,Region 5,3624.0
2023-01-07,Region 5,Region 5,2409.0
2023-01-14,Region 5,Region 5,1078.0
2023-01-21,Region 5,Region 5,598.0
2023-01-28,Region 5,Region 5,369.0
2023-02-04,Region 5,Region 5,252.0
2023-02-11,Region 5,Region 5,207.0
2023-02-18,Region 5,Region 5,188.0
2023-02-25,Region 5,Region 5,163.0
2023-03-04,Region 5,Region 5,157.0
2023-03-11,Region 5,Region 5,125.0
2023-03-18,Region 5,Region 5,126.0
2023-03-25,Region 5,Region 5,114.0
2023-04-01,Region 5,Region 5,140.0
2023-04-08,Region 5,Region 5,102.0
2023-04-15,Region 5,Region 5,116.0
2023-04-22,Region 5,Region 5,74.0
2023-04-29,Region 5,Region 5,75.0
2023-05-06,Region 5,Region 5,105.0
2023-05-13,Region 5,Region 5,100.0
2023-05-20,Region 5,Region 5,285.0
2023-05-27,Region 5,Region 5,90.0
2023-06-03,Region 5,Region 5,69.0
2023-06-10,Region 5,Region 5,75.0
2023-06-17,Region 5,Region 5,76.0
2023-06-24,Region 5,Region 5,49.0
2023-07-01,Region 5,Region 5,68.0
2023-07-08,Region 5,Region 5,60.0
2023-07-15,Region 5,Region 5,63.0
2023-07-22,Region 5,Region 5,61.0
2023-07-29,Region 5,Region 5,140.0
2023-08-05,Region 5,Region 5,35.0
2023-08-12,Region 5,Region 5,48.0
2023-08-19,Region 5,Region 5,40.0
2023-08-26,Region 5,Region 5,53.0
2023-09-02,Region 5,Region 5,42.0
2023-09-09,Region 5,Region 5,38.0
2023-09-16,Region 5,Region 5,49.0
2023-09-23,Region 5,Region 5,58.0
2023-09-30,Region 5,Region 5,69.0
2021-10-09,TX,TX,20.0
2021-10-16,TX,TX,13.0
2021-10-23,TX,TX,6.0
2021-10-30,TX,TX,15.0
2021-11-06,TX,TX,18.0
2021-11-13,TX,TX,20.0
2021-11-20,TX,TX,23.0
2021-11-27,TX,TX,18.0
2021-12-04,TX,TX,35.0
2021-12-11,TX,TX,34.0
2021-12-18,TX,TX,54.0
2021-12-25,TX,TX,55.0
2022-01-01,TX,TX,75.0
2022-01-08,TX,TX,73.0
2022-01-15,TX,TX,49.0
2022-01-22,TX,TX,61.0
2022-01-29,TX,TX,55.0
2022-02-05,TX,TX,86.0
2022-02-12,TX,TX,131.0
2022-02-19,TX,TX,226.0
2022-02-26,TX,TX,323.0
2022-03-05,TX,TX,305.0
2022-03-12,TX,TX,405.0
2022-03-19,TX,TX,589.0
2022-03-26,TX,TX,594.0
2022-04-02,TX,TX,519.0
2022-04-09,TX,TX,338.0
2022-04-16,TX,TX,319.0
2022-04-23,TX,TX,407.0
2022-04-30,TX,TX,168.0
2022-05-07,TX,TX,128.0
2022-05-14,TX,TX,142.0
2022-05-21,TX,TX,128.0
2022-05-28,TX,TX,115.0
2022-06-04,TX,TX,88.0
2022-06-11,TX,TX,76.0
2022-06-18,TX,TX,110.0
2022-06-25,TX,TX,92.0
2022-07-02,TX,TX,80.0
2022-07-09,TX,TX,56.0
2022-07-16,TX,TX,83.0
2022-07-23,TX,TX,81.0
2022-07-30,TX,TX,62.0
2022-08-06,TX,TX,60.0
2022-08-13,TX,TX,64.0
2022-08-20,TX,TX,89.0
2022-08-27,TX,TX,71.0
2022-09-03,TX,TX,95.0
2022-09-10,TX,TX,105.0
2022-09-17,TX,TX,123.0
2022-09-24,TX,TX,215.0
2022-10-01,TX,TX,127.0
2020-10-17,WA,WA,0.0
2020-10-24,WA,WA,0.0
2020-10-31,WA,WA,0.0
2020-11-07,WA,WA,0.0
2020-11-14,WA,WA,2.0
2020-11-21,WA,WA,2.0
2020-11-28,WA,WA,3.0
2020-12-05,WA,WA,3.0
2020-12-12,WA,WA,3.0
2020-12-19,WA,WA,1.0
2020-12-26,WA,WA,3.0
2021-01-02,WA,WA,0.0
2021-01-09,WA,WA,2.0
2021-01-16,WA,WA,0.0
2021-01-23,WA,WA,0.0
2021-01-30,WA,WA,0.0
2021-02-06,WA,WA,0.0
2021-02-13,WA,WA,1.0
2021-02-20,WA,WA,2.0
2021-02-27,WA,WA,3.0
2021-03-06,WA,WA,5.0
2021-03-13,WA,WA,1.0
2021-03-20,WA,WA,3.0
2021-03-27,WA,WA,1.0
2021-04-03,WA,WA,1.0
2021-04-10,WA,WA,1.0
2021-04-17,WA,WA,0.0
2021-04-24,WA,WA,2.0
2021-05-01,WA,WA,0.0
2021-05-08,WA,WA,2.0
2021-05-15,WA,WA,5.0
2021-05-22,WA,WA,3.0
2021-05-29,WA,WA,0.0
2021-06-05,WA,WA,0.0
2021-06-12,WA,WA,0.0
2021-06-19,WA,WA,0.0
2021-06-26,WA,WA,0.0
2021-07-03,WA,WA,0.0
2021-07-10,WA,WA,0.0
2021-07-17,WA,WA,0.0
2021-07-24,WA,WA,1.0
2021-07-31,WA,WA,0.0
2021-08-07,WA,WA,1.0
2021-08-14,WA,WA,0.0
2021-08-21,WA,WA,1.0
2021-08-28,WA,WA,0.0
2021-09-04,WA,WA,0.0
2021-09-11,WA,WA,0.0
2021-09-18,WA,WA,0.0
2021-09-25,WA,WA,1.0
2021-10-02,WA,WA,3.0
2024-10-12,WV,WV,0.0
2024-10-19,WV,WV,0.0
2024-10-26,WV,WV,0.0
2024-11-02,WV,WV,0.0
2024-11-09,WV,WV,6.0
2024-11-16,WV,WV,4.0
2024-11-23,WV,WV,4.0
2024-11-30,WV,WV,3.0
2024-12-07,WV,WV,13.0
2024-12-14,WV,WV,21.0
2024-12-21,WV,WV,37.0
2024-12-28,WV,WV,108.0
2025-01-04,WV,WV,199.0
2025-01-11,WV,WV,144.0
2025-01-18,WV,WV,133.0
2025-01-25,WV,WV,160.0
2025-02-01,WV,WV,267.0
2025-02-08,WV,WV,458.0
2025-02-15,WV,WV,617.0
2025-02-22,WV,WV,640.0
2025-03-01,WV,WV,511.0
2025-03-08,WV,WV,458.0
2025-03-15,WV,WV,347.0
2025-03-22,WV,WV,275.0
2025-03-29,WV,WV,168.0
2025-04-05,WV,WV,102.0
2025-04-12,WV,WV,47.0
2025-04-19,WV,WV,26.0
2025-04-26,WV,WV,18.0
2025-05-03,WV,WV,10.0
2025-05-10,WV,WV,6.0
2025-05-17,WV,WV,5.0
2025-05-24,WV,WV,1.0
2025-05-31,WV,WV,1.0
2025-06-07,WV,WV,7.0
2025-06-14,WV,WV,0.0
2025-06-21,WV,WV,2.0
2025-06-28,WV,WV,1.0
2025-07-05,WV,WV,1.0
2025-07-12,WV,WV,3.0
2025-07-19,WV,WV,0.0
2025-07-26,WV,WV,0.0
2025-08-02,WV,WV,1.0
2025-08-09,WV,WV,2.0
2025-08-16,WV,WV,0.0
2025-08-23,WV,WV,0.0
2025-08-30,WV,WV,0.0
2025-09-06,WV,WV,0.0
2025-09-13,WV,WV,1.0
2025-09-20,WV,WV,0.0
2025-09-27,WV,WV,2.0
2023-10-07,AK,AK,10.0
2023-10-14,AK,AK,14.0
2023-10-21,AK,AK,21.0
2023-10-28,AK,AK,30.0
2023-11-04,AK,AK,33.0
2023-11-11,AK,AK,39.0
2023-11-18,AK,AK,17.0
2023-11-25,AK,AK,14.0
2023-12-02,AK,AK,15.0
2023-12-09,AK,AK,14.0
2023-12-16,AK,AK,4.0
2023-12-23,AK,AK,5.0
2023-12-30,AK,AK,4.0
2024-01-06,AK,AK,5.0
2024-01-13,AK,AK,6.0
2024-01-20,AK,AK,9.0
2024-01-27,AK,AK,7.0
2024-02-03,AK,AK,8.0
2024-02-10,AK,AK,11.0
2024-02-17,AK,AK,2.0
2024-02-24,AK,AK,4.0
2024-03-02,AK,AK,11.0
2024-03-09,AK,AK,5.0
2024-03-16,AK,AK,9.0
2024-03-23,AK,AK,10.0
2024-03-30,AK,AK,8.0
2024-04-06,AK,AK,7.0
2024-04-13,AK,AK,4.0
2024-04-20,AK,AK,2.0
2024-04-27,AK,AK,5.0
2024-05-04,AK,AK,3.0
2024-05-11,AK,AK,6.0
2024-05-18,AK,AK,1.0
2024-05-25,AK,AK,2.0
2024-06-01,AK,AK,3.0
2024-06-08,AK,AK,3.0
2024-06-15,AK,AK,3.0
2024-06-22,AK,AK,6.0
2024-06-29,AK,AK,3.0
2024-07-06,AK,AK,1.0
2024-07-13,AK,AK,1.0
2024-07-20,AK,AK,3.0
2024-07-27,AK,AK,1.0
2024-08-03,AK,AK,0.0
2024-08-10,AK,AK,0.0
2024-08-17,AK,AK,4.0
2024-08-24,AK,AK,0.0
2024-08-31,AK,AK,0.0
2024-09-07,AK,AK,1.0
2024-09-14,AK,AK,2.0
2024-09-21,AK,AK,3.0
2024-09-28,AK,AK,0.0
2024-10-05,AL,AL,0.0
2024-10-12,AL,AL,2.0
2024-10-19,AL,AL,6.0
2024-10-26,AL,AL,9.0
2024-11-02,AL,AL,13.0
2024-11-09,AL,AL,32.0
2024-11-16,AL,AL,44.0
2024-11-23,AL,AL,50.0
2024-11-30,AL,AL,65.0
2024-12-07,AL,AL,102.0
2024-12-14,AL,AL,193.0
2024-12-21,AL,AL,432.0
2024-12-28,AL,AL,661.0
2025-01-04,AL,AL,684.0
2025-01-11,AL,AL,473.0
2025-01-18,AL,AL,488.0
2025-01-25,AL,AL,626.0
2025-02-01,AL,AL,734.0
2025-02-08,AL,AL,660.0
2025-02-15,AL,AL,415.0
2025-02-22,AL,AL,286.0
2025-03-01,AL,AL,329.0
2025-03-08,AL,AL,314.0
2025-03-15,AL,AL,272.0
2025-03-22,AL,AL,192.0
2025-03-29,AL,AL,169.0
2025-04-05,AL,AL,85.0
2025-04-12,AL,AL,54.0
2025-04-19,AL,AL,49.0
2025-04-26,AL,AL,35.0
2025-05-03,AL,AL,27.0
2025-05-10,AL,AL,33.0
2025-05-17,AL,AL,37.0
2025-05-24,AL,AL,28.0
2025-05-31,AL,AL,11.0
2025-06-07,AL,AL,14.0
2025-06-14,AL,AL,18.0
2025-06-21,AL,AL,22.0
2025-06-28,AL,AL,27.0
2025-07-05,AL,AL,15.0
2025-07-12,AL,AL,11.0
2025-07-19,AL,AL,13.0
2025-07-26,AL,AL,16.0
2025-08-02,AL,AL,19.0
2025-08-09,AL,AL,17.0
2025-08-16,AL,AL,27.0
2025-08-23,AL,AL,24.0
2025-08-30,AL,AL,29.0
2025-09-06,AL,AL,23.0
2025-09-13,AL,AL,31.0
2025-09-20,AL,AL,15.0
2025-09-27,AL,AL,18.0
2023-10-07,AZ,AZ,16.0
2023-10-14,AZ,AZ,21.0
2023-10-21,AZ,AZ,52.0
2023-10-28,AZ,AZ,49.0
2023-11-04,AZ,AZ,51.0
2023-11-11,AZ,AZ,132.0
2023-11-18,AZ,AZ,187.0
2023-11-25,AZ,AZ,209.0
2023-12-02,AZ,AZ,276.0
2023-12-09,AZ,AZ,388.0
2023-12-16,AZ,AZ,602.0
2023-12-23,AZ,AZ,946.0
2023-12-30,AZ,AZ,1106.0
2024-01-06,AZ,AZ,907.0
2024-01-13,AZ,AZ,716.0
2024-01-20,AZ,AZ,682.0
2024-01-27,AZ,AZ,616.0
2024-02-03,AZ,AZ,343.0
2024-02-10,AZ,AZ,183.0
2024-02-17,AZ,AZ,204.0
2024-02-24,AZ,AZ,204.0
2024-03-02,AZ,AZ,182.0
2024-03-09,AZ,AZ,125.0
2024-03-16,AZ,AZ,134.0
2024-03-23,AZ,AZ,106.0
2024-03-30,AZ,AZ,97.0
2024-04-06,AZ,AZ,81.0
2024-04-13,AZ,AZ,85.0
2024-04-20,AZ,AZ,79.0
2024-04-27,AZ,AZ,105.0
2024-05-04,AZ,AZ,75.0
2024-05-11,AZ,AZ,73.0
2024-05-18,AZ,AZ,66.0
2024-05-25,AZ,AZ,66.0
2024-06-01,AZ,AZ,68.0
2024-06-08,AZ,AZ,53.0
2024-06-15,AZ,AZ,69.0
2024-06-22,AZ,AZ,44.0
2024-06-29,AZ,AZ,23.0
2024-07-06,AZ,AZ,29.0
2024-07-13,AZ,AZ,29.0
2024-07-20,AZ,AZ,16.0
2024-07-27,AZ,AZ,12.0
2024-08-03,AZ,AZ,10.0
2024-08-10,AZ,AZ,25.0
2024-08-17,AZ,AZ,17.0
2024-08-24,AZ,AZ,25.0
2024-08-31,AZ,AZ,26.0
2024-09-07,AZ,AZ,14.0
2024-09-14,AZ,AZ,24.0
2024-09-21,AZ,AZ,18.0
2024-09-28,AZ,AZ,14.0
2025-10-04,AZ,AZ,19.0
2025-10-11,AZ,AZ,9.0
2025-10-18,AZ,AZ,12.0
2025-10-25,AZ,AZ,15.0
2025-11-01,AZ,AZ,11.0
2025-11-08,AZ,AZ,17.0
2025-11-15,AZ,AZ,18.0
2025-11-22,AZ,AZ,47.0
2025-11-29,AZ,AZ,47.0
2025-12-06,AZ,AZ,41.0
2025-12-13,AZ,AZ,80.0
2025-12-20,AZ,AZ,132.0
2025-12-27,AZ,AZ,316.0
2026-01-03,AZ,AZ,362.0
2026-01-10,AZ,AZ,223.0
2026-01-17,AZ,AZ,145.0
2026-01-24,AZ,AZ,198.0
2026-01-31,AZ,AZ,263.0
2026-02-07,AZ,AZ,346.0
2026-02-14,AZ,AZ,415.0
2026-02-21,AZ,AZ,354.0
2026-02-28,AZ,AZ,284.0
2026-03-07,AZ,AZ,237.0
2026-03-14,AZ,AZ,196.0
2026-03-21,AZ,AZ,136.0
2026-03-28,AZ,AZ,125.0
2026-04-04,AZ,AZ,74.0
2026-04-11,AZ,AZ,67.0
2026-04-18,AZ,AZ,61.0
2026-04-25,AZ,AZ,69.0
2026-05-02,AZ,AZ,71.0
2026-05-09,AZ,AZ,51.0
2026-05-16,AZ,AZ,62.0
2026-05-23,AZ,AZ,54.0
2023-10-07,KY,KY,12.0
2023-10-14,KY,KY,23.0
2023-10-21,KY,KY,20.0
2023-10-28,KY,KY,23.0
2023-11-04,KY,KY,21.0
2023-11-11,KY,KY,33.0
2023-11-18,KY,KY,18.0
2023-11-25,KY,KY,37.0
2023-12-02,KY,KY,59.0
2023-12-09,KY,KY,48.0
2023-12-16,KY,KY,86.0
2023-12-23,KY,KY,137.0
2023-12-30,KY,KY,261.0
2024-01-06,KY,KY,296.0
2024-01-13,KY,KY,240.0
2024-01-20,KY,KY,197.0
2024-01-27,KY,KY,251.0
2024-02-03,KY,KY,225.0
2024-02-10,KY,KY,284.0
2024-02-17,KY,KY,282.0
2024-02-24,KY,KY,279.0
2024-03-02,KY,KY,280.0
2024-03-09,KY,KY,190.0
2024-03-16,KY,KY,142.0
2024-03-23,KY,KY,129.0
2024-03-30,KY,KY,120.0
2024-04-06,KY,KY,102.0
2024-04-13,KY,KY,67.0
2024-04-20,KY,KY,46.0
2024-04-27,KY,KY,25.0
2024-05-04,KY,KY,10.0
2024-05-11,KY,KY,3.0
2024-05-18,KY,KY,5.0
2024-05-25,KY,KY,3.0
2024-06-01,KY,KY,5.0
2024-06-08,KY,KY,7.0
2024-06-15,KY,KY,3.0
2024-06-22,KY,KY,1.0
2024-06-29,KY,KY,1.0
2024-07-06,KY,KY,2.0
2024-07-13,KY,KY,0.0
2024-07-20,KY,KY,0.0
2024-07-27,KY,KY,0.0
2024-08-03,KY,KY,0.0
2024-08-10,KY,KY,0.0
2024-08-17,KY,KY,3.0
2024-08-24,KY,KY,3.0
2024-08-31,KY,KY,0.0
2024-09-07,KY,KY,0.0
2024-09-14,KY,KY,0.0
2024-09-21,KY,KY,2.0
2024-09-28,KY,KY,1.0
2022-10-08,MA,MA,6.0
2022-10-15,MA,MA,8.0
2022-10-22,MA,MA,9.0
2022-10-29,MA,MA,15.0
2022-11-05,MA,MA,32.0
2022-11-12,MA,MA,41.0
2022-11-19,MA,MA,77.0
2022-11-26,MA,MA,189.0
2022-12-03,MA,MA,483.0
2022-12-10,MA,MA,578.0
2022-12-17,MA,MA,686.0
2022-12-24,MA,MA,805.0
2022-12-31,MA,MA,799.0
2023-01-07,MA,MA,524.0
2023-01-14,MA,MA,258.0
2023-01-21,MA,MA,140.0
2023-01-28,MA,MA,78.0
2023-02-04,MA,MA,61.0
2023-02-11,MA,MA,65.0
2023-02-18,MA,MA,40.0
2023-02-25,MA,MA,23.0
2023-03-04,MA,MA,15.0
2023-03-11,MA,MA,19.0
2023-03-18,MA,MA,22.0
2023-03-25,MA,MA,20.0
2023-04-01,MA,MA,13.0
2023-04-08,MA,MA,11.0
2023-04-15,MA,MA,11.0
2023-04-22,MA,MA,9.0
2023-04-29,MA,MA,12.0
2023-05-06,MA,MA,11.0
2023-05-13,MA,MA,18.0
2023-05-20,MA,MA,13.0
2023-05-27,MA,MA,11.0
2023-06-03,MA,MA,9.0
2023-06-10,MA,MA,13.0
2023-06-17,MA,MA,12.0
2023-06-24,MA,MA,4.0
2023-07-01,MA,MA,8.0
2023-07-08,MA,MA,3.0
2023-07-15,MA,MA,7.0
2023-07-22,MA,MA,10.0
2023-07-29,MA,MA,4.0
2023-08-05,MA,MA,6.0
2023-08-12,MA,MA,11.0
2023-08-19,MA,MA,7.0
2023-08-26,MA,MA,12.0
2023-09-02,MA,MA,23.0
2023-09-09,MA,MA,8.0
2023-09-16,MA,MA,5.0
2023-09-23,MA,MA,11.0
2023-09-30,MA,MA,10.0
2020-10-24,ND,ND,2.0
2020-10-31,ND,ND,0.0
2020-11-07,ND,ND,1.0
2020-11-14,ND,ND,7.0
2020-11-21,ND,ND,0.0
2020-11-28,ND,ND,1.0
2020-12-05,ND,ND,4.0
2020-12-12,ND,ND,2.0
2020-12-19,ND,ND,0.0
2020-12-26,ND,ND,2.0
2021-01-02,ND,ND,0.0
2021-01-09,ND,ND,1.0
2021-01-16,ND,ND,2.0
2021-01-23,ND,ND,0.0
2021-01-30,ND,ND,1.0
2021-02-06,ND,ND,0.0
2021-02-13,ND,ND,0.0
2021-02-20,ND,ND,0.0
2021-02-27,ND,ND,0.0
2021-03-06,ND,ND,0.0
2021-03-13,ND,ND,0.0
2021-03-20,ND,ND,0.0
2021-03-27,ND,ND,0.0
2021-04-03,ND,ND,0.0
2021-04-10,ND,ND,1.0
2021-04-17,ND,ND,0.0
2021-04-24,ND,ND,0.0
2021-05-01,ND,ND,0.0
2021-05-08,ND,ND,0.0
2021-05-15,ND,ND,1.0
2021-05-22,ND,ND,0.0
2021-05-29,ND,ND,10.0
2021-06-05,ND,ND,0.0
2021-06-12,ND,ND,0.0
2021-06-19,ND,ND,1.0
2021-06-26,ND,ND,2.0
2021-07-03,ND,ND,1.0
2021-07-10,ND,ND,4.0
2021-07-17,ND,ND,2.0
2021-07-24,ND,ND,1.0
2021-07-31,ND,ND,2.0
2021-08-07,ND,ND,4.0
2021-08-14,ND,ND,3.0
2021-08-21,ND,ND,1.0
2021-08-28,ND,ND,3.0
2021-09-04,ND,ND,2.0
2021-09-11,ND,ND,7.0
2021-09-18,ND,ND,2.0
2021-09-25,ND,ND,1.0
2021-10-02,ND,ND,0.0
2020-09-26,NE,NE,0.0
2021-10-09,NV,NV,66.0
2021-10-16,NV,NV,7.0
2021-10-23,NV,NV,2.0
2021-10-30,NV,NV,1.0
2021-11-06,NV,NV,4.0
2021-11-13,NV,NV,5.0
2021-11-20,NV,NV,20.0
2021-11-27,NV,NV,10.0
2021-12-04,NV,NV,7.0
2021-12-11,NV,NV,8.0
2021-12-18,NV,NV,7.0
2021-12-25,NV,NV,11.0
2022-01-01,NV,NV,7.0
2022-01-08,NV,NV,18.0
2022-01-15,NV,NV,44.0
2022-01-22,NV,NV,5.0
2022-01-29,NV,NV,11.0
2022-02-05,NV,NV,4.0
2022-02-12,NV,NV,8.0
2022-02-19,NV,NV,9.0
2022-02-26,NV,NV,9.0
2022-03-05,NV,NV,24.0
2022-03-12,NV,NV,33.0
2022-03-19,NV,NV,41.0
2022-03-26,NV,NV,53.0
2022-04-02,NV,NV,68.0
2022-04-09,NV,NV,110.0
2022-04-16,NV,NV,88.0
2022-04-23,NV,NV,84.0
2022-04-30,NV,NV,59.0
2022-05-07,NV,NV,59.0
2022-05-14,NV,NV,79.0
2022-05-21,NV,NV,99.0
2022-05-28,NV,NV,93.0
2022-06-04,NV,NV,71.0
2022-06-11,NV,NV,89.0
2022-06-18,NV,NV,62.0
2022-06-25,NV,NV,36.0
2022-07-02,NV,NV,24.0
2022-07-09,NV,NV,20.0
2022-07-16,NV,NV,18.0
2022-07-23,NV,NV,4.0
2022-07-30,NV,NV,5.0
2022-08-06,NV,NV,1.0
2022-08-13,NV,NV,0.0
2022-08-20,NV,NV,1.0
2022-08-27,NV,NV,5.0
2022-09-03,NV,NV,7.0
2022-09-10,NV,NV,1.0
2022-09-17,NV,NV,8.0
2022-09-24,NV,NV,11.0
2022-10-01,NV,NV,15.0
2020-08-08,Region 10,Region 10,0.0
2020-08-15,Region 10,Region 10,0.0
2020-08-22,Region 10,Region 10,0.0
2020-08-29,Region 10,Region 10,0.0
2020-09-05,Region 10,Region 10,0.0
2024-10-05,Region 3,Region 3,68.0
2024-10-12,Region 3,Region 3,45.0
2024-10-19,Region 3,Region 3,23.0
2024-10-26,Region 3,Region 3,73.0
2024-11-02,Region 3,Region 3,125.0
2024-11-09,Region 3,Region 3,186.0
2024-11-16,Region 3,Region 3,157.0
2024-11-23,Region 3,Region 3,204.0
2024-11-30,Region 3,Region 3,196.0
2024-12-07,Region 3,Region 3,344.0
2024-12-14,Region 3,Region 3,602.0
2024-12-21,Region 3,Region 3,1049.0
2024-12-28,Region 3,Region 3,2019.0
2025-01-04,Region 3,Region 3,3637.0
2025-01-11,Region 3,Region 3,3191.0
2025-01-18,Region 3,Region 3,3724.0
2025-01-25,Region 3,Region 3,4959.0
2025-02-01,Region 3,Region 3,6407.0
2025-02-08,Region 3,Region 3,7706.0
2025-02-15,Region 3,Region 3,7770.0
2025-02-22,Region 3,Region 3,6326.0
2025-03-01,Region 3,Region 3,5166.0
2025-03-08,Region 3,Region 3,4005.0
2025-03-15,Region 3,Region 3,2943.0
2025-03-22,Region 3,Region 3,2285.0
2025-03-29,Region 3,Region 3,1577.0
2025-04-05,Region 3,Region 3,1107.0
2025-04-12,Region 3,Region 3,735.0
2025-04-19,Region 3,Region 3,578.0
2025-04-26,Region 3,Region 3,604.0
2025-05-03,Region 3,Region 3,361.0
2025-05-10,Region 3,Region 3,335.0
2025-05-17,Region 3,Region 3,206.0
2025-05-24,Region 3,Region 3,235.0
2025-05-31,Region 3,Region 3,258.0
2025-06-07,Region 3,Region 3,227.0
2025-06-14,Region 3,Region 3,195.0
2025-06-21,Region 3,Region 3,176.0
2025-06-28,Region 3,Region 3,166.0
2025-07-05,Region 3,Region 3,129.0
2025-07-12,Region 3,Region 3,146.0
2025-07-19,Region 3,Region 3,118.0
2025-07-26,Region 3,Region 3,149.0
2025-08-02,Region 3,Region 3,109.0
2025-08-09,Region 3,Region 3,109.0
2025-08-16,Region 3,Region 3,121.0
2025-08-23,Region 3,Region 3,115.0
2025-08-30,Region 3,Region 3,111.0
2025-09-06,Region 3,Region 3,105.0
2025-09-13,Region 3,Region 3,139.0
2025-09-20,Region 3,Region 3,141.0
2025-09-27,Region 3,Region 3,141.0
2024-10-05,Region 7,Region 7,1.0
2024-10-12,Region 7,Region 7,1.0
2024-10-19,Region 7,Region 7,4.0
2024-10-26,Region 7,Region 7,16.0
2024-11-02,Region 7,Region 7,30.0
2024-11-09,Region 7,Region 7,45.0
2024-11-16,Region 7,Region 7,51.0
2024-11-23,Region 7,Region 7,69.0
2024-11-30,Region 7,Region 7,76.0
2024-12-07,Region 7,Region 7,116.0
2024-12-14,Region 7,Region 7,220.0
2024-12-21,Region 7,Region 7,490.0
2024-12-28,Region 7,Region 7,1085.0
2025-01-04,Region 7,Region 7,1581.0
2025-01-11,Region 7,Region 7,1320.0
2025-01-18,Region 7,Region 7,1133.0
2025-01-25,Region 7,Region 7,1357.0
2025-02-01,Region 7,Region 7,2194.0
2025-02-08,Region 7,Region 7,2744.0
2025-02-15,Region 7,Region 7,2771.0
2025-02-22,Region 7,Region 7,2494.0
2025-03-01,Region 7,Region 7,1721.0
2025-03-08,Region 7,Region 7,1368.0
2025-03-15,Region 7,Region 7,871.0
2025-03-22,Region 7,Region 7,647.0
2025-03-29,Region 7,Region 7,351.0
2025-04-05,Region 7,Region 7,227.0
2025-04-12,Region 7,Region 7,168.0
2025-04-19,Region 7,Region 7,154.0
2025-04-26,Region 7,Region 7,101.0
2025-05-03,Region 7,Region 7,72.0
2025-05-10,Region 7,Region 7,67.0
2025-05-17,Region 7,Region 7,67.0
2025-05-24,Region 7,Region 7,60.0
2025-05-31,Region 7,Region 7,59.0
2025-06-07,Region 7,Region 7,45.0
2025-06-14,Region 7,Region 7,44.0
2025-06-21,Region 7,Region 7,47.0
2025-06-28,Region 7,Region 7,41.0
2025-07-05,Region 7,Region 7,17.0
2025-07-12,Region 7,Region 7,15.0
2025-07-19,Region 7,Region 7,20.0
2025-07-26,Region 7,Region 7,18.0
2025-08-02,Region 7,Region 7,14.0
2025-08-09,Region 7,Region 7,10.0
2025-08-16,Region 7,Region 7,11.0
2025-08-23,Region 7,Region 7,18.0
2025-08-30,Region 7,Region 7,13.0
2025-09-06,Region 7,Region 7,15.0
2025-09-13,Region 7,Region 7,20.0
2025-09-20,Region 7,Region 7,28.0
2025-09-27,Region 7,Region 7,34.0
2024-10-05,Region 9,Region 9,72.0
2024-10-12,Region 9,Region 9,35.0
2024-10-19,Region 9,Region 9,97.0
2024-10-26,Region 9,Region 9,343.0
2024-11-02,Region 9,Region 9,274.0
2024-11-09,Region 9,Region 9,484.0
2024-11-16,Region 9,Region 9,740.0
2024-11-23,Region 9,Region 9,1074.0
2024-11-30,Region 9,Region 9,1345.0
2024-12-07,Region 9,Region 9,2112.0
2024-12-14,Region 9,Region 9,2698.0
2024-12-21,Region 9,Region 9,4348.0
2024-12-28,Region 9,Region 9,6526.0
2025-01-04,Region 9,Region 9,7386.0
2025-01-11,Region 9,Region 9,5128.0
2025-01-18,Region 9,Region 9,5027.0
2025-01-25,Region 9,Region 9,5381.0
2025-02-01,Region 9,Region 9,5690.0
2025-02-08,Region 9,Region 9,4817.0
2025-02-15,Region 9,Region 9,3742.0
2025-02-22,Region 9,Region 9,2910.0
2025-03-01,Region 9,Region 9,2289.0
2025-03-08,Region 9,Region 9,1713.0
2025-03-15,Region 9,Region 9,1539.0
2025-03-22,Region 9,Region 9,1184.0
2025-03-29,Region 9,Region 9,941.0
2025-04-05,Region 9,Region 9,645.0
2025-04-12,Region 9,Region 9,589.0
2025-04-19,Region 9,Region 9,510.0
2025-04-26,Region 9,Region 9,386.0
2025-05-03,Region 9,Region 9,376.0
2025-05-10,Region 9,Region 9,288.0
2025-05-17,Region 9,Region 9,285.0
2025-05-24,Region 9,Region 9,268.0
2025-05-31,Region 9,Region 9,284.0
2025-06-07,Region 9,Region 9,206.0
2025-06-14,Region 9,Region 9,227.0
2025-06-21,Region 9,Region 9,159.0
2025-06-28,Region 9,Region 9,128.0
2025-07-05,Region 9,Region 9,127.0
2025-07-12,Region 9,Region 9,128.0
2025-07-19,Region 9,Region 9,96.0
2025-07-26,Region 9,Region 9,85.0
2025-08-02,Region 9,Region 9,97.0
2025-08-09,Region 9,Region 9,89.0
2025-08-16,Region 9,Region 9,103.0
2025-08-23,Region 9,Region 9,82.0
2025-08-30,Region 9,Region 9,124.0
2025-09-06,Region 9,Region 9,116.0
2025-09-13,Region 9,Region 9,121.0
2025-09-20,Region 9,Region 9,114.0
2025-09-27,Region 9,Region 9,131.0
2021-10-09,VT,VT,0.0
2021-10-16,VT,VT,0.0
2021-10-23,VT,VT,0.0
2021-10-30,VT,VT,0.0
2021-11-06,VT,VT,0.0
2021-11-13,VT,VT,0.0
2021-11-20,VT,VT,0.0
2021-11-27,VT,VT,0.0
2021-12-04,VT,VT,1.0
2021-12-11,VT,VT,0.0
2021-12-18,VT,VT,0.0
2021-12-25,VT,VT,0.0
2022-01-01,VT,VT,1.0
2022-01-08,VT,VT,0.0
2022-01-15,VT,VT,1.0
2022-01-22,VT,VT,0.0
2022-01-29,VT,VT,0.0
2022-02-05,VT,VT,0.0
2022-02-12,VT,VT,0.0
2022-02-19,VT,VT,0.0
2022-02-26,VT,VT,1.0
2022-03-05,VT,VT,0.0
2022-03-12,VT,VT,0.0
2022-03-19,VT,VT,0.0
2022-03-26,VT,VT,8.0
2022-04-02,VT,VT,9.0
2022-04-09,VT,VT,14.0
2022-04-16,VT,VT,12.0
2022-04-23,VT,VT,12.0
2022-04-30,VT,VT,6.0
2022-05-07,VT,VT,7.0
2022-05-14,VT,VT,3.0
2022-05-21,VT,VT,0.0
2022-05-28,VT,VT,2.0
2022-06-04,VT,VT,0.0
2022-06-11,VT,VT,5.0
2022-06-18,VT,VT,2.0
2022-06-25,VT,VT,0.0
2022-07-02,VT,VT,3.0
2022-07-09,VT,VT,1.0
2022-07-16,VT,VT,1.0
2022-07-23,VT,VT,0.0
2022-07-30,VT,VT,0.0
2022-08-06,VT,VT,0.0
2022-08-13,VT,VT,0.0
2022-08-20,VT,VT,0.0
2022-08-27,VT,VT,0.0
2022-09-03,VT,VT,1.0
2022-09-10,VT,VT,0.0
2022-09-17,VT,VT,0.0
2022-09-24,VT,VT,0.0
2022-10-01,VT,VT,0.0
2022-10-08,WI,WI,1.0
2022-10-15,WI,WI,2.0
2022-10-22,WI,WI,11.0
2022-10-29,WI,WI,15.0
2022-11-05,WI,WI,33.0
2022-11-12,WI,WI,45.0
2022-11-19,WI,WI,88.0
2022-11-26,WI,WI,235.0
2022-12-03,WI,WI,459.0
2022-12-10,WI,WI,479.0
2022-12-17,WI,WI,483.0
2022-12-24,WI,WI,458.0
2022-12-31,WI,WI,484.0
2023-01-07,WI,WI,332.0
2023-01-14,WI,WI,171.0
2023-01-21,WI,WI,108.0
2023-01-28,WI,WI,51.0
2023-02-04,WI,WI,22.0
2023-02-11,WI,WI,23.0
2023-02-18,WI,WI,11.0
2023-02-25,WI,WI,6.0
2023-03-04,WI,WI,7.0
2023-03-11,WI,WI,10.0
2023-03-18,WI,WI,6.0
2023-03-25,WI,WI,9.0
2023-04-01,WI,WI,4.0
2023-04-08,WI,WI,10.0
2023-04-15,WI,WI,9.0
2023-04-22,WI,WI,5.0
2023-04-29,WI,WI,0.0
2023-05-06,WI,WI,7.0
2023-05-13,WI,WI,5.0
2023-05-20,WI,WI,2.0
2023-05-27,WI,WI,2.0
2023-06-03,WI,WI,7.0
2023-06-10,WI,WI,11.0
2023-06-17,WI,WI,4.0
2023-06-24,WI,WI,1.0
2023-07-01,WI,WI,5.0
2023-07-08,WI,WI,4.0
2023-07-15,WI,WI,8.0
2023-07-22,WI,WI,9.0
2023-07-29,WI,WI,2.0
2023-08-05,WI,WI,1.0
2023-08-12,WI,WI,5.0
2023-08-19,WI,WI,2.0
2023-08-26,WI,WI,1.0
2023-09-02,WI,WI,2.0
2023-09-09,WI,WI,1.0
2023-09-16,WI,WI,3.0
2023-09-23,WI,WI,0.0
2023-09-30,WI,WI,9.0
2024-10-05,WI,WI,1.0
2024-10-12,WI,WI,0.0
2024-10-19,WI,WI,7.0
2024-10-26,WI,WI,7.0
2024-11-02,WI,WI,5.0
2024-11-09,WI,WI,12.0
2024-11-16,WI,WI,6.0
2024-11-23,WI,WI,18.0
2024-11-30,WI,WI,12.0
2024-12-07,WI,WI,27.0
2024-12-14,WI,WI,66.0
2024-12-21,WI,WI,120.0
2024-12-28,WI,WI,253.0
2025-01-04,WI,WI,389.0
2025-01-11,WI,WI,388.0
2025-01-18,WI,WI,593.0
2025-01-25,WI,WI,857.0
2025-02-01,WI,WI,1068.0
2025-02-08,WI,WI,1153.0
2025-02-15,WI,WI,1107.0
2025-02-22,WI,WI,892.0
2025-03-01,WI,WI,783.0
2025-03-08,WI,WI,501.0
2025-03-15,WI,WI,326.0
2025-03-22,WI,WI,186.0
2025-03-29,WI,WI,136.0
2025-04-05,WI,WI,77.0
2025-04-12,WI,WI,66.0
2025-04-19,WI,WI,40.0
2025-04-26,WI,WI,33.0
2025-05-03,WI,WI,30.0
2025-05-10,WI,WI,27.0
2025-05-17,WI,WI,15.0
2025-05-24,WI,WI,10.0
2025-05-31,WI,WI,4.0
2025-06-07,WI,WI,2.0
2025-06-14,WI,WI,4.0
2025-06-21,WI,WI,6.0
2025-06-28,WI,WI,3.0
2025-07-05,WI,WI,2.0
2025-07-12,WI,WI,1.0
2025-07-19,WI,WI,7.0
2025-07-26,WI,WI,3.0
2025-08-02,WI,WI,5.0
2025-08-09,WI,WI,3.0
2025-08-16,WI,WI,1.0
2025-08-23,WI,WI,4.0
2025-08-30,WI,WI,4.0
2025-09-06,WI,WI,10.0
2025-09-13,WI,WI,8.0
2025-09-20,WI,WI,4.0
2025-09-27,WI,WI,7.0
2020-10-17,WY,WY,0.0
2020-10-24,WY,WY,0.0
2020-10-31,WY,WY,1.0
2020-11-07,WY,WY,0.0
2020-11-14,WY,WY,0.0
2020-11-21,WY,WY,0.0
2020-11-28,WY,WY,0.0
2020-12-05,WY,WY,0.0
2020-12-12,WY,WY,0.0
2020-12-19,WY,WY,0.0
2020-12-26,WY,WY,0.0
2021-01-02,WY,WY,0.0
2021-01-09,WY,WY,0.0
2021-01-16,WY,WY,12.0
2021-01-23,WY,WY,0.0
2021-01-30,WY,WY,0.0
2021-02-06,WY,WY,0.0
2021-02-13,WY,WY,0.0
2021-02-20,WY,WY,0.0
2021-02-27,WY,WY,0.0
2021-03-06,WY,WY,0.0
2021-03-13,WY,WY,1.0
2021-03-20,WY,WY,1.0
2021-03-27,WY,WY,3.0
2021-04-03,WY,WY,0.0
2021-04-10,WY,WY,0.0
2021-04-17,WY,WY,0.0
2021-04-24,WY,WY,0.0
2021-05-01,WY,WY,0.0
2021-05-08,WY,WY,1.0
2021-05-15,WY,WY,0.0
2021-05-22,WY,WY,2.0
2021-05-29,WY,WY,0.0
2021-06-05,WY,WY,0.0
2021-06-12,WY,WY,8.0
2021-06-19,WY,WY,4.0
2021-06-26,WY,WY,0.0
2021-07-03,WY,WY,0.0
2021-07-10,WY,WY,0.0
2021-07-17,WY,WY,0.0
2021-07-24,WY,WY,0.0
2021-07-31,WY,WY,0.0
2021-08-07,WY,WY,0.0
2021-08-14,WY,WY,0.0
2021-08-21,WY,WY,0.0
2021-08-28,WY,WY,0.0
2021-09-04,WY,WY,0.0
2021-09-11,WY,WY,0.0
2021-09-18,WY,WY,0.0
2021-09-25,WY,WY,0.0
2021-10-02,WY,WY,0.0
2022-10-08,CA,CA,92.0
2022-10-15,CA,CA,87.0
2022-10-22,CA,CA,121.0
2022-10-29,CA,CA,199.0
2022-11-05,CA,CA,416.0
2022-11-12,CA,CA,858.0
2022-11-19,CA,CA,1499.0
2022-11-26,CA,CA,2631.0
2022-12-03,CA,CA,3159.0
2022-12-10,CA,CA,2435.0
2022-12-17,CA,CA,1614.0
2022-12-24,CA,CA,1596.0
2022-12-31,CA,CA,1423.0
2023-01-07,CA,CA,913.0
2023-01-14,CA,CA,411.0
2023-01-21,CA,CA,208.0
2023-01-28,CA,CA,126.0
2023-02-04,CA,CA,115.0
2023-02-11,CA,CA,93.0
2023-02-18,CA,CA,73.0
2023-02-25,CA,CA,79.0
2023-03-04,CA,CA,62.0
2023-03-11,CA,CA,47.0
2023-03-18,CA,CA,60.0
2023-03-25,CA,CA,36.0
2023-04-01,CA,CA,29.0
2023-04-08,CA,CA,45.0
2023-04-15,CA,CA,33.0
2023-04-22,CA,CA,37.0
2023-04-29,CA,CA,26.0
2023-05-06,CA,CA,22.0
2023-05-13,CA,CA,33.0
2023-05-20,CA,CA,24.0
2023-05-27,CA,CA,23.0
2023-06-03,CA,CA,48.0
2023-06-10,CA,CA,43.0
2023-06-17,CA,CA,36.0
2023-06-24,CA,CA,27.0
2023-07-01,CA,CA,49.0
2023-07-08,CA,CA,26.0
2023-07-15,CA,CA,54.0
2023-07-22,CA,CA,39.0
2023-07-29,CA,CA,37.0
2023-08-05,CA,CA,43.0
2023-08-12,CA,CA,35.0
2023-08-19,CA,CA,31.0
2023-08-26,CA,CA,29.0
2023-09-02,CA,CA,38.0
2023-09-09,CA,CA,42.0
2023-09-16,CA,CA,41.0
2023-09-23,CA,CA,46.0
2023-09-30,CA,CA,46.0
2023-10-07,IN,IN,8.0
2023-10-14,IN,IN,23.0
2023-10-21,IN,IN,25.0
2023-10-28,IN,IN,33.0
2023-11-04,IN,IN,43.0
2023-11-11,IN,IN,58.0
2023-11-18,IN,IN,95.0
2023-11-25,IN,IN,100.0
2023-12-02,IN,IN,149.0
2023-12-09,IN,IN,181.0
2023-12-16,IN,IN,260.0
2023-12-23,IN,IN,374.0
2023-12-30,IN,IN,556.0
2024-01-06,IN,IN,521.0
2024-01-13,IN,IN,443.0
2024-01-20,IN,IN,402.0
2024-01-27,IN,IN,428.0
2024-02-03,IN,IN,453.0
2024-02-10,IN,IN,487.0
2024-02-17,IN,IN,439.0
2024-02-24,IN,IN,419.0
2024-03-02,IN,IN,390.0
2024-03-09,IN,IN,414.0
2024-03-16,IN,IN,275.0
2024-03-23,IN,IN,174.0
2024-03-30,IN,IN,175.0
2024-04-06,IN,IN,166.0
2024-04-13,IN,IN,112.0
2024-04-20,IN,IN,61.0
2024-04-27,IN,IN,46.0
2024-05-04,IN,IN,36.0
2024-05-11,IN,IN,12.0
2024-05-18,IN,IN,11.0
2024-05-25,IN,IN,4.0
2024-06-01,IN,IN,5.0
2024-06-08,IN,IN,5.0
2024-06-15,IN,IN,2.0
2024-06-22,IN,IN,5.0
2024-06-29,IN,IN,3.0
2024-07-06,IN,IN,3.0
2024-07-13,IN,IN,3.0
2024-07-20,IN,IN,0.0
2024-07-27,IN,IN,1.0
2024-08-03,IN,IN,1.0
2024-08-10,IN,IN,0.0
2024-08-17,IN,IN,3.0
2024-08-24,IN,IN,2.0
2024-08-31,IN,IN,1.0
2024-09-07,IN,IN,0.0
2024-09-14,IN,IN,4.0
2024-09-21,IN,IN,6.0
2024-09-28,IN,IN,3.0
2024-10-05,IN,IN,4.0
2024-10-12,IN,IN,3.0
2024-10-19,IN,IN,3.0
2024-10-26,IN,IN,3.0
2024-11-02,IN,IN,14.0
2024-11-09,IN,IN,28.0
2024-11-16,IN,IN,26.0
2024-11-23,IN,IN,32.0
2024-11-30,IN,IN,41.0
2024-12-07,IN,IN,65.0
2024-12-14,IN,IN,142.0
2024-12-21,IN,IN,288.0
2024-12-28,IN,IN,590.0
2025-01-04,IN,IN,829.0
2025-01-11,IN,IN,523.0
2025-01-18,IN,IN,542.0
2025-01-25,IN,IN,788.0
2025-02-01,IN,IN,1295.0
2025-02-08,IN,IN,1711.0
2025-02-15,IN,IN,1717.0
2025-02-22,IN,IN,1649.0
2025-03-01,IN,IN,1210.0
2025-03-08,IN,IN,900.0
2025-03-15,IN,IN,599.0
2025-03-22,IN,IN,392.0
2025-03-29,IN,IN,237.0
2025-04-05,IN,IN,126.0
2025-04-12,IN,IN,87.0
2025-04-19,IN,IN,52.0
2025-04-26,IN,IN,43.0
2025-05-03,IN,IN,34.0
2025-05-10,IN,IN,27.0
2025-05-17,IN,IN,25.0
2025-05-24,IN,IN,18.0
2025-05-31,IN,IN,20.0
2025-06-07,IN,IN,15.0
2025-06-14,IN,IN,5.0
2025-06-21,IN,IN,11.0
2025-06-28,IN,IN,15.0
2025-07-05,IN,IN,10.0
2025-07-12,IN,IN,4.0
2025-07-19,IN,IN,7.0
2025-07-26,IN,IN,6.0
2025-08-02,IN,IN,7.0
2025-08-09,IN,IN,12.0
2025-08-16,IN,IN,8.0
2025-08-23,IN,IN,9.0
2025-08-30,IN,IN,10.0
2025-09-06,IN,IN,13.0
2025-09-13,IN,IN,11.0
2025-09-20,IN,IN,13.0
2025-09-27,IN,IN,7.0
2020-10-24,KY,KY,12.0
2020-10-31,KY,KY,7.0
2020-11-07,KY,KY,11.0
2020-11-14,KY,KY,15.0
2020-11-21,KY,KY,11.0
2020-11-28,KY,KY,16.0
2020-12-05,KY,KY,20.0
2020-12-12,KY,KY,12.0
2020-12-19,KY,KY,33.0
2020-12-26,KY,KY,20.0
2021-01-02,KY,KY,5.0
2021-01-09,KY,KY,7.0
2021-01-16,KY,KY,7.0
2021-01-23,KY,KY,3.0
2021-01-30,KY,KY,13.0
2021-02-06,KY,KY,2.0
2021-02-13,KY,KY,2.0
2021-02-20,KY,KY,0.0
2021-02-27,KY,KY,5.0
2021-03-06,KY,KY,15.0
2021-03-13,KY,KY,12.0
2021-03-20,KY,KY,2.0
2021-03-27,KY,KY,1.0
2021-04-03,KY,KY,2.0
2021-04-10,KY,KY,1.0
2021-04-17,KY,KY,3.0
2021-04-24,KY,KY,6.0
2021-05-01,KY,KY,2.0
2021-05-08,KY,KY,3.0
2021-05-15,KY,KY,1.0
2021-05-22,KY,KY,2.0
2021-05-29,KY,KY,7.0
2021-06-05,KY,KY,2.0
2021-06-12,KY,KY,3.0
2021-06-19,KY,KY,4.0
2021-06-26,KY,KY,1.0
2021-07-03,KY,KY,3.0
2021-07-10,KY,KY,0.0
2021-07-17,KY,KY,0.0
2021-07-24,KY,KY,3.0
2021-07-31,KY,KY,0.0
2021-08-07,KY,KY,3.0
2021-08-14,KY,KY,2.0
2021-08-21,KY,KY,0.0
2021-08-28,KY,KY,1.0
2021-09-04,KY,KY,0.0
2021-09-11,KY,KY,2.0
2021-09-18,KY,KY,0.0
2021-09-25,KY,KY,2.0
2021-10-02,KY,KY,0.0
2025-10-04,MI,MI,14.0
2025-10-11,MI,MI,15.0
2025-10-18,MI,MI,17.0
2025-10-25,MI,MI,17.0
2025-11-01,MI,MI,12.0
2025-11-08,MI,MI,27.0
2025-11-15,MI,MI,44.0
2025-11-22,MI,MI,53.0
2025-11-29,MI,MI,76.0
2025-12-06,MI,MI,95.0
2025-12-13,MI,MI,214.0
2025-12-20,MI,MI,471.0
2025-12-27,MI,MI,929.0
2026-01-03,MI,MI,1266.0
2026-01-10,MI,MI,931.0
2026-01-17,MI,MI,534.0
2026-01-24,MI,MI,413.0
2026-01-31,MI,MI,332.0
2026-02-07,MI,MI,303.0
2026-02-14,MI,MI,283.0
2026-02-21,MI,MI,341.0
2026-02-28,MI,MI,292.0
2026-03-07,MI,MI,247.0
2026-03-14,MI,MI,217.0
2026-03-21,MI,MI,165.0
2026-03-28,MI,MI,96.0
2026-04-04,MI,MI,78.0
2026-04-11,MI,MI,72.0
2026-04-18,MI,MI,50.0
2026-04-25,MI,MI,35.0
2026-05-02,MI,MI,28.0
2026-05-09,MI,MI,21.0
2026-05-16,MI,MI,23.0
2026-05-23,MI,MI,17.0
2024-10-05,NC,NC,0.0
2024-10-12,NC,NC,77.0
2024-10-19,NC,NC,48.0
2024-10-26,NC,NC,47.0
2024-11-02,NC,NC,14.0
2024-11-09,NC,NC,27.0
2024-11-16,NC,NC,38.0
2024-11-23,NC,NC,31.0
2024-11-30,NC,NC,43.0
2024-12-07,NC,NC,65.0
2024-12-14,NC,NC,173.0
2024-12-21,NC,NC,292.0
2024-12-28,NC,NC,611.0
2025-01-04,NC,NC,942.0
2025-01-11,NC,NC,833.0
2025-01-18,NC,NC,1109.0
2025-01-25,NC,NC,1582.0
2025-02-01,NC,NC,2082.0
2025-02-08,NC,NC,2280.0
2025-02-15,NC,NC,1694.0
2025-02-22,NC,NC,1174.0
2025-03-01,NC,NC,918.0
2025-03-08,NC,NC,822.0
2025-03-15,NC,NC,667.0
2025-03-22,NC,NC,434.0
2025-03-29,NC,NC,301.0
2025-04-05,NC,NC,188.0
2025-04-12,NC,NC,98.0
2025-04-19,NC,NC,60.0
2025-04-26,NC,NC,50.0
2025-05-03,NC,NC,39.0
2025-05-10,NC,NC,28.0
2025-05-17,NC,NC,18.0
2025-05-24,NC,NC,19.0
2025-05-31,NC,NC,18.0
2025-06-07,NC,NC,25.0
2025-06-14,NC,NC,18.0
2025-06-21,NC,NC,22.0
2025-06-28,NC,NC,23.0
2025-07-05,NC,NC,15.0
2025-07-12,NC,NC,12.0
2025-07-19,NC,NC,12.0
2025-07-26,NC,NC,14.0
2025-08-02,NC,NC,12.0
2025-08-09,NC,NC,12.0
2025-08-16,NC,NC,11.0
2025-08-23,NC,NC,11.0
2025-08-30,NC,NC,11.0
2025-09-06,NC,NC,11.0
2025-09-13,NC,NC,7.0
2025-09-20,NC,NC,19.0
2025-09-27,NC,NC,19.0
2022-10-08,NH,NH,0.0
2022-10-15,NH,NH,0.0
2022-10-22,NH,NH,1.0
2022-10-29,NH,NH,0.0
2022-11-05,NH,NH,3.0
2022-11-12,NH,NH,3.0
2022-11-19,NH,NH,9.0
2022-11-26,NH,NH,9.0
2022-12-03,NH,NH,29.0
2022-12-10,NH,NH,65.0
2022-12-17,NH,NH,76.0
2022-12-24,NH,NH,117.0
2022-12-31,NH,NH,141.0
2023-01-07,NH,NH,108.0
2023-01-14,NH,NH,47.0
2023-01-21,NH,NH,23.0
2023-01-28,NH,NH,19.0
2023-02-04,NH,NH,4.0
2023-02-11,NH,NH,8.0
2023-02-18,NH,NH,4.0
2023-02-25,NH,NH,2.0
2023-03-04,NH,NH,2.0
2023-03-11,NH,NH,4.0
2023-03-18,NH,NH,10.0
2023-03-25,NH,NH,9.0
2023-04-01,NH,NH,9.0
2023-04-08,NH,NH,6.0
2023-04-15,NH,NH,0.0
2023-04-22,NH,NH,1.0
2023-04-29,NH,NH,2.0
2023-05-06,NH,NH,3.0
2023-05-13,NH,NH,1.0
2023-05-20,NH,NH,0.0
2023-05-27,NH,NH,4.0
2023-06-03,NH,NH,1.0
2023-06-10,NH,NH,0.0
2023-06-17,NH,NH,2.0
2023-06-24,NH,NH,0.0
2023-07-01,NH,NH,1.0
2023-07-08,NH,NH,0.0
2023-07-15,NH,NH,1.0
2023-07-22,NH,NH,0.0
2023-07-29,NH,NH,1.0
2023-08-05,NH,NH,1.0
2023-08-12,NH,NH,1.0
2023-08-19,NH,NH,0.0
2023-08-26,NH,NH,0.0
2023-09-02,NH,NH,4.0
2023-09-09,NH,NH,1.0
2023-09-16,NH,NH,0.0
2023-09-23,NH,NH,2.0
2023-09-30,NH,NH,1.0
2024-10-05,OK,OK,0.0
2024-10-12,OK,OK,0.0
2024-10-19,OK,OK,0.0
2024-10-26,OK,OK,4.0
2024-11-02,OK,OK,3.0
2024-11-09,OK,OK,13.0
2024-11-16,OK,OK,13.0
2024-11-23,OK,OK,14.0
2024-11-30,OK,OK,40.0
2024-12-07,OK,OK,40.0
2024-12-14,OK,OK,56.0
2024-12-21,OK,OK,106.0
2024-12-28,OK,OK,282.0
2025-01-04,OK,OK,404.0
2025-01-11,OK,OK,285.0
2025-01-18,OK,OK,439.0
2025-01-25,OK,OK,692.0
2025-02-01,OK,OK,1114.0
2025-02-08,OK,OK,1076.0
2025-02-15,OK,OK,787.0
2025-02-22,OK,OK,500.0
2025-03-01,OK,OK,334.0
2025-03-08,OK,OK,236.0
2025-03-15,OK,OK,143.0
2025-03-22,OK,OK,86.0
2025-03-29,OK,OK,75.0
2025-04-05,OK,OK,40.0
2025-04-12,OK,OK,20.0
2025-04-19,OK,OK,21.0
2025-04-26,OK,OK,17.0
2025-05-03,OK,OK,16.0
2025-05-10,OK,OK,13.0
2025-05-17,OK,OK,19.0
2025-05-24,OK,OK,13.0
2025-05-31,OK,OK,8.0
2025-06-07,OK,OK,12.0
2025-06-14,OK,OK,12.0
2025-06-21,OK,OK,11.0
2025-06-28,OK,OK,14.0
2025-07-05,OK,OK,8.0
2025-07-12,OK,OK,2.0
2025-07-19,OK,OK,4.0
2025-07-26,OK,OK,10.0
2025-08-02,OK,OK,5.0
2025-08-09,OK,OK,7.0
2025-08-16,OK,OK,5.0
2025-08-23,OK,OK,11.0
2025-08-30,OK,OK,4.0
2025-09-06,OK,OK,13.0
2025-09-13,OK,OK,9.0
2025-09-20,OK,OK,8.0
2025-09-27,OK,OK,9.0
2020-10-17,PA,PA,0.0
2020-10-24,PA,PA,5.0
2020-10-31,PA,PA,7.0
2020-11-07,PA,PA,16.0
2020-11-14,PA,PA,4.0
2020-11-21,PA,PA,5.0
2020-11-28,PA,PA,3.0
2020-12-05,PA,PA,16.0
2020-12-12,PA,PA,8.0
2020-12-19,PA,PA,6.0
2020-12-26,PA,PA,9.0
2021-01-02,PA,PA,14.0
2021-01-09,PA,PA,16.0
2021-01-16,PA,PA,19.0
2021-01-23,PA,PA,21.0
2021-01-30,PA,PA,11.0
2021-02-06,PA,PA,10.0
2021-02-13,PA,PA,18.0
2021-02-20,PA,PA,9.0
2021-02-27,PA,PA,14.0
2021-03-06,PA,PA,5.0
2021-03-13,PA,PA,11.0
2021-03-20,PA,PA,9.0
2021-03-27,PA,PA,10.0
2021-04-03,PA,PA,12.0
2021-04-10,PA,PA,16.0
2021-04-17,PA,PA,12.0
2021-04-24,PA,PA,12.0
2021-05-01,PA,PA,6.0
2021-05-08,PA,PA,19.0
2021-05-15,PA,PA,8.0
2021-05-22,PA,PA,14.0
2021-05-29,PA,PA,21.0
2021-06-05,PA,PA,9.0
2021-06-12,PA,PA,15.0
2021-06-19,PA,PA,11.0
2021-06-26,PA,PA,11.0
2021-07-03,PA,PA,12.0
2021-07-10,PA,PA,9.0
2021-07-17,PA,PA,7.0
2021-07-24,PA,PA,13.0
2021-07-31,PA,PA,14.0
2021-08-07,PA,PA,17.0
2021-08-14,PA,PA,8.0
2021-08-21,PA,PA,9.0
2021-08-28,PA,PA,10.0
2021-09-04,PA,PA,16.0
2021-09-11,PA,PA,13.0
2021-09-18,PA,PA,12.0
2021-09-25,PA,PA,9.0
2021-10-02,PA,PA,20.0
2020-10-03,Region 2,Region 2,0.0
2020-10-10,Region 2,Region 2,0.0
2020-10-17,Region 2,Region 2,0.0
2020-10-24,Region 2,Region 2,26.0
2020-10-31,Region 2,Region 2,42.0
2020-11-07,Region 2,Region 2,25.0
2020-11-14,Region 2,Region 2,36.0
2020-11-21,Region 2,Region 2,63.0
2020-11-28,Region 2,Region 2,61.0
2020-12-05,Region 2,Region 2,50.0
2020-12-12,Region 2,Region 2,63.0
2020-12-19,Region 2,Region 2,78.0
2020-12-26,Region 2,Region 2,56.0
2021-01-02,Region 2,Region 2,40.0
2021-01-09,Region 2,Region 2,40.0
2021-01-16,Region 2,Region 2,44.0
2021-01-23,Region 2,Region 2,43.0
2021-01-30,Region 2,Region 2,58.0
2021-02-06,Region 2,Region 2,47.0
2021-02-13,Region 2,Region 2,33.0
2021-02-20,Region 2,Region 2,46.0
2021-02-27,Region 2,Region 2,39.0
2021-03-06,Region 2,Region 2,49.0
2021-03-13,Region 2,Region 2,63.0
2021-03-20,Region 2,Region 2,66.0
2021-03-27,Region 2,Region 2,48.0
2021-04-03,Region 2,Region 2,43.0
2021-04-10,Region 2,Region 2,63.0
2021-04-17,Region 2,Region 2,59.0
2021-04-24,Region 2,Region 2,56.0
2021-05-01,Region 2,Region 2,67.0
2021-05-08,Region 2,Region 2,44.0
2021-05-15,Region 2,Region 2,37.0
2021-05-22,Region 2,Region 2,43.0
2021-05-29,Region 2,Region 2,25.0
2021-06-05,Region 2,Region 2,21.0
2021-06-12,Region 2,Region 2,21.0
2021-06-19,Region 2,Region 2,23.0
2021-06-26,Region 2,Region 2,24.0
2021-07-03,Region 2,Region 2,22.0
2021-07-10,Region 2,Region 2,26.0
2021-07-17,Region 2,Region 2,18.0
2021-07-24,Region 2,Region 2,24.0
2021-07-31,Region 2,Region 2,16.0
2021-08-07,Region 2,Region 2,31.0
2021-08-14,Region 2,Region 2,31.0
2021-08-21,Region 2,Region 2,37.0
2021-08-28,Region 2,Region 2,46.0
2021-09-04,Region 2,Region 2,34.0
2021-09-11,Region 2,Region 2,31.0
2021-09-18,Region 2,Region 2,40.0
2021-09-25,Region 2,Region 2,33.0
2021-10-02,Region 2,Region 2,37.0
2022-10-08,Region 2,Region 2,95.0
2022-10-15,Region 2,Region 2,123.0
2022-10-22,Region 2,Region 2,125.0
2022-10-29,Region 2,Region 2,224.0
2022-11-05,Region 2,Region 2,445.0
2022-11-12,Region 2,Region 2,651.0
2022-11-19,Region 2,Region 2,851.0
2022-11-26,Region 2,Region 2,1351.0
2022-12-03,Region 2,Region 2,2380.0
2022-12-10,Region 2,Region 2,2298.0
2022-12-17,Region 2,Region 2,2365.0
2022-12-24,Region 2,Region 2,2139.0
2022-12-31,Region 2,Region 2,1827.0
2023-01-07,Region 2,Region 2,1339.0
2023-01-14,Region 2,Region 2,763.0
2023-01-21,Region 2,Region 2,458.0
2023-01-28,Region 2,Region 2,372.0
2023-02-04,Region 2,Region 2,237.0
2023-02-11,Region 2,Region 2,206.0
2023-02-18,Region 2,Region 2,182.0
2023-02-25,Region 2,Region 2,128.0
2023-03-04,Region 2,Region 2,102.0
2023-03-11,Region 2,Region 2,93.0
2023-03-18,Region 2,Region 2,96.0
2023-03-25,Region 2,Region 2,174.0
2023-04-01,Region 2,Region 2,155.0
2023-04-08,Region 2,Region 2,150.0
2023-04-15,Region 2,Region 2,154.0
2023-04-22,Region 2,Region 2,115.0
2023-04-29,Region 2,Region 2,86.0
2023-05-06,Region 2,Region 2,118.0
2023-05-13,Region 2,Region 2,118.0
2023-05-20,Region 2,Region 2,124.0
2023-05-27,Region 2,Region 2,140.0
2023-06-03,Region 2,Region 2,144.0
2023-06-10,Region 2,Region 2,113.0
2023-06-17,Region 2,Region 2,96.0
2023-06-24,Region 2,Region 2,106.0
2023-07-01,Region 2,Region 2,87.0
2023-07-08,Region 2,Region 2,78.0
2023-07-15,Region 2,Region 2,66.0
2023-07-22,Region 2,Region 2,77.0
2023-07-29,Region 2,Region 2,68.0
2023-08-05,Region 2,Region 2,74.0
2023-08-12,Region 2,Region 2,64.0
2023-08-19,Region 2,Region 2,57.0
2023-08-26,Region 2,Region 2,88.0
2023-09-02,Region 2,Region 2,107.0
2023-09-09,Region 2,Region 2,88.0
2023-09-16,Region 2,Region 2,81.0
2023-09-23,Region 2,Region 2,121.0
2023-09-30,Region 2,Region 2,155.0
2025-10-04,Region 3,Region 3,137.0
2025-10-11,Region 3,Region 3,159.0
2025-10-18,Region 3,Region 3,127.0
2025-10-25,Region 3,Region 3,165.0
2025-11-01,Region 3,Region 3,150.0
2025-11-08,Region 3,Region 3,169.0
2025-11-15,Region 3,Region 3,240.0
2025-11-22,Region 3,Region 3,378.0
2025-11-29,Region 3,Region 3,586.0
2025-12-06,Region 3,Region 3,880.0
2025-12-13,Region 3,Region 3,1238.0
2025-12-20,Region 3,Region 3,2224.0
2025-12-27,Region 3,Region 3,4365.0
2026-01-03,Region 3,Region 3,5815.0
2026-01-10,Region 3,Region 3,4154.0
2026-01-17,Region 3,Region 3,2964.0
2026-01-24,Region 3,Region 3,2170.0
2026-01-31,Region 3,Region 3,1840.0
2026-02-07,Region 3,Region 3,1426.0
2026-02-14,Region 3,Region 3,1257.0
2026-02-21,Region 3,Region 3,1331.0
2026-02-28,Region 3,Region 3,1229.0
2026-03-07,Region 3,Region 3,1233.0
2026-03-14,Region 3,Region 3,1215.0
2026-03-21,Region 3,Region 3,916.0
2026-03-28,Region 3,Region 3,441.0
2026-04-04,Region 3,Region 3,548.0
2026-04-11,Region 3,Region 3,393.0
2026-04-18,Region 3,Region 3,365.0
2026-04-25,Region 3,Region 3,314.0
2026-05-02,Region 3,Region 3,243.0
2026-05-09,Region 3,Region 3,223.0
2026-05-16,Region 3,Region 3,182.0
2026-05-23,Region 3,Region 3,216.0
2020-10-03,SD,SD,0.0
2020-10-10,SD,SD,0.0
2020-10-17,SD,SD,0.0
2020-10-24,SD,SD,2.0
2020-10-31,SD,SD,0.0
2020-11-07,SD,SD,1.0
2020-11-14,SD,SD,2.0
2020-11-21,SD,SD,1.0
2020-11-28,SD,SD,0.0
2020-12-05,SD,SD,1.0
2020-12-12,SD,SD,2.0
2020-12-19,SD,SD,2.0
2020-12-26,SD,SD,1.0
2021-01-02,SD,SD,0.0
2021-01-09,SD,SD,1.0
2021-01-16,SD,SD,0.0
2021-01-23,SD,SD,0.0
2021-01-30,SD,SD,0.0
2021-02-06,SD,SD,0.0
2021-02-13,SD,SD,2.0
2021-02-20,SD,SD,1.0
2021-02-27,SD,SD,1.0
2021-03-06,SD,SD,0.0
2021-03-13,SD,SD,0.0
2021-03-20,SD,SD,0.0
2021-03-27,SD,SD,0.0
2021-04-03,SD,SD,0.0
2021-04-10,SD,SD,0.0
2021-04-17,SD,SD,1.0
2021-04-24,SD,SD,5.0
2021-05-01,SD,SD,4.0
2021-05-08,SD,SD,3.0
2021-05-15,SD,SD,1.0
2021-05-22,SD,SD,0.0
2021-05-29,SD,SD,2.0
2021-06-05,SD,SD,0.0
2021-06-12,SD,SD,8.0
2021-06-19,SD,SD,4.0
2021-06-26,SD,SD,3.0
2021-07-03,SD,SD,2.0
2021-07-10,SD,SD,4.0
2021-07-17,SD,SD,2.0
2021-07-24,SD,SD,1.0
2021-07-31,SD,SD,1.0
2021-08-07,SD,SD,0.0
2021-08-14,SD,SD,1.0
2021-08-21,SD,SD,6.0
2021-08-28,SD,SD,0.0
2021-09-04,SD,SD,1.0
2021-09-11,SD,SD,0.0
2021-09-18,SD,SD,0.0
2021-09-25,SD,SD,0.0
2021-10-02,SD,SD,1.0
2022-10-08,SD,SD,10.0
2022-10-15,SD,SD,12.0
2022-10-22,SD,SD,13.0
2022-10-29,SD,SD,9.0
2022-11-05,SD,SD,9.0
2022-11-12,SD,SD,13.0
2022-11-19,SD,SD,24.0
2022-11-26,SD,SD,58.0
2022-12-03,SD,SD,73.0
2022-12-10,SD,SD,84.0
2022-12-17,SD,SD,97.0
2022-12-24,SD,SD,84.0
2022-12-31,SD,SD,59.0
2023-01-07,SD,SD,69.0
2023-01-14,SD,SD,15.0
2023-01-21,SD,SD,12.0
2023-01-28,SD,SD,15.0
2023-02-04,SD,SD,15.0
2023-02-11,SD,SD,9.0
2023-02-18,SD,SD,16.0
2023-02-25,SD,SD,4.0
2023-03-04,SD,SD,7.0
2023-03-11,SD,SD,15.0
2023-03-18,SD,SD,16.0
2023-03-25,SD,SD,20.0
2023-04-01,SD,SD,13.0
2023-04-08,SD,SD,13.0
2023-04-15,SD,SD,5.0
2023-04-22,SD,SD,4.0
2023-04-29,SD,SD,4.0
2023-05-06,SD,SD,7.0
2023-05-13,SD,SD,7.0
2023-05-20,SD,SD,3.0
2023-05-27,SD,SD,3.0
2023-06-03,SD,SD,4.0
2023-06-10,SD,SD,2.0
2023-06-17,SD,SD,2.0
2023-06-24,SD,SD,0.0
2023-07-01,SD,SD,2.0
2023-07-08,SD,SD,3.0
2023-07-15,SD,SD,0.0
2023-07-22,SD,SD,0.0
2023-07-29,SD,SD,0.0
2023-08-05,SD,SD,2.0
2023-08-12,SD,SD,1.0
2023-08-19,SD,SD,3.0
2023-08-26,SD,SD,1.0
2023-09-02,SD,SD,1.0
2023-09-09,SD,SD,3.0
2023-09-16,SD,SD,0.0
2023-09-23,SD,SD,0.0
2023-09-30,SD,SD,2.0
2022-10-08,TN,TN,39.0
2022-10-15,TN,TN,59.0
2022-10-22,TN,TN,87.0
2022-10-29,TN,TN,122.0
2022-11-05,TN,TN,231.0
2022-11-12,TN,TN,311.0
2022-11-19,TN,TN,285.0
2022-11-26,TN,TN,471.0
2022-12-03,TN,TN,687.0
2022-12-10,TN,TN,486.0
2022-12-17,TN,TN,258.0
2022-12-24,TN,TN,226.0
2022-12-31,TN,TN,248.0
2023-01-07,TN,TN,174.0
2023-01-14,TN,TN,100.0
2023-01-21,TN,TN,69.0
2023-01-28,TN,TN,41.0
2023-02-04,TN,TN,43.0
2023-02-11,TN,TN,28.0
2023-02-18,TN,TN,57.0
2023-02-25,TN,TN,43.0
2023-03-04,TN,TN,41.0
2023-03-11,TN,TN,27.0
2023-03-18,TN,TN,29.0
2023-03-25,TN,TN,31.0
2023-04-01,TN,TN,45.0
2023-04-08,TN,TN,29.0
2023-04-15,TN,TN,25.0
2023-04-22,TN,TN,22.0
2023-04-29,TN,TN,18.0
2023-05-06,TN,TN,24.0
2023-05-13,TN,TN,15.0
2023-05-20,TN,TN,14.0
2023-05-27,TN,TN,27.0
2023-06-03,TN,TN,20.0
2023-06-10,TN,TN,27.0
2023-06-17,TN,TN,31.0
2023-06-24,TN,TN,13.0
2023-07-01,TN,TN,24.0
2023-07-08,TN,TN,21.0
2023-07-15,TN,TN,23.0
2023-07-22,TN,TN,23.0
2023-07-29,TN,TN,16.0
2023-08-05,TN,TN,22.0
2023-08-12,TN,TN,26.0
2023-08-19,TN,TN,26.0
2023-08-26,TN,TN,23.0
2023-09-02,TN,TN,27.0
2023-09-09,TN,TN,46.0
2023-09-16,TN,TN,34.0
2023-09-23,TN,TN,24.0
2023-09-30,TN,TN,41.0
2021-10-09,USA,USA,341.0
2021-10-16,USA,USA,266.0
2021-10-23,USA,USA,281.0
2021-10-30,USA,USA,265.0
2021-11-06,USA,USA,320.0
2021-11-13,USA,USA,338.0
2021-11-20,USA,USA,366.0
2021-11-27,USA,USA,475.0
2021-12-04,USA,USA,867.0
2021-12-11,USA,USA,1119.0
2021-12-18,USA,USA,1302.0
2021-12-25,USA,USA,1788.0
2022-01-01,USA,USA,2979.0
2022-01-08,USA,USA,2280.0
2022-01-15,USA,USA,1638.0
2022-01-22,USA,USA,1211.0
2022-01-29,USA,USA,967.0
2022-02-05,USA,USA,1089.0
2022-02-12,USA,USA,1158.0
2022-02-19,USA,USA,1490.0
2022-02-26,USA,USA,1603.0
2022-03-05,USA,USA,1791.0
2022-03-12,USA,USA,2086.0
2022-03-19,USA,USA,2611.0
2022-03-26,USA,USA,2905.0
2022-04-02,USA,USA,3002.0
2022-04-09,USA,USA,3131.0
2022-04-16,USA,USA,3292.0
2022-04-23,USA,USA,3452.0
2022-04-30,USA,USA,3185.0
2022-05-07,USA,USA,3166.0
2022-05-14,USA,USA,3117.0
2022-05-21,USA,USA,3117.0
2022-05-28,USA,USA,2729.0
2022-06-04,USA,USA,2675.0
2022-06-11,USA,USA,2202.0
2022-06-18,USA,USA,1775.0
2022-06-25,USA,USA,1365.0
2022-07-02,USA,USA,1073.0
2022-07-09,USA,USA,776.0
2022-07-16,USA,USA,765.0
2022-07-23,USA,USA,627.0
2022-07-30,USA,USA,520.0
2022-08-06,USA,USA,486.0
2022-08-13,USA,USA,489.0
2022-08-20,USA,USA,483.0
2022-08-27,USA,USA,482.0
2022-09-03,USA,USA,545.0
2022-09-10,USA,USA,576.0
2022-09-17,USA,USA,665.0
2022-09-24,USA,USA,795.0
2022-10-01,USA,USA,921.0
2025-10-04,VI,VI,0.0
2025-10-11,VI,VI,1.0
2025-10-18,VI,VI,0.0
2025-10-25,VI,VI,0.0
2025-11-01,VI,VI,0.0
2025-11-08,VI,VI,1.0
2025-11-15,VI,VI,0.0
2025-11-22,VI,VI,0.0
2025-11-29,VI,VI,0.0
2025-12-06,VI,VI,0.0
2025-12-13,VI,VI,0.0
2025-12-20,VI,VI,0.0
2025-12-27,VI,VI,0.0
2026-01-03,VI,VI,0.0
2026-01-10,VI,VI,0.0
2026-01-17,VI,VI,0.0
2026-01-24,VI,VI,0.0
2026-01-31,VI,VI,0.0
2026-02-07,VI,VI,1.0
2026-02-14,VI,VI,0.0
2026-02-21,VI,VI,0.0
2026-02-28,VI,VI,0.0
2026-03-07,VI,VI,0.0
2026-03-14,VI,VI,0.0
2026-03-21,VI,VI,0.0
2026-03-28,VI,VI,0.0
2026-04-04,VI,VI,1.0
2026-04-11,VI,VI,0.0
2026-04-18,VI,VI,0.0
2026-04-25,VI,VI,0.0
2026-05-02,VI,VI,0.0
2026-05-09,VI,VI,0.0
2026-05-16,VI,VI,0.0
2026-05-23,VI,VI,0.0
2024-10-05,AZ,AZ,40.0
2024-10-12,AZ,AZ,4.0
2024-10-19,AZ,AZ,14.0
2024-10-26,AZ,AZ,187.0
2024-11-02,AZ,AZ,141.0
2024-11-09,AZ,AZ,272.0
2024-11-16,AZ,AZ,356.0
2024-11-23,AZ,AZ,488.0
2024-11-30,AZ,AZ,558.0
2024-12-07,AZ,AZ,882.0
2024-12-14,AZ,AZ,1023.0
2024-12-21,AZ,AZ,1534.0
2024-12-28,AZ,AZ,2340.0
2025-01-04,AZ,AZ,2846.0
2025-01-11,AZ,AZ,1483.0
2025-01-18,AZ,AZ,1077.0
2025-01-25,AZ,AZ,999.0
2025-02-01,AZ,AZ,836.0
2025-02-08,AZ,AZ,836.0
2025-02-15,AZ,AZ,711.0
2025-02-22,AZ,AZ,647.0
2025-03-01,AZ,AZ,657.0
2025-03-08,AZ,AZ,499.0
2025-03-15,AZ,AZ,393.0
2025-03-22,AZ,AZ,346.0
2025-03-29,AZ,AZ,238.0
2025-04-05,AZ,AZ,111.0
2025-04-12,AZ,AZ,93.0
2025-04-19,AZ,AZ,88.0
2025-04-26,AZ,AZ,77.0
2025-05-03,AZ,AZ,80.0
2025-05-10,AZ,AZ,53.0
2025-05-17,AZ,AZ,69.0
2025-05-24,AZ,AZ,38.0
2025-05-31,AZ,AZ,55.0
2025-06-07,AZ,AZ,32.0
2025-06-14,AZ,AZ,35.0
2025-06-21,AZ,AZ,18.0
2025-06-28,AZ,AZ,11.0
2025-07-05,AZ,AZ,24.0
2025-07-12,AZ,AZ,15.0
2025-07-19,AZ,AZ,10.0
2025-07-26,AZ,AZ,6.0
2025-08-02,AZ,AZ,5.0
2025-08-09,AZ,AZ,11.0
2025-08-16,AZ,AZ,18.0
2025-08-23,AZ,AZ,6.0
2025-08-30,AZ,AZ,27.0
2025-09-06,AZ,AZ,11.0
2025-09-13,AZ,AZ,14.0
2025-09-20,AZ,AZ,16.0
2025-09-27,AZ,AZ,13.0
2025-10-04,CO,CO,8.0
2025-10-11,CO,CO,6.0
2025-10-18,CO,CO,7.0
2025-10-25,CO,CO,9.0
2025-11-01,CO,CO,18.0
2025-11-08,CO,CO,28.0
2025-11-15,CO,CO,47.0
2025-11-22,CO,CO,97.0
2025-11-29,CO,CO,149.0
2025-12-06,CO,CO,222.0
2025-12-13,CO,CO,282.0
2025-12-20,CO,CO,517.0
2025-12-27,CO,CO,818.0
2026-01-03,CO,CO,830.0
2026-01-10,CO,CO,475.0
2026-01-17,CO,CO,270.0
2026-01-24,CO,CO,183.0
2026-01-31,CO,CO,149.0
2026-02-07,CO,CO,112.0
2026-02-14,CO,CO,128.0
2026-02-21,CO,CO,119.0
2026-02-28,CO,CO,118.0
2026-03-07,CO,CO,99.0
2026-03-14,CO,CO,110.0
2026-03-21,CO,CO,97.0
2026-03-28,CO,CO,34.0
2026-04-04,CO,CO,34.0
2026-04-11,CO,CO,25.0
2026-04-18,CO,CO,20.0
2026-04-25,CO,CO,39.0
2026-05-02,CO,CO,28.0
2026-05-09,CO,CO,15.0
2026-05-16,CO,CO,12.0
2026-05-23,CO,CO,8.0
2023-10-07,DE,DE,2.0
2023-10-14,DE,DE,0.0
2023-10-21,DE,DE,1.0
2023-10-28,DE,DE,1.0
2023-11-04,DE,DE,1.0
2023-11-11,DE,DE,1.0
2023-11-18,DE,DE,2.0
2023-11-25,DE,DE,1.0
2023-12-02,DE,DE,2.0
2023-12-09,DE,DE,10.0
2023-12-16,DE,DE,18.0
2023-12-23,DE,DE,24.0
2023-12-30,DE,DE,60.0
2024-01-06,DE,DE,48.0
2024-01-13,DE,DE,34.0
2024-01-20,DE,DE,32.0
2024-01-27,DE,DE,28.0
2024-02-03,DE,DE,25.0
2024-02-10,DE,DE,25.0
2024-02-17,DE,DE,36.0
2024-02-24,DE,DE,24.0
2024-03-02,DE,DE,33.0
2024-03-09,DE,DE,26.0
2024-03-16,DE,DE,18.0
2024-03-23,DE,DE,16.0
2024-03-30,DE,DE,15.0
2024-04-06,DE,DE,19.0
2024-04-13,DE,DE,7.0
2024-04-20,DE,DE,8.0
2024-04-27,DE,DE,2.0
2024-05-04,DE,DE,4.0
2024-05-11,DE,DE,1.0
2024-05-18,DE,DE,1.0
2024-05-25,DE,DE,1.0
2024-06-01,DE,DE,0.0
2024-06-08,DE,DE,1.0
2024-06-15,DE,DE,0.0
2024-06-22,DE,DE,0.0
2024-06-29,DE,DE,1.0
2024-07-06,DE,DE,0.0
2024-07-13,DE,DE,0.0
2024-07-20,DE,DE,0.0
2024-07-27,DE,DE,0.0
2024-08-03,DE,DE,0.0
2024-08-10,DE,DE,0.0
2024-08-17,DE,DE,0.0
2024-08-24,DE,DE,0.0
2024-08-31,DE,DE,0.0
2024-09-07,DE,DE,1.0
2024-09-14,DE,DE,0.0
2024-09-21,DE,DE,0.0
2024-09-28,DE,DE,0.0
2024-10-05,GU,GU,1.0
2024-10-19,GU,GU,2.0
2024-10-26,GU,GU,3.0
2024-11-02,GU,GU,1.0
2024-11-09,GU,GU,3.0
2024-11-16,GU,GU,3.0
2024-11-23,GU,GU,1.0
2024-11-30,GU,GU,2.0
2024-12-07,GU,GU,0.0
2024-12-14,GU,GU,3.0
2024-12-21,GU,GU,0.0
2024-12-28,GU,GU,3.0
2025-01-04,GU,GU,0.0
2025-01-11,GU,GU,3.0
2025-01-18,GU,GU,0.0
2025-01-25,GU,GU,5.0
2025-02-01,GU,GU,6.0
2025-02-08,GU,GU,0.0
2025-02-15,GU,GU,4.0
2025-02-22,GU,GU,2.0
2025-03-01,GU,GU,0.0
2025-03-08,GU,GU,0.0
2025-03-15,GU,GU,1.0
2025-03-22,GU,GU,1.0
2025-03-29,GU,GU,1.0
2025-04-05,GU,GU,0.0
2025-04-12,GU,GU,1.0
2025-04-19,GU,GU,3.0
2025-04-26,GU,GU,0.0
2025-05-03,GU,GU,0.0
2025-05-10,GU,GU,2.0
2025-05-17,GU,GU,1.0
2025-05-24,GU,GU,0.0
2025-05-31,GU,GU,1.0
2025-06-07,GU,GU,2.0
2025-06-14,GU,GU,2.0
2025-06-21,GU,GU,0.0
2025-06-28,GU,GU,0.0
2025-07-05,GU,GU,0.0
2025-07-12,GU,GU,0.0
2025-07-19,GU,GU,0.0
2025-07-26,GU,GU,0.0
2025-08-02,GU,GU,3.0
2025-08-09,GU,GU,0.0
2025-08-16,GU,GU,0.0
2025-08-23,GU,GU,1.0
2025-08-30,GU,GU,0.0
2025-09-06,GU,GU,2.0
2025-09-13,GU,GU,2.0
2025-09-20,GU,GU,5.0
2025-09-27,GU,GU,3.0
2025-10-04,IL,IL,14.0
2025-10-11,IL,IL,15.0
2025-10-18,IL,IL,27.0
2025-10-25,IL,IL,21.0
2025-11-01,IL,IL,38.0
2025-11-08,IL,IL,29.0
2025-11-15,IL,IL,47.0
2025-11-22,IL,IL,87.0
2025-11-29,IL,IL,132.0
2025-12-06,IL,IL,200.0
2025-12-13,IL,IL,264.0
2025-12-20,IL,IL,611.0
2025-12-27,IL,IL,1491.0
2026-01-03,IL,IL,1741.0
2026-01-10,IL,IL,1193.0
2026-01-17,IL,IL,751.0
2026-01-24,IL,IL,654.0
2026-01-31,IL,IL,554.0
2026-02-07,IL,IL,532.0
2026-02-14,IL,IL,557.0
2026-02-21,IL,IL,579.0
2026-02-28,IL,IL,355.0
2026-03-07,IL,IL,381.0
2026-03-14,IL,IL,240.0
2026-03-21,IL,IL,185.0
2026-03-28,IL,IL,103.0
2026-04-04,IL,IL,103.0
2026-04-11,IL,IL,96.0
2026-04-18,IL,IL,85.0
2026-04-25,IL,IL,78.0
2026-05-02,IL,IL,27.0
2026-05-09,IL,IL,44.0
2026-05-16,IL,IL,24.0
2026-05-23,IL,IL,21.0
2024-10-05,MO,MO,0.0
2024-10-12,MO,MO,1.0
2024-10-19,MO,MO,2.0
2024-10-26,MO,MO,8.0
2024-11-02,MO,MO,13.0
2024-11-09,MO,MO,30.0
2024-11-16,MO,MO,29.0
2024-11-23,MO,MO,42.0
2024-11-30,MO,MO,41.0
2024-12-07,MO,MO,54.0
2024-12-14,MO,MO,88.0
2024-12-21,MO,MO,250.0
2024-12-28,MO,MO,611.0
2025-01-04,MO,MO,827.0
2025-01-11,MO,MO,647.0
2025-01-18,MO,MO,559.0
2025-01-25,MO,MO,655.0
2025-02-01,MO,MO,1039.0
2025-02-08,MO,MO,1335.0
2025-02-15,MO,MO,1425.0
2025-02-22,MO,MO,1380.0
2025-03-01,MO,MO,861.0
2025-03-08,MO,MO,693.0
2025-03-15,MO,MO,440.0
2025-03-22,MO,MO,370.0
2025-03-29,MO,MO,189.0
2025-04-05,MO,MO,130.0
2025-04-12,MO,MO,99.0
2025-04-19,MO,MO,100.0
2025-04-26,MO,MO,66.0
2025-05-03,MO,MO,59.0
2025-05-10,MO,MO,49.0
2025-05-17,MO,MO,53.0
2025-05-24,MO,MO,42.0
2025-05-31,MO,MO,44.0
2025-06-07,MO,MO,33.0
2025-06-14,MO,MO,42.0
2025-06-21,MO,MO,39.0
2025-06-28,MO,MO,33.0
2025-07-05,MO,MO,11.0
2025-07-12,MO,MO,12.0
2025-07-19,MO,MO,12.0
2025-07-26,MO,MO,13.0
2025-08-02,MO,MO,8.0
2025-08-09,MO,MO,8.0
2025-08-16,MO,MO,8.0
2025-08-23,MO,MO,12.0
2025-08-30,MO,MO,6.0
2025-09-06,MO,MO,7.0
2025-09-13,MO,MO,12.0
2025-09-20,MO,MO,16.0
2025-09-27,MO,MO,18.0
2025-10-04,NH,NH,4.0
2025-10-11,NH,NH,4.0
2025-10-18,NH,NH,2.0
2025-10-25,NH,NH,0.0
2025-11-01,NH,NH,2.0
2025-11-08,NH,NH,0.0
2025-11-15,NH,NH,5.0
2025-11-22,NH,NH,12.0
2025-11-29,NH,NH,11.0
2025-12-06,NH,NH,25.0
2025-12-13,NH,NH,46.0
2025-12-20,NH,NH,95.0
2025-12-27,NH,NH,196.0
2026-01-03,NH,NH,290.0
2026-01-10,NH,NH,224.0
2026-01-17,NH,NH,154.0
2026-01-24,NH,NH,118.0
2026-01-31,NH,NH,49.0
2026-02-07,NH,NH,61.0
2026-02-14,NH,NH,60.0
2026-02-21,NH,NH,55.0
2026-02-28,NH,NH,32.0
2026-03-07,NH,NH,35.0
2026-03-14,NH,NH,21.0
2026-03-21,NH,NH,27.0
2026-03-28,NH,NH,15.0
2026-04-04,NH,NH,17.0
2026-04-11,NH,NH,6.0
2026-04-18,NH,NH,9.0
2026-04-25,NH,NH,3.0
2026-05-02,NH,NH,1.0
2026-05-09,NH,NH,3.0
2026-05-16,NH,NH,3.0
2026-05-23,NH,NH,2.0
2022-10-08,NM,NM,25.0
2022-10-15,NM,NM,23.0
2022-10-22,NM,NM,26.0
2022-10-29,NM,NM,53.0
2022-11-05,NM,NM,87.0
2022-11-12,NM,NM,146.0
2022-11-19,NM,NM,162.0
2022-11-26,NM,NM,169.0
2022-12-03,NM,NM,345.0
2022-12-10,NM,NM,407.0
2022-12-17,NM,NM,341.0
2022-12-24,NM,NM,359.0
2022-12-31,NM,NM,285.0
2023-01-07,NM,NM,177.0
2023-01-14,NM,NM,53.0
2023-01-21,NM,NM,29.0
2023-01-28,NM,NM,21.0
2023-02-04,NM,NM,9.0
2023-02-11,NM,NM,8.0
2023-02-18,NM,NM,3.0
2023-02-25,NM,NM,11.0
2023-03-04,NM,NM,16.0
2023-03-11,NM,NM,5.0
2023-03-18,NM,NM,3.0
2023-03-25,NM,NM,3.0
2023-04-01,NM,NM,9.0
2023-04-08,NM,NM,1.0
2023-04-15,NM,NM,4.0
2023-04-22,NM,NM,8.0
2023-04-29,NM,NM,2.0
2023-05-06,NM,NM,1.0
2023-05-13,NM,NM,1.0
2023-05-20,NM,NM,4.0
2023-05-27,NM,NM,3.0
2023-06-03,NM,NM,2.0
2023-06-10,NM,NM,1.0
2023-06-17,NM,NM,1.0
2023-06-24,NM,NM,1.0
2023-07-01,NM,NM,0.0
2023-07-08,NM,NM,1.0
2023-07-15,NM,NM,0.0
2023-07-22,NM,NM,1.0
2023-07-29,NM,NM,0.0
2023-08-05,NM,NM,2.0
2023-08-12,NM,NM,1.0
2023-08-19,NM,NM,2.0
2023-08-26,NM,NM,1.0
2023-09-02,NM,NM,2.0
2023-09-09,NM,NM,4.0
2023-09-16,NM,NM,11.0
2023-09-23,NM,NM,3.0
2023-09-30,NM,NM,5.0
2020-08-08,NY,NY,0.0
2020-08-15,NY,NY,0.0
2020-08-22,NY,NY,0.0
2020-08-29,NY,NY,0.0
2020-09-05,NY,NY,0.0
2020-09-12,NY,NY,0.0
2020-09-19,NY,NY,0.0
2020-09-26,NY,NY,0.0
2023-10-07,OH,OH,18.0
2023-10-14,OH,OH,21.0
2023-10-21,OH,OH,21.0
2023-10-28,OH,OH,17.0
2023-11-04,OH,OH,21.0
2023-11-11,OH,OH,26.0
2023-11-18,OH,OH,56.0
2023-11-25,OH,OH,75.0
2023-12-02,OH,OH,134.0
2023-12-09,OH,OH,160.0
2023-12-16,OH,OH,239.0
2023-12-23,OH,OH,438.0
2023-12-30,OH,OH,638.0
2024-01-06,OH,OH,562.0
2024-01-13,OH,OH,542.0
2024-01-20,OH,OH,505.0
2024-01-27,OH,OH,590.0
2024-02-03,OH,OH,590.0
2024-02-10,OH,OH,602.0
2024-02-17,OH,OH,609.0
2024-02-24,OH,OH,655.0
2024-03-02,OH,OH,637.0
2024-03-09,OH,OH,622.0
2024-03-16,OH,OH,357.0
2024-03-23,OH,OH,299.0
2024-03-30,OH,OH,242.0
2024-04-06,OH,OH,264.0
2024-04-13,OH,OH,193.0
2024-04-20,OH,OH,110.0
2024-04-27,OH,OH,78.0
2024-05-04,OH,OH,46.0
2024-05-11,OH,OH,9.0
2024-05-18,OH,OH,12.0
2024-05-25,OH,OH,11.0
2024-06-01,OH,OH,5.0
2024-06-08,OH,OH,3.0
2024-06-15,OH,OH,2.0
2024-06-22,OH,OH,6.0
2024-06-29,OH,OH,2.0
2024-07-06,OH,OH,6.0
2024-07-13,OH,OH,2.0
2024-07-20,OH,OH,3.0
2024-07-27,OH,OH,2.0
2024-08-03,OH,OH,2.0
2024-08-10,OH,OH,4.0
2024-08-17,OH,OH,5.0
2024-08-24,OH,OH,3.0
2024-08-31,OH,OH,1.0
2024-09-07,OH,OH,2.0
2024-09-14,OH,OH,4.0
2024-09-21,OH,OH,3.0
2024-09-28,OH,OH,1.0
2025-10-04,RI,RI,3.0
2025-10-11,RI,RI,7.0
2025-10-18,RI,RI,6.0
2025-10-25,RI,RI,3.0
2025-11-01,RI,RI,10.0
2025-11-08,RI,RI,9.0
2025-11-15,RI,RI,10.0
2025-11-22,RI,RI,11.0
2025-11-29,RI,RI,19.0
2025-12-06,RI,RI,38.0
2025-12-13,RI,RI,84.0
2025-12-20,RI,RI,141.0
2025-12-27,RI,RI,197.0
2026-01-03,RI,RI,285.0
2026-01-10,RI,RI,159.0
2026-01-17,RI,RI,83.0
2026-01-24,RI,RI,61.0
2026-01-31,RI,RI,30.0
2026-02-07,RI,RI,24.0
2026-02-14,RI,RI,14.0
2026-02-21,RI,RI,21.0
2026-02-28,RI,RI,23.0
2026-03-07,RI,RI,17.0
2026-03-14,RI,RI,14.0
2026-03-21,RI,RI,11.0
2026-03-28,RI,RI,11.0
2026-04-04,RI,RI,16.0
2026-04-11,RI,RI,18.0
2026-04-18,RI,RI,11.0
2026-04-25,RI,RI,4.0
2026-05-02,RI,RI,4.0
2026-05-09,RI,RI,6.0
2026-05-16,RI,RI,10.0
2026-05-23,RI,RI,4.0
2023-10-07,Region 1,Region 1,27.0
2023-10-14,Region 1,Region 1,29.0
2023-10-21,Region 1,Region 1,20.0
2023-10-28,Region 1,Region 1,42.0
2023-11-04,Region 1,Region 1,48.0
2023-11-11,Region 1,Region 1,48.0
2023-11-18,Region 1,Region 1,72.0
2023-11-25,Region 1,Region 1,128.0
2023-12-02,Region 1,Region 1,183.0
2023-12-09,Region 1,Region 1,267.0
2023-12-16,Region 1,Region 1,436.0
2023-12-23,Region 1,Region 1,534.0
2023-12-30,Region 1,Region 1,932.0
2024-01-06,Region 1,Region 1,1006.0
2024-01-13,Region 1,Region 1,860.0
2024-01-20,Region 1,Region 1,677.0
2024-01-27,Region 1,Region 1,665.0
2024-02-03,Region 1,Region 1,708.0
2024-02-10,Region 1,Region 1,748.0
2024-02-17,Region 1,Region 1,829.0
2024-02-24,Region 1,Region 1,815.0
2024-03-02,Region 1,Region 1,909.0
2024-03-09,Region 1,Region 1,715.0
2024-03-16,Region 1,Region 1,546.0
2024-03-23,Region 1,Region 1,412.0
2024-03-30,Region 1,Region 1,396.0
2024-04-06,Region 1,Region 1,388.0
2024-04-13,Region 1,Region 1,306.0
2024-04-20,Region 1,Region 1,238.0
2024-04-27,Region 1,Region 1,167.0
2024-05-04,Region 1,Region 1,113.0
2024-05-11,Region 1,Region 1,82.0
2024-05-18,Region 1,Region 1,14.0
2024-05-25,Region 1,Region 1,13.0
2024-06-01,Region 1,Region 1,11.0
2024-06-08,Region 1,Region 1,6.0
2024-06-15,Region 1,Region 1,5.0
2024-06-22,Region 1,Region 1,4.0
2024-06-29,Region 1,Region 1,2.0
2024-07-06,Region 1,Region 1,8.0
2024-07-13,Region 1,Region 1,7.0
2024-07-20,Region 1,Region 1,4.0
2024-07-27,Region 1,Region 1,1.0
2024-08-03,Region 1,Region 1,5.0
2024-08-10,Region 1,Region 1,3.0
2024-08-17,Region 1,Region 1,3.0
2024-08-24,Region 1,Region 1,6.0
2024-08-31,Region 1,Region 1,3.0
2024-09-07,Region 1,Region 1,5.0
2024-09-14,Region 1,Region 1,2.0
2024-09-21,Region 1,Region 1,1.0
2024-09-28,Region 1,Region 1,3.0
2020-10-17,Region 3,Region 3,0.0
2020-10-24,Region 3,Region 3,5.0
2020-10-31,Region 3,Region 3,30.0
2020-11-07,Region 3,Region 3,39.0
2020-11-14,Region 3,Region 3,30.0
2020-11-21,Region 3,Region 3,39.0
2020-11-28,Region 3,Region 3,43.0
2020-12-05,Region 3,Region 3,52.0
2020-12-12,Region 3,Region 3,40.0
2020-12-19,Region 3,Region 3,37.0
2020-12-26,Region 3,Region 3,55.0
2021-01-02,Region 3,Region 3,59.0
2021-01-09,Region 3,Region 3,62.0
2021-01-16,Region 3,Region 3,75.0
2021-01-23,Region 3,Region 3,52.0
2021-01-30,Region 3,Region 3,33.0
2021-02-06,Region 3,Region 3,37.0
2021-02-13,Region 3,Region 3,45.0
2021-02-20,Region 3,Region 3,33.0
2021-02-27,Region 3,Region 3,42.0
2021-03-06,Region 3,Region 3,39.0
2021-03-13,Region 3,Region 3,27.0
2021-03-20,Region 3,Region 3,34.0
2021-03-27,Region 3,Region 3,37.0
2021-04-03,Region 3,Region 3,27.0
2021-04-10,Region 3,Region 3,34.0
2021-04-17,Region 3,Region 3,31.0
2021-04-24,Region 3,Region 3,47.0
2021-05-01,Region 3,Region 3,28.0
2021-05-08,Region 3,Region 3,43.0
2021-05-15,Region 3,Region 3,32.0
2021-05-22,Region 3,Region 3,28.0
2021-05-29,Region 3,Region 3,32.0
2021-06-05,Region 3,Region 3,25.0
2021-06-12,Region 3,Region 3,29.0
2021-06-19,Region 3,Region 3,33.0
2021-06-26,Region 3,Region 3,31.0
2021-07-03,Region 3,Region 3,26.0
2021-07-10,Region 3,Region 3,29.0
2021-07-17,Region 3,Region 3,23.0
2021-07-24,Region 3,Region 3,34.0
2021-07-31,Region 3,Region 3,35.0
2021-08-07,Region 3,Region 3,33.0
2021-08-14,Region 3,Region 3,31.0
2021-08-21,Region 3,Region 3,33.0
2021-08-28,Region 3,Region 3,17.0
2021-09-04,Region 3,Region 3,25.0
2021-09-11,Region 3,Region 3,20.0
2021-09-18,Region 3,Region 3,29.0
2021-09-25,Region 3,Region 3,22.0
2021-10-02,Region 3,Region 3,29.0
2020-08-08,SC,SC,0.0
2020-08-15,SC,SC,0.0
2020-08-22,SC,SC,0.0
2020-08-29,SC,SC,0.0
2020-09-05,SC,SC,0.0
2020-09-12,SC,SC,0.0
2020-09-19,SC,SC,0.0
2020-09-26,SC,SC,0.0
2024-10-05,USA,USA,286.0
2024-10-12,USA,USA,295.0
2024-10-19,USA,USA,556.0
2024-10-26,USA,USA,1087.0
2024-11-02,USA,USA,1017.0
2024-11-09,USA,USA,2177.0
2024-11-16,USA,USA,2615.0
2024-11-23,USA,USA,3281.0
2024-11-30,USA,USA,4436.0
2024-12-07,USA,USA,6518.0
2024-12-14,USA,USA,9592.0
2024-12-21,USA,USA,16124.0
2024-12-28,USA,USA,28650.0
2025-01-04,USA,USA,39645.0
2025-01-11,USA,USA,31855.0
2025-01-18,USA,USA,33712.0
2025-01-25,USA,USA,41454.0
2025-02-01,USA,USA,52607.0
2025-02-08,USA,USA,55624.0
2025-02-15,USA,USA,47895.0
2025-02-22,USA,USA,39387.0
2025-03-01,USA,USA,31961.0
2025-03-08,USA,USA,24724.0
2025-03-15,USA,USA,18864.0
2025-03-22,USA,USA,14043.0
2025-03-29,USA,USA,9976.0
2025-04-05,USA,USA,6989.0
2025-04-12,USA,USA,5066.0
2025-04-19,USA,USA,3971.0
2025-04-26,USA,USA,3314.0
2025-05-03,USA,USA,2545.0
2025-05-10,USA,USA,2183.0
2025-05-17,USA,USA,1899.0
2025-05-24,USA,USA,1745.0
2025-05-31,USA,USA,1850.0
2025-06-07,USA,USA,1534.0
2025-06-14,USA,USA,1519.0
2025-06-21,USA,USA,1362.0
2025-06-28,USA,USA,1159.0
2025-07-05,USA,USA,1005.0
2025-07-12,USA,USA,971.0
2025-07-19,USA,USA,861.0
2025-07-26,USA,USA,891.0
2025-08-02,USA,USA,798.0
2025-08-09,USA,USA,762.0
2025-08-16,USA,USA,774.0
2025-08-23,USA,USA,800.0
2025-08-30,USA,USA,909.0
2025-09-06,USA,USA,979.0
2025-09-13,USA,USA,1012.0
2025-09-20,USA,USA,904.0
2025-09-27,USA,USA,1024.0
2023-10-07,VA,VA,49.0
2023-10-14,VA,VA,54.0
2023-10-21,VA,VA,72.0
2023-10-28,VA,VA,61.0
2023-11-04,VA,VA,51.0
2023-11-11,VA,VA,92.0
2023-11-18,VA,VA,100.0
2023-11-25,VA,VA,115.0
2023-12-02,VA,VA,143.0
2023-12-09,VA,VA,157.0
2023-12-16,VA,VA,229.0
2023-12-23,VA,VA,419.0
2023-12-30,VA,VA,731.0
2024-01-06,VA,VA,538.0
2024-01-13,VA,VA,381.0
2024-01-20,VA,VA,302.0
2024-01-27,VA,VA,262.0
2024-02-03,VA,VA,184.0
2024-02-10,VA,VA,174.0
2024-02-17,VA,VA,195.0
2024-02-24,VA,VA,207.0
2024-03-02,VA,VA,219.0
2024-03-09,VA,VA,196.0
2024-03-16,VA,VA,134.0
2024-03-23,VA,VA,135.0
2024-03-30,VA,VA,111.0
2024-04-06,VA,VA,157.0
2024-04-13,VA,VA,110.0
2024-04-20,VA,VA,79.0
2024-04-27,VA,VA,58.0
2024-05-04,VA,VA,58.0
2024-05-11,VA,VA,39.0
2024-05-18,VA,VA,39.0
2024-05-25,VA,VA,32.0
2024-06-01,VA,VA,45.0
2024-06-08,VA,VA,24.0
2024-06-15,VA,VA,40.0
2024-06-22,VA,VA,25.0
2024-06-29,VA,VA,20.0
2024-07-06,VA,VA,18.0
2024-07-13,VA,VA,25.0
2024-07-20,VA,VA,16.0
2024-07-27,VA,VA,20.0
2024-08-03,VA,VA,11.0
2024-08-10,VA,VA,24.0
2024-08-17,VA,VA,14.0
2024-08-24,VA,VA,14.0
2024-08-31,VA,VA,19.0
2024-09-07,VA,VA,15.0
2024-09-14,VA,VA,24.0
2024-09-21,VA,VA,4.0
2024-09-28,VA,VA,4.0
2021-10-09,WV,WV,2.0
2021-10-16,WV,WV,0.0
2021-10-23,WV,WV,2.0
2021-10-30,WV,WV,0.0
2021-11-06,WV,WV,0.0
2021-11-13,WV,WV,3.0
2021-11-20,WV,WV,0.0
2021-11-27,WV,WV,2.0
2021-12-04,WV,WV,4.0
2021-12-11,WV,WV,28.0
2021-12-18,WV,WV,4.0
2021-12-25,WV,WV,17.0
2022-01-01,WV,WV,17.0
2022-01-08,WV,WV,12.0
2022-01-15,WV,WV,4.0
2022-01-22,WV,WV,7.0
2022-01-29,WV,WV,2.0
2022-02-05,WV,WV,7.0
2022-02-12,WV,WV,2.0
2022-02-19,WV,WV,4.0
2022-02-26,WV,WV,8.0
2022-03-05,WV,WV,21.0
2022-03-12,WV,WV,21.0
2022-03-19,WV,WV,43.0
2022-03-26,WV,WV,19.0
2022-04-02,WV,WV,37.0
2022-04-09,WV,WV,36.0
2022-04-16,WV,WV,43.0
2022-04-23,WV,WV,39.0
2022-04-30,WV,WV,35.0
2022-05-07,WV,WV,18.0
2022-05-14,WV,WV,16.0
2022-05-21,WV,WV,12.0
2022-05-28,WV,WV,5.0
2022-06-04,WV,WV,5.0
2022-06-11,WV,WV,12.0
2022-06-18,WV,WV,6.0
2022-06-25,WV,WV,5.0
2022-07-02,WV,WV,1.0
2022-07-09,WV,WV,6.0
2022-07-16,WV,WV,6.0
2022-07-23,WV,WV,1.0
2022-07-30,WV,WV,0.0
2022-08-06,WV,WV,0.0
2022-08-13,WV,WV,0.0
2022-08-20,WV,WV,1.0
2022-08-27,WV,WV,0.0
2022-09-03,WV,WV,0.0
2022-09-10,WV,WV,0.0
2022-09-17,WV,WV,1.0
2022-09-24,WV,WV,1.0
2022-10-01,WV,WV,1.0
2020-10-17,AK,AK,0.0
2020-10-24,AK,AK,0.0
2020-10-31,AK,AK,0.0
2020-11-07,AK,AK,0.0
2020-11-14,AK,AK,0.0
2020-11-21,AK,AK,0.0
2020-11-28,AK,AK,0.0
2020-12-05,AK,AK,2.0
2020-12-12,AK,AK,4.0
2020-12-19,AK,AK,7.0
2020-12-26,AK,AK,1.0
2021-01-02,AK,AK,0.0
2021-01-09,AK,AK,0.0
2021-01-16,AK,AK,0.0
2021-01-23,AK,AK,0.0
2021-01-30,AK,AK,0.0
2021-02-06,AK,AK,0.0
2021-02-13,AK,AK,0.0
2021-02-20,AK,AK,0.0
2021-02-27,AK,AK,0.0
2021-03-06,AK,AK,0.0
2021-03-13,AK,AK,0.0
2021-03-20,AK,AK,0.0
2021-03-27,AK,AK,0.0
2021-04-03,AK,AK,0.0
2021-04-10,AK,AK,0.0
2021-04-17,AK,AK,3.0
2021-04-24,AK,AK,7.0
2021-05-01,AK,AK,7.0
2021-05-08,AK,AK,7.0
2021-05-15,AK,AK,7.0
2021-05-22,AK,AK,7.0
2021-05-29,AK,AK,8.0
2021-06-05,AK,AK,7.0
2021-06-12,AK,AK,7.0
2021-06-19,AK,AK,7.0
2021-06-26,AK,AK,7.0
2021-07-03,AK,AK,7.0
2021-07-10,AK,AK,7.0
2021-07-17,AK,AK,7.0
2021-07-24,AK,AK,8.0
2021-07-31,AK,AK,7.0
2021-08-07,AK,AK,7.0
2021-08-14,AK,AK,7.0
2021-08-21,AK,AK,7.0
2021-08-28,AK,AK,7.0
2021-09-04,AK,AK,7.0
2021-09-11,AK,AK,7.0
2021-09-18,AK,AK,7.0
2021-09-25,AK,AK,7.0
2021-10-02,AK,AK,5.0
2024-10-05,AK,AK,1.0
2024-10-12,AK,AK,1.0
2024-10-19,AK,AK,1.0
2024-10-26,AK,AK,3.0
2024-11-02,AK,AK,8.0
2024-11-09,AK,AK,6.0
2024-11-16,AK,AK,9.0
2024-11-23,AK,AK,7.0
2024-11-30,AK,AK,10.0
2024-12-07,AK,AK,18.0
2024-12-14,AK,AK,27.0
2024-12-21,AK,AK,22.0
2024-12-28,AK,AK,35.0
2025-01-04,AK,AK,64.0
2025-01-11,AK,AK,45.0
2025-01-18,AK,AK,33.0
2025-01-25,AK,AK,29.0
2025-02-01,AK,AK,30.0
2025-02-08,AK,AK,26.0
2025-02-15,AK,AK,53.0
2025-02-22,AK,AK,52.0
2025-03-01,AK,AK,57.0
2025-03-08,AK,AK,62.0
2025-03-15,AK,AK,31.0
2025-03-22,AK,AK,26.0
2025-03-29,AK,AK,32.0
2025-04-05,AK,AK,17.0
2025-04-12,AK,AK,16.0
2025-04-19,AK,AK,12.0
2025-04-26,AK,AK,9.0
2025-05-03,AK,AK,9.0
2025-05-10,AK,AK,5.0
2025-05-17,AK,AK,6.0
2025-05-24,AK,AK,10.0
2025-05-31,AK,AK,8.0
2025-06-07,AK,AK,11.0
2025-06-14,AK,AK,11.0
2025-06-21,AK,AK,17.0
2025-06-28,AK,AK,5.0
2025-07-05,AK,AK,4.0
2025-07-12,AK,AK,2.0
2025-07-19,AK,AK,6.0
2025-07-26,AK,AK,4.0
2025-08-02,AK,AK,2.0
2025-08-09,AK,AK,2.0
2025-08-16,AK,AK,4.0
2025-08-23,AK,AK,2.0
2025-08-30,AK,AK,2.0
2025-09-06,AK,AK,3.0
2025-09-13,AK,AK,12.0
2025-09-20,AK,AK,1.0
2025-09-27,AK,AK,1.0
2021-10-09,AR,AR,3.0
2021-10-16,AR,AR,4.0
2021-10-23,AR,AR,3.0
2021-10-30,AR,AR,3.0
2021-11-06,AR,AR,3.0
2021-11-13,AR,AR,6.0
2021-11-20,AR,AR,9.0
2021-11-27,AR,AR,2.0
2021-12-04,AR,AR,12.0
2021-12-11,AR,AR,11.0
2021-12-18,AR,AR,13.0
2021-12-25,AR,AR,11.0
2022-01-01,AR,AR,28.0
2022-01-08,AR,AR,35.0
2022-01-15,AR,AR,30.0
2022-01-22,AR,AR,19.0
2022-01-29,AR,AR,13.0
2022-02-05,AR,AR,16.0
2022-02-12,AR,AR,23.0
2022-02-19,AR,AR,22.0
2022-02-26,AR,AR,37.0
2022-03-05,AR,AR,57.0
2022-03-12,AR,AR,60.0
2022-03-19,AR,AR,62.0
2022-03-26,AR,AR,74.0
2022-04-02,AR,AR,56.0
2022-04-09,AR,AR,74.0
2022-04-16,AR,AR,43.0
2022-04-23,AR,AR,34.0
2022-04-30,AR,AR,33.0
2022-05-07,AR,AR,17.0
2022-05-14,AR,AR,28.0
2022-05-21,AR,AR,15.0
2022-05-28,AR,AR,14.0
2022-06-04,AR,AR,17.0
2022-06-11,AR,AR,19.0
2022-06-18,AR,AR,10.0
2022-06-25,AR,AR,16.0
2022-07-02,AR,AR,8.0
2022-07-09,AR,AR,5.0
2022-07-16,AR,AR,19.0
2022-07-23,AR,AR,10.0
2022-07-30,AR,AR,1.0
2022-08-06,AR,AR,3.0
2022-08-13,AR,AR,7.0
2022-08-20,AR,AR,3.0
2022-08-27,AR,AR,3.0
2022-09-03,AR,AR,6.0
2022-09-10,AR,AR,6.0
2022-09-17,AR,AR,5.0
2022-09-24,AR,AR,7.0
2022-10-01,AR,AR,10.0
2024-10-05,DC,DC,0.0
2024-10-12,DC,DC,0.0
2024-10-19,DC,DC,0.0
2024-10-26,DC,DC,0.0
2024-11-02,DC,DC,1.0
2024-11-09,DC,DC,2.0
2024-11-16,DC,DC,1.0
2024-11-23,DC,DC,8.0
2024-11-30,DC,DC,5.0
2024-12-07,DC,DC,2.0
2024-12-14,DC,DC,4.0
2024-12-21,DC,DC,16.0
2024-12-28,DC,DC,38.0
2025-01-04,DC,DC,96.0
2025-01-11,DC,DC,44.0
2025-01-18,DC,DC,58.0
2025-01-25,DC,DC,207.0
2025-02-01,DC,DC,197.0
2025-02-08,DC,DC,259.0
2025-02-15,DC,DC,83.0
2025-02-22,DC,DC,102.0
2025-03-01,DC,DC,120.0
2025-03-08,DC,DC,103.0
2025-03-15,DC,DC,81.0
2025-03-22,DC,DC,67.0
2025-03-29,DC,DC,69.0
2025-04-05,DC,DC,28.0
2025-04-12,DC,DC,8.0
2025-04-19,DC,DC,7.0
2025-04-26,DC,DC,7.0
2025-05-03,DC,DC,4.0
2025-05-10,DC,DC,6.0
2025-05-17,DC,DC,2.0
2025-05-24,DC,DC,2.0
2025-05-31,DC,DC,5.0
2025-06-07,DC,DC,4.0
2025-06-14,DC,DC,2.0
2025-06-21,DC,DC,1.0
2025-06-28,DC,DC,2.0
2025-07-05,DC,DC,0.0
2025-07-12,DC,DC,0.0
2025-07-19,DC,DC,2.0
2025-07-26,DC,DC,0.0
2025-08-02,DC,DC,0.0
2025-08-09,DC,DC,2.0
2025-08-16,DC,DC,1.0
2025-08-23,DC,DC,0.0
2025-08-30,DC,DC,1.0
2025-09-06,DC,DC,0.0
2025-09-13,DC,DC,0.0
2025-09-20,DC,DC,0.0
2025-09-27,DC,DC,1.0
2020-10-03,GA,GA,0.0
2020-10-10,GA,GA,0.0
2020-10-17,GA,GA,1.0
2020-10-24,GA,GA,8.0
2020-10-31,GA,GA,18.0
2020-11-07,GA,GA,14.0
2020-11-14,GA,GA,34.0
2020-11-21,GA,GA,30.0
2020-11-28,GA,GA,10.0
2020-12-05,GA,GA,13.0
2020-12-12,GA,GA,19.0
2020-12-19,GA,GA,20.0
2020-12-26,GA,GA,21.0
2021-01-02,GA,GA,36.0
2021-01-09,GA,GA,22.0
2021-01-16,GA,GA,40.0
2021-01-23,GA,GA,25.0
2021-01-30,GA,GA,33.0
2021-02-06,GA,GA,16.0
2021-02-13,GA,GA,30.0
2021-02-20,GA,GA,33.0
2021-02-27,GA,GA,18.0
2021-03-06,GA,GA,12.0
2021-03-13,GA,GA,14.0
2021-03-20,GA,GA,39.0
2021-03-27,GA,GA,26.0
2021-04-03,GA,GA,23.0
2021-04-10,GA,GA,8.0
2021-04-17,GA,GA,17.0
2021-04-24,GA,GA,20.0
2021-05-01,GA,GA,14.0
2021-05-08,GA,GA,24.0
2021-05-15,GA,GA,7.0
2021-05-22,GA,GA,16.0
2021-05-29,GA,GA,8.0
2021-06-05,GA,GA,9.0
2021-06-12,GA,GA,9.0
2021-06-19,GA,GA,7.0
2021-06-26,GA,GA,3.0
2021-07-03,GA,GA,8.0
2021-07-10,GA,GA,4.0
2021-07-17,GA,GA,4.0
2021-07-24,GA,GA,15.0
2021-07-31,GA,GA,11.0
2021-08-07,GA,GA,16.0
2021-08-14,GA,GA,10.0
2021-08-21,GA,GA,15.0
2021-08-28,GA,GA,12.0
2021-09-04,GA,GA,28.0
2021-09-11,GA,GA,36.0
2021-09-18,GA,GA,21.0
2021-09-25,GA,GA,24.0
2021-10-02,GA,GA,27.0
2022-10-08,IA,IA,6.0
2022-10-15,IA,IA,7.0
2022-10-22,IA,IA,9.0
2022-10-29,IA,IA,15.0
2022-11-05,IA,IA,16.0
2022-11-12,IA,IA,20.0
2022-11-19,IA,IA,37.0
2022-11-26,IA,IA,104.0
2022-12-03,IA,IA,208.0
2022-12-10,IA,IA,231.0
2022-12-17,IA,IA,325.0
2022-12-24,IA,IA,328.0
2022-12-31,IA,IA,320.0
2023-01-07,IA,IA,218.0
2023-01-14,IA,IA,96.0
2023-01-21,IA,IA,43.0
2023-01-28,IA,IA,47.0
2023-02-04,IA,IA,13.0
2023-02-11,IA,IA,15.0
2023-02-18,IA,IA,9.0
2023-02-25,IA,IA,11.0
2023-03-04,IA,IA,6.0
2023-03-11,IA,IA,12.0
2023-03-18,IA,IA,7.0
2023-03-25,IA,IA,7.0
2023-04-01,IA,IA,4.0
2023-04-08,IA,IA,2.0
2023-04-15,IA,IA,5.0
2023-04-22,IA,IA,0.0
2023-04-29,IA,IA,12.0
2023-05-06,IA,IA,5.0
2023-05-13,IA,IA,5.0
2023-05-20,IA,IA,3.0
2023-05-27,IA,IA,4.0
2023-06-03,IA,IA,0.0
2023-06-10,IA,IA,4.0
2023-06-17,IA,IA,2.0
2023-06-24,IA,IA,1.0
2023-07-01,IA,IA,2.0
2023-07-08,IA,IA,2.0
2023-07-15,IA,IA,0.0
2023-07-22,IA,IA,2.0
2023-07-29,IA,IA,0.0
2023-08-05,IA,IA,1.0
2023-08-12,IA,IA,0.0
2023-08-19,IA,IA,2.0
2023-08-26,IA,IA,2.0
2023-09-02,IA,IA,4.0
2023-09-09,IA,IA,1.0
2023-09-16,IA,IA,0.0
2023-09-23,IA,IA,0.0
2023-09-30,IA,IA,4.0
2021-10-09,IL,IL,0.0
2021-10-16,IL,IL,4.0
2021-10-23,IL,IL,2.0
2021-10-30,IL,IL,3.0
2021-11-06,IL,IL,2.0
2021-11-13,IL,IL,1.0
2021-11-20,IL,IL,5.0
2021-11-27,IL,IL,6.0
2021-12-04,IL,IL,17.0
2021-12-11,IL,IL,24.0
2021-12-18,IL,IL,26.0
2021-12-25,IL,IL,28.0
2022-01-01,IL,IL,42.0
2022-01-08,IL,IL,26.0
2022-01-15,IL,IL,41.0
2022-01-22,IL,IL,15.0
2022-01-29,IL,IL,7.0
2022-02-05,IL,IL,10.0
2022-02-12,IL,IL,8.0
2022-02-19,IL,IL,22.0
2022-02-26,IL,IL,26.0
2022-03-05,IL,IL,21.0
2022-03-12,IL,IL,33.0
2022-03-19,IL,IL,58.0
2022-03-26,IL,IL,106.0
2022-04-02,IL,IL,88.0
2022-04-09,IL,IL,105.0
2022-04-16,IL,IL,78.0
2022-04-23,IL,IL,105.0
2022-04-30,IL,IL,97.0
2022-05-07,IL,IL,108.0
2022-05-14,IL,IL,123.0
2022-05-21,IL,IL,96.0
2022-05-28,IL,IL,49.0
2022-06-04,IL,IL,41.0
2022-06-11,IL,IL,16.0
2022-06-18,IL,IL,23.0
2022-06-25,IL,IL,19.0
2022-07-02,IL,IL,7.0
2022-07-09,IL,IL,10.0
2022-07-16,IL,IL,11.0
2022-07-23,IL,IL,4.0
2022-07-30,IL,IL,9.0
2022-08-06,IL,IL,13.0
2022-08-13,IL,IL,11.0
2022-08-20,IL,IL,12.0
2022-08-27,IL,IL,16.0
2022-09-03,IL,IL,10.0
2022-09-10,IL,IL,5.0
2022-09-17,IL,IL,4.0
2022-09-24,IL,IL,15.0
2022-10-01,IL,IL,10.0
2022-10-08,IL,IL,12.0
2022-10-15,IL,IL,28.0
2022-10-22,IL,IL,39.0
2022-10-29,IL,IL,106.0
2022-11-05,IL,IL,154.0
2022-11-12,IL,IL,253.0
2022-11-19,IL,IL,386.0
2022-11-26,IL,IL,797.0
2022-12-03,IL,IL,1097.0
2022-12-10,IL,IL,945.0
2022-12-17,IL,IL,730.0
2022-12-24,IL,IL,578.0
2022-12-31,IL,IL,555.0
2023-01-07,IL,IL,433.0
2023-01-14,IL,IL,173.0
2023-01-21,IL,IL,68.0
2023-01-28,IL,IL,73.0
2023-02-04,IL,IL,28.0
2023-02-11,IL,IL,31.0
2023-02-18,IL,IL,28.0
2023-02-25,IL,IL,31.0
2023-03-04,IL,IL,24.0
2023-03-11,IL,IL,16.0
2023-03-18,IL,IL,12.0
2023-03-25,IL,IL,30.0
2023-04-01,IL,IL,37.0
2023-04-08,IL,IL,25.0
2023-04-15,IL,IL,37.0
2023-04-22,IL,IL,25.0
2023-04-29,IL,IL,19.0
2023-05-06,IL,IL,24.0
2023-05-13,IL,IL,30.0
2023-05-20,IL,IL,25.0
2023-05-27,IL,IL,37.0
2023-06-03,IL,IL,22.0
2023-06-10,IL,IL,21.0
2023-06-17,IL,IL,20.0
2023-06-24,IL,IL,13.0
2023-07-01,IL,IL,8.0
2023-07-08,IL,IL,11.0
2023-07-15,IL,IL,10.0
2023-07-22,IL,IL,12.0
2023-07-29,IL,IL,10.0
2023-08-05,IL,IL,12.0
2023-08-12,IL,IL,13.0
2023-08-19,IL,IL,9.0
2023-08-26,IL,IL,12.0
2023-09-02,IL,IL,9.0
2023-09-09,IL,IL,15.0
2023-09-16,IL,IL,18.0
2023-09-23,IL,IL,20.0
2023-09-30,IL,IL,18.0
2020-10-24,IN,IN,0.0
2020-10-31,IN,IN,0.0
2020-11-07,IN,IN,6.0
2020-11-14,IN,IN,8.0
2020-11-21,IN,IN,8.0
2020-11-28,IN,IN,5.0
2020-12-05,IN,IN,3.0
2020-12-12,IN,IN,6.0
2020-12-19,IN,IN,11.0
2020-12-26,IN,IN,6.0
2021-01-02,IN,IN,4.0
2021-01-09,IN,IN,6.0
2021-01-16,IN,IN,5.0
2021-01-23,IN,IN,8.0
2021-01-30,IN,IN,6.0
2021-02-06,IN,IN,10.0
2021-02-13,IN,IN,8.0
2021-02-20,IN,IN,6.0
2021-02-27,IN,IN,1.0
2021-03-06,IN,IN,3.0
2021-03-13,IN,IN,3.0
2021-03-20,IN,IN,3.0
2021-03-27,IN,IN,8.0
2021-04-03,IN,IN,55.0
2021-04-10,IN,IN,11.0
2021-04-17,IN,IN,11.0
2021-04-24,IN,IN,5.0
2021-05-01,IN,IN,3.0
2021-05-08,IN,IN,2.0
2021-05-15,IN,IN,3.0
2021-05-22,IN,IN,4.0
2021-05-29,IN,IN,3.0
2021-06-05,IN,IN,4.0
2021-06-12,IN,IN,0.0
2021-06-19,IN,IN,2.0
2021-06-26,IN,IN,3.0
2021-07-03,IN,IN,2.0
2021-07-10,IN,IN,4.0
2021-07-17,IN,IN,9.0
2021-07-24,IN,IN,11.0
2021-07-31,IN,IN,25.0
2021-08-07,IN,IN,29.0
2021-08-14,IN,IN,25.0
2021-08-21,IN,IN,34.0
2021-08-28,IN,IN,16.0
2021-09-04,IN,IN,22.0
2021-09-11,IN,IN,13.0
2021-09-18,IN,IN,12.0
2021-09-25,IN,IN,15.0
2021-10-02,IN,IN,15.0
2025-10-04,LA,LA,33.0
2025-10-11,LA,LA,36.0
2025-10-18,LA,LA,43.0
2025-10-25,LA,LA,53.0
2025-11-01,LA,LA,44.0
2025-11-08,LA,LA,83.0
2025-11-15,LA,LA,107.0
2025-11-22,LA,LA,117.0
2025-11-29,LA,LA,116.0
2025-12-06,LA,LA,180.0
2025-12-13,LA,LA,248.0
2025-12-20,LA,LA,433.0
2025-12-27,LA,LA,688.0
2026-01-03,LA,LA,662.0
2026-01-10,LA,LA,438.0
2026-01-17,LA,LA,296.0
2026-01-24,LA,LA,334.0
2026-01-31,LA,LA,318.0
2026-02-07,LA,LA,326.0
2026-02-14,LA,LA,425.0
2026-02-21,LA,LA,342.0
2026-02-28,LA,LA,215.0
2026-03-07,LA,LA,186.0
2026-03-14,LA,LA,139.0
2026-03-21,LA,LA,98.0
2026-03-28,LA,LA,38.0
2026-04-04,LA,LA,26.0
2026-04-11,LA,LA,22.0
2026-04-18,LA,LA,20.0
2026-04-25,LA,LA,35.0
2026-05-02,LA,LA,26.0
2026-05-09,LA,LA,20.0
2026-05-16,LA,LA,20.0
2026-05-23,LA,LA,25.0
2021-10-09,ME,ME,0.0
2021-10-16,ME,ME,0.0
2021-10-23,ME,ME,0.0
2021-10-30,ME,ME,0.0
2021-11-06,ME,ME,0.0
2021-11-13,ME,ME,0.0
2021-11-20,ME,ME,0.0
2021-11-27,ME,ME,0.0
2021-12-04,ME,ME,6.0
2021-12-11,ME,ME,2.0
2021-12-18,ME,ME,1.0
2021-12-25,ME,ME,1.0
2022-01-01,ME,ME,2.0
2022-01-08,ME,ME,4.0
2022-01-15,ME,ME,0.0
2022-01-22,ME,ME,0.0
2022-01-29,ME,ME,1.0
2022-02-05,ME,ME,3.0
2022-02-12,ME,ME,5.0
2022-02-19,ME,ME,5.0
2022-02-26,ME,ME,2.0
2022-03-05,ME,ME,2.0
2022-03-12,ME,ME,2.0
2022-03-19,ME,ME,1.0
2022-03-26,ME,ME,3.0
2022-04-02,ME,ME,9.0
2022-04-09,ME,ME,11.0
2022-04-16,ME,ME,15.0
2022-04-23,ME,ME,20.0
2022-04-30,ME,ME,30.0
2022-05-07,ME,ME,8.0
2022-05-14,ME,ME,37.0
2022-05-21,ME,ME,36.0
2022-05-28,ME,ME,15.0
2022-06-04,ME,ME,12.0
2022-06-11,ME,ME,57.0
2022-06-18,ME,ME,3.0
2022-06-25,ME,ME,5.0
2022-07-02,ME,ME,2.0
2022-07-09,ME,ME,1.0
2022-07-16,ME,ME,0.0
2022-07-23,ME,ME,1.0
2022-07-30,ME,ME,0.0
2022-08-06,ME,ME,0.0
2022-08-13,ME,ME,2.0
2022-08-20,ME,ME,0.0
2022-08-27,ME,ME,0.0
2022-09-03,ME,ME,0.0
2022-09-10,ME,ME,0.0
2022-09-17,ME,ME,0.0
2022-09-24,ME,ME,0.0
2022-10-01,ME,ME,0.0
2022-10-08,MI,MI,12.0
2022-10-15,MI,MI,15.0
2022-10-22,MI,MI,12.0
2022-10-29,MI,MI,48.0
2022-11-05,MI,MI,55.0
2022-11-12,MI,MI,88.0
2022-11-19,MI,MI,165.0
2022-11-26,MI,MI,290.0
2022-12-03,MI,MI,459.0
2022-12-10,MI,MI,591.0
2022-12-17,MI,MI,894.0
2022-12-24,MI,MI,1123.0
2022-12-31,MI,MI,1137.0
2023-01-07,MI,MI,714.0
2023-01-14,MI,MI,320.0
2023-01-21,MI,MI,171.0
2023-01-28,MI,MI,84.0
2023-02-04,MI,MI,87.0
2023-02-11,MI,MI,56.0
2023-02-18,MI,MI,60.0
2023-02-25,MI,MI,54.0
2023-03-04,MI,MI,51.0
2023-03-11,MI,MI,36.0
2023-03-18,MI,MI,33.0
2023-03-25,MI,MI,21.0
2023-04-01,MI,MI,17.0
2023-04-08,MI,MI,25.0
2023-04-15,MI,MI,16.0
2023-04-22,MI,MI,8.0
2023-04-29,MI,MI,7.0
2023-05-06,MI,MI,17.0
2023-05-13,MI,MI,17.0
2023-05-20,MI,MI,13.0
2023-05-27,MI,MI,18.0
2023-06-03,MI,MI,14.0
2023-06-10,MI,MI,14.0
2023-06-17,MI,MI,20.0
2023-06-24,MI,MI,14.0
2023-07-01,MI,MI,9.0
2023-07-08,MI,MI,5.0
2023-07-15,MI,MI,3.0
2023-07-22,MI,MI,3.0
2023-07-29,MI,MI,4.0
2023-08-05,MI,MI,4.0
2023-08-12,MI,MI,11.0
2023-08-19,MI,MI,18.0
2023-08-26,MI,MI,10.0
2023-09-02,MI,MI,12.0
2023-09-09,MI,MI,2.0
2023-09-16,MI,MI,9.0
2023-09-23,MI,MI,17.0
2023-09-30,MI,MI,12.0
2021-10-09,NC,NC,8.0
2021-10-16,NC,NC,25.0
2021-10-23,NC,NC,34.0
2021-10-30,NC,NC,38.0
2021-11-06,NC,NC,51.0
2021-11-13,NC,NC,3.0
2021-11-20,NC,NC,3.0
2021-11-27,NC,NC,18.0
2021-12-04,NC,NC,19.0
2021-12-11,NC,NC,36.0
2021-12-18,NC,NC,41.0
2021-12-25,NC,NC,92.0
2022-01-01,NC,NC,162.0
2022-01-08,NC,NC,180.0
2022-01-15,NC,NC,128.0
2022-01-22,NC,NC,47.0
2022-01-29,NC,NC,25.0
2022-02-05,NC,NC,48.0
2022-02-12,NC,NC,25.0
2022-02-19,NC,NC,34.0
2022-02-26,NC,NC,33.0
2022-03-05,NC,NC,44.0
2022-03-12,NC,NC,55.0
2022-03-19,NC,NC,14.0
2022-03-26,NC,NC,23.0
2022-04-02,NC,NC,28.0
2022-04-09,NC,NC,35.0
2022-04-16,NC,NC,57.0
2022-04-23,NC,NC,45.0
2022-04-30,NC,NC,63.0
2022-05-07,NC,NC,51.0
2022-05-14,NC,NC,37.0
2022-05-21,NC,NC,45.0
2022-05-28,NC,NC,40.0
2022-06-04,NC,NC,22.0
2022-06-11,NC,NC,43.0
2022-06-18,NC,NC,59.0
2022-06-25,NC,NC,58.0
2022-07-02,NC,NC,38.0
2022-07-09,NC,NC,15.0
2022-07-16,NC,NC,41.0
2022-07-23,NC,NC,38.0
2022-07-30,NC,NC,11.0
2022-08-06,NC,NC,1.0
2022-08-13,NC,NC,9.0
2022-08-20,NC,NC,12.0
2022-08-27,NC,NC,11.0
2022-09-03,NC,NC,6.0
2022-09-10,NC,NC,13.0
2022-09-17,NC,NC,17.0
2022-09-24,NC,NC,11.0
2022-10-01,NC,NC,21.0
2024-10-05,ND,ND,0.0
2024-10-12,ND,ND,1.0
2024-10-19,ND,ND,0.0
2024-10-26,ND,ND,0.0
2024-11-02,ND,ND,2.0
2024-11-09,ND,ND,0.0
2024-11-16,ND,ND,1.0
2024-11-23,ND,ND,3.0
2024-11-30,ND,ND,1.0
2024-12-07,ND,ND,2.0
2024-12-14,ND,ND,5.0
2024-12-21,ND,ND,8.0
2024-12-28,ND,ND,22.0
2025-01-04,ND,ND,56.0
2025-01-11,ND,ND,38.0
2025-01-18,ND,ND,61.0
2025-01-25,ND,ND,89.0
2025-02-01,ND,ND,104.0
2025-02-08,ND,ND,127.0
2025-02-15,ND,ND,85.0
2025-02-22,ND,ND,65.0
2025-03-01,ND,ND,47.0
2025-03-08,ND,ND,32.0
2025-03-15,ND,ND,36.0
2025-03-22,ND,ND,24.0
2025-03-29,ND,ND,25.0
2025-04-05,ND,ND,14.0
2025-04-12,ND,ND,12.0
2025-04-19,ND,ND,14.0
2025-04-26,ND,ND,11.0
2025-05-03,ND,ND,9.0
2025-05-10,ND,ND,5.0
2025-05-17,ND,ND,7.0
2025-05-24,ND,ND,3.0
2025-05-31,ND,ND,1.0
2025-06-07,ND,ND,5.0
2025-06-14,ND,ND,4.0
2025-06-21,ND,ND,3.0
2025-06-28,ND,ND,1.0
2025-07-05,ND,ND,4.0
2025-07-12,ND,ND,0.0
2025-07-19,ND,ND,1.0
2025-07-26,ND,ND,0.0
2025-08-02,ND,ND,2.0
2025-08-09,ND,ND,4.0
2025-08-16,ND,ND,3.0
2025-08-23,ND,ND,0.0
2025-08-30,ND,ND,1.0
2025-09-06,ND,ND,2.0
2025-09-13,ND,ND,4.0
2025-09-20,ND,ND,2.0
2025-09-27,ND,ND,0.0
2021-10-09,NH,NH,0.0
2021-10-16,NH,NH,12.0
2021-10-23,NH,NH,1.0
2021-10-30,NH,NH,0.0
2021-11-06,NH,NH,0.0
2021-11-13,NH,NH,1.0
2021-11-20,NH,NH,0.0
2021-11-27,NH,NH,2.0
2021-12-04,NH,NH,1.0
2021-12-11,NH,NH,3.0
2021-12-18,NH,NH,9.0
2021-12-25,NH,NH,5.0
2022-01-01,NH,NH,6.0
2022-01-08,NH,NH,4.0
2022-01-15,NH,NH,1.0
2022-01-22,NH,NH,2.0
2022-01-29,NH,NH,1.0
2022-02-05,NH,NH,1.0
2022-02-12,NH,NH,9.0
2022-02-19,NH,NH,7.0
2022-02-26,NH,NH,0.0
2022-03-05,NH,NH,2.0
2022-03-12,NH,NH,14.0
2022-03-19,NH,NH,10.0
2022-03-26,NH,NH,7.0
2022-04-02,NH,NH,6.0
2022-04-09,NH,NH,13.0
2022-04-16,NH,NH,17.0
2022-04-23,NH,NH,28.0
2022-04-30,NH,NH,24.0
2022-05-07,NH,NH,21.0
2022-05-14,NH,NH,14.0
2022-05-21,NH,NH,13.0
2022-05-28,NH,NH,6.0
2022-06-04,NH,NH,6.0
2022-06-11,NH,NH,4.0
2022-06-18,NH,NH,1.0
2022-06-25,NH,NH,1.0
2022-07-02,NH,NH,0.0
2022-07-09,NH,NH,1.0
2022-07-16,NH,NH,0.0
2022-07-23,NH,NH,1.0
2022-07-30,NH,NH,1.0
2022-08-06,NH,NH,0.0
2022-08-13,NH,NH,0.0
2022-08-20,NH,NH,0.0
2022-08-27,NH,NH,0.0
2022-09-03,NH,NH,0.0
2022-09-10,NH,NH,0.0
2022-09-17,NH,NH,3.0
2022-09-24,NH,NH,1.0
2022-10-01,NH,NH,1.0
2024-10-05,Region 1,Region 1,4.0
2024-10-12,Region 1,Region 1,0.0
2024-10-19,Region 1,Region 1,6.0
2024-10-26,Region 1,Region 1,6.0
2024-11-02,Region 1,Region 1,16.0
2024-11-09,Region 1,Region 1,53.0
2024-11-16,Region 1,Region 1,33.0
2024-11-23,Region 1,Region 1,70.0
2024-11-30,Region 1,Region 1,108.0
2024-12-07,Region 1,Region 1,137.0
2024-12-14,Region 1,Region 1,220.0
2024-12-21,Region 1,Region 1,266.0
2024-12-28,Region 1,Region 1,613.0
2025-01-04,Region 1,Region 1,1223.0
2025-01-11,Region 1,Region 1,1163.0
2025-01-18,Region 1,Region 1,1361.0
2025-01-25,Region 1,Region 1,1853.0
2025-02-01,Region 1,Region 1,2503.0
2025-02-08,Region 1,Region 1,2987.0
2025-02-15,Region 1,Region 1,2872.0
2025-02-22,Region 1,Region 1,2567.0
2025-03-01,Region 1,Region 1,2141.0
2025-03-08,Region 1,Region 1,1443.0
2025-03-15,Region 1,Region 1,906.0
2025-03-22,Region 1,Region 1,660.0
2025-03-29,Region 1,Region 1,460.0
2025-04-05,Region 1,Region 1,330.0
2025-04-12,Region 1,Region 1,255.0
2025-04-19,Region 1,Region 1,198.0
2025-04-26,Region 1,Region 1,183.0
2025-05-03,Region 1,Region 1,128.0
2025-05-10,Region 1,Region 1,63.0
2025-05-17,Region 1,Region 1,57.0
2025-05-24,Region 1,Region 1,50.0
2025-05-31,Region 1,Region 1,49.0
2025-06-07,Region 1,Region 1,31.0
2025-06-14,Region 1,Region 1,32.0
2025-06-21,Region 1,Region 1,16.0
2025-06-28,Region 1,Region 1,22.0
2025-07-05,Region 1,Region 1,25.0
2025-07-12,Region 1,Region 1,26.0
2025-07-19,Region 1,Region 1,17.0
2025-07-26,Region 1,Region 1,12.0
2025-08-02,Region 1,Region 1,17.0
2025-08-09,Region 1,Region 1,20.0
2025-08-16,Region 1,Region 1,21.0
2025-08-23,Region 1,Region 1,13.0
2025-08-30,Region 1,Region 1,18.0
2025-09-06,Region 1,Region 1,21.0
2025-09-13,Region 1,Region 1,26.0
2025-09-20,Region 1,Region 1,22.0
2025-09-27,Region 1,Region 1,24.0
2020-10-03,Region 9,Region 9,0.0
2020-10-10,Region 9,Region 9,0.0
2020-10-17,Region 9,Region 9,0.0
2020-10-24,Region 9,Region 9,17.0
2020-10-31,Region 9,Region 9,88.0
2020-11-07,Region 9,Region 9,41.0
2020-11-14,Region 9,Region 9,63.0
2020-11-21,Region 9,Region 9,62.0
2020-11-28,Region 9,Region 9,94.0
2020-12-05,Region 9,Region 9,77.0
2020-12-12,Region 9,Region 9,99.0
2020-12-19,Region 9,Region 9,71.0
2020-12-26,Region 9,Region 9,81.0
2021-01-02,Region 9,Region 9,112.0
2021-01-09,Region 9,Region 9,93.0
2021-01-16,Region 9,Region 9,72.0
2021-01-23,Region 9,Region 9,45.0
2021-01-30,Region 9,Region 9,31.0
2021-02-06,Region 9,Region 9,26.0
2021-02-13,Region 9,Region 9,28.0
2021-02-20,Region 9,Region 9,25.0
2021-02-27,Region 9,Region 9,34.0
2021-03-06,Region 9,Region 9,29.0
2021-03-13,Region 9,Region 9,27.0
2021-03-20,Region 9,Region 9,16.0
2021-03-27,Region 9,Region 9,19.0
2021-04-03,Region 9,Region 9,13.0
2021-04-10,Region 9,Region 9,14.0
2021-04-17,Region 9,Region 9,20.0
2021-04-24,Region 9,Region 9,23.0
2021-05-01,Region 9,Region 9,42.0
2021-05-08,Region 9,Region 9,17.0
2021-05-15,Region 9,Region 9,9.0
2021-05-22,Region 9,Region 9,18.0
2021-05-29,Region 9,Region 9,11.0
2021-06-05,Region 9,Region 9,8.0
2021-06-12,Region 9,Region 9,10.0
2021-06-19,Region 9,Region 9,21.0
2021-06-26,Region 9,Region 9,11.0
2021-07-03,Region 9,Region 9,9.0
2021-07-10,Region 9,Region 9,13.0
2021-07-17,Region 9,Region 9,11.0
2021-07-24,Region 9,Region 9,12.0
2021-07-31,Region 9,Region 9,7.0
2021-08-07,Region 9,Region 9,16.0
2021-08-14,Region 9,Region 9,25.0
2021-08-21,Region 9,Region 9,17.0
2021-08-28,Region 9,Region 9,17.0
2021-09-04,Region 9,Region 9,9.0
2021-09-11,Region 9,Region 9,9.0
2021-09-18,Region 9,Region 9,11.0
2021-09-25,Region 9,Region 9,12.0
2021-10-02,Region 9,Region 9,18.0
2022-10-08,TX,TX,213.0
2022-10-15,TX,TX,305.0
2022-10-22,TX,TX,460.0
2022-10-29,TX,TX,699.0
2022-11-05,TX,TX,953.0
2022-11-12,TX,TX,1106.0
2022-11-19,TX,TX,1168.0
2022-11-26,TX,TX,1796.0
2022-12-03,TX,TX,2179.0
2022-12-10,TX,TX,1775.0
2022-12-17,TX,TX,1533.0
2022-12-24,TX,TX,1301.0
2022-12-31,TX,TX,1410.0
2023-01-07,TX,TX,1246.0
2023-01-14,TX,TX,763.0
2023-01-21,TX,TX,490.0
2023-01-28,TX,TX,347.0
2023-02-04,TX,TX,281.0
2023-02-11,TX,TX,270.0
2023-02-18,TX,TX,241.0
2023-02-25,TX,TX,208.0
2023-03-04,TX,TX,171.0
2023-03-11,TX,TX,157.0
2023-03-18,TX,TX,159.0
2023-03-25,TX,TX,131.0
2023-04-01,TX,TX,156.0
2023-04-08,TX,TX,128.0
2023-04-15,TX,TX,126.0
2023-04-22,TX,TX,100.0
2023-04-29,TX,TX,110.0
2023-05-06,TX,TX,197.0
2023-05-13,TX,TX,98.0
2023-05-20,TX,TX,97.0
2023-05-27,TX,TX,106.0
2023-06-03,TX,TX,83.0
2023-06-10,TX,TX,75.0
2023-06-17,TX,TX,100.0
2023-06-24,TX,TX,109.0
2023-07-01,TX,TX,87.0
2023-07-08,TX,TX,79.0
2023-07-15,TX,TX,96.0
2023-07-22,TX,TX,86.0
2023-07-29,TX,TX,90.0
2023-08-05,TX,TX,109.0
2023-08-12,TX,TX,118.0
2023-08-19,TX,TX,122.0
2023-08-26,TX,TX,110.0
2023-09-02,TX,TX,126.0
2023-09-09,TX,TX,109.0
2023-09-16,TX,TX,128.0
2023-09-23,TX,TX,102.0
2023-09-30,TX,TX,118.0
2023-10-07,WV,WV,2.0
2023-10-14,WV,WV,3.0
2023-10-21,WV,WV,3.0
2023-10-28,WV,WV,4.0
2023-11-04,WV,WV,7.0
2023-11-11,WV,WV,14.0
2023-11-18,WV,WV,8.0
2023-11-25,WV,WV,13.0
2023-12-02,WV,WV,17.0
2023-12-09,WV,WV,20.0
2023-12-16,WV,WV,33.0
2023-12-23,WV,WV,82.0
2023-12-30,WV,WV,153.0
2024-01-06,WV,WV,169.0
2024-01-13,WV,WV,136.0
2024-01-20,WV,WV,145.0
2024-01-27,WV,WV,136.0
2024-02-03,WV,WV,127.0
2024-02-10,WV,WV,131.0
2024-02-17,WV,WV,184.0
2024-02-24,WV,WV,163.0
2024-03-02,WV,WV,181.0
2024-03-09,WV,WV,143.0
2024-03-16,WV,WV,101.0
2024-03-23,WV,WV,80.0
2024-03-30,WV,WV,71.0
2024-04-06,WV,WV,68.0
2024-04-13,WV,WV,22.0
2024-04-20,WV,WV,13.0
2024-04-27,WV,WV,22.0
2024-05-04,WV,WV,7.0
2024-05-11,WV,WV,0.0
2024-05-18,WV,WV,0.0
2024-05-25,WV,WV,0.0
2024-06-01,WV,WV,0.0
2024-06-08,WV,WV,0.0
2024-06-15,WV,WV,0.0
2024-06-22,WV,WV,0.0
2024-06-29,WV,WV,0.0
2024-07-06,WV,WV,0.0
2024-07-13,WV,WV,0.0
2024-07-20,WV,WV,0.0
2024-07-27,WV,WV,0.0
2024-08-03,WV,WV,0.0
2024-08-10,WV,WV,0.0
2024-08-17,WV,WV,0.0
2024-08-24,WV,WV,0.0
2024-08-31,WV,WV,0.0
2020-10-24,AL,AL,3.0
2020-10-31,AL,AL,18.0
2020-11-07,AL,AL,21.0
2020-11-14,AL,AL,25.0
2020-11-21,AL,AL,11.0
2020-11-28,AL,AL,17.0
2020-12-05,AL,AL,12.0
2020-12-12,AL,AL,6.0
2020-12-19,AL,AL,35.0
2020-12-26,AL,AL,19.0
2021-01-02,AL,AL,20.0
2021-01-09,AL,AL,33.0
2021-01-16,AL,AL,42.0
2021-01-23,AL,AL,22.0
2021-01-30,AL,AL,46.0
2021-02-06,AL,AL,37.0
2021-02-13,AL,AL,33.0
2021-02-20,AL,AL,29.0
2021-02-27,AL,AL,31.0
2021-03-06,AL,AL,29.0
2021-03-13,AL,AL,23.0
2021-03-20,AL,AL,28.0
2021-03-27,AL,AL,18.0
2021-04-03,AL,AL,10.0
2021-04-10,AL,AL,13.0
2021-04-17,AL,AL,11.0
2021-04-24,AL,AL,32.0
2021-05-01,AL,AL,20.0
2021-05-08,AL,AL,14.0
2021-05-15,AL,AL,19.0
2021-05-22,AL,AL,16.0
2021-05-29,AL,AL,15.0
2021-06-05,AL,AL,18.0
2021-06-12,AL,AL,22.0
2021-06-19,AL,AL,8.0
2021-06-26,AL,AL,7.0
2021-07-03,AL,AL,17.0
2021-07-10,AL,AL,7.0
2021-07-17,AL,AL,18.0
2021-07-24,AL,AL,14.0
2021-07-31,AL,AL,45.0
2021-08-07,AL,AL,29.0
2021-08-14,AL,AL,22.0
2021-08-21,AL,AL,30.0
2021-08-28,AL,AL,41.0
2021-09-04,AL,AL,47.0
2021-09-11,AL,AL,30.0
2021-09-18,AL,AL,30.0
2021-09-25,AL,AL,15.0
2021-10-02,AL,AL,7.0
2021-10-09,AZ,AZ,17.0
2021-10-16,AZ,AZ,24.0
2021-10-23,AZ,AZ,5.0
2021-10-30,AZ,AZ,1.0
2021-11-06,AZ,AZ,5.0
2021-11-13,AZ,AZ,2.0
2021-11-20,AZ,AZ,4.0
2021-11-27,AZ,AZ,11.0
2021-12-04,AZ,AZ,19.0
2021-12-11,AZ,AZ,26.0
2021-12-18,AZ,AZ,36.0
2021-12-25,AZ,AZ,54.0
2022-01-01,AZ,AZ,387.0
2022-01-08,AZ,AZ,316.0
2022-01-15,AZ,AZ,23.0
2022-01-22,AZ,AZ,23.0
2022-01-29,AZ,AZ,20.0
2022-02-05,AZ,AZ,35.0
2022-02-12,AZ,AZ,53.0
2022-02-19,AZ,AZ,56.0
2022-02-26,AZ,AZ,80.0
2022-03-05,AZ,AZ,80.0
2022-03-12,AZ,AZ,79.0
2022-03-19,AZ,AZ,104.0
2022-03-26,AZ,AZ,120.0
2022-04-02,AZ,AZ,99.0
2022-04-09,AZ,AZ,116.0
2022-04-16,AZ,AZ,93.0
2022-04-23,AZ,AZ,131.0
2022-04-30,AZ,AZ,156.0
2022-05-07,AZ,AZ,170.0
2022-05-14,AZ,AZ,194.0
2022-05-21,AZ,AZ,225.0
2022-05-28,AZ,AZ,199.0
2022-06-04,AZ,AZ,209.0
2022-06-11,AZ,AZ,93.0
2022-06-18,AZ,AZ,55.0
2022-06-25,AZ,AZ,35.0
2022-07-02,AZ,AZ,16.0
2022-07-09,AZ,AZ,14.0
2022-07-16,AZ,AZ,9.0
2022-07-23,AZ,AZ,13.0
2022-07-30,AZ,AZ,15.0
2022-08-06,AZ,AZ,5.0
2022-08-13,AZ,AZ,8.0
2022-08-20,AZ,AZ,14.0
2022-08-27,AZ,AZ,16.0
2022-09-03,AZ,AZ,14.0
2022-09-10,AZ,AZ,4.0
2022-09-17,AZ,AZ,7.0
2022-09-24,AZ,AZ,9.0
2022-10-01,AZ,AZ,10.0
2024-10-05,CO,CO,3.0
2024-10-12,CO,CO,0.0
2024-10-19,CO,CO,2.0
2024-10-26,CO,CO,14.0
2024-11-02,CO,CO,25.0
2024-11-09,CO,CO,20.0
2024-11-16,CO,CO,29.0
2024-11-23,CO,CO,31.0
2024-11-30,CO,CO,67.0
2024-12-07,CO,CO,90.0
2024-12-14,CO,CO,129.0
2024-12-21,CO,CO,179.0
2024-12-28,CO,CO,475.0
2025-01-04,CO,CO,760.0
2025-01-11,CO,CO,499.0
2025-01-18,CO,CO,441.0
2025-01-25,CO,CO,456.0
2025-02-01,CO,CO,543.0
2025-02-08,CO,CO,622.0
2025-02-15,CO,CO,583.0
2025-02-22,CO,CO,484.0
2025-03-01,CO,CO,381.0
2025-03-08,CO,CO,311.0
2025-03-15,CO,CO,215.0
2025-03-22,CO,CO,162.0
2025-03-29,CO,CO,121.0
2025-04-05,CO,CO,86.0
2025-04-12,CO,CO,62.0
2025-04-19,CO,CO,40.0
2025-04-26,CO,CO,42.0
2025-05-03,CO,CO,30.0
2025-05-10,CO,CO,36.0
2025-05-17,CO,CO,19.0
2025-05-24,CO,CO,15.0
2025-05-31,CO,CO,19.0
2025-06-07,CO,CO,20.0
2025-06-14,CO,CO,17.0
2025-06-21,CO,CO,4.0
2025-06-28,CO,CO,4.0
2025-07-05,CO,CO,5.0
2025-07-12,CO,CO,8.0
2025-07-19,CO,CO,4.0
2025-07-26,CO,CO,2.0
2025-08-02,CO,CO,3.0
2025-08-09,CO,CO,5.0
2025-08-16,CO,CO,3.0
2025-08-23,CO,CO,0.0
2025-08-30,CO,CO,4.0
2025-09-06,CO,CO,3.0
2025-09-13,CO,CO,1.0
2025-09-20,CO,CO,4.0
2025-09-27,CO,CO,9.0
2024-10-05,FL,FL,53.0
2024-10-12,FL,FL,17.0
2024-10-19,FL,FL,134.0
2024-10-26,FL,FL,114.0
2024-11-02,FL,FL,114.0
2024-11-09,FL,FL,365.0
2024-11-16,FL,FL,386.0
2024-11-23,FL,FL,443.0
2024-11-30,FL,FL,612.0
2024-12-07,FL,FL,714.0
2024-12-14,FL,FL,891.0
2024-12-21,FL,FL,1261.0
2024-12-28,FL,FL,2077.0
2025-01-04,FL,FL,2871.0
2025-01-11,FL,FL,2454.0
2025-01-18,FL,FL,2708.0
2025-01-25,FL,FL,3241.0
2025-02-01,FL,FL,3787.0
2025-02-08,FL,FL,3349.0
2025-02-15,FL,FL,2614.0
2025-02-22,FL,FL,2076.0
2025-03-01,FL,FL,1630.0
2025-03-08,FL,FL,1322.0
2025-03-15,FL,FL,1107.0
2025-03-22,FL,FL,920.0
2025-03-29,FL,FL,724.0
2025-04-05,FL,FL,591.0
2025-04-12,FL,FL,409.0
2025-04-19,FL,FL,343.0
2025-04-26,FL,FL,268.0
2025-05-03,FL,FL,241.0
2025-05-10,FL,FL,239.0
2025-05-17,FL,FL,219.0
2025-05-24,FL,FL,215.0
2025-05-31,FL,FL,232.0
2025-06-07,FL,FL,212.0
2025-06-14,FL,FL,227.0
2025-06-21,FL,FL,217.0
2025-06-28,FL,FL,193.0
2025-07-05,FL,FL,181.0
2025-07-12,FL,FL,177.0
2025-07-19,FL,FL,170.0
2025-07-26,FL,FL,173.0
2025-08-02,FL,FL,151.0
2025-08-09,FL,FL,132.0
2025-08-16,FL,FL,139.0
2025-08-23,FL,FL,124.0
2025-08-30,FL,FL,187.0
2025-09-06,FL,FL,185.0
2025-09-13,FL,FL,145.0
2025-09-20,FL,FL,150.0
2025-09-27,FL,FL,181.0
2020-09-05,GA,GA,0.0
2020-09-12,GA,GA,0.0
2020-09-19,GA,GA,0.0
2020-09-26,GA,GA,0.0
2025-10-04,IA,IA,1.0
2025-10-11,IA,IA,4.0
2025-10-18,IA,IA,1.0
2025-10-25,IA,IA,1.0
2025-11-01,IA,IA,3.0
2025-11-08,IA,IA,9.0
2025-11-15,IA,IA,8.0
2025-11-22,IA,IA,5.0
2025-11-29,IA,IA,19.0
2025-12-06,IA,IA,22.0
2025-12-13,IA,IA,30.0
2025-12-20,IA,IA,90.0
2025-12-27,IA,IA,263.0
2026-01-03,IA,IA,382.0
2026-01-10,IA,IA,280.0
2026-01-17,IA,IA,261.0
2026-01-24,IA,IA,241.0
2026-01-31,IA,IA,223.0
2026-02-07,IA,IA,231.0
2026-02-14,IA,IA,222.0
2026-02-21,IA,IA,199.0
2026-02-28,IA,IA,119.0
2026-03-07,IA,IA,77.0
2026-03-14,IA,IA,112.0
2026-03-21,IA,IA,68.0
2026-03-28,IA,IA,28.0
2026-04-04,IA,IA,20.0
2026-04-11,IA,IA,17.0
2026-04-18,IA,IA,16.0
2026-04-25,IA,IA,17.0
2026-05-02,IA,IA,12.0
2026-05-09,IA,IA,4.0
2026-05-16,IA,IA,4.0
2026-05-23,IA,IA,3.0
2021-10-09,MD,MD,0.0
2021-10-16,MD,MD,4.0
2021-10-23,MD,MD,4.0
2021-10-30,MD,MD,7.0
2021-11-06,MD,MD,3.0
2021-11-13,MD,MD,6.0
2021-11-20,MD,MD,3.0
2021-11-27,MD,MD,4.0
2021-12-04,MD,MD,7.0
2021-12-11,MD,MD,3.0
2021-12-18,MD,MD,27.0
2021-12-25,MD,MD,29.0
2022-01-01,MD,MD,11.0
2022-01-08,MD,MD,9.0
2022-01-15,MD,MD,16.0
2022-01-22,MD,MD,3.0
2022-01-29,MD,MD,6.0
2022-02-05,MD,MD,8.0
2022-02-12,MD,MD,6.0
2022-02-19,MD,MD,13.0
2022-02-26,MD,MD,15.0
2022-03-05,MD,MD,23.0
2022-03-12,MD,MD,16.0
2022-03-19,MD,MD,19.0
2022-03-26,MD,MD,30.0
2022-04-02,MD,MD,29.0
2022-04-09,MD,MD,47.0
2022-04-16,MD,MD,51.0
2022-04-23,MD,MD,43.0
2022-04-30,MD,MD,51.0
2022-05-07,MD,MD,46.0
2022-05-14,MD,MD,54.0
2022-05-21,MD,MD,45.0
2022-05-28,MD,MD,29.0
2022-06-04,MD,MD,17.0
2022-06-11,MD,MD,17.0
2022-06-18,MD,MD,21.0
2022-06-25,MD,MD,20.0
2022-07-02,MD,MD,13.0
2022-07-09,MD,MD,12.0
2022-07-16,MD,MD,7.0
2022-07-23,MD,MD,3.0
2022-07-30,MD,MD,3.0
2022-08-06,MD,MD,2.0
2022-08-13,MD,MD,5.0
2022-08-20,MD,MD,6.0
2022-08-27,MD,MD,4.0
2022-09-03,MD,MD,0.0
2022-09-10,MD,MD,3.0
2022-09-17,MD,MD,8.0
2022-09-24,MD,MD,3.0
2022-10-01,MD,MD,6.0
2021-10-09,MT,MT,0.0
2021-10-16,MT,MT,0.0
2021-10-23,MT,MT,0.0
2021-10-30,MT,MT,0.0
2021-11-06,MT,MT,0.0
2021-11-13,MT,MT,0.0
2021-11-20,MT,MT,0.0
2021-11-27,MT,MT,0.0
2021-12-04,MT,MT,0.0
2021-12-11,MT,MT,1.0
2021-12-18,MT,MT,2.0
2021-12-25,MT,MT,1.0
2022-01-01,MT,MT,20.0
2022-01-08,MT,MT,21.0
2022-01-15,MT,MT,12.0
2022-01-22,MT,MT,12.0
2022-01-29,MT,MT,7.0
2022-02-05,MT,MT,9.0
2022-02-12,MT,MT,13.0
2022-02-19,MT,MT,7.0
2022-02-26,MT,MT,16.0
2022-03-05,MT,MT,21.0
2022-03-12,MT,MT,14.0
2022-03-19,MT,MT,16.0
2022-03-26,MT,MT,19.0
2022-04-02,MT,MT,38.0
2022-04-09,MT,MT,19.0
2022-04-16,MT,MT,14.0
2022-04-23,MT,MT,21.0
2022-04-30,MT,MT,18.0
2022-05-07,MT,MT,20.0
2022-05-14,MT,MT,9.0
2022-05-21,MT,MT,11.0
2022-05-28,MT,MT,14.0
2022-06-04,MT,MT,23.0
2022-06-11,MT,MT,10.0
2022-06-18,MT,MT,1.0
2022-06-25,MT,MT,0.0
2022-07-02,MT,MT,4.0
2022-07-09,MT,MT,2.0
2022-07-16,MT,MT,2.0
2022-07-23,MT,MT,0.0
2022-07-30,MT,MT,0.0
2022-08-06,MT,MT,0.0
2022-08-13,MT,MT,0.0
2022-08-20,MT,MT,1.0
2022-08-27,MT,MT,0.0
2022-09-03,MT,MT,0.0
2022-09-10,MT,MT,0.0
2022-09-17,MT,MT,1.0
2022-09-24,MT,MT,0.0
2022-10-01,MT,MT,2.0
2024-10-05,MT,MT,0.0
2024-10-12,MT,MT,0.0
2024-10-19,MT,MT,2.0
2024-10-26,MT,MT,0.0
2024-11-02,MT,MT,0.0
2024-11-09,MT,MT,0.0
2024-11-16,MT,MT,4.0
2024-11-23,MT,MT,1.0
2024-11-30,MT,MT,2.0
2024-12-07,MT,MT,2.0
2024-12-14,MT,MT,6.0
2024-12-21,MT,MT,27.0
2024-12-28,MT,MT,60.0
2025-01-04,MT,MT,71.0
2025-01-11,MT,MT,65.0
2025-01-18,MT,MT,80.0
2025-01-25,MT,MT,68.0
2025-02-01,MT,MT,109.0
2025-02-08,MT,MT,161.0
2025-02-15,MT,MT,159.0
2025-02-22,MT,MT,208.0
2025-03-01,MT,MT,191.0
2025-03-08,MT,MT,159.0
2025-03-15,MT,MT,125.0
2025-03-22,MT,MT,91.0
2025-03-29,MT,MT,59.0
2025-04-05,MT,MT,32.0
2025-04-12,MT,MT,34.0
2025-04-19,MT,MT,22.0
2025-04-26,MT,MT,11.0
2025-05-03,MT,MT,6.0
2025-05-10,MT,MT,0.0
2025-05-17,MT,MT,0.0
2025-05-24,MT,MT,2.0
2025-05-31,MT,MT,4.0
2025-06-07,MT,MT,2.0
2025-06-14,MT,MT,1.0
2025-06-21,MT,MT,2.0
2025-06-28,MT,MT,1.0
2025-07-05,MT,MT,2.0
2025-07-12,MT,MT,3.0
2025-07-19,MT,MT,2.0
2025-07-26,MT,MT,0.0
2025-08-02,MT,MT,0.0
2025-08-09,MT,MT,1.0
2025-08-16,MT,MT,1.0
2025-08-23,MT,MT,0.0
2025-08-30,MT,MT,3.0
2025-09-06,MT,MT,5.0
2025-09-13,MT,MT,1.0
2025-09-20,MT,MT,0.0
2025-09-27,MT,MT,0.0
2020-10-17,NH,NH,0.0
2020-10-24,NH,NH,0.0
2020-10-31,NH,NH,0.0
2020-11-07,NH,NH,0.0
2020-11-14,NH,NH,0.0
2020-11-21,NH,NH,1.0
2020-11-28,NH,NH,0.0
2020-12-05,NH,NH,0.0
2020-12-12,NH,NH,0.0
2020-12-19,NH,NH,0.0
2020-12-26,NH,NH,0.0
2021-01-02,NH,NH,1.0
2021-01-09,NH,NH,0.0
2021-01-16,NH,NH,0.0
2021-01-23,NH,NH,1.0
2021-01-30,NH,NH,1.0
2021-02-06,NH,NH,0.0
2021-02-13,NH,NH,1.0
2021-02-20,NH,NH,1.0
2021-02-27,NH,NH,0.0
2021-03-06,NH,NH,0.0
2021-03-13,NH,NH,0.0
2021-03-20,NH,NH,0.0
2021-03-27,NH,NH,0.0
2021-04-03,NH,NH,0.0
2021-04-10,NH,NH,1.0
2021-04-17,NH,NH,1.0
2021-04-24,NH,NH,1.0
2021-05-01,NH,NH,0.0
2021-05-08,NH,NH,3.0
2021-05-15,NH,NH,0.0
2021-05-22,NH,NH,0.0
2021-05-29,NH,NH,0.0
2021-06-05,NH,NH,0.0
2021-06-12,NH,NH,0.0
2021-06-19,NH,NH,0.0
2021-06-26,NH,NH,0.0
2021-07-03,NH,NH,0.0
2021-07-10,NH,NH,0.0
2021-07-17,NH,NH,0.0
2021-07-24,NH,NH,0.0
2021-07-31,NH,NH,0.0
2021-08-07,NH,NH,0.0
2021-08-14,NH,NH,0.0
2021-08-21,NH,NH,0.0
2021-08-28,NH,NH,0.0
2021-09-04,NH,NH,0.0
2021-09-11,NH,NH,0.0
2021-09-18,NH,NH,0.0
2021-09-25,NH,NH,0.0
2021-10-02,NH,NH,1.0
2020-10-03,NY,NY,0.0
2020-10-10,NY,NY,0.0
2020-10-17,NY,NY,0.0
2020-10-24,NY,NY,6.0
2020-10-31,NY,NY,12.0
2020-11-07,NY,NY,10.0
2020-11-14,NY,NY,11.0
2020-11-21,NY,NY,19.0
2020-11-28,NY,NY,20.0
2020-12-05,NY,NY,21.0
2020-12-12,NY,NY,31.0
2020-12-19,NY,NY,36.0
2020-12-26,NY,NY,37.0
2021-01-02,NY,NY,21.0
2021-01-09,NY,NY,11.0
2021-01-16,NY,NY,18.0
2021-01-23,NY,NY,19.0
2021-01-30,NY,NY,23.0
2021-02-06,NY,NY,20.0
2021-02-13,NY,NY,13.0
2021-02-20,NY,NY,21.0
2021-02-27,NY,NY,10.0
2021-03-06,NY,NY,14.0
2021-03-13,NY,NY,17.0
2021-03-20,NY,NY,11.0
2021-03-27,NY,NY,13.0
2021-04-03,NY,NY,24.0
2021-04-10,NY,NY,27.0
2021-04-17,NY,NY,21.0
2021-04-24,NY,NY,21.0
2021-05-01,NY,NY,16.0
2021-05-08,NY,NY,12.0
2021-05-15,NY,NY,9.0
2021-05-22,NY,NY,23.0
2021-05-29,NY,NY,15.0
2021-06-05,NY,NY,14.0
2021-06-12,NY,NY,6.0
2021-06-19,NY,NY,2.0
2021-06-26,NY,NY,0.0
2021-07-03,NY,NY,2.0
2021-07-10,NY,NY,1.0
2021-07-17,NY,NY,3.0
2021-07-24,NY,NY,1.0
2021-07-31,NY,NY,0.0
2021-08-07,NY,NY,7.0
2021-08-14,NY,NY,7.0
2021-08-21,NY,NY,8.0
2021-08-28,NY,NY,7.0
2021-09-04,NY,NY,8.0
2021-09-11,NY,NY,8.0
2021-09-18,NY,NY,8.0
2021-09-25,NY,NY,9.0
2021-10-02,NY,NY,8.0
2020-10-24,PR,PR,16.0
2020-10-31,PR,PR,22.0
2020-11-07,PR,PR,11.0
2020-11-14,PR,PR,18.0
2020-11-21,PR,PR,30.0
2020-11-28,PR,PR,37.0
2020-12-05,PR,PR,15.0
2020-12-12,PR,PR,22.0
2020-12-19,PR,PR,28.0
2020-12-26,PR,PR,10.0
2021-01-02,PR,PR,7.0
2021-01-09,PR,PR,16.0
2021-01-16,PR,PR,20.0
2021-01-23,PR,PR,15.0
2021-01-30,PR,PR,26.0
2021-02-06,PR,PR,16.0
2021-02-13,PR,PR,13.0
2021-02-20,PR,PR,16.0
2021-02-27,PR,PR,17.0
2021-03-06,PR,PR,30.0
2021-03-13,PR,PR,36.0
2021-03-20,PR,PR,44.0
2021-03-27,PR,PR,28.0
2021-04-03,PR,PR,12.0
2021-04-10,PR,PR,27.0
2021-04-17,PR,PR,28.0
2021-04-24,PR,PR,25.0
2021-05-01,PR,PR,46.0
2021-05-08,PR,PR,24.0
2021-05-15,PR,PR,13.0
2021-05-22,PR,PR,14.0
2021-05-29,PR,PR,6.0
2021-06-05,PR,PR,5.0
2021-06-12,PR,PR,9.0
2021-06-19,PR,PR,16.0
2021-06-26,PR,PR,19.0
2021-07-03,PR,PR,18.0
2021-07-10,PR,PR,21.0
2021-07-17,PR,PR,13.0
2021-07-24,PR,PR,19.0
2021-07-31,PR,PR,12.0
2021-08-07,PR,PR,23.0
2021-08-14,PR,PR,21.0
2021-08-21,PR,PR,27.0
2021-08-28,PR,PR,33.0
2021-09-04,PR,PR,23.0
2021-09-11,PR,PR,20.0
2021-09-18,PR,PR,29.0
2021-09-25,PR,PR,17.0
2021-10-02,PR,PR,22.0
2021-10-09,Region 2,Region 2,36.0
2021-10-16,Region 2,Region 2,24.0
2021-10-23,Region 2,Region 2,40.0
2021-10-30,Region 2,Region 2,27.0
2021-11-06,Region 2,Region 2,46.0
2021-11-13,Region 2,Region 2,45.0
2021-11-20,Region 2,Region 2,54.0
2021-11-27,Region 2,Region 2,73.0
2021-12-04,Region 2,Region 2,105.0
2021-12-11,Region 2,Region 2,149.0
2021-12-18,Region 2,Region 2,170.0
2021-12-25,Region 2,Region 2,132.0
2022-01-01,Region 2,Region 2,138.0
2022-01-08,Region 2,Region 2,90.0
2022-01-15,Region 2,Region 2,82.0
2022-01-22,Region 2,Region 2,63.0
2022-01-29,Region 2,Region 2,50.0
2022-02-05,Region 2,Region 2,38.0
2022-02-12,Region 2,Region 2,58.0
2022-02-19,Region 2,Region 2,68.0
2022-02-26,Region 2,Region 2,64.0
2022-03-05,Region 2,Region 2,96.0
2022-03-12,Region 2,Region 2,104.0
2022-03-19,Region 2,Region 2,146.0
2022-03-26,Region 2,Region 2,176.0
2022-04-02,Region 2,Region 2,269.0
2022-04-09,Region 2,Region 2,362.0
2022-04-16,Region 2,Region 2,421.0
2022-04-23,Region 2,Region 2,475.0
2022-04-30,Region 2,Region 2,435.0
2022-05-07,Region 2,Region 2,378.0
2022-05-14,Region 2,Region 2,310.0
2022-05-21,Region 2,Region 2,292.0
2022-05-28,Region 2,Region 2,253.0
2022-06-04,Region 2,Region 2,204.0
2022-06-11,Region 2,Region 2,165.0
2022-06-18,Region 2,Region 2,161.0
2022-06-25,Region 2,Region 2,104.0
2022-07-02,Region 2,Region 2,80.0
2022-07-09,Region 2,Region 2,64.0
2022-07-16,Region 2,Region 2,70.0
2022-07-23,Region 2,Region 2,31.0
2022-07-30,Region 2,Region 2,41.0
2022-08-06,Region 2,Region 2,37.0
2022-08-13,Region 2,Region 2,43.0
2022-08-20,Region 2,Region 2,36.0
2022-08-27,Region 2,Region 2,56.0
2022-09-03,Region 2,Region 2,54.0
2022-09-10,Region 2,Region 2,59.0
2022-09-17,Region 2,Region 2,69.0
2022-09-24,Region 2,Region 2,71.0
2022-10-01,Region 2,Region 2,94.0
2020-10-03,Region 5,Region 5,0.0
2020-10-10,Region 5,Region 5,0.0
2020-10-17,Region 5,Region 5,0.0
2020-10-24,Region 5,Region 5,10.0
2020-10-31,Region 5,Region 5,18.0
2020-11-07,Region 5,Region 5,35.0
2020-11-14,Region 5,Region 5,60.0
2020-11-21,Region 5,Region 5,39.0
2020-11-28,Region 5,Region 5,30.0
2020-12-05,Region 5,Region 5,25.0
2020-12-12,Region 5,Region 5,21.0
2020-12-19,Region 5,Region 5,32.0
2020-12-26,Region 5,Region 5,36.0
2021-01-02,Region 5,Region 5,38.0
2021-01-09,Region 5,Region 5,34.0
2021-01-16,Region 5,Region 5,24.0
2021-01-23,Region 5,Region 5,21.0
2021-01-30,Region 5,Region 5,33.0
2021-02-06,Region 5,Region 5,31.0
2021-02-13,Region 5,Region 5,19.0
2021-02-20,Region 5,Region 5,37.0
2021-02-27,Region 5,Region 5,28.0
2021-03-06,Region 5,Region 5,39.0
2021-03-13,Region 5,Region 5,21.0
2021-03-20,Region 5,Region 5,10.0
2021-03-27,Region 5,Region 5,17.0
2021-04-03,Region 5,Region 5,71.0
2021-04-10,Region 5,Region 5,24.0
2021-04-17,Region 5,Region 5,39.0
2021-04-24,Region 5,Region 5,22.0
2021-05-01,Region 5,Region 5,18.0
2021-05-08,Region 5,Region 5,6.0
2021-05-15,Region 5,Region 5,11.0
2021-05-22,Region 5,Region 5,8.0
2021-05-29,Region 5,Region 5,13.0
2021-06-05,Region 5,Region 5,10.0
2021-06-12,Region 5,Region 5,5.0
2021-06-19,Region 5,Region 5,9.0
2021-06-26,Region 5,Region 5,7.0
2021-07-03,Region 5,Region 5,8.0
2021-07-10,Region 5,Region 5,9.0
2021-07-17,Region 5,Region 5,15.0
2021-07-24,Region 5,Region 5,17.0
2021-07-31,Region 5,Region 5,37.0
2021-08-07,Region 5,Region 5,67.0
2021-08-14,Region 5,Region 5,36.0
2021-08-21,Region 5,Region 5,42.0
2021-08-28,Region 5,Region 5,21.0
2021-09-04,Region 5,Region 5,26.0
2021-09-11,Region 5,Region 5,18.0
2021-09-18,Region 5,Region 5,21.0
2021-09-25,Region 5,Region 5,30.0
2021-10-02,Region 5,Region 5,34.0
2022-10-08,Region 6,Region 6,333.0
2022-10-15,Region 6,Region 6,477.0
2022-10-22,Region 6,Region 6,692.0
2022-10-29,Region 6,Region 6,1121.0
2022-11-05,Region 6,Region 6,1442.0
2022-11-12,Region 6,Region 6,1756.0
2022-11-19,Region 6,Region 6,1930.0
2022-11-26,Region 6,Region 6,3043.0
2022-12-03,Region 6,Region 6,4213.0
2022-12-10,Region 6,Region 6,3717.0
2022-12-17,Region 6,Region 6,3069.0
2022-12-24,Region 6,Region 6,2695.0
2022-12-31,Region 6,Region 6,2773.0
2023-01-07,Region 6,Region 6,2254.0
2023-01-14,Region 6,Region 6,1279.0
2023-01-21,Region 6,Region 6,835.0
2023-01-28,Region 6,Region 6,548.0
2023-02-04,Region 6,Region 6,490.0
2023-02-11,Region 6,Region 6,415.0
2023-02-18,Region 6,Region 6,347.0
2023-02-25,Region 6,Region 6,304.0
2023-03-04,Region 6,Region 6,277.0
2023-03-11,Region 6,Region 6,226.0
2023-03-18,Region 6,Region 6,223.0
2023-03-25,Region 6,Region 6,198.0
2023-04-01,Region 6,Region 6,239.0
2023-04-08,Region 6,Region 6,185.0
2023-04-15,Region 6,Region 6,180.0
2023-04-22,Region 6,Region 6,152.0
2023-04-29,Region 6,Region 6,164.0
2023-05-06,Region 6,Region 6,227.0
2023-05-13,Region 6,Region 6,144.0
2023-05-20,Region 6,Region 6,150.0
2023-05-27,Region 6,Region 6,154.0
2023-06-03,Region 6,Region 6,117.0
2023-06-10,Region 6,Region 6,101.0
2023-06-17,Region 6,Region 6,131.0
2023-06-24,Region 6,Region 6,139.0
2023-07-01,Region 6,Region 6,122.0
2023-07-08,Region 6,Region 6,109.0
2023-07-15,Region 6,Region 6,118.0
2023-07-22,Region 6,Region 6,113.0
2023-07-29,Region 6,Region 6,121.0
2023-08-05,Region 6,Region 6,139.0
2023-08-12,Region 6,Region 6,147.0
2023-08-19,Region 6,Region 6,163.0
2023-08-26,Region 6,Region 6,144.0
2023-09-02,Region 6,Region 6,164.0
2023-09-09,Region 6,Region 6,148.0
2023-09-16,Region 6,Region 6,175.0
2023-09-23,Region 6,Region 6,146.0
2023-09-30,Region 6,Region 6,175.0
2021-10-09,VA,VA,12.0
2021-10-16,VA,VA,9.0
2021-10-23,VA,VA,16.0
2021-10-30,VA,VA,10.0
2021-11-06,VA,VA,6.0
2021-11-13,VA,VA,15.0
2021-11-20,VA,VA,14.0
2021-11-27,VA,VA,23.0
2021-12-04,VA,VA,33.0
2021-12-11,VA,VA,33.0
2021-12-18,VA,VA,35.0
2021-12-25,VA,VA,35.0
2022-01-01,VA,VA,50.0
2022-01-08,VA,VA,48.0
2022-01-15,VA,VA,37.0
2022-01-22,VA,VA,44.0
2022-01-29,VA,VA,40.0
2022-02-05,VA,VA,38.0
2022-02-12,VA,VA,34.0
2022-02-19,VA,VA,31.0
2022-02-26,VA,VA,27.0
2022-03-05,VA,VA,27.0
2022-03-12,VA,VA,18.0
2022-03-19,VA,VA,32.0
2022-03-26,VA,VA,35.0
2022-04-02,VA,VA,39.0
2022-04-09,VA,VA,35.0
2022-04-16,VA,VA,51.0
2022-04-23,VA,VA,42.0
2022-04-30,VA,VA,57.0
2022-05-07,VA,VA,44.0
2022-05-14,VA,VA,41.0
2022-05-21,VA,VA,35.0
2022-05-28,VA,VA,35.0
2022-06-04,VA,VA,41.0
2022-06-11,VA,VA,40.0
2022-06-18,VA,VA,29.0
2022-06-25,VA,VA,35.0
2022-07-02,VA,VA,39.0
2022-07-09,VA,VA,20.0
2022-07-16,VA,VA,19.0
2022-07-23,VA,VA,33.0
2022-07-30,VA,VA,27.0
2022-08-06,VA,VA,15.0
2022-08-13,VA,VA,28.0
2022-08-20,VA,VA,16.0
2022-08-27,VA,VA,14.0
2022-09-03,VA,VA,24.0
2022-09-10,VA,VA,20.0
2022-09-17,VA,VA,27.0
2022-09-24,VA,VA,16.0
2022-10-01,VA,VA,29.0
2024-10-05,VA,VA,6.0
2024-10-12,VA,VA,19.0
2024-10-19,VA,VA,15.0
2024-10-26,VA,VA,10.0
2024-11-02,VA,VA,16.0
2024-11-09,VA,VA,26.0
2024-11-16,VA,VA,26.0
2024-11-23,VA,VA,35.0
2024-11-30,VA,VA,46.0
2024-12-07,VA,VA,69.0
2024-12-14,VA,VA,140.0
2024-12-21,VA,VA,192.0
2024-12-28,VA,VA,374.0
2025-01-04,VA,VA,669.0
2025-01-11,VA,VA,464.0
2025-01-18,VA,VA,493.0
2025-01-25,VA,VA,685.0
2025-02-01,VA,VA,1083.0
2025-02-08,VA,VA,1315.0
2025-02-15,VA,VA,1190.0
2025-02-22,VA,VA,909.0
2025-03-01,VA,VA,727.0
2025-03-08,VA,VA,556.0
2025-03-15,VA,VA,514.0
2025-03-22,VA,VA,339.0
2025-03-29,VA,VA,213.0
2025-04-05,VA,VA,153.0
2025-04-12,VA,VA,93.0
2025-04-19,VA,VA,56.0
2025-04-26,VA,VA,54.0
2025-05-03,VA,VA,40.0
2025-05-10,VA,VA,35.0
2025-05-17,VA,VA,16.0
2025-05-24,VA,VA,33.0
2025-05-31,VA,VA,27.0
2025-06-07,VA,VA,20.0
2025-06-14,VA,VA,19.0
2025-06-21,VA,VA,11.0
2025-06-28,VA,VA,12.0
2025-07-05,VA,VA,14.0
2025-07-12,VA,VA,10.0
2025-07-19,VA,VA,5.0
2025-07-26,VA,VA,12.0
2025-08-02,VA,VA,10.0
2025-08-09,VA,VA,10.0
2025-08-16,VA,VA,9.0
2025-08-23,VA,VA,8.0
2025-08-30,VA,VA,9.0
2025-09-06,VA,VA,12.0
2025-09-13,VA,VA,12.0
2025-09-20,VA,VA,12.0
2025-09-27,VA,VA,15.0
2023-10-07,VT,VT,0.0
2023-10-14,VT,VT,0.0
2023-10-21,VT,VT,2.0
2023-10-28,VT,VT,0.0
2023-11-04,VT,VT,0.0
2023-11-11,VT,VT,2.0
2023-11-18,VT,VT,5.0
2023-11-25,VT,VT,3.0
2023-12-02,VT,VT,3.0
2023-12-09,VT,VT,8.0
2023-12-16,VT,VT,8.0
2023-12-23,VT,VT,12.0
2023-12-30,VT,VT,19.0
2024-01-06,VT,VT,15.0
2024-01-13,VT,VT,24.0
2024-01-20,VT,VT,26.0
2024-01-27,VT,VT,21.0
2024-02-03,VT,VT,18.0
2024-02-10,VT,VT,20.0
2024-02-17,VT,VT,21.0
2024-02-24,VT,VT,26.0
2024-03-02,VT,VT,30.0
2024-03-09,VT,VT,29.0
2024-03-16,VT,VT,24.0
2024-03-23,VT,VT,18.0
2024-03-30,VT,VT,15.0
2024-04-06,VT,VT,9.0
2024-04-13,VT,VT,16.0
2024-04-20,VT,VT,10.0
2024-04-27,VT,VT,6.0
2024-05-04,VT,VT,4.0
2024-05-11,VT,VT,0.0
2024-05-18,VT,VT,0.0
2024-05-25,VT,VT,1.0
2024-06-01,VT,VT,1.0
2024-06-08,VT,VT,0.0
2024-06-15,VT,VT,0.0
2024-06-22,VT,VT,0.0
2024-06-29,VT,VT,0.0
2024-07-06,VT,VT,0.0
2024-07-13,VT,VT,0.0
2024-07-20,VT,VT,0.0
2024-07-27,VT,VT,0.0
2024-08-03,VT,VT,0.0
2024-08-10,VT,VT,0.0
2024-08-17,VT,VT,0.0
2024-08-24,VT,VT,0.0
2024-08-31,VT,VT,0.0
2024-09-07,VT,VT,0.0
2024-09-14,VT,VT,0.0
2024-09-21,VT,VT,0.0
2024-09-28,VT,VT,0.0
2023-10-07,GA,GA,34.0
2023-10-14,GA,GA,39.0
2023-10-21,GA,GA,31.0
2023-10-28,GA,GA,40.0
2023-11-04,GA,GA,56.0
2023-11-11,GA,GA,116.0
2023-11-18,GA,GA,133.0
2023-11-25,GA,GA,156.0
2023-12-02,GA,GA,225.0
2023-12-09,GA,GA,261.0
2023-12-16,GA,GA,442.0
2023-12-23,GA,GA,746.0
2023-12-30,GA,GA,1132.0
2024-01-06,GA,GA,758.0
2024-01-13,GA,GA,627.0
2024-01-20,GA,GA,486.0
2024-01-27,GA,GA,455.0
2024-02-03,GA,GA,354.0
2024-02-10,GA,GA,308.0
2024-02-17,GA,GA,259.0
2024-02-24,GA,GA,192.0
2024-03-02,GA,GA,203.0
2024-03-09,GA,GA,156.0
2024-03-16,GA,GA,102.0
2024-03-23,GA,GA,81.0
2024-03-30,GA,GA,64.0
2024-04-06,GA,GA,60.0
2024-04-13,GA,GA,57.0
2024-04-20,GA,GA,40.0
2024-04-27,GA,GA,35.0
2024-05-04,GA,GA,16.0
2024-05-11,GA,GA,7.0
2024-05-18,GA,GA,6.0
2024-05-25,GA,GA,3.0
2024-06-01,GA,GA,5.0
2024-06-08,GA,GA,2.0
2024-06-15,GA,GA,1.0
2024-06-22,GA,GA,2.0
2024-06-29,GA,GA,4.0
2024-07-06,GA,GA,4.0
2024-07-13,GA,GA,0.0
2024-07-20,GA,GA,0.0
2024-07-27,GA,GA,1.0
2024-08-03,GA,GA,3.0
2024-08-10,GA,GA,2.0
2024-08-17,GA,GA,2.0
2024-08-24,GA,GA,2.0
2024-08-31,GA,GA,3.0
2024-09-07,GA,GA,0.0
2024-09-14,GA,GA,3.0
2024-09-21,GA,GA,5.0
2024-09-28,GA,GA,2.0
2024-10-05,ID,ID,0.0
2024-10-12,ID,ID,3.0
2024-10-19,ID,ID,6.0
2024-10-26,ID,ID,1.0
2024-11-02,ID,ID,6.0
2024-11-09,ID,ID,8.0
2024-11-16,ID,ID,12.0
2024-11-23,ID,ID,32.0
2024-11-30,ID,ID,63.0
2024-12-07,ID,ID,78.0
2024-12-14,ID,ID,110.0
2024-12-21,ID,ID,188.0
2024-12-28,ID,ID,333.0
2025-01-04,ID,ID,252.0
2025-01-11,ID,ID,136.0
2025-01-18,ID,ID,125.0
2025-01-25,ID,ID,105.0
2025-02-01,ID,ID,162.0
2025-02-08,ID,ID,175.0
2025-02-15,ID,ID,152.0
2025-02-22,ID,ID,152.0
2025-03-01,ID,ID,124.0
2025-03-08,ID,ID,95.0
2025-03-15,ID,ID,99.0
2025-03-22,ID,ID,83.0
2025-03-29,ID,ID,50.0
2025-04-05,ID,ID,27.0
2025-04-12,ID,ID,27.0
2025-04-19,ID,ID,13.0
2025-04-26,ID,ID,21.0
2025-05-03,ID,ID,16.0
2025-05-10,ID,ID,11.0
2025-05-17,ID,ID,11.0
2025-05-24,ID,ID,11.0
2025-05-31,ID,ID,5.0
2025-06-07,ID,ID,7.0
2025-06-14,ID,ID,9.0
2025-06-21,ID,ID,7.0
2025-06-28,ID,ID,1.0
2025-07-05,ID,ID,5.0
2025-07-12,ID,ID,4.0
2025-07-19,ID,ID,2.0
2025-07-26,ID,ID,2.0
2025-08-02,ID,ID,2.0
2025-08-09,ID,ID,2.0
2025-08-16,ID,ID,1.0
2025-08-23,ID,ID,1.0
2025-08-30,ID,ID,3.0
2025-09-06,ID,ID,0.0
2025-09-13,ID,ID,3.0
2025-09-20,ID,ID,1.0
2025-09-27,ID,ID,0.0
2020-10-17,IL,IL,0.0
2020-10-24,IL,IL,1.0
2020-10-31,IL,IL,3.0
2020-11-07,IL,IL,7.0
2020-11-14,IL,IL,3.0
2020-11-21,IL,IL,5.0
2020-11-28,IL,IL,11.0
2020-12-05,IL,IL,6.0
2020-12-12,IL,IL,2.0
2020-12-19,IL,IL,3.0
2020-12-26,IL,IL,3.0
2021-01-02,IL,IL,8.0
2021-01-09,IL,IL,10.0
2021-01-16,IL,IL,4.0
2021-01-23,IL,IL,1.0
2021-01-30,IL,IL,1.0
2021-02-06,IL,IL,8.0
2021-02-13,IL,IL,1.0
2021-02-20,IL,IL,1.0
2021-02-27,IL,IL,2.0
2021-03-06,IL,IL,2.0
2021-03-13,IL,IL,0.0
2021-03-20,IL,IL,0.0
2021-03-27,IL,IL,2.0
2021-04-03,IL,IL,7.0
2021-04-10,IL,IL,7.0
2021-04-17,IL,IL,3.0
2021-04-24,IL,IL,1.0
2021-05-01,IL,IL,3.0
2021-05-08,IL,IL,1.0
2021-05-15,IL,IL,2.0
2021-05-22,IL,IL,3.0
2021-05-29,IL,IL,2.0
2021-06-05,IL,IL,3.0
2021-06-12,IL,IL,1.0
2021-06-19,IL,IL,3.0
2021-06-26,IL,IL,4.0
2021-07-03,IL,IL,4.0
2021-07-10,IL,IL,5.0
2021-07-17,IL,IL,5.0
2021-07-24,IL,IL,6.0
2021-07-31,IL,IL,6.0
2021-08-07,IL,IL,6.0
2021-08-14,IL,IL,5.0
2021-08-21,IL,IL,4.0
2021-08-28,IL,IL,0.0
2021-09-04,IL,IL,1.0
2021-09-11,IL,IL,1.0
2021-09-18,IL,IL,0.0
2021-09-25,IL,IL,0.0
2021-10-02,IL,IL,1.0
2023-10-07,MN,MN,3.0
2023-10-14,MN,MN,6.0
2023-10-21,MN,MN,4.0
2023-10-28,MN,MN,4.0
2023-11-04,MN,MN,9.0
2023-11-11,MN,MN,18.0
2023-11-18,MN,MN,15.0
2023-11-25,MN,MN,24.0
2023-12-02,MN,MN,34.0
2023-12-09,MN,MN,48.0
2023-12-16,MN,MN,78.0
2023-12-23,MN,MN,110.0
2023-12-30,MN,MN,189.0
2024-01-06,MN,MN,168.0
2024-01-13,MN,MN,161.0
2024-01-20,MN,MN,123.0
2024-01-27,MN,MN,144.0
2024-02-03,MN,MN,150.0
2024-02-10,MN,MN,164.0
2024-02-17,MN,MN,173.0
2024-02-24,MN,MN,158.0
2024-03-02,MN,MN,182.0
2024-03-09,MN,MN,174.0
2024-03-16,MN,MN,164.0
2024-03-23,MN,MN,133.0
2024-03-30,MN,MN,124.0
2024-04-06,MN,MN,111.0
2024-04-13,MN,MN,79.0
2024-04-20,MN,MN,53.0
2024-04-27,MN,MN,39.0
2024-05-04,MN,MN,18.0
2024-05-11,MN,MN,0.0
2024-06-29,MN,MN,0.0
2024-07-06,MN,MN,0.0
2024-07-13,MN,MN,0.0
2024-07-20,MN,MN,0.0
2024-09-07,MN,MN,0.0
2024-09-14,MN,MN,0.0
2024-09-28,MN,MN,0.0
2024-10-12,MN,MN,0.0
2024-10-19,MN,MN,88.0
2024-10-26,MN,MN,0.0
2024-11-02,MN,MN,4.0
2024-11-09,MN,MN,18.0
2024-11-16,MN,MN,8.0
2024-11-23,MN,MN,11.0
2024-11-30,MN,MN,18.0
2024-12-07,MN,MN,40.0
2024-12-14,MN,MN,91.0
2024-12-21,MN,MN,227.0
2024-12-28,MN,MN,543.0
2025-01-04,MN,MN,942.0
2025-01-11,MN,MN,893.0
2025-01-18,MN,MN,923.0
2025-01-25,MN,MN,925.0
2025-02-01,MN,MN,881.0
2025-02-08,MN,MN,716.0
2025-02-15,MN,MN,507.0
2025-02-22,MN,MN,397.0
2025-03-01,MN,MN,296.0
2025-03-08,MN,MN,213.0
2025-03-15,MN,MN,176.0
2025-03-22,MN,MN,197.0
2025-03-29,MN,MN,83.0
2025-04-05,MN,MN,68.0
2025-04-12,MN,MN,59.0
2025-04-19,MN,MN,38.0
2025-04-26,MN,MN,26.0
2025-05-03,MN,MN,31.0
2025-05-10,MN,MN,23.0
2025-05-17,MN,MN,8.0
2025-05-24,MN,MN,9.0
2025-05-31,MN,MN,13.0
2025-06-07,MN,MN,6.0
2025-06-14,MN,MN,12.0
2025-06-21,MN,MN,7.0
2025-06-28,MN,MN,4.0
2025-07-05,MN,MN,7.0
2025-07-12,MN,MN,7.0
2025-07-19,MN,MN,4.0
2025-07-26,MN,MN,4.0
2025-08-02,MN,MN,4.0
2025-08-09,MN,MN,1.0
2025-08-16,MN,MN,0.0
2025-08-23,MN,MN,2.0
2025-08-30,MN,MN,3.0
2025-09-06,MN,MN,2.0
2025-09-13,MN,MN,6.0
2025-09-20,MN,MN,4.0
2025-09-27,MN,MN,2.0
2021-10-09,MO,MO,0.0
2021-10-16,MO,MO,3.0
2021-10-23,MO,MO,0.0
2021-10-30,MO,MO,6.0
2021-11-06,MO,MO,7.0
2021-11-13,MO,MO,8.0
2021-11-20,MO,MO,5.0
2021-11-27,MO,MO,14.0
2021-12-04,MO,MO,26.0
2021-12-11,MO,MO,37.0
2021-12-18,MO,MO,44.0
2021-12-25,MO,MO,78.0
2022-01-01,MO,MO,123.0
2022-01-08,MO,MO,81.0
2022-01-15,MO,MO,71.0
2022-01-22,MO,MO,52.0
2022-01-29,MO,MO,53.0
2022-02-05,MO,MO,47.0
2022-02-12,MO,MO,46.0
2022-02-19,MO,MO,55.0
2022-02-26,MO,MO,50.0
2022-03-05,MO,MO,72.0
2022-03-12,MO,MO,67.0
2022-03-19,MO,MO,90.0
2022-03-26,MO,MO,79.0
2022-04-02,MO,MO,91.0
2022-04-09,MO,MO,77.0
2022-04-16,MO,MO,77.0
2022-04-23,MO,MO,70.0
2022-04-30,MO,MO,55.0
2022-05-07,MO,MO,66.0
2022-05-14,MO,MO,39.0
2022-05-21,MO,MO,33.0
2022-05-28,MO,MO,22.0
2022-06-04,MO,MO,28.0
2022-06-11,MO,MO,17.0
2022-06-18,MO,MO,23.0
2022-06-25,MO,MO,19.0
2022-07-02,MO,MO,11.0
2022-07-09,MO,MO,14.0
2022-07-16,MO,MO,12.0
2022-07-23,MO,MO,25.0
2022-07-30,MO,MO,12.0
2022-08-06,MO,MO,23.0
2022-08-13,MO,MO,12.0
2022-08-20,MO,MO,15.0
2022-08-27,MO,MO,2.0
2022-09-03,MO,MO,8.0
2022-09-10,MO,MO,4.0
2022-09-17,MO,MO,6.0
2022-09-24,MO,MO,8.0
2022-10-01,MO,MO,12.0
2023-10-07,MO,MO,24.0
2023-10-14,MO,MO,25.0
2023-10-21,MO,MO,17.0
2023-10-28,MO,MO,17.0
2023-11-04,MO,MO,24.0
2023-11-11,MO,MO,40.0
2023-11-18,MO,MO,40.0
2023-11-25,MO,MO,58.0
2023-12-02,MO,MO,85.0
2023-12-09,MO,MO,140.0
2023-12-16,MO,MO,154.0
2023-12-23,MO,MO,224.0
2023-12-30,MO,MO,369.0
2024-01-06,MO,MO,345.0
2024-01-13,MO,MO,316.0
2024-01-20,MO,MO,266.0
2024-01-27,MO,MO,272.0
2024-02-03,MO,MO,301.0
2024-02-10,MO,MO,344.0
2024-02-17,MO,MO,354.0
2024-02-24,MO,MO,454.0
2024-03-02,MO,MO,443.0
2024-03-09,MO,MO,408.0
2024-03-16,MO,MO,278.0
2024-03-23,MO,MO,192.0
2024-03-30,MO,MO,193.0
2024-04-06,MO,MO,146.0
2024-04-13,MO,MO,108.0
2024-04-20,MO,MO,83.0
2024-04-27,MO,MO,59.0
2024-05-04,MO,MO,33.0
2024-05-11,MO,MO,18.0
2024-05-18,MO,MO,11.0
2024-05-25,MO,MO,10.0
2024-06-01,MO,MO,6.0
2024-06-08,MO,MO,4.0
2024-06-15,MO,MO,3.0
2024-06-22,MO,MO,3.0
2024-06-29,MO,MO,5.0
2024-07-06,MO,MO,0.0
2024-07-13,MO,MO,1.0
2024-07-20,MO,MO,3.0
2024-07-27,MO,MO,4.0
2024-08-03,MO,MO,1.0
2024-08-10,MO,MO,3.0
2024-08-17,MO,MO,3.0
2024-08-24,MO,MO,1.0
2024-08-31,MO,MO,2.0
2024-09-07,MO,MO,1.0
2024-09-14,MO,MO,3.0
2024-09-21,MO,MO,1.0
2024-09-28,MO,MO,4.0
2022-10-08,MT,MT,0.0
2022-10-15,MT,MT,0.0
2022-10-22,MT,MT,0.0
2022-10-29,MT,MT,3.0
2022-11-05,MT,MT,6.0
2022-11-12,MT,MT,11.0
2022-11-19,MT,MT,13.0
2022-11-26,MT,MT,44.0
2022-12-03,MT,MT,65.0
2022-12-10,MT,MT,100.0
2022-12-17,MT,MT,99.0
2022-12-24,MT,MT,60.0
2022-12-31,MT,MT,91.0
2023-01-07,MT,MT,60.0
2023-01-14,MT,MT,39.0
2023-01-21,MT,MT,16.0
2023-01-28,MT,MT,9.0
2023-02-04,MT,MT,9.0
2023-02-11,MT,MT,2.0
2023-02-18,MT,MT,6.0
2023-02-25,MT,MT,3.0
2023-03-04,MT,MT,6.0
2023-03-11,MT,MT,3.0
2023-03-18,MT,MT,2.0
2023-03-25,MT,MT,1.0
2023-04-01,MT,MT,1.0
2023-04-08,MT,MT,0.0
2023-04-15,MT,MT,0.0
2023-04-22,MT,MT,2.0
2023-04-29,MT,MT,0.0
2023-05-06,MT,MT,0.0
2023-05-13,MT,MT,0.0
2023-05-20,MT,MT,2.0
2023-05-27,MT,MT,3.0
2023-06-03,MT,MT,0.0
2023-06-10,MT,MT,2.0
2023-06-17,MT,MT,2.0
2023-06-24,MT,MT,1.0
2023-07-01,MT,MT,1.0
2023-07-08,MT,MT,0.0
2023-07-15,MT,MT,1.0
2023-07-22,MT,MT,0.0
2023-07-29,MT,MT,0.0
2023-08-05,MT,MT,0.0
2023-08-12,MT,MT,0.0
2023-08-19,MT,MT,0.0
2023-08-26,MT,MT,0.0
2023-09-02,MT,MT,0.0
2023-09-09,MT,MT,1.0
2023-09-16,MT,MT,1.0
2023-09-23,MT,MT,3.0
2023-09-30,MT,MT,4.0
2022-10-08,NC,NC,20.0
2022-10-15,NC,NC,34.0
2022-10-22,NC,NC,71.0
2022-10-29,NC,NC,185.0
2022-11-05,NC,NC,283.0
2022-11-12,NC,NC,351.0
2022-11-19,NC,NC,369.0
2022-11-26,NC,NC,430.0
2022-12-03,NC,NC,638.0
2022-12-10,NC,NC,395.0
2022-12-17,NC,NC,319.0
2022-12-24,NC,NC,298.0
2022-12-31,NC,NC,299.0
2023-01-07,NC,NC,222.0
2023-01-14,NC,NC,131.0
2023-01-21,NC,NC,63.0
2023-01-28,NC,NC,41.0
2023-02-04,NC,NC,40.0
2023-02-11,NC,NC,55.0
2023-02-18,NC,NC,46.0
2023-02-25,NC,NC,28.0
2023-03-04,NC,NC,34.0
2023-03-11,NC,NC,25.0
2023-03-18,NC,NC,32.0
2023-03-25,NC,NC,20.0
2023-04-01,NC,NC,12.0
2023-04-08,NC,NC,22.0
2023-04-15,NC,NC,25.0
2023-04-22,NC,NC,13.0
2023-04-29,NC,NC,10.0
2023-05-06,NC,NC,7.0
2023-05-13,NC,NC,16.0
2023-05-20,NC,NC,11.0
2023-05-27,NC,NC,5.0
2023-06-03,NC,NC,14.0
2023-06-10,NC,NC,12.0
2023-06-17,NC,NC,18.0
2023-06-24,NC,NC,16.0
2023-07-01,NC,NC,17.0
2023-07-08,NC,NC,10.0
2023-07-15,NC,NC,13.0
2023-07-22,NC,NC,5.0
2023-07-29,NC,NC,9.0
2023-08-05,NC,NC,8.0
2023-08-12,NC,NC,13.0
2023-08-19,NC,NC,14.0
2023-08-26,NC,NC,8.0
2023-09-02,NC,NC,18.0
2023-09-09,NC,NC,7.0
2023-09-16,NC,NC,11.0
2023-09-23,NC,NC,13.0
2023-09-30,NC,NC,10.0
2022-10-08,ND,ND,0.0
2022-10-15,ND,ND,1.0
2022-10-22,ND,ND,2.0
2022-10-29,ND,ND,2.0
2022-11-05,ND,ND,6.0
2022-11-12,ND,ND,10.0
2022-11-19,ND,ND,13.0
2022-11-26,ND,ND,22.0
2022-12-03,ND,ND,49.0
2022-12-10,ND,ND,34.0
2022-12-17,ND,ND,66.0
2022-12-24,ND,ND,72.0
2022-12-31,ND,ND,82.0
2023-01-07,ND,ND,72.0
2023-01-14,ND,ND,52.0
2023-01-21,ND,ND,28.0
2023-01-28,ND,ND,24.0
2023-02-04,ND,ND,9.0
2023-02-11,ND,ND,16.0
2023-02-18,ND,ND,10.0
2023-02-25,ND,ND,9.0
2023-03-04,ND,ND,5.0
2023-03-11,ND,ND,5.0
2023-03-18,ND,ND,11.0
2023-03-25,ND,ND,0.0
2023-04-01,ND,ND,0.0
2023-04-08,ND,ND,7.0
2023-04-15,ND,ND,5.0
2023-04-22,ND,ND,3.0
2023-04-29,ND,ND,5.0
2023-05-06,ND,ND,7.0
2023-05-13,ND,ND,2.0
2023-05-20,ND,ND,13.0
2023-05-27,ND,ND,3.0
2023-06-03,ND,ND,1.0
2023-06-10,ND,ND,3.0
2023-06-17,ND,ND,2.0
2023-06-24,ND,ND,1.0
2023-07-01,ND,ND,1.0
2023-07-08,ND,ND,2.0
2023-07-15,ND,ND,1.0
2023-07-22,ND,ND,1.0
2023-07-29,ND,ND,1.0
2023-08-05,ND,ND,0.0
2023-08-12,ND,ND,5.0
2023-08-19,ND,ND,0.0
2023-08-26,ND,ND,1.0
2023-09-02,ND,ND,0.0
2023-09-09,ND,ND,0.0
2023-09-16,ND,ND,0.0
2023-09-23,ND,ND,1.0
2023-09-30,ND,ND,3.0
2024-10-05,NE,NE,0.0
2024-10-12,NE,NE,0.0
2024-10-19,NE,NE,0.0
2024-10-26,NE,NE,1.0
2024-11-02,NE,NE,2.0
2024-11-09,NE,NE,4.0
2024-11-16,NE,NE,6.0
2024-11-23,NE,NE,5.0
2024-11-30,NE,NE,11.0
2024-12-07,NE,NE,13.0
2024-12-14,NE,NE,19.0
2024-12-21,NE,NE,78.0
2024-12-28,NE,NE,131.0
2025-01-04,NE,NE,211.0
2025-01-11,NE,NE,171.0
2025-01-18,NE,NE,128.0
2025-01-25,NE,NE,182.0
2025-02-01,NE,NE,308.0
2025-02-08,NE,NE,319.0
2025-02-15,NE,NE,311.0
2025-02-22,NE,NE,297.0
2025-03-01,NE,NE,197.0
2025-03-08,NE,NE,153.0
2025-03-15,NE,NE,80.0
2025-03-22,NE,NE,58.0
2025-03-29,NE,NE,39.0
2025-04-05,NE,NE,14.0
2025-04-12,NE,NE,16.0
2025-04-19,NE,NE,14.0
2025-04-26,NE,NE,12.0
2025-05-03,NE,NE,3.0
2025-05-10,NE,NE,10.0
2025-05-17,NE,NE,5.0
2025-05-24,NE,NE,2.0
2025-05-31,NE,NE,2.0
2025-06-07,NE,NE,4.0
2025-06-14,NE,NE,0.0
2025-06-21,NE,NE,0.0
2025-06-28,NE,NE,0.0
2025-07-05,NE,NE,1.0
2025-07-12,NE,NE,1.0
2025-07-19,NE,NE,2.0
2025-07-26,NE,NE,2.0
2025-08-02,NE,NE,1.0
2025-08-09,NE,NE,0.0
2025-08-16,NE,NE,1.0
2025-08-23,NE,NE,2.0
2025-08-30,NE,NE,5.0
2025-09-06,NE,NE,3.0
2025-09-13,NE,NE,3.0
2025-09-20,NE,NE,3.0
2025-09-27,NE,NE,3.0
2024-10-05,NV,NV,1.0
2024-10-12,NV,NV,0.0
2024-10-19,NV,NV,5.0
2024-10-26,NV,NV,5.0
2024-11-02,NV,NV,11.0
2024-11-09,NV,NV,25.0
2024-11-16,NV,NV,43.0
2024-11-23,NV,NV,49.0
2024-11-30,NV,NV,61.0
2024-12-07,NV,NV,83.0
2024-12-14,NV,NV,114.0
2024-12-21,NV,NV,208.0
2024-12-28,NV,NV,260.0
2025-01-04,NV,NV,387.0
2025-01-11,NV,NV,262.0
2025-01-18,NV,NV,190.0
2025-01-25,NV,NV,198.0
2025-02-01,NV,NV,179.0
2025-02-08,NV,NV,222.0
2025-02-15,NV,NV,148.0
2025-02-22,NV,NV,123.0
2025-03-01,NV,NV,97.0
2025-03-08,NV,NV,79.0
2025-03-15,NV,NV,88.0
2025-03-22,NV,NV,81.0
2025-03-29,NV,NV,70.0
2025-04-05,NV,NV,41.0
2025-04-12,NV,NV,49.0
2025-04-19,NV,NV,41.0
2025-04-26,NV,NV,29.0
2025-05-03,NV,NV,19.0
2025-05-10,NV,NV,21.0
2025-05-17,NV,NV,16.0
2025-05-24,NV,NV,26.0
2025-05-31,NV,NV,15.0
2025-06-07,NV,NV,13.0
2025-06-14,NV,NV,16.0
2025-06-21,NV,NV,12.0
2025-06-28,NV,NV,10.0
2025-07-05,NV,NV,8.0
2025-07-12,NV,NV,4.0
2025-07-19,NV,NV,9.0
2025-07-26,NV,NV,6.0
2025-08-02,NV,NV,14.0
2025-08-09,NV,NV,4.0
2025-08-16,NV,NV,7.0
2025-08-23,NV,NV,3.0
2025-08-30,NV,NV,3.0
2025-09-06,NV,NV,5.0
2025-09-13,NV,NV,8.0
2025-09-20,NV,NV,9.0
2025-09-27,NV,NV,4.0
2022-10-08,NY,NY,38.0
2022-10-15,NY,NY,48.0
2022-10-22,NY,NY,41.0
2022-10-29,NY,NY,105.0
2022-11-05,NY,NY,189.0
2022-11-12,NY,NY,268.0
2022-11-19,NY,NY,466.0
2022-11-26,NY,NY,765.0
2022-12-03,NY,NY,1308.0
2022-12-10,NY,NY,1469.0
2022-12-17,NY,NY,1698.0
2022-12-24,NY,NY,1503.0
2022-12-31,NY,NY,1291.0
2023-01-07,NY,NY,944.0
2023-01-14,NY,NY,513.0
2023-01-21,NY,NY,309.0
2023-01-28,NY,NY,236.0
2023-02-04,NY,NY,145.0
2023-02-11,NY,NY,103.0
2023-02-18,NY,NY,85.0
2023-02-25,NY,NY,55.0
2023-03-04,NY,NY,49.0
2023-03-11,NY,NY,55.0
2023-03-18,NY,NY,63.0
2023-03-25,NY,NY,105.0
2023-04-01,NY,NY,74.0
2023-04-08,NY,NY,78.0
2023-04-15,NY,NY,75.0
2023-04-22,NY,NY,47.0
2023-04-29,NY,NY,37.0
2023-05-06,NY,NY,50.0
2023-05-13,NY,NY,54.0
2023-05-20,NY,NY,50.0
2023-05-27,NY,NY,60.0
2023-06-03,NY,NY,46.0
2023-06-10,NY,NY,39.0
2023-06-17,NY,NY,37.0
2023-06-24,NY,NY,36.0
2023-07-01,NY,NY,29.0
2023-07-08,NY,NY,23.0
2023-07-15,NY,NY,17.0
2023-07-22,NY,NY,28.0
2023-07-29,NY,NY,18.0
2023-08-05,NY,NY,30.0
2023-08-12,NY,NY,19.0
2023-08-19,NY,NY,15.0
2023-08-26,NY,NY,20.0
2023-09-02,NY,NY,38.0
2023-09-09,NY,NY,21.0
2023-09-16,NY,NY,12.0
2023-09-23,NY,NY,18.0
2023-09-30,NY,NY,47.0
2022-10-08,OR,OR,0.0
2022-10-15,OR,OR,3.0
2022-10-22,OR,OR,6.0
2022-10-29,OR,OR,5.0
2022-11-05,OR,OR,32.0
2022-11-12,OR,OR,51.0
2022-11-19,OR,OR,113.0
2022-11-26,OR,OR,376.0
2022-12-03,OR,OR,542.0
2022-12-10,OR,OR,650.0
2022-12-17,OR,OR,686.0
2022-12-24,OR,OR,451.0
2022-12-31,OR,OR,361.0
2023-01-07,OR,OR,152.0
2023-01-14,OR,OR,65.0
2023-01-21,OR,OR,32.0
2023-01-28,OR,OR,11.0
2023-02-04,OR,OR,10.0
2023-02-11,OR,OR,7.0
2023-02-18,OR,OR,4.0
2023-02-25,OR,OR,6.0
2023-03-04,OR,OR,5.0
2023-03-11,OR,OR,6.0
2023-03-18,OR,OR,9.0
2023-03-25,OR,OR,3.0
2023-04-01,OR,OR,4.0
2023-04-08,OR,OR,5.0
2023-04-15,OR,OR,3.0
2023-04-22,OR,OR,1.0
2023-04-29,OR,OR,5.0
2023-05-06,OR,OR,2.0
2023-05-13,OR,OR,0.0
2023-05-20,OR,OR,2.0
2023-05-27,OR,OR,3.0
2023-06-03,OR,OR,3.0
2023-06-10,OR,OR,6.0
2023-06-17,OR,OR,2.0
2023-06-24,OR,OR,5.0
2023-07-01,OR,OR,1.0
2023-07-08,OR,OR,2.0
2023-07-15,OR,OR,5.0
2023-07-22,OR,OR,3.0
2023-07-29,OR,OR,2.0
2023-08-05,OR,OR,3.0
2023-08-12,OR,OR,4.0
2023-08-19,OR,OR,3.0
2023-08-26,OR,OR,4.0
2023-09-02,OR,OR,2.0
2023-09-09,OR,OR,3.0
2023-09-16,OR,OR,6.0
2023-09-23,OR,OR,6.0
2023-09-30,OR,OR,6.0
2025-10-04,PR,PR,65.0
2025-10-11,PR,PR,53.0
2025-10-18,PR,PR,91.0
2025-10-25,PR,PR,50.0
2025-11-01,PR,PR,61.0
2025-11-08,PR,PR,92.0
2025-11-15,PR,PR,121.0
2025-11-22,PR,PR,154.0
2025-11-29,PR,PR,173.0
2025-12-06,PR,PR,256.0
2025-12-13,PR,PR,212.0
2025-12-20,PR,PR,244.0
2025-12-27,PR,PR,359.0
2026-01-03,PR,PR,383.0
2026-01-10,PR,PR,309.0
2026-01-17,PR,PR,297.0
2026-01-24,PR,PR,212.0
2026-01-31,PR,PR,189.0
2026-02-07,PR,PR,150.0
2026-02-14,PR,PR,137.0
2026-02-21,PR,PR,177.0
2026-02-28,PR,PR,109.0
2026-03-07,PR,PR,89.0
2026-03-14,PR,PR,123.0
2026-03-21,PR,PR,151.0
2026-03-28,PR,PR,55.0
2026-04-04,PR,PR,111.0
2026-04-11,PR,PR,65.0
2026-04-18,PR,PR,85.0
2026-04-25,PR,PR,74.0
2026-05-02,PR,PR,104.0
2026-05-09,PR,PR,64.0
2026-05-16,PR,PR,72.0
2026-05-23,PR,PR,78.0
2024-10-05,SD,SD,0.0
2024-10-12,SD,SD,1.0
2024-10-19,SD,SD,1.0
2024-10-26,SD,SD,2.0
2024-11-02,SD,SD,0.0
2024-11-09,SD,SD,2.0
2024-11-16,SD,SD,0.0
2024-11-23,SD,SD,0.0
2024-11-30,SD,SD,5.0
2024-12-07,SD,SD,1.0
2024-12-14,SD,SD,8.0
2024-12-21,SD,SD,14.0
2024-12-28,SD,SD,33.0
2025-01-04,SD,SD,47.0
2025-01-11,SD,SD,50.0
2025-01-18,SD,SD,55.0
2025-01-25,SD,SD,88.0
2025-02-01,SD,SD,139.0
2025-02-08,SD,SD,207.0
2025-02-15,SD,SD,183.0
2025-02-22,SD,SD,110.0
2025-03-01,SD,SD,89.0
2025-03-08,SD,SD,59.0
2025-03-15,SD,SD,26.0
2025-03-22,SD,SD,16.0
2025-03-29,SD,SD,11.0
2025-04-05,SD,SD,8.0
2025-04-12,SD,SD,7.0
2025-04-19,SD,SD,10.0
2025-04-26,SD,SD,8.0
2025-05-03,SD,SD,4.0
2025-05-10,SD,SD,1.0
2025-05-17,SD,SD,5.0
2025-05-24,SD,SD,7.0
2025-05-31,SD,SD,5.0
2025-06-07,SD,SD,3.0
2025-06-14,SD,SD,7.0
2025-06-21,SD,SD,6.0
2025-06-28,SD,SD,2.0
2025-07-05,SD,SD,1.0
2025-07-12,SD,SD,0.0
2025-07-19,SD,SD,0.0
2025-07-26,SD,SD,4.0
2025-08-02,SD,SD,2.0
2025-08-09,SD,SD,1.0
2025-08-16,SD,SD,1.0
2025-08-23,SD,SD,3.0
2025-08-30,SD,SD,2.0
2025-09-06,SD,SD,1.0
2025-09-13,SD,SD,2.0
2025-09-20,SD,SD,2.0
2025-09-27,SD,SD,1.0
2021-10-09,WI,WI,4.0
2021-10-16,WI,WI,3.0
2021-10-23,WI,WI,7.0
2021-10-30,WI,WI,5.0
2021-11-06,WI,WI,1.0
2021-11-13,WI,WI,4.0
2021-11-20,WI,WI,5.0
2021-11-27,WI,WI,7.0
2021-12-04,WI,WI,18.0
2021-12-11,WI,WI,5.0
2021-12-18,WI,WI,22.0
2021-12-25,WI,WI,39.0
2022-01-01,WI,WI,99.0
2022-01-08,WI,WI,55.0
2022-01-15,WI,WI,42.0
2022-01-22,WI,WI,22.0
2022-01-29,WI,WI,22.0
2022-02-05,WI,WI,30.0
2022-02-12,WI,WI,29.0
2022-02-19,WI,WI,25.0
2022-02-26,WI,WI,29.0
2022-03-05,WI,WI,61.0
2022-03-12,WI,WI,41.0
2022-03-19,WI,WI,53.0
2022-03-26,WI,WI,58.0
2022-04-02,WI,WI,57.0
2022-04-09,WI,WI,44.0
2022-04-16,WI,WI,66.0
2022-04-23,WI,WI,54.0
2022-04-30,WI,WI,64.0
2022-05-07,WI,WI,51.0
2022-05-14,WI,WI,36.0
2022-05-21,WI,WI,26.0
2022-05-28,WI,WI,27.0
2022-06-04,WI,WI,16.0
2022-06-11,WI,WI,15.0
2022-06-18,WI,WI,9.0
2022-06-25,WI,WI,7.0
2022-07-02,WI,WI,8.0
2022-07-09,WI,WI,1.0
2022-07-16,WI,WI,2.0
2022-07-23,WI,WI,0.0
2022-07-30,WI,WI,2.0
2022-08-06,WI,WI,6.0
2022-08-13,WI,WI,1.0
2022-08-20,WI,WI,1.0
2022-08-27,WI,WI,2.0
2022-09-03,WI,WI,3.0
2022-09-10,WI,WI,0.0
2022-09-17,WI,WI,0.0
2022-09-24,WI,WI,4.0
2022-10-01,WI,WI,1.0
2024-10-05,WY,WY,2.0
2024-10-12,WY,WY,0.0
2024-10-19,WY,WY,0.0
2024-10-26,WY,WY,7.0
2024-11-02,WY,WY,0.0
2024-11-09,WY,WY,5.0
2024-11-16,WY,WY,4.0
2024-11-23,WY,WY,9.0
2024-11-30,WY,WY,7.0
2024-12-07,WY,WY,5.0
2024-12-14,WY,WY,33.0
2024-12-21,WY,WY,18.0
2024-12-28,WY,WY,84.0
2025-01-04,WY,WY,116.0
2025-01-11,WY,WY,62.0
2025-01-18,WY,WY,84.0
2025-01-25,WY,WY,89.0
2025-02-01,WY,WY,102.0
2025-02-08,WY,WY,106.0
2025-02-15,WY,WY,72.0
2025-02-22,WY,WY,99.0
2025-03-01,WY,WY,57.0
2025-03-08,WY,WY,53.0
2025-03-15,WY,WY,44.0
2025-03-22,WY,WY,30.0
2025-03-29,WY,WY,23.0
2025-04-05,WY,WY,12.0
2025-04-12,WY,WY,4.0
2025-04-19,WY,WY,3.0
2025-04-26,WY,WY,6.0
2025-05-03,WY,WY,1.0
2025-05-10,WY,WY,4.0
2025-05-17,WY,WY,3.0
2025-05-24,WY,WY,3.0
2025-05-31,WY,WY,3.0
2025-06-07,WY,WY,2.0
2025-06-14,WY,WY,1.0
2025-06-21,WY,WY,2.0
2025-06-28,WY,WY,1.0
2025-07-05,WY,WY,1.0
2025-07-12,WY,WY,1.0
2025-07-19,WY,WY,0.0
2025-07-26,WY,WY,0.0
2025-08-02,WY,WY,2.0
2025-08-09,WY,WY,0.0
2025-08-16,WY,WY,0.0
2025-08-23,WY,WY,0.0
2025-08-30,WY,WY,1.0
2025-09-06,WY,WY,1.0
2025-09-13,WY,WY,1.0
2025-09-20,WY,WY,1.0
2025-09-27,WY,WY,1.0
2021-10-09,AL,AL,13.0
2021-10-16,AL,AL,5.0
2021-10-23,AL,AL,6.0
2021-10-30,AL,AL,12.0
2021-11-06,AL,AL,9.0
2021-11-13,AL,AL,15.0
2021-11-20,AL,AL,16.0
2021-11-27,AL,AL,10.0
2021-12-04,AL,AL,23.0
2021-12-11,AL,AL,17.0
2021-12-18,AL,AL,23.0
2021-12-25,AL,AL,17.0
2022-01-01,AL,AL,69.0
2022-01-08,AL,AL,32.0
2022-01-15,AL,AL,15.0
2022-01-22,AL,AL,18.0
2022-01-29,AL,AL,41.0
2022-02-05,AL,AL,5.0
2022-02-12,AL,AL,9.0
2022-02-19,AL,AL,21.0
2022-02-26,AL,AL,10.0
2022-03-05,AL,AL,26.0
2022-03-12,AL,AL,35.0
2022-03-19,AL,AL,23.0
2022-03-26,AL,AL,17.0
2022-04-02,AL,AL,25.0
2022-04-09,AL,AL,21.0
2022-04-16,AL,AL,11.0
2022-04-23,AL,AL,25.0
2022-04-30,AL,AL,8.0
2022-05-07,AL,AL,19.0
2022-05-14,AL,AL,12.0
2022-05-21,AL,AL,15.0
2022-05-28,AL,AL,13.0
2022-06-04,AL,AL,13.0
2022-06-11,AL,AL,15.0
2022-06-18,AL,AL,15.0
2022-06-25,AL,AL,7.0
2022-07-02,AL,AL,8.0
2022-07-09,AL,AL,15.0
2022-07-16,AL,AL,33.0
2022-07-23,AL,AL,5.0
2022-07-30,AL,AL,9.0
2022-08-06,AL,AL,9.0
2022-08-13,AL,AL,7.0
2022-08-20,AL,AL,5.0
2022-08-27,AL,AL,10.0
2022-09-03,AL,AL,13.0
2022-09-10,AL,AL,12.0
2022-09-17,AL,AL,22.0
2022-09-24,AL,AL,19.0
2022-10-01,AL,AL,28.0
2022-10-08,AL,AL,42.0
2022-10-15,AL,AL,87.0
2022-10-22,AL,AL,140.0
2022-10-29,AL,AL,269.0
2022-11-05,AL,AL,399.0
2022-11-12,AL,AL,348.0
2022-11-19,AL,AL,258.0
2022-11-26,AL,AL,268.0
2022-12-03,AL,AL,417.0
2022-12-10,AL,AL,254.0
2022-12-17,AL,AL,174.0
2022-12-24,AL,AL,151.0
2022-12-31,AL,AL,147.0
2023-01-07,AL,AL,123.0
2023-01-14,AL,AL,99.0
2023-01-21,AL,AL,57.0
2023-01-28,AL,AL,42.0
2023-02-04,AL,AL,35.0
2023-02-11,AL,AL,29.0
2023-02-18,AL,AL,30.0
2023-02-25,AL,AL,29.0
2023-03-04,AL,AL,15.0
2023-03-11,AL,AL,17.0
2023-03-18,AL,AL,22.0
2023-03-25,AL,AL,19.0
2023-04-01,AL,AL,27.0
2023-04-08,AL,AL,17.0
2023-04-15,AL,AL,16.0
2023-04-22,AL,AL,20.0
2023-04-29,AL,AL,11.0
2023-05-06,AL,AL,4.0
2023-05-13,AL,AL,14.0
2023-05-20,AL,AL,10.0
2023-05-27,AL,AL,11.0
2023-06-03,AL,AL,25.0
2023-06-10,AL,AL,14.0
2023-06-17,AL,AL,5.0
2023-06-24,AL,AL,11.0
2023-07-01,AL,AL,11.0
2023-07-08,AL,AL,3.0
2023-07-15,AL,AL,14.0
2023-07-22,AL,AL,15.0
2023-07-29,AL,AL,30.0
2023-08-05,AL,AL,13.0
2023-08-12,AL,AL,9.0
2023-08-19,AL,AL,7.0
2023-08-26,AL,AL,12.0
2023-09-02,AL,AL,12.0
2023-09-09,AL,AL,5.0
2023-09-16,AL,AL,20.0
2023-09-23,AL,AL,8.0
2023-09-30,AL,AL,20.0
2024-10-26,AS,AS,9.0
2024-11-02,AS,AS,6.0
2024-11-23,AS,AS,2.0
2024-11-30,AS,AS,2.0
2024-12-07,AS,AS,0.0
2024-12-14,AS,AS,3.0
2024-12-21,AS,AS,0.0
2024-12-28,AS,AS,0.0
2025-01-04,AS,AS,3.0
2025-01-11,AS,AS,1.0
2025-01-18,AS,AS,1.0
2025-03-15,AS,AS,4.0
2025-03-22,AS,AS,3.0
2025-03-29,AS,AS,5.0
2025-04-26,AS,AS,1.0
2025-05-03,AS,AS,0.0
2025-05-10,AS,AS,0.0
2025-05-31,AS,AS,1.0
2025-06-07,AS,AS,0.0
2025-06-14,AS,AS,2.0
2025-06-21,AS,AS,0.0
2025-06-28,AS,AS,1.0
2025-07-05,AS,AS,0.0
2025-07-12,AS,AS,0.0
2025-07-19,AS,AS,1.0
2025-07-26,AS,AS,0.0
2025-08-02,AS,AS,0.0
2025-08-09,AS,AS,0.0
2025-08-16,AS,AS,0.0
2025-08-23,AS,AS,0.0
2025-08-30,AS,AS,0.0
2025-09-06,AS,AS,0.0
2025-09-13,AS,AS,0.0
2025-09-20,AS,AS,0.0
2025-09-27,AS,AS,0.0
2024-10-05,CA,CA,30.0
2024-10-12,CA,CA,30.0
2024-10-19,CA,CA,75.0
2024-10-26,CA,CA,137.0
2024-11-02,CA,CA,112.0
2024-11-09,CA,CA,177.0
2024-11-16,CA,CA,323.0
2024-11-23,CA,CA,526.0
2024-11-30,CA,CA,708.0
2024-12-07,CA,CA,1127.0
2024-12-14,CA,CA,1521.0
2024-12-21,CA,CA,2564.0
2024-12-28,CA,CA,3866.0
2025-01-04,CA,CA,4025.0
2025-01-11,CA,CA,3266.0
2025-01-18,CA,CA,3668.0
2025-01-25,CA,CA,4091.0
2025-02-01,CA,CA,4599.0
2025-02-08,CA,CA,3676.0
2025-02-15,CA,CA,2800.0
2025-02-22,CA,CA,2052.0
2025-03-01,CA,CA,1466.0
2025-03-08,CA,CA,1069.0
2025-03-15,CA,CA,997.0
2025-03-22,CA,CA,711.0
2025-03-29,CA,CA,596.0
2025-04-05,CA,CA,454.0
2025-04-12,CA,CA,422.0
2025-04-19,CA,CA,354.0
2025-04-26,CA,CA,255.0
2025-05-03,CA,CA,243.0
2025-05-10,CA,CA,182.0
2025-05-17,CA,CA,173.0
2025-05-24,CA,CA,186.0
2025-05-31,CA,CA,193.0
2025-06-07,CA,CA,149.0
2025-06-14,CA,CA,158.0
2025-06-21,CA,CA,124.0
2025-06-28,CA,CA,98.0
2025-07-05,CA,CA,86.0
2025-07-12,CA,CA,105.0
2025-07-19,CA,CA,73.0
2025-07-26,CA,CA,67.0
2025-08-02,CA,CA,71.0
2025-08-09,CA,CA,66.0
2025-08-16,CA,CA,74.0
2025-08-23,CA,CA,72.0
2025-08-30,CA,CA,90.0
2025-09-06,CA,CA,91.0
2025-09-13,CA,CA,90.0
2025-09-20,CA,CA,83.0
2025-09-27,CA,CA,105.0
2021-10-09,DC,DC,0.0
2021-10-16,DC,DC,0.0
2021-10-23,DC,DC,0.0
2021-10-30,DC,DC,0.0
2021-11-06,DC,DC,0.0
2021-11-13,DC,DC,0.0
2021-11-20,DC,DC,0.0
2021-11-27,DC,DC,1.0
2021-12-04,DC,DC,1.0
2021-12-11,DC,DC,2.0
2021-12-18,DC,DC,0.0
2021-12-25,DC,DC,0.0
2022-01-01,DC,DC,0.0
2022-01-08,DC,DC,0.0
2022-01-15,DC,DC,0.0
2022-01-22,DC,DC,0.0
2022-01-29,DC,DC,0.0
2022-02-05,DC,DC,3.0
2022-02-12,DC,DC,0.0
2022-02-19,DC,DC,1.0
2022-02-26,DC,DC,0.0
2022-03-05,DC,DC,1.0
2022-03-12,DC,DC,4.0
2022-03-19,DC,DC,2.0
2022-03-26,DC,DC,4.0
2022-04-02,DC,DC,4.0
2022-04-09,DC,DC,2.0
2022-04-16,DC,DC,2.0
2022-04-23,DC,DC,1.0
2022-04-30,DC,DC,3.0
2022-05-07,DC,DC,2.0
2022-05-14,DC,DC,5.0
2022-05-21,DC,DC,4.0
2022-05-28,DC,DC,4.0
2022-06-04,DC,DC,5.0
2022-06-11,DC,DC,2.0
2022-06-18,DC,DC,2.0
2022-06-25,DC,DC,3.0
2022-07-02,DC,DC,1.0
2022-07-09,DC,DC,2.0
2022-07-16,DC,DC,1.0
2022-07-23,DC,DC,0.0
2022-07-30,DC,DC,0.0
2022-08-06,DC,DC,2.0
2022-08-13,DC,DC,0.0
2022-08-20,DC,DC,0.0
2022-08-27,DC,DC,1.0
2022-09-03,DC,DC,0.0
2022-09-10,DC,DC,0.0
2022-09-17,DC,DC,0.0
2022-09-24,DC,DC,1.0
2022-10-01,DC,DC,0.0
2022-10-08,IN,IN,46.0
2022-10-15,IN,IN,54.0
2022-10-22,IN,IN,69.0
2022-10-29,IN,IN,103.0
2022-11-05,IN,IN,141.0
2022-11-12,IN,IN,136.0
2022-11-19,IN,IN,235.0
2022-11-26,IN,IN,457.0
2022-12-03,IN,IN,831.0
2022-12-10,IN,IN,843.0
2022-12-17,IN,IN,731.0
2022-12-24,IN,IN,615.0
2022-12-31,IN,IN,566.0
2023-01-07,IN,IN,361.0
2023-01-14,IN,IN,173.0
2023-01-21,IN,IN,100.0
2023-01-28,IN,IN,71.0
2023-02-04,IN,IN,41.0
2023-02-11,IN,IN,41.0
2023-02-18,IN,IN,33.0
2023-02-25,IN,IN,42.0
2023-03-04,IN,IN,45.0
2023-03-11,IN,IN,32.0
2023-03-18,IN,IN,35.0
2023-03-25,IN,IN,21.0
2023-04-01,IN,IN,39.0
2023-04-08,IN,IN,18.0
2023-04-15,IN,IN,17.0
2023-04-22,IN,IN,10.0
2023-04-29,IN,IN,18.0
2023-05-06,IN,IN,21.0
2023-05-13,IN,IN,18.0
2023-05-20,IN,IN,19.0
2023-05-27,IN,IN,16.0
2023-06-03,IN,IN,15.0
2023-06-10,IN,IN,13.0
2023-06-17,IN,IN,13.0
2023-06-24,IN,IN,5.0
2023-07-01,IN,IN,9.0
2023-07-08,IN,IN,2.0
2023-07-15,IN,IN,2.0
2023-07-22,IN,IN,4.0
2023-07-29,IN,IN,4.0
2023-08-05,IN,IN,7.0
2023-08-12,IN,IN,9.0
2023-08-19,IN,IN,3.0
2023-08-26,IN,IN,11.0
2023-09-02,IN,IN,6.0
2023-09-09,IN,IN,5.0
2023-09-16,IN,IN,9.0
2023-09-23,IN,IN,9.0
2023-09-30,IN,IN,12.0
2022-10-08,ME,ME,1.0
2022-10-15,ME,ME,0.0
2022-10-22,ME,ME,0.0
2022-10-29,ME,ME,3.0
2022-11-05,ME,ME,3.0
2022-11-12,ME,ME,8.0
2022-11-19,ME,ME,14.0
2022-11-26,ME,ME,33.0
2022-12-03,ME,ME,100.0
2022-12-10,ME,ME,117.0
2022-12-17,ME,ME,180.0
2022-12-24,ME,ME,207.0
2022-12-31,ME,ME,192.0
2023-01-07,ME,ME,124.0
2023-01-14,ME,ME,57.0
2023-01-21,ME,ME,28.0
2023-01-28,ME,ME,14.0
2023-02-04,ME,ME,10.0
2023-02-11,ME,ME,6.0
2023-02-18,ME,ME,4.0
2023-02-25,ME,ME,0.0
2023-03-04,ME,ME,4.0
2023-03-11,ME,ME,0.0
2023-03-18,ME,ME,5.0
2023-03-25,ME,ME,1.0
2023-04-01,ME,ME,4.0
2023-04-08,ME,ME,3.0
2023-04-15,ME,ME,0.0
2023-04-22,ME,ME,5.0
2023-04-29,ME,ME,0.0
2023-05-06,ME,ME,2.0
2023-05-13,ME,ME,4.0
2023-05-20,ME,ME,5.0
2023-05-27,ME,ME,2.0
2023-06-03,ME,ME,3.0
2023-06-10,ME,ME,1.0
2023-06-17,ME,ME,0.0
2023-06-24,ME,ME,1.0
2023-07-01,ME,ME,2.0
2023-07-08,ME,ME,3.0
2023-07-15,ME,ME,0.0
2023-07-22,ME,ME,1.0
2023-07-29,ME,ME,3.0
2023-08-05,ME,ME,2.0
2023-08-12,ME,ME,0.0
2023-08-19,ME,ME,2.0
2023-08-26,ME,ME,0.0
2023-09-02,ME,ME,0.0
2023-09-09,ME,ME,0.0
2023-09-16,ME,ME,0.0
2023-09-23,ME,ME,1.0
2023-09-30,ME,ME,0.0
2022-10-08,NE,NE,20.0
2022-10-15,NE,NE,11.0
2022-10-22,NE,NE,12.0
2022-10-29,NE,NE,12.0
2022-11-05,NE,NE,31.0
2022-11-12,NE,NE,24.0
2022-11-19,NE,NE,31.0
2022-11-26,NE,NE,60.0
2022-12-03,NE,NE,104.0
2022-12-10,NE,NE,122.0
2022-12-17,NE,NE,166.0
2022-12-24,NE,NE,140.0
2022-12-31,NE,NE,144.0
2023-01-07,NE,NE,99.0
2023-01-14,NE,NE,63.0
2023-01-21,NE,NE,55.0
2023-01-28,NE,NE,22.0
2023-02-04,NE,NE,6.0
2023-02-11,NE,NE,2.0
2023-02-18,NE,NE,6.0
2023-02-25,NE,NE,9.0
2023-03-04,NE,NE,6.0
2023-03-11,NE,NE,14.0
2023-03-18,NE,NE,11.0
2023-03-25,NE,NE,9.0
2023-04-01,NE,NE,10.0
2023-04-08,NE,NE,3.0
2023-04-15,NE,NE,6.0
2023-04-22,NE,NE,7.0
2023-04-29,NE,NE,4.0
2023-05-06,NE,NE,2.0
2023-05-13,NE,NE,4.0
2023-05-20,NE,NE,2.0
2023-05-27,NE,NE,7.0
2023-06-03,NE,NE,3.0
2023-06-10,NE,NE,1.0
2023-06-17,NE,NE,1.0
2023-06-24,NE,NE,1.0
2023-07-01,NE,NE,1.0
2023-07-08,NE,NE,1.0
2023-07-15,NE,NE,0.0
2023-07-22,NE,NE,1.0
2023-07-29,NE,NE,1.0
2023-08-05,NE,NE,1.0
2023-08-12,NE,NE,1.0
2023-08-19,NE,NE,1.0
2023-08-26,NE,NE,3.0
2023-09-02,NE,NE,2.0
2023-09-09,NE,NE,1.0
2023-09-16,NE,NE,0.0
2023-09-23,NE,NE,6.0
2023-09-30,NE,NE,1.0
2023-10-07,NE,NE,5.0
2023-10-14,NE,NE,9.0
2023-10-21,NE,NE,8.0
2023-10-28,NE,NE,7.0
2023-11-04,NE,NE,5.0
2023-11-11,NE,NE,5.0
2023-11-18,NE,NE,4.0
2023-11-25,NE,NE,8.0
2023-12-02,NE,NE,8.0
2023-12-09,NE,NE,11.0
2023-12-16,NE,NE,13.0
2023-12-23,NE,NE,62.0
2023-12-30,NE,NE,51.0
2024-01-06,NE,NE,50.0
2024-01-13,NE,NE,55.0
2024-01-20,NE,NE,35.0
2024-01-27,NE,NE,47.0
2024-02-03,NE,NE,47.0
2024-02-10,NE,NE,54.0
2024-02-17,NE,NE,54.0
2024-02-24,NE,NE,84.0
2024-03-02,NE,NE,95.0
2024-03-09,NE,NE,86.0
2024-03-16,NE,NE,69.0
2024-03-23,NE,NE,60.0
2024-03-30,NE,NE,51.0
2024-04-06,NE,NE,54.0
2024-04-13,NE,NE,45.0
2024-04-20,NE,NE,27.0
2024-04-27,NE,NE,17.0
2024-05-04,NE,NE,5.0
2024-05-11,NE,NE,1.0
2024-05-18,NE,NE,2.0
2024-05-25,NE,NE,0.0
2024-06-01,NE,NE,0.0
2024-06-08,NE,NE,1.0
2024-06-15,NE,NE,0.0
2024-06-22,NE,NE,0.0
2024-06-29,NE,NE,0.0
2024-07-06,NE,NE,0.0
2024-07-13,NE,NE,0.0
2024-07-20,NE,NE,0.0
2024-07-27,NE,NE,0.0
2024-08-03,NE,NE,0.0
2024-08-10,NE,NE,0.0
2024-08-17,NE,NE,0.0
2024-08-24,NE,NE,1.0
2024-08-31,NE,NE,1.0
2024-09-07,NE,NE,0.0
2024-09-14,NE,NE,0.0
2024-09-21,NE,NE,1.0
2024-09-28,NE,NE,1.0
2023-10-07,OK,OK,15.0
2023-10-14,OK,OK,39.0
2023-10-21,OK,OK,22.0
2023-10-28,OK,OK,10.0
2023-11-04,OK,OK,18.0
2023-11-11,OK,OK,34.0
2023-11-18,OK,OK,37.0
2023-11-25,OK,OK,34.0
2023-12-02,OK,OK,71.0
2023-12-09,OK,OK,59.0
2023-12-16,OK,OK,85.0
2023-12-23,OK,OK,153.0
2023-12-30,OK,OK,135.0
2024-01-06,OK,OK,172.0
2024-01-13,OK,OK,209.0
2024-01-20,OK,OK,252.0
2024-01-27,OK,OK,346.0
2024-02-03,OK,OK,419.0
2024-02-10,OK,OK,463.0
2024-02-17,OK,OK,387.0
2024-02-24,OK,OK,169.0
2024-03-02,OK,OK,177.0
2024-03-09,OK,OK,180.0
2024-03-16,OK,OK,139.0
2024-03-23,OK,OK,93.0
2024-03-30,OK,OK,91.0
2024-04-06,OK,OK,63.0
2024-04-13,OK,OK,35.0
2024-04-20,OK,OK,30.0
2024-04-27,OK,OK,36.0
2024-05-04,OK,OK,16.0
2024-05-11,OK,OK,9.0
2024-05-18,OK,OK,5.0
2024-05-25,OK,OK,6.0
2024-06-01,OK,OK,2.0
2024-06-08,OK,OK,1.0
2024-06-15,OK,OK,1.0
2024-06-22,OK,OK,1.0
2024-06-29,OK,OK,0.0
2024-07-06,OK,OK,2.0
2024-07-13,OK,OK,0.0
2024-07-20,OK,OK,6.0
2024-07-27,OK,OK,0.0
2024-08-03,OK,OK,1.0
2024-08-10,OK,OK,1.0
2024-08-17,OK,OK,0.0
2024-08-24,OK,OK,0.0
2024-08-31,OK,OK,1.0
2024-09-07,OK,OK,0.0
2024-09-14,OK,OK,1.0
2024-09-21,OK,OK,5.0
2024-09-28,OK,OK,5.0
2021-10-09,PA,PA,18.0
2021-10-16,PA,PA,21.0
2021-10-23,PA,PA,22.0
2021-10-30,PA,PA,18.0
2021-11-06,PA,PA,13.0
2021-11-13,PA,PA,15.0
2021-11-20,PA,PA,24.0
2021-11-27,PA,PA,22.0
2021-12-04,PA,PA,54.0
2021-12-11,PA,PA,77.0
2021-12-18,PA,PA,79.0
2021-12-25,PA,PA,86.0
2022-01-01,PA,PA,112.0
2022-01-08,PA,PA,87.0
2022-01-15,PA,PA,59.0
2022-01-22,PA,PA,39.0
2022-01-29,PA,PA,30.0
2022-02-05,PA,PA,34.0
2022-02-12,PA,PA,50.0
2022-02-19,PA,PA,88.0
2022-02-26,PA,PA,77.0
2022-03-05,PA,PA,68.0
2022-03-12,PA,PA,79.0
2022-03-19,PA,PA,101.0
2022-03-26,PA,PA,108.0
2022-04-02,PA,PA,140.0
2022-04-09,PA,PA,183.0
2022-04-16,PA,PA,189.0
2022-04-23,PA,PA,200.0
2022-04-30,PA,PA,160.0
2022-05-07,PA,PA,149.0
2022-05-14,PA,PA,179.0
2022-05-21,PA,PA,158.0
2022-05-28,PA,PA,83.0
2022-06-04,PA,PA,64.0
2022-06-11,PA,PA,49.0
2022-06-18,PA,PA,40.0
2022-06-25,PA,PA,35.0
2022-07-02,PA,PA,35.0
2022-07-09,PA,PA,32.0
2022-07-16,PA,PA,20.0
2022-07-23,PA,PA,28.0
2022-07-30,PA,PA,24.0
2022-08-06,PA,PA,23.0
2022-08-13,PA,PA,27.0
2022-08-20,PA,PA,38.0
2022-08-27,PA,PA,23.0
2022-09-03,PA,PA,29.0
2022-09-10,PA,PA,37.0
2022-09-17,PA,PA,32.0
2022-09-24,PA,PA,34.0
2022-10-01,PA,PA,45.0
2025-10-04,Region 10,Region 10,13.0
2025-10-11,Region 10,Region 10,13.0
2025-10-18,Region 10,Region 10,20.0
2025-10-25,Region 10,Region 10,23.0
2025-11-01,Region 10,Region 10,28.0
2025-11-08,Region 10,Region 10,45.0
2025-11-15,Region 10,Region 10,42.0
2025-11-22,Region 10,Region 10,87.0
2025-11-29,Region 10,Region 10,102.0
2025-12-06,Region 10,Region 10,160.0
2025-12-13,Region 10,Region 10,147.0
2025-12-20,Region 10,Region 10,320.0
2025-12-27,Region 10,Region 10,539.0
2026-01-03,Region 10,Region 10,758.0
2026-01-10,Region 10,Region 10,634.0
2026-01-17,Region 10,Region 10,567.0
2026-01-24,Region 10,Region 10,604.0
2026-01-31,Region 10,Region 10,859.0
2026-02-07,Region 10,Region 10,1030.0
2026-02-14,Region 10,Region 10,806.0
2026-02-21,Region 10,Region 10,666.0
2026-02-28,Region 10,Region 10,498.0
2026-03-07,Region 10,Region 10,389.0
2026-03-14,Region 10,Region 10,281.0
2026-03-21,Region 10,Region 10,188.0
2026-03-28,Region 10,Region 10,128.0
2026-04-04,Region 10,Region 10,101.0
2026-04-11,Region 10,Region 10,71.0
2026-04-18,Region 10,Region 10,60.0
2026-04-25,Region 10,Region 10,61.0
2026-05-02,Region 10,Region 10,52.0
2026-05-09,Region 10,Region 10,54.0
2026-05-16,Region 10,Region 10,46.0
2026-05-23,Region 10,Region 10,27.0
2023-10-07,Region 2,Region 2,163.0
2023-10-14,Region 2,Region 2,142.0
2023-10-21,Region 2,Region 2,177.0
2023-10-28,Region 2,Region 2,255.0
2023-11-04,Region 2,Region 2,226.0
2023-11-11,Region 2,Region 2,282.0
2023-11-18,Region 2,Region 2,266.0
2023-11-25,Region 2,Region 2,368.0
2023-12-02,Region 2,Region 2,556.0
2023-12-09,Region 2,Region 2,709.0
2023-12-16,Region 2,Region 2,1104.0
2023-12-23,Region 2,Region 2,1485.0
2023-12-30,Region 2,Region 2,2125.0
2024-01-06,Region 2,Region 2,1958.0
2024-01-13,Region 2,Region 2,1655.0
2024-01-20,Region 2,Region 2,1342.0
2024-01-27,Region 2,Region 2,1280.0
2024-02-03,Region 2,Region 2,1129.0
2024-02-10,Region 2,Region 2,1156.0
2024-02-17,Region 2,Region 2,1202.0
2024-02-24,Region 2,Region 2,1131.0
2024-03-02,Region 2,Region 2,1150.0
2024-03-09,Region 2,Region 2,917.0
2024-03-16,Region 2,Region 2,692.0
2024-03-23,Region 2,Region 2,585.0
2024-03-30,Region 2,Region 2,626.0
2024-04-06,Region 2,Region 2,615.0
2024-04-13,Region 2,Region 2,538.0
2024-04-20,Region 2,Region 2,362.0
2024-04-27,Region 2,Region 2,297.0
2024-05-04,Region 2,Region 2,245.0
2024-05-11,Region 2,Region 2,127.0
2024-05-18,Region 2,Region 2,77.0
2024-05-25,Region 2,Region 2,61.0
2024-06-01,Region 2,Region 2,48.0
2024-06-08,Region 2,Region 2,39.0
2024-06-15,Region 2,Region 2,41.0
2024-06-22,Region 2,Region 2,33.0
2024-06-29,Region 2,Region 2,33.0
2024-07-06,Region 2,Region 2,32.0
2024-07-13,Region 2,Region 2,30.0
2024-07-20,Region 2,Region 2,40.0
2024-07-27,Region 2,Region 2,21.0
2024-08-03,Region 2,Region 2,18.0
2024-08-10,Region 2,Region 2,23.0
2024-08-17,Region 2,Region 2,14.0
2024-08-24,Region 2,Region 2,17.0
2024-08-31,Region 2,Region 2,9.0
2024-09-07,Region 2,Region 2,13.0
2024-09-14,Region 2,Region 2,23.0
2024-09-21,Region 2,Region 2,36.0
2024-09-28,Region 2,Region 2,16.0
2025-10-04,Region 7,Region 7,31.0
2025-10-11,Region 7,Region 7,46.0
2025-10-18,Region 7,Region 7,34.0
2025-10-25,Region 7,Region 7,44.0
2025-11-01,Region 7,Region 7,40.0
2025-11-08,Region 7,Region 7,45.0
2025-11-15,Region 7,Region 7,56.0
2025-11-22,Region 7,Region 7,54.0
2025-11-29,Region 7,Region 7,102.0
2025-12-06,Region 7,Region 7,145.0
2025-12-13,Region 7,Region 7,206.0
2025-12-20,Region 7,Region 7,524.0
2025-12-27,Region 7,Region 7,1508.0
2026-01-03,Region 7,Region 7,1878.0
2026-01-10,Region 7,Region 7,1235.0
2026-01-17,Region 7,Region 7,1098.0
2026-01-24,Region 7,Region 7,1053.0
2026-01-31,Region 7,Region 7,1003.0
2026-02-07,Region 7,Region 7,998.0
2026-02-14,Region 7,Region 7,1042.0
2026-02-21,Region 7,Region 7,971.0
2026-02-28,Region 7,Region 7,638.0
2026-03-07,Region 7,Region 7,488.0
2026-03-14,Region 7,Region 7,449.0
2026-03-21,Region 7,Region 7,278.0
2026-03-28,Region 7,Region 7,121.0
2026-04-04,Region 7,Region 7,93.0
2026-04-11,Region 7,Region 7,74.0
2026-04-18,Region 7,Region 7,55.0
2026-04-25,Region 7,Region 7,53.0
2026-05-02,Region 7,Region 7,28.0
2026-05-09,Region 7,Region 7,27.0
2026-05-16,Region 7,Region 7,19.0
2026-05-23,Region 7,Region 7,21.0
2021-10-09,SC,SC,2.0
2021-10-16,SC,SC,3.0
2021-10-23,SC,SC,2.0
2021-10-30,SC,SC,5.0
2021-11-06,SC,SC,10.0
2021-11-13,SC,SC,9.0
2021-11-20,SC,SC,4.0
2021-11-27,SC,SC,2.0
2021-12-04,SC,SC,10.0
2021-12-11,SC,SC,10.0
2021-12-18,SC,SC,12.0
2021-12-25,SC,SC,25.0
2022-01-01,SC,SC,43.0
2022-01-08,SC,SC,16.0
2022-01-15,SC,SC,9.0
2022-01-22,SC,SC,4.0
2022-01-29,SC,SC,5.0
2022-02-05,SC,SC,9.0
2022-02-12,SC,SC,11.0
2022-02-19,SC,SC,17.0
2022-02-26,SC,SC,13.0
2022-03-05,SC,SC,16.0
2022-03-12,SC,SC,14.0
2022-03-19,SC,SC,14.0
2022-03-26,SC,SC,7.0
2022-04-02,SC,SC,15.0
2022-04-09,SC,SC,18.0
2022-04-16,SC,SC,31.0
2022-04-23,SC,SC,32.0
2022-04-30,SC,SC,29.0
2022-05-07,SC,SC,20.0
2022-05-14,SC,SC,27.0
2022-05-21,SC,SC,37.0
2022-05-28,SC,SC,30.0
2022-06-04,SC,SC,27.0
2022-06-11,SC,SC,25.0
2022-06-18,SC,SC,17.0
2022-06-25,SC,SC,29.0
2022-07-02,SC,SC,11.0
2022-07-09,SC,SC,8.0
2022-07-16,SC,SC,4.0
2022-07-23,SC,SC,26.0
2022-07-30,SC,SC,15.0
2022-08-06,SC,SC,6.0
2022-08-13,SC,SC,6.0
2022-08-20,SC,SC,3.0
2022-08-27,SC,SC,3.0
2022-09-03,SC,SC,9.0
2022-09-10,SC,SC,7.0
2022-09-17,SC,SC,9.0
2022-09-24,SC,SC,17.0
2022-10-01,SC,SC,18.0
2021-10-09,SD,SD,1.0
2021-10-16,SD,SD,0.0
2021-10-23,SD,SD,2.0
2021-10-30,SD,SD,0.0
2021-11-06,SD,SD,0.0
2021-11-13,SD,SD,0.0
2021-11-20,SD,SD,2.0
2021-11-27,SD,SD,2.0
2021-12-04,SD,SD,5.0
2021-12-11,SD,SD,6.0
2021-12-18,SD,SD,4.0
2021-12-25,SD,SD,20.0
2022-01-01,SD,SD,31.0
2022-01-08,SD,SD,22.0
2022-01-15,SD,SD,26.0
2022-01-22,SD,SD,17.0
2022-01-29,SD,SD,8.0
2022-02-05,SD,SD,9.0
2022-02-12,SD,SD,18.0
2022-02-19,SD,SD,13.0
2022-02-26,SD,SD,12.0
2022-03-05,SD,SD,30.0
2022-03-12,SD,SD,13.0
2022-03-19,SD,SD,12.0
2022-03-26,SD,SD,5.0
2022-04-02,SD,SD,5.0
2022-04-09,SD,SD,11.0
2022-04-16,SD,SD,4.0
2022-04-23,SD,SD,3.0
2022-04-30,SD,SD,8.0
2022-05-07,SD,SD,3.0
2022-05-14,SD,SD,19.0
2022-05-21,SD,SD,5.0
2022-05-28,SD,SD,3.0
2022-06-04,SD,SD,1.0
2022-06-11,SD,SD,1.0
2022-06-18,SD,SD,1.0
2022-06-25,SD,SD,2.0
2022-07-02,SD,SD,1.0
2022-07-09,SD,SD,0.0
2022-07-16,SD,SD,0.0
2022-07-23,SD,SD,6.0
2022-07-30,SD,SD,8.0
2022-08-06,SD,SD,5.0
2022-08-13,SD,SD,7.0
2022-08-20,SD,SD,7.0
2022-08-27,SD,SD,7.0
2022-09-03,SD,SD,7.0
2022-09-10,SD,SD,7.0
2022-09-17,SD,SD,7.0
2022-09-24,SD,SD,7.0
2022-10-01,SD,SD,10.0
2025-10-04,WI,WI,7.0
2025-10-11,WI,WI,3.0
2025-10-18,WI,WI,7.0
2025-10-25,WI,WI,8.0
2025-11-01,WI,WI,6.0
2025-11-08,WI,WI,6.0
2025-11-15,WI,WI,7.0
2025-11-22,WI,WI,19.0
2025-11-29,WI,WI,51.0
2025-12-06,WI,WI,84.0
2025-12-13,WI,WI,161.0
2025-12-20,WI,WI,322.0
2025-12-27,WI,WI,757.0
2026-01-03,WI,WI,1060.0
2026-01-10,WI,WI,722.0
2026-01-17,WI,WI,452.0
2026-01-24,WI,WI,361.0
2026-01-31,WI,WI,267.0
2026-02-07,WI,WI,284.0
2026-02-14,WI,WI,258.0
2026-02-21,WI,WI,253.0
2026-02-28,WI,WI,205.0
2026-03-07,WI,WI,166.0
2026-03-14,WI,WI,148.0
2026-03-21,WI,WI,136.0
2026-03-28,WI,WI,100.0
2026-04-04,WI,WI,71.0
2026-04-11,WI,WI,58.0
2026-04-18,WI,WI,32.0
2026-04-25,WI,WI,27.0
2026-05-02,WI,WI,13.0
2026-05-09,WI,WI,4.0
2026-05-16,WI,WI,7.0
2026-05-23,WI,WI,3.0
2022-10-08,AR,AR,22.0
2022-10-15,AR,AR,37.0
2022-10-22,AR,AR,47.0
2022-10-29,AR,AR,77.0
2022-11-05,AR,AR,134.0
2022-11-12,AR,AR,203.0
2022-11-19,AR,AR,214.0
2022-11-26,AR,AR,407.0
2022-12-03,AR,AR,466.0
2022-12-10,AR,AR,346.0
2022-12-17,AR,AR,251.0
2022-12-24,AR,AR,201.0
2022-12-31,AR,AR,204.0
2023-01-07,AR,AR,158.0
2023-01-14,AR,AR,105.0
2023-01-21,AR,AR,65.0
2023-01-28,AR,AR,44.0
2023-02-04,AR,AR,20.0
2023-02-11,AR,AR,33.0
2023-02-18,AR,AR,25.0
2023-02-25,AR,AR,30.0
2023-03-04,AR,AR,33.0
2023-03-11,AR,AR,23.0
2023-03-18,AR,AR,15.0
2023-03-25,AR,AR,18.0
2023-04-01,AR,AR,27.0
2023-04-08,AR,AR,15.0
2023-04-15,AR,AR,17.0
2023-04-22,AR,AR,8.0
2023-04-29,AR,AR,11.0
2023-05-06,AR,AR,9.0
2023-05-13,AR,AR,12.0
2023-05-20,AR,AR,9.0
2023-05-27,AR,AR,14.0
2023-06-03,AR,AR,6.0
2023-06-10,AR,AR,1.0
2023-06-17,AR,AR,5.0
2023-06-24,AR,AR,12.0
2023-07-01,AR,AR,6.0
2023-07-08,AR,AR,4.0
2023-07-15,AR,AR,8.0
2023-07-22,AR,AR,6.0
2023-07-29,AR,AR,5.0
2023-08-05,AR,AR,11.0
2023-08-12,AR,AR,10.0
2023-08-19,AR,AR,7.0
2023-08-26,AR,AR,9.0
2023-09-02,AR,AR,6.0
2023-09-09,AR,AR,8.0
2023-09-16,AR,AR,7.0
2023-09-23,AR,AR,6.0
2023-09-30,AR,AR,10.0
2020-10-24,DC,DC,0.0
2020-10-31,DC,DC,0.0
2020-11-07,DC,DC,0.0
2020-11-14,DC,DC,0.0
2020-11-21,DC,DC,0.0
2020-11-28,DC,DC,0.0
2020-12-05,DC,DC,0.0
2020-12-12,DC,DC,0.0
2020-12-19,DC,DC,0.0
2020-12-26,DC,DC,0.0
2021-01-02,DC,DC,0.0
2021-01-09,DC,DC,0.0
2021-01-16,DC,DC,0.0
2021-01-23,DC,DC,0.0
2021-01-30,DC,DC,0.0
2021-02-06,DC,DC,0.0
2021-02-13,DC,DC,0.0
2021-02-20,DC,DC,0.0
2021-02-27,DC,DC,0.0
2021-03-06,DC,DC,0.0
2021-03-13,DC,DC,0.0
2021-03-20,DC,DC,0.0
2021-03-27,DC,DC,0.0
2021-04-03,DC,DC,0.0
2021-04-10,DC,DC,0.0
2021-04-17,DC,DC,0.0
2021-04-24,DC,DC,0.0
2021-05-01,DC,DC,0.0
2021-05-08,DC,DC,0.0
2021-05-15,DC,DC,0.0
2021-05-22,DC,DC,0.0
2021-05-29,DC,DC,0.0
2021-06-05,DC,DC,0.0
2021-06-12,DC,DC,0.0
2021-06-19,DC,DC,0.0
2021-06-26,DC,DC,0.0
2021-07-03,DC,DC,0.0
2021-07-10,DC,DC,1.0
2021-07-17,DC,DC,0.0
2021-07-24,DC,DC,0.0
2021-07-31,DC,DC,0.0
2021-08-07,DC,DC,0.0
2021-08-14,DC,DC,0.0
2021-08-21,DC,DC,0.0
2021-08-28,DC,DC,0.0
2021-09-04,DC,DC,0.0
2021-09-11,DC,DC,0.0
2021-09-18,DC,DC,0.0
2021-09-25,DC,DC,0.0
2021-10-02,DC,DC,0.0
2020-09-05,GU,GU,0.0
2020-09-12,GU,GU,0.0
2020-09-19,GU,GU,0.0
2020-09-26,GU,GU,0.0
2022-10-08,HI,HI,5.0
2022-10-15,HI,HI,6.0
2022-10-22,HI,HI,3.0
2022-10-29,HI,HI,7.0
2022-11-05,HI,HI,7.0
2022-11-12,HI,HI,21.0
2022-11-19,HI,HI,15.0
2022-11-26,HI,HI,12.0
2022-12-03,HI,HI,9.0
2022-12-10,HI,HI,13.0
2022-12-17,HI,HI,14.0
2022-12-24,HI,HI,29.0
2022-12-31,HI,HI,34.0
2023-01-07,HI,HI,10.0
2023-01-14,HI,HI,9.0
2023-01-21,HI,HI,0.0
2023-01-28,HI,HI,9.0
2023-02-04,HI,HI,8.0
2023-02-11,HI,HI,10.0
2023-02-18,HI,HI,4.0
2023-02-25,HI,HI,5.0
2023-03-04,HI,HI,1.0
2023-03-11,HI,HI,3.0
2023-03-18,HI,HI,4.0
2023-03-25,HI,HI,1.0
2023-04-01,HI,HI,7.0
2023-04-08,HI,HI,3.0
2023-04-15,HI,HI,1.0
2023-04-22,HI,HI,2.0
2023-04-29,HI,HI,1.0
2023-05-06,HI,HI,0.0
2023-05-13,HI,HI,1.0
2023-05-20,HI,HI,3.0
2023-05-27,HI,HI,0.0
2023-06-03,HI,HI,4.0
2023-06-10,HI,HI,6.0
2023-06-17,HI,HI,8.0
2023-06-24,HI,HI,9.0
2023-07-01,HI,HI,10.0
2023-07-08,HI,HI,8.0
2023-07-15,HI,HI,6.0
2023-07-22,HI,HI,4.0
2023-07-29,HI,HI,4.0
2023-08-05,HI,HI,6.0
2023-08-12,HI,HI,4.0
2023-08-19,HI,HI,6.0
2023-08-26,HI,HI,6.0
2023-09-02,HI,HI,7.0
2023-09-09,HI,HI,5.0
2023-09-16,HI,HI,8.0
2023-09-23,HI,HI,5.0
2023-09-30,HI,HI,10.0
2020-10-17,KS,KS,0.0
2020-10-24,KS,KS,6.0
2020-10-31,KS,KS,8.0
2020-11-07,KS,KS,2.0
2020-11-14,KS,KS,3.0
2020-11-21,KS,KS,4.0
2020-11-28,KS,KS,4.0
2020-12-05,KS,KS,7.0
2020-12-12,KS,KS,4.0
2020-12-19,KS,KS,10.0
2020-12-26,KS,KS,1.0
2021-01-02,KS,KS,1.0
2021-01-09,KS,KS,2.0
2021-01-16,KS,KS,9.0
2021-01-23,KS,KS,1.0
2021-01-30,KS,KS,1.0
2021-02-06,KS,KS,0.0
2021-02-13,KS,KS,4.0
2021-02-20,KS,KS,5.0
2021-02-27,KS,KS,0.0
2021-03-06,KS,KS,0.0
2021-03-13,KS,KS,6.0
2021-03-20,KS,KS,0.0
2021-03-27,KS,KS,1.0
2021-04-03,KS,KS,2.0
2021-04-10,KS,KS,6.0
2021-04-17,KS,KS,3.0
2021-04-24,KS,KS,4.0
2021-05-01,KS,KS,4.0
2021-05-08,KS,KS,10.0
2021-05-15,KS,KS,0.0
2021-05-22,KS,KS,2.0
2021-05-29,KS,KS,0.0
2021-06-05,KS,KS,0.0
2021-06-12,KS,KS,0.0
2021-06-19,KS,KS,0.0
2021-06-26,KS,KS,3.0
2021-07-03,KS,KS,2.0
2021-07-10,KS,KS,0.0
2021-07-17,KS,KS,4.0
2021-07-24,KS,KS,0.0
2021-07-31,KS,KS,0.0
2021-08-07,KS,KS,2.0
2021-08-14,KS,KS,1.0
2021-08-21,KS,KS,0.0
2021-08-28,KS,KS,1.0
2021-09-04,KS,KS,2.0
2021-09-11,KS,KS,0.0
2021-09-18,KS,KS,0.0
2021-09-25,KS,KS,2.0
2021-10-02,KS,KS,4.0
2024-10-12,MA,MA,0.0
2024-10-19,MA,MA,0.0
2024-10-26,MA,MA,0.0
2024-11-02,MA,MA,3.0
2024-11-09,MA,MA,40.0
2024-11-16,MA,MA,19.0
2024-11-23,MA,MA,53.0
2024-11-30,MA,MA,72.0
2024-12-07,MA,MA,96.0
2024-12-14,MA,MA,136.0
2024-12-21,MA,MA,150.0
2024-12-28,MA,MA,297.0
2025-01-04,MA,MA,593.0
2025-01-11,MA,MA,619.0
2025-01-18,MA,MA,790.0
2025-01-25,MA,MA,1043.0
2025-02-01,MA,MA,1428.0
2025-02-08,MA,MA,1705.0
2025-02-15,MA,MA,1606.0
2025-02-22,MA,MA,1450.0
2025-03-01,MA,MA,1296.0
2025-03-08,MA,MA,789.0
2025-03-15,MA,MA,459.0
2025-03-22,MA,MA,329.0
2025-03-29,MA,MA,238.0
2025-04-05,MA,MA,152.0
2025-04-12,MA,MA,123.0
2025-04-19,MA,MA,90.0
2025-04-26,MA,MA,88.0
2025-05-03,MA,MA,76.0
2025-05-10,MA,MA,39.0
2025-05-17,MA,MA,31.0
2025-05-24,MA,MA,30.0
2025-05-31,MA,MA,26.0
2025-06-07,MA,MA,19.0
2025-06-14,MA,MA,24.0
2025-06-21,MA,MA,8.0
2025-06-28,MA,MA,21.0
2025-07-05,MA,MA,21.0
2025-07-12,MA,MA,16.0
2025-07-19,MA,MA,11.0
2025-07-26,MA,MA,4.0
2025-08-02,MA,MA,8.0
2025-08-09,MA,MA,6.0
2025-08-16,MA,MA,8.0
2025-08-23,MA,MA,7.0
2025-08-30,MA,MA,8.0
2025-09-06,MA,MA,14.0
2025-09-13,MA,MA,13.0
2025-09-20,MA,MA,10.0
2025-09-27,MA,MA,13.0
2025-10-04,ME,ME,1.0
2025-10-11,ME,ME,1.0
2025-10-18,ME,ME,3.0
2025-10-25,ME,ME,3.0
2025-11-01,ME,ME,2.0
2025-11-08,ME,ME,3.0
2025-11-15,ME,ME,4.0
2025-11-22,ME,ME,8.0
2025-11-29,ME,ME,13.0
2025-12-06,ME,ME,20.0
2025-12-13,ME,ME,31.0
2025-12-20,ME,ME,82.0
2025-12-27,ME,ME,147.0
2026-01-03,ME,ME,255.0
2026-01-10,ME,ME,172.0
2026-01-17,ME,ME,118.0
2026-01-24,ME,ME,81.0
2026-01-31,ME,ME,69.0
2026-02-07,ME,ME,68.0
2026-02-14,ME,ME,47.0
2026-02-21,ME,ME,59.0
2026-02-28,ME,ME,43.0
2026-03-07,ME,ME,35.0
2026-03-14,ME,ME,30.0
2026-03-21,ME,ME,26.0
2026-03-28,ME,ME,10.0
2026-04-04,ME,ME,8.0
2026-04-11,ME,ME,6.0
2026-04-18,ME,ME,3.0
2026-04-25,ME,ME,10.0
2026-05-02,ME,ME,6.0
2026-05-09,ME,ME,3.0
2026-05-16,ME,ME,4.0
2026-05-23,ME,ME,3.0
2020-10-17,NC,NC,0.0
2020-10-24,NC,NC,7.0
2020-10-31,NC,NC,12.0
2020-11-07,NC,NC,8.0
2020-11-14,NC,NC,8.0
2020-11-21,NC,NC,18.0
2020-11-28,NC,NC,19.0
2020-12-05,NC,NC,9.0
2020-12-12,NC,NC,11.0
2020-12-19,NC,NC,8.0
2020-12-26,NC,NC,10.0
2021-01-02,NC,NC,15.0
2021-01-09,NC,NC,12.0
2021-01-16,NC,NC,24.0
2021-01-23,NC,NC,4.0
2021-01-30,NC,NC,10.0
2021-02-06,NC,NC,4.0
2021-02-13,NC,NC,3.0
2021-02-20,NC,NC,8.0
2021-02-27,NC,NC,8.0
2021-03-06,NC,NC,4.0
2021-03-13,NC,NC,5.0
2021-03-20,NC,NC,6.0
2021-03-27,NC,NC,3.0
2021-04-03,NC,NC,1.0
2021-04-10,NC,NC,3.0
2021-04-17,NC,NC,10.0
2021-04-24,NC,NC,57.0
2021-05-01,NC,NC,102.0
2021-05-08,NC,NC,34.0
2021-05-15,NC,NC,15.0
2021-05-22,NC,NC,12.0
2021-05-29,NC,NC,6.0
2021-06-05,NC,NC,1.0
2021-06-12,NC,NC,9.0
2021-06-19,NC,NC,6.0
2021-06-26,NC,NC,6.0
2021-07-03,NC,NC,5.0
2021-07-10,NC,NC,4.0
2021-07-17,NC,NC,6.0
2021-07-24,NC,NC,8.0
2021-07-31,NC,NC,10.0
2021-08-07,NC,NC,3.0
2021-08-14,NC,NC,15.0
2021-08-21,NC,NC,8.0
2021-08-28,NC,NC,4.0
2021-09-04,NC,NC,8.0
2021-09-11,NC,NC,13.0
2021-09-18,NC,NC,13.0
2021-09-25,NC,NC,5.0
2021-10-02,NC,NC,15.0
2023-10-07,ND,ND,0.0
2023-10-14,ND,ND,1.0
2023-10-21,ND,ND,1.0
2023-10-28,ND,ND,1.0
2023-11-04,ND,ND,0.0
2023-11-11,ND,ND,2.0
2023-11-18,ND,ND,7.0
2023-11-25,ND,ND,4.0
2023-12-02,ND,ND,17.0
2023-12-09,ND,ND,11.0
2023-12-16,ND,ND,16.0
2023-12-23,ND,ND,26.0
2023-12-30,ND,ND,51.0
2024-01-06,ND,ND,52.0
2024-01-13,ND,ND,32.0
2024-01-20,ND,ND,41.0
2024-01-27,ND,ND,48.0
2024-02-03,ND,ND,40.0
2024-02-10,ND,ND,31.0
2024-02-17,ND,ND,29.0
2024-02-24,ND,ND,25.0
2024-03-02,ND,ND,22.0
2024-03-09,ND,ND,21.0
2024-03-16,ND,ND,29.0
2024-03-23,ND,ND,20.0
2024-03-30,ND,ND,31.0
2024-04-06,ND,ND,19.0
2024-04-13,ND,ND,18.0
2024-04-20,ND,ND,15.0
2024-04-27,ND,ND,7.0
2024-05-04,ND,ND,4.0
2024-05-11,ND,ND,0.0
2024-05-18,ND,ND,1.0
2024-05-25,ND,ND,0.0
2024-06-01,ND,ND,0.0
2024-06-08,ND,ND,0.0
2024-06-15,ND,ND,0.0
2024-06-22,ND,ND,1.0
2024-06-29,ND,ND,0.0
2024-07-06,ND,ND,0.0
2024-07-13,ND,ND,0.0
2024-07-20,ND,ND,0.0
2024-07-27,ND,ND,1.0
2024-08-03,ND,ND,0.0
2024-08-10,ND,ND,0.0
2024-08-17,ND,ND,0.0
2024-08-24,ND,ND,0.0
2024-08-31,ND,ND,0.0
2024-09-07,ND,ND,0.0
2024-09-14,ND,ND,0.0
2024-09-21,ND,ND,0.0
2024-09-28,ND,ND,1.0
2024-10-05,NY,NY,7.0
2024-10-12,NY,NY,0.0
2024-10-19,NY,NY,5.0
2024-10-26,NY,NY,8.0
2024-11-02,NY,NY,15.0
2024-11-09,NY,NY,55.0
2024-11-16,NY,NY,63.0
2024-11-23,NY,NY,103.0
2024-11-30,NY,NY,145.0
2024-12-07,NY,NY,275.0
2024-12-14,NY,NY,432.0
2024-12-21,NY,NY,736.0
2024-12-28,NY,NY,1528.0
2025-01-04,NY,NY,2594.0
2025-01-11,NY,NY,2249.0
2025-01-18,NY,NY,2617.0
2025-01-25,NY,NY,2931.0
2025-02-01,NY,NY,3128.0
2025-02-08,NY,NY,2942.0
2025-02-15,NY,NY,2492.0
2025-02-22,NY,NY,2035.0
2025-03-01,NY,NY,1630.0
2025-03-08,NY,NY,1278.0
2025-03-15,NY,NY,1107.0
2025-03-22,NY,NY,894.0
2025-03-29,NY,NY,611.0
2025-04-05,NY,NY,508.0
2025-04-12,NY,NY,395.0
2025-04-19,NY,NY,283.0
2025-04-26,NY,NY,209.0
2025-05-03,NY,NY,157.0
2025-05-10,NY,NY,105.0
2025-05-17,NY,NY,63.0
2025-05-24,NY,NY,50.0
2025-05-31,NY,NY,41.0
2025-06-07,NY,NY,27.0
2025-06-14,NY,NY,29.0
2025-06-21,NY,NY,27.0
2025-06-28,NY,NY,22.0
2025-07-05,NY,NY,22.0
2025-07-12,NY,NY,24.0
2025-07-19,NY,NY,19.0
2025-07-26,NY,NY,19.0
2025-08-02,NY,NY,13.0
2025-08-09,NY,NY,12.0
2025-08-16,NY,NY,14.0
2025-08-23,NY,NY,21.0
2025-08-30,NY,NY,17.0
2025-09-06,NY,NY,19.0
2025-09-13,NY,NY,15.0
2025-09-20,NY,NY,9.0
2025-09-27,NY,NY,27.0
2022-10-08,OH,OH,17.0
2022-10-15,OH,OH,32.0
2022-10-22,OH,OH,33.0
2022-10-29,OH,OH,105.0
2022-11-05,OH,OH,196.0
2022-11-12,OH,OH,257.0
2022-11-19,OH,OH,311.0
2022-11-26,OH,OH,560.0
2022-12-03,OH,OH,954.0
2022-12-10,OH,OH,957.0
2022-12-17,OH,OH,972.0
2022-12-24,OH,OH,799.0
2022-12-31,OH,OH,706.0
2023-01-07,OH,OH,489.0
2023-01-14,OH,OH,194.0
2023-01-21,OH,OH,122.0
2023-01-28,OH,OH,72.0
2023-02-04,OH,OH,58.0
2023-02-11,OH,OH,49.0
2023-02-18,OH,OH,47.0
2023-02-25,OH,OH,24.0
2023-03-04,OH,OH,23.0
2023-03-11,OH,OH,26.0
2023-03-18,OH,OH,34.0
2023-03-25,OH,OH,29.0
2023-04-01,OH,OH,33.0
2023-04-08,OH,OH,12.0
2023-04-15,OH,OH,25.0
2023-04-22,OH,OH,18.0
2023-04-29,OH,OH,19.0
2023-05-06,OH,OH,17.0
2023-05-13,OH,OH,17.0
2023-05-20,OH,OH,218.0
2023-05-27,OH,OH,14.0
2023-06-03,OH,OH,10.0
2023-06-10,OH,OH,11.0
2023-06-17,OH,OH,11.0
2023-06-24,OH,OH,14.0
2023-07-01,OH,OH,37.0
2023-07-08,OH,OH,37.0
2023-07-15,OH,OH,40.0
2023-07-22,OH,OH,33.0
2023-07-29,OH,OH,117.0
2023-08-05,OH,OH,9.0
2023-08-12,OH,OH,10.0
2023-08-19,OH,OH,8.0
2023-08-26,OH,OH,16.0
2023-09-02,OH,OH,13.0
2023-09-09,OH,OH,15.0
2023-09-16,OH,OH,9.0
2023-09-23,OH,OH,9.0
2023-09-30,OH,OH,16.0
2022-10-08,PR,PR,33.0
2022-10-15,PR,PR,43.0
2022-10-22,PR,PR,49.0
2022-10-29,PR,PR,52.0
2022-11-05,PR,PR,90.0
2022-11-12,PR,PR,88.0
2022-11-19,PR,PR,65.0
2022-11-26,PR,PR,73.0
2022-12-03,PR,PR,77.0
2022-12-10,PR,PR,73.0
2022-12-17,PR,PR,61.0
2022-12-24,PR,PR,114.0
2022-12-31,PR,PR,60.0
2023-01-07,PR,PR,52.0
2023-01-14,PR,PR,84.0
2023-01-21,PR,PR,47.0
2023-01-28,PR,PR,57.0
2023-02-04,PR,PR,54.0
2023-02-11,PR,PR,77.0
2023-02-18,PR,PR,44.0
2023-02-25,PR,PR,32.0
2023-03-04,PR,PR,22.0
2023-03-11,PR,PR,16.0
2023-03-18,PR,PR,11.0
2023-03-25,PR,PR,25.0
2023-04-01,PR,PR,42.0
2023-04-08,PR,PR,33.0
2023-04-15,PR,PR,34.0
2023-04-22,PR,PR,33.0
2023-04-29,PR,PR,36.0
2023-05-06,PR,PR,47.0
2023-05-13,PR,PR,43.0
2023-05-20,PR,PR,59.0
2023-05-27,PR,PR,60.0
2023-06-03,PR,PR,73.0
2023-06-10,PR,PR,61.0
2023-06-17,PR,PR,50.0
2023-06-24,PR,PR,58.0
2023-07-01,PR,PR,52.0
2023-07-08,PR,PR,39.0
2023-07-15,PR,PR,42.0
2023-07-22,PR,PR,33.0
2023-07-29,PR,PR,42.0
2023-08-05,PR,PR,29.0
2023-08-12,PR,PR,39.0
2023-08-19,PR,PR,30.0
2023-08-26,PR,PR,52.0
2023-09-02,PR,PR,59.0
2023-09-09,PR,PR,54.0
2023-09-16,PR,PR,59.0
2023-09-23,PR,PR,84.0
2023-09-30,PR,PR,99.0
2025-10-04,Region 5,Region 5,70.0
2025-10-11,Region 5,Region 5,65.0
2025-10-18,Region 5,Region 5,82.0
2025-10-25,Region 5,Region 5,83.0
2025-11-01,Region 5,Region 5,101.0
2025-11-08,Region 5,Region 5,135.0
2025-11-15,Region 5,Region 5,204.0
2025-11-22,Region 5,Region 5,343.0
2025-11-29,Region 5,Region 5,544.0
2025-12-06,Region 5,Region 5,778.0
2025-12-13,Region 5,Region 5,1388.0
2025-12-20,Region 5,Region 5,3042.0
2025-12-27,Region 5,Region 5,6430.0
2026-01-03,Region 5,Region 5,7994.0
2026-01-10,Region 5,Region 5,5572.0
2026-01-17,Region 5,Region 5,3393.0
2026-01-24,Region 5,Region 5,2797.0
2026-01-31,Region 5,Region 5,2309.0
2026-02-07,Region 5,Region 5,2166.0
2026-02-14,Region 5,Region 5,2103.0
2026-02-21,Region 5,Region 5,2391.0
2026-02-28,Region 5,Region 5,1802.0
2026-03-07,Region 5,Region 5,1698.0
2026-03-14,Region 5,Region 5,1398.0
2026-03-21,Region 5,Region 5,1042.0
2026-03-28,Region 5,Region 5,453.0
2026-04-04,Region 5,Region 5,371.0
2026-04-11,Region 5,Region 5,324.0
2026-04-18,Region 5,Region 5,257.0
2026-04-25,Region 5,Region 5,220.0
2026-05-02,Region 5,Region 5,150.0
2026-05-09,Region 5,Region 5,125.0
2026-05-16,Region 5,Region 5,104.0
2026-05-23,Region 5,Region 5,84.0
2022-10-08,Region 7,Region 7,39.0
2022-10-15,Region 7,Region 7,32.0
2022-10-22,Region 7,Region 7,60.0
2022-10-29,Region 7,Region 7,95.0
2022-11-05,Region 7,Region 7,147.0
2022-11-12,Region 7,Region 7,193.0
2022-11-19,Region 7,Region 7,354.0
2022-11-26,Region 7,Region 7,805.0
2022-12-03,Region 7,Region 7,1462.0
2022-12-10,Region 7,Region 7,1436.0
2022-12-17,Region 7,Region 7,1459.0
2022-12-24,Region 7,Region 7,1209.0
2022-12-31,Region 7,Region 7,1285.0
2023-01-07,Region 7,Region 7,847.0
2023-01-14,Region 7,Region 7,402.0
2023-01-21,Region 7,Region 7,238.0
2023-01-28,Region 7,Region 7,162.0
2023-02-04,Region 7,Region 7,81.0
2023-02-11,Region 7,Region 7,67.0
2023-02-18,Region 7,Region 7,60.0
2023-02-25,Region 7,Region 7,64.0
2023-03-04,Region 7,Region 7,55.0
2023-03-11,Region 7,Region 7,67.0
2023-03-18,Region 7,Region 7,49.0
2023-03-25,Region 7,Region 7,54.0
2023-04-01,Region 7,Region 7,52.0
2023-04-08,Region 7,Region 7,39.0
2023-04-15,Region 7,Region 7,36.0
2023-04-22,Region 7,Region 7,28.0
2023-04-29,Region 7,Region 7,44.0
2023-05-06,Region 7,Region 7,36.0
2023-05-13,Region 7,Region 7,32.0
2023-05-20,Region 7,Region 7,31.0
2023-05-27,Region 7,Region 7,22.0
2023-06-03,Region 7,Region 7,15.0
2023-06-10,Region 7,Region 7,36.0
2023-06-17,Region 7,Region 7,15.0
2023-06-24,Region 7,Region 7,16.0
2023-07-01,Region 7,Region 7,13.0
2023-07-08,Region 7,Region 7,7.0
2023-07-15,Region 7,Region 7,16.0
2023-07-22,Region 7,Region 7,23.0
2023-07-29,Region 7,Region 7,13.0
2023-08-05,Region 7,Region 7,7.0
2023-08-12,Region 7,Region 7,12.0
2023-08-19,Region 7,Region 7,15.0
2023-08-26,Region 7,Region 7,14.0
2023-09-02,Region 7,Region 7,15.0
2023-09-09,Region 7,Region 7,20.0
2023-09-16,Region 7,Region 7,11.0
2023-09-23,Region 7,Region 7,26.0
2023-09-30,Region 7,Region 7,22.0
2021-10-09,Region 8,Region 8,6.0
2021-10-16,Region 8,Region 8,2.0
2021-10-23,Region 8,Region 8,3.0
2021-10-30,Region 8,Region 8,7.0
2021-11-06,Region 8,Region 8,5.0
2021-11-13,Region 8,Region 8,7.0
2021-11-20,Region 8,Region 8,9.0
2021-11-27,Region 8,Region 8,10.0
2021-12-04,Region 8,Region 8,37.0
2021-12-11,Region 8,Region 8,40.0
2021-12-18,Region 8,Region 8,46.0
2021-12-25,Region 8,Region 8,89.0
2022-01-01,Region 8,Region 8,189.0
2022-01-08,Region 8,Region 8,137.0
2022-01-15,Region 8,Region 8,104.0
2022-01-22,Region 8,Region 8,78.0
2022-01-29,Region 8,Region 8,48.0
2022-02-05,Region 8,Region 8,52.0
2022-02-12,Region 8,Region 8,70.0
2022-02-19,Region 8,Region 8,49.0
2022-02-26,Region 8,Region 8,61.0
2022-03-05,Region 8,Region 8,88.0
2022-03-12,Region 8,Region 8,90.0
2022-03-19,Region 8,Region 8,108.0
2022-03-26,Region 8,Region 8,128.0
2022-04-02,Region 8,Region 8,187.0
2022-04-09,Region 8,Region 8,162.0
2022-04-16,Region 8,Region 8,188.0
2022-04-23,Region 8,Region 8,220.0
2022-04-30,Region 8,Region 8,198.0
2022-05-07,Region 8,Region 8,298.0
2022-05-14,Region 8,Region 8,216.0
2022-05-21,Region 8,Region 8,150.0
2022-05-28,Region 8,Region 8,111.0
2022-06-04,Region 8,Region 8,115.0
2022-06-11,Region 8,Region 8,62.0
2022-06-18,Region 8,Region 8,32.0
2022-06-25,Region 8,Region 8,14.0
2022-07-02,Region 8,Region 8,24.0
2022-07-09,Region 8,Region 8,15.0
2022-07-16,Region 8,Region 8,15.0
2022-07-23,Region 8,Region 8,17.0
2022-07-30,Region 8,Region 8,19.0
2022-08-06,Region 8,Region 8,18.0
2022-08-13,Region 8,Region 8,20.0
2022-08-20,Region 8,Region 8,19.0
2022-08-27,Region 8,Region 8,8.0
2022-09-03,Region 8,Region 8,10.0
2022-09-10,Region 8,Region 8,10.0
2022-09-17,Region 8,Region 8,11.0
2022-09-24,Region 8,Region 8,13.0
2022-10-01,Region 8,Region 8,15.0
2020-10-17,TX,TX,3.0
2020-10-24,TX,TX,66.0
2020-10-31,TX,TX,134.0
2020-11-07,TX,TX,177.0
2020-11-14,TX,TX,171.0
2020-11-21,TX,TX,184.0
2020-11-28,TX,TX,221.0
2020-12-05,TX,TX,247.0
2020-12-12,TX,TX,217.0
2020-12-19,TX,TX,263.0
2020-12-26,TX,TX,263.0
2021-01-02,TX,TX,250.0
2021-01-09,TX,TX,126.0
2021-01-16,TX,TX,118.0
2021-01-23,TX,TX,337.0
2021-01-30,TX,TX,121.0
2021-02-06,TX,TX,146.0
2021-02-13,TX,TX,120.0
2021-02-20,TX,TX,107.0
2021-02-27,TX,TX,77.0
2021-03-06,TX,TX,81.0
2021-03-13,TX,TX,120.0
2021-03-20,TX,TX,49.0
2021-03-27,TX,TX,55.0
2021-04-03,TX,TX,55.0
2021-04-10,TX,TX,61.0
2021-04-17,TX,TX,41.0
2021-04-24,TX,TX,51.0
2021-05-01,TX,TX,50.0
2021-05-08,TX,TX,36.0
2021-05-15,TX,TX,35.0
2021-05-22,TX,TX,41.0
2021-05-29,TX,TX,38.0
2021-06-05,TX,TX,45.0
2021-06-12,TX,TX,39.0
2021-06-19,TX,TX,34.0
2021-06-26,TX,TX,36.0
2021-07-03,TX,TX,54.0
2021-07-10,TX,TX,76.0
2021-07-17,TX,TX,84.0
2021-07-24,TX,TX,74.0
2021-07-31,TX,TX,41.0
2021-08-07,TX,TX,25.0
2021-08-14,TX,TX,16.0
2021-08-21,TX,TX,14.0
2021-08-28,TX,TX,11.0
2021-09-04,TX,TX,15.0
2021-09-11,TX,TX,20.0
2021-09-18,TX,TX,17.0
2021-09-25,TX,TX,13.0
2021-10-02,TX,TX,15.0
2025-10-04,TX,TX,101.0
2025-10-11,TX,TX,131.0
2025-10-18,TX,TX,135.0
2025-10-25,TX,TX,139.0
2025-11-01,TX,TX,169.0
2025-11-08,TX,TX,232.0
2025-11-15,TX,TX,295.0
2025-11-22,TX,TX,442.0
2025-11-29,TX,TX,591.0
2025-12-06,TX,TX,690.0
2025-12-13,TX,TX,959.0
2025-12-20,TX,TX,1675.0
2025-12-27,TX,TX,2831.0
2026-01-03,TX,TX,2382.0
2026-01-10,TX,TX,1828.0
2026-01-17,TX,TX,1208.0
2026-01-24,TX,TX,1376.0
2026-01-31,TX,TX,1320.0
2026-02-07,TX,TX,1390.0
2026-02-14,TX,TX,1346.0
2026-02-21,TX,TX,1037.0
2026-02-28,TX,TX,779.0
2026-03-07,TX,TX,722.0
2026-03-14,TX,TX,436.0
2026-03-21,TX,TX,412.0
2026-03-28,TX,TX,251.0
2026-04-04,TX,TX,178.0
2026-04-11,TX,TX,131.0
2026-04-18,TX,TX,119.0
2026-04-25,TX,TX,126.0
2026-05-02,TX,TX,124.0
2026-05-09,TX,TX,134.0
2026-05-16,TX,TX,114.0
2026-05-23,TX,TX,91.0
2024-10-26,VI,VI,0.0
2024-11-02,VI,VI,0.0
2024-11-09,VI,VI,0.0
2024-11-16,VI,VI,0.0
2024-11-23,VI,VI,0.0
2024-11-30,VI,VI,0.0
2024-12-07,VI,VI,0.0
2024-12-14,VI,VI,0.0
2024-12-21,VI,VI,0.0
2024-12-28,VI,VI,1.0
2025-01-04,VI,VI,0.0
2025-01-11,VI,VI,0.0
2025-01-18,VI,VI,3.0
2025-01-25,VI,VI,0.0
2025-02-01,VI,VI,0.0
2025-02-08,VI,VI,0.0
2025-02-15,VI,VI,1.0
2025-02-22,VI,VI,0.0
2025-03-01,VI,VI,0.0
2025-03-08,VI,VI,0.0
2025-03-15,VI,VI,1.0
2025-03-22,VI,VI,0.0
2025-03-29,VI,VI,1.0
2025-04-05,VI,VI,0.0
2025-04-12,VI,VI,0.0
2025-04-19,VI,VI,0.0
2025-04-26,VI,VI,0.0
2025-05-03,VI,VI,0.0
2025-05-10,VI,VI,0.0
2025-05-17,VI,VI,0.0
2025-05-24,VI,VI,0.0
2025-05-31,VI,VI,0.0
2025-06-07,VI,VI,0.0
2025-06-14,VI,VI,0.0
2025-06-21,VI,VI,0.0
2025-06-28,VI,VI,0.0
2025-07-05,VI,VI,0.0
2025-07-12,VI,VI,0.0
2025-07-19,VI,VI,0.0
2025-07-26,VI,VI,0.0
2025-08-02,VI,VI,0.0
2025-08-09,VI,VI,0.0
2025-08-16,VI,VI,0.0
2025-08-23,VI,VI,0.0
2025-08-30,VI,VI,0.0
2025-09-06,VI,VI,0.0
2025-09-13,VI,VI,0.0
2025-09-20,VI,VI,0.0
2025-09-27,VI,VI,0.0
2022-10-08,AK,AK,0.0
2022-10-15,AK,AK,5.0
2022-10-22,AK,AK,1.0
2022-10-29,AK,AK,11.0
2022-11-05,AK,AK,15.0
2022-11-12,AK,AK,14.0
2022-11-19,AK,AK,36.0
2022-11-26,AK,AK,65.0
2022-12-03,AK,AK,53.0
2022-12-10,AK,AK,73.0
2022-12-17,AK,AK,51.0
2022-12-24,AK,AK,43.0
2022-12-31,AK,AK,43.0
2023-01-07,AK,AK,32.0
2023-01-14,AK,AK,7.0
2023-01-21,AK,AK,7.0
2023-01-28,AK,AK,5.0
2023-02-04,AK,AK,3.0
2023-02-11,AK,AK,1.0
2023-02-18,AK,AK,2.0
2023-02-25,AK,AK,5.0
2023-03-04,AK,AK,2.0
2023-03-11,AK,AK,4.0
2023-03-18,AK,AK,1.0
2023-03-25,AK,AK,3.0
2023-04-01,AK,AK,1.0
2023-04-08,AK,AK,2.0
2023-04-15,AK,AK,2.0
2023-04-22,AK,AK,1.0
2023-04-29,AK,AK,0.0
2023-05-06,AK,AK,5.0
2023-05-13,AK,AK,1.0
2023-05-20,AK,AK,0.0
2023-05-27,AK,AK,0.0
2023-06-03,AK,AK,3.0
2023-06-10,AK,AK,2.0
2023-06-17,AK,AK,6.0
2023-06-24,AK,AK,0.0
2023-07-01,AK,AK,4.0
2023-07-08,AK,AK,2.0
2023-07-15,AK,AK,2.0
2023-07-22,AK,AK,1.0
2023-07-29,AK,AK,0.0
2023-08-05,AK,AK,2.0
2023-08-12,AK,AK,1.0
2023-08-19,AK,AK,2.0
2023-08-26,AK,AK,0.0
2023-09-02,AK,AK,2.0
2023-09-09,AK,AK,2.0
2023-09-16,AK,AK,5.0
2023-09-23,AK,AK,6.0
2023-09-30,AK,AK,7.0
2025-10-04,CA,CA,92.0
2025-10-11,CA,CA,96.0
2025-10-18,CA,CA,102.0
2025-10-25,CA,CA,102.0
2025-11-01,CA,CA,139.0
2025-11-08,CA,CA,151.0
2025-11-15,CA,CA,149.0
2025-11-22,CA,CA,148.0
2025-11-29,CA,CA,217.0
2025-12-06,CA,CA,262.0
2025-12-13,CA,CA,426.0
2025-12-20,CA,CA,719.0
2025-12-27,CA,CA,1247.0
2026-01-03,CA,CA,1568.0
2026-01-10,CA,CA,1494.0
2026-01-17,CA,CA,1396.0
2026-01-24,CA,CA,1624.0
2026-01-31,CA,CA,1648.0
2026-02-07,CA,CA,2074.0
2026-02-14,CA,CA,2151.0
2026-02-21,CA,CA,1566.0
2026-02-28,CA,CA,1314.0
2026-03-07,CA,CA,974.0
2026-03-14,CA,CA,671.0
2026-03-21,CA,CA,701.0
2026-03-28,CA,CA,426.0
2026-04-04,CA,CA,309.0
2026-04-11,CA,CA,259.0
2026-04-18,CA,CA,194.0
2026-04-25,CA,CA,230.0
2026-05-02,CA,CA,212.0
2026-05-09,CA,CA,193.0
2026-05-16,CA,CA,174.0
2026-05-23,CA,CA,132.0
2024-10-05,CT,CT,4.0
2024-10-12,CT,CT,0.0
2024-10-19,CT,CT,5.0
2024-10-26,CT,CT,6.0
2024-11-02,CT,CT,10.0
2024-11-09,CT,CT,4.0
2024-11-16,CT,CT,5.0
2024-11-23,CT,CT,4.0
2024-11-30,CT,CT,11.0
2024-12-07,CT,CT,13.0
2024-12-14,CT,CT,24.0
2024-12-21,CT,CT,45.0
2024-12-28,CT,CT,148.0
2025-01-04,CT,CT,306.0
2025-01-11,CT,CT,258.0
2025-01-18,CT,CT,251.0
2025-01-25,CT,CT,385.0
2025-02-01,CT,CT,493.0
2025-02-08,CT,CT,538.0
2025-02-15,CT,CT,499.0
2025-02-22,CT,CT,372.0
2025-03-01,CT,CT,278.0
2025-03-08,CT,CT,187.0
2025-03-15,CT,CT,153.0
2025-03-22,CT,CT,118.0
2025-03-29,CT,CT,77.0
2025-04-05,CT,CT,53.0
2025-04-12,CT,CT,40.0
2025-04-19,CT,CT,34.0
2025-04-26,CT,CT,53.0
2025-05-03,CT,CT,25.0
2025-05-10,CT,CT,9.0
2025-05-17,CT,CT,17.0
2025-05-24,CT,CT,14.0
2025-05-31,CT,CT,16.0
2025-06-07,CT,CT,8.0
2025-06-14,CT,CT,4.0
2025-06-21,CT,CT,4.0
2025-06-28,CT,CT,1.0
2025-07-05,CT,CT,2.0
2025-07-12,CT,CT,5.0
2025-07-19,CT,CT,4.0
2025-07-26,CT,CT,4.0
2025-08-02,CT,CT,5.0
2025-08-09,CT,CT,9.0
2025-08-16,CT,CT,7.0
2025-08-23,CT,CT,4.0
2025-08-30,CT,CT,6.0
2025-09-06,CT,CT,6.0
2025-09-13,CT,CT,10.0
2025-09-20,CT,CT,8.0
2025-09-27,CT,CT,7.0
2023-10-07,DC,DC,2.0
2023-10-14,DC,DC,2.0
2023-10-21,DC,DC,3.0
2023-10-28,DC,DC,1.0
2023-11-04,DC,DC,0.0
2023-11-11,DC,DC,0.0
2023-11-18,DC,DC,5.0
2023-11-25,DC,DC,8.0
2023-12-02,DC,DC,11.0
2023-12-09,DC,DC,13.0
2023-12-16,DC,DC,20.0
2023-12-23,DC,DC,45.0
2023-12-30,DC,DC,57.0
2024-01-06,DC,DC,55.0
2024-01-13,DC,DC,37.0
2024-01-20,DC,DC,26.0
2024-01-27,DC,DC,21.0
2024-02-03,DC,DC,20.0
2024-02-10,DC,DC,14.0
2024-02-17,DC,DC,19.0
2024-02-24,DC,DC,18.0
2024-03-02,DC,DC,15.0
2024-03-09,DC,DC,36.0
2024-03-16,DC,DC,14.0
2024-03-23,DC,DC,20.0
2024-03-30,DC,DC,18.0
2024-04-06,DC,DC,23.0
2024-04-13,DC,DC,17.0
2024-04-20,DC,DC,14.0
2024-04-27,DC,DC,8.0
2024-05-04,DC,DC,5.0
2024-05-11,DC,DC,4.0
2024-05-18,DC,DC,2.0
2024-05-25,DC,DC,2.0
2024-06-01,DC,DC,0.0
2024-06-08,DC,DC,0.0
2024-06-15,DC,DC,0.0
2024-06-22,DC,DC,0.0
2024-06-29,DC,DC,2.0
2024-07-06,DC,DC,0.0
2024-07-13,DC,DC,1.0
2024-07-20,DC,DC,2.0
2024-07-27,DC,DC,1.0
2024-08-03,DC,DC,1.0
2024-08-10,DC,DC,1.0
2024-08-17,DC,DC,0.0
2024-08-24,DC,DC,0.0
2024-08-31,DC,DC,1.0
2024-09-07,DC,DC,0.0
2024-09-14,DC,DC,1.0
2024-09-21,DC,DC,0.0
2024-09-28,DC,DC,2.0
2025-10-04,GA,GA,27.0
2025-10-11,GA,GA,15.0
2025-10-18,GA,GA,25.0
2025-10-25,GA,GA,32.0
2025-11-01,GA,GA,31.0
2025-11-08,GA,GA,47.0
2025-11-15,GA,GA,62.0
2025-11-22,GA,GA,106.0
2025-11-29,GA,GA,166.0
2025-12-06,GA,GA,182.0
2025-12-13,GA,GA,330.0
2025-12-20,GA,GA,674.0
2025-12-27,GA,GA,1399.0
2026-01-03,GA,GA,1316.0
2026-01-10,GA,GA,705.0
2026-01-17,GA,GA,349.0
2026-01-24,GA,GA,341.0
2026-01-31,GA,GA,339.0
2026-02-07,GA,GA,363.0
2026-02-14,GA,GA,440.0
2026-02-21,GA,GA,374.0
2026-02-28,GA,GA,245.0
2026-03-07,GA,GA,225.0
2026-03-14,GA,GA,150.0
2026-03-21,GA,GA,99.0
2026-03-28,GA,GA,55.0
2026-04-04,GA,GA,73.0
2026-04-11,GA,GA,42.0
2026-04-18,GA,GA,38.0
2026-04-25,GA,GA,30.0
2026-05-02,GA,GA,19.0
2026-05-09,GA,GA,15.0
2026-05-16,GA,GA,28.0
2026-05-23,GA,GA,29.0
2023-10-07,GU,GU,1.0
2023-10-14,GU,GU,5.0
2023-10-21,GU,GU,5.0
2023-10-28,GU,GU,9.0
2023-11-04,GU,GU,5.0
2023-11-11,GU,GU,10.0
2023-11-18,GU,GU,2.0
2023-11-25,GU,GU,2.0
2023-12-02,GU,GU,0.0
2023-12-09,GU,GU,1.0
2023-12-16,GU,GU,1.0
2023-12-23,GU,GU,4.0
2023-12-30,GU,GU,5.0
2024-01-06,GU,GU,2.0
2024-01-13,GU,GU,2.0
2024-01-20,GU,GU,3.0
2024-01-27,GU,GU,2.0
2024-02-03,GU,GU,4.0
2024-02-10,GU,GU,1.0
2024-02-17,GU,GU,0.0
2024-02-24,GU,GU,0.0
2024-03-02,GU,GU,1.0
2024-03-09,GU,GU,0.0
2024-03-16,GU,GU,0.0
2024-03-23,GU,GU,4.0
2024-03-30,GU,GU,1.0
2024-04-06,GU,GU,8.0
2024-04-13,GU,GU,3.0
2024-04-20,GU,GU,7.0
2024-04-27,GU,GU,0.0
2024-05-04,GU,GU,1.0
2024-05-11,GU,GU,0.0
2024-05-18,GU,GU,3.0
2024-05-25,GU,GU,2.0
2024-06-01,GU,GU,0.0
2024-06-08,GU,GU,1.0
2024-06-15,GU,GU,3.0
2024-06-22,GU,GU,1.0
2024-06-29,GU,GU,0.0
2024-07-06,GU,GU,1.0
2024-07-13,GU,GU,1.0
2024-07-20,GU,GU,1.0
2024-07-27,GU,GU,0.0
2024-08-03,GU,GU,0.0
2024-08-10,GU,GU,0.0
2024-08-17,GU,GU,1.0
2024-08-24,GU,GU,0.0
2024-08-31,GU,GU,2.0
2024-09-07,GU,GU,0.0
2024-09-14,GU,GU,0.0
2024-09-21,GU,GU,0.0
2024-09-28,GU,GU,0.0
2024-10-05,IA,IA,1.0
2024-10-12,IA,IA,0.0
2024-10-19,IA,IA,1.0
2024-10-26,IA,IA,4.0
2024-11-02,IA,IA,5.0
2024-11-09,IA,IA,4.0
2024-11-16,IA,IA,5.0
2024-11-23,IA,IA,5.0
2024-11-30,IA,IA,4.0
2024-12-07,IA,IA,13.0
2024-12-14,IA,IA,23.0
2024-12-21,IA,IA,42.0
2024-12-28,IA,IA,118.0
2025-01-04,IA,IA,190.0
2025-01-11,IA,IA,266.0
2025-01-18,IA,IA,246.0
2025-01-25,IA,IA,304.0
2025-02-01,IA,IA,457.0
2025-02-08,IA,IA,607.0
2025-02-15,IA,IA,516.0
2025-02-22,IA,IA,404.0
2025-03-01,IA,IA,355.0
2025-03-08,IA,IA,271.0
2025-03-15,IA,IA,187.0
2025-03-22,IA,IA,99.0
2025-03-29,IA,IA,55.0
2025-04-05,IA,IA,43.0
2025-04-12,IA,IA,24.0
2025-04-19,IA,IA,11.0
2025-04-26,IA,IA,14.0
2025-05-03,IA,IA,4.0
2025-05-10,IA,IA,4.0
2025-05-17,IA,IA,1.0
2025-05-24,IA,IA,5.0
2025-05-31,IA,IA,4.0
2025-06-07,IA,IA,6.0
2025-06-14,IA,IA,1.0
2025-06-21,IA,IA,3.0
2025-06-28,IA,IA,2.0
2025-07-05,IA,IA,2.0
2025-07-12,IA,IA,0.0
2025-07-19,IA,IA,3.0
2025-07-26,IA,IA,0.0
2025-08-02,IA,IA,2.0
2025-08-09,IA,IA,1.0
2025-08-16,IA,IA,2.0
2025-08-23,IA,IA,3.0
2025-08-30,IA,IA,1.0
2025-09-06,IA,IA,2.0
2025-09-13,IA,IA,0.0
2025-09-20,IA,IA,3.0
2025-09-27,IA,IA,6.0
2023-10-07,KS,KS,10.0
2023-10-14,KS,KS,3.0
2023-10-21,KS,KS,7.0
2023-10-28,KS,KS,5.0
2023-11-04,KS,KS,5.0
2023-11-11,KS,KS,10.0
2023-11-18,KS,KS,18.0
2023-11-25,KS,KS,26.0
2023-12-02,KS,KS,37.0
2023-12-09,KS,KS,37.0
2023-12-16,KS,KS,43.0
2023-12-23,KS,KS,92.0
2023-12-30,KS,KS,93.0
2024-01-06,KS,KS,93.0
2024-01-13,KS,KS,101.0
2024-01-20,KS,KS,66.0
2024-01-27,KS,KS,68.0
2024-02-03,KS,KS,113.0
2024-02-10,KS,KS,139.0
2024-02-17,KS,KS,111.0
2024-02-24,KS,KS,82.0
2024-03-02,KS,KS,87.0
2024-03-09,KS,KS,84.0
2024-03-16,KS,KS,95.0
2024-03-23,KS,KS,66.0
2024-03-30,KS,KS,66.0
2024-04-06,KS,KS,42.0
2024-04-13,KS,KS,27.0
2024-04-20,KS,KS,40.0
2024-04-27,KS,KS,27.0
2024-05-04,KS,KS,9.0
2024-05-11,KS,KS,5.0
2024-05-18,KS,KS,2.0
2024-05-25,KS,KS,5.0
2024-06-01,KS,KS,2.0
2024-06-08,KS,KS,5.0
2024-06-15,KS,KS,1.0
2024-06-22,KS,KS,1.0
2024-06-29,KS,KS,1.0
2024-07-06,KS,KS,0.0
2024-07-13,KS,KS,4.0
2024-07-20,KS,KS,0.0
2024-07-27,KS,KS,1.0
2024-08-03,KS,KS,1.0
2024-08-10,KS,KS,0.0
2024-08-17,KS,KS,1.0
2024-08-24,KS,KS,0.0
2024-08-31,KS,KS,0.0
2024-09-07,KS,KS,2.0
2024-09-14,KS,KS,0.0
2024-09-21,KS,KS,2.0
2024-09-28,KS,KS,1.0
2020-10-17,MS,MS,0.0
2020-10-24,MS,MS,6.0
2020-10-31,MS,MS,5.0
2020-11-07,MS,MS,13.0
2020-11-14,MS,MS,14.0
2020-11-21,MS,MS,6.0
2020-11-28,MS,MS,12.0
2020-12-05,MS,MS,11.0
2020-12-12,MS,MS,8.0
2020-12-19,MS,MS,11.0
2020-12-26,MS,MS,19.0
2021-01-02,MS,MS,5.0
2021-01-09,MS,MS,28.0
2021-01-16,MS,MS,29.0
2021-01-23,MS,MS,14.0
2021-01-30,MS,MS,14.0
2021-02-06,MS,MS,10.0
2021-02-13,MS,MS,9.0
2021-02-20,MS,MS,15.0
2021-02-27,MS,MS,7.0
2021-03-06,MS,MS,13.0
2021-03-13,MS,MS,18.0
2021-03-20,MS,MS,10.0
2021-03-27,MS,MS,8.0
2021-04-03,MS,MS,6.0
2021-04-10,MS,MS,9.0
2021-04-17,MS,MS,2.0
2021-04-24,MS,MS,10.0
2021-05-01,MS,MS,4.0
2021-05-08,MS,MS,9.0
2021-05-15,MS,MS,12.0
2021-05-22,MS,MS,15.0
2021-05-29,MS,MS,10.0
2021-06-05,MS,MS,11.0
2021-06-12,MS,MS,13.0
2021-06-19,MS,MS,9.0
2021-06-26,MS,MS,8.0
2021-07-03,MS,MS,9.0
2021-07-10,MS,MS,1.0
2021-07-17,MS,MS,6.0
2021-07-24,MS,MS,6.0
2021-07-31,MS,MS,3.0
2021-08-07,MS,MS,0.0
2021-08-14,MS,MS,3.0
2021-08-21,MS,MS,5.0
2021-08-28,MS,MS,15.0
2021-09-04,MS,MS,18.0
2021-09-11,MS,MS,6.0
2021-09-18,MS,MS,1.0
2021-09-25,MS,MS,5.0
2021-10-02,MS,MS,0.0
2020-10-17,NJ,NJ,0.0
2020-10-24,NJ,NJ,4.0
2020-10-31,NJ,NJ,8.0
2020-11-07,NJ,NJ,4.0
2020-11-14,NJ,NJ,1.0
2020-11-21,NJ,NJ,13.0
2020-11-28,NJ,NJ,4.0
2020-12-05,NJ,NJ,14.0
2020-12-12,NJ,NJ,10.0
2020-12-19,NJ,NJ,14.0
2020-12-26,NJ,NJ,9.0
2021-01-02,NJ,NJ,10.0
2021-01-09,NJ,NJ,11.0
2021-01-16,NJ,NJ,6.0
2021-01-23,NJ,NJ,9.0
2021-01-30,NJ,NJ,9.0
2021-02-06,NJ,NJ,11.0
2021-02-13,NJ,NJ,7.0
2021-02-20,NJ,NJ,9.0
2021-02-27,NJ,NJ,12.0
2021-03-06,NJ,NJ,5.0
2021-03-13,NJ,NJ,10.0
2021-03-20,NJ,NJ,11.0
2021-03-27,NJ,NJ,7.0
2021-04-03,NJ,NJ,7.0
2021-04-10,NJ,NJ,9.0
2021-04-17,NJ,NJ,10.0
2021-04-24,NJ,NJ,10.0
2021-05-01,NJ,NJ,5.0
2021-05-08,NJ,NJ,8.0
2021-05-15,NJ,NJ,15.0
2021-05-22,NJ,NJ,6.0
2021-05-29,NJ,NJ,4.0
2021-06-05,NJ,NJ,2.0
2021-06-12,NJ,NJ,6.0
2021-06-19,NJ,NJ,5.0
2021-06-26,NJ,NJ,5.0
2021-07-03,NJ,NJ,2.0
2021-07-10,NJ,NJ,4.0
2021-07-17,NJ,NJ,2.0
2021-07-24,NJ,NJ,4.0
2021-07-31,NJ,NJ,4.0
2021-08-07,NJ,NJ,1.0
2021-08-14,NJ,NJ,3.0
2021-08-21,NJ,NJ,2.0
2021-08-28,NJ,NJ,6.0
2021-09-04,NJ,NJ,3.0
2021-09-11,NJ,NJ,3.0
2021-09-18,NJ,NJ,3.0
2021-09-25,NJ,NJ,7.0
2021-10-02,NJ,NJ,7.0
2025-10-04,NY,NY,22.0
2025-10-11,NY,NY,23.0
2025-10-18,NY,NY,30.0
2025-10-25,NY,NY,31.0
2025-11-01,NY,NY,59.0
2025-11-08,NY,NY,80.0
2025-11-15,NY,NY,186.0
2025-11-22,NY,NY,355.0
2025-11-29,NY,NY,701.0
2025-12-06,NY,NY,1184.0
2025-12-13,NY,NY,1935.0
2025-12-20,NY,NY,3178.0
2025-12-27,NY,NY,3870.0
2026-01-03,NY,NY,3800.0
2026-01-10,NY,NY,2387.0
2026-01-17,NY,NY,1233.0
2026-01-24,NY,NY,692.0
2026-01-31,NY,NY,411.0
2026-02-07,NY,NY,297.0
2026-02-14,NY,NY,268.0
2026-02-21,NY,NY,325.0
2026-02-28,NY,NY,314.0
2026-03-07,NY,NY,259.0
2026-03-14,NY,NY,270.0
2026-03-21,NY,NY,252.0
2026-03-28,NY,NY,190.0
2026-04-04,NY,NY,217.0
2026-04-11,NY,NY,169.0
2026-04-18,NY,NY,142.0
2026-04-25,NY,NY,76.0
2026-05-02,NY,NY,78.0
2026-05-09,NY,NY,81.0
2026-05-16,NY,NY,47.0
2026-05-23,NY,NY,49.0
2025-10-04,OH,OH,17.0
2025-10-11,OH,OH,13.0
2025-10-18,OH,OH,13.0
2025-10-25,OH,OH,15.0
2025-11-01,OH,OH,22.0
2025-11-08,OH,OH,42.0
2025-11-15,OH,OH,48.0
2025-11-22,OH,OH,90.0
2025-11-29,OH,OH,125.0
2025-12-06,OH,OH,176.0
2025-12-13,OH,OH,329.0
2025-12-20,OH,OH,745.0
2025-12-27,OH,OH,1610.0
2026-01-03,OH,OH,1958.0
2026-01-10,OH,OH,1379.0
2026-01-17,OH,OH,858.0
2026-01-24,OH,OH,724.0
2026-01-31,OH,OH,610.0
2026-02-07,OH,OH,514.0
2026-02-14,OH,OH,528.0
2026-02-21,OH,OH,663.0
2026-02-28,OH,OH,522.0
2026-03-07,OH,OH,459.0
2026-03-14,OH,OH,417.0
2026-03-21,OH,OH,257.0
2026-03-28,OH,OH,60.0
2026-04-04,OH,OH,35.0
2026-04-11,OH,OH,42.0
2026-04-18,OH,OH,28.0
2026-04-25,OH,OH,37.0
2026-05-02,OH,OH,27.0
2026-05-09,OH,OH,22.0
2026-05-16,OH,OH,14.0
2026-05-23,OH,OH,14.0
2020-10-17,OR,OR,0.0
2020-10-24,OR,OR,0.0
2020-10-31,OR,OR,0.0
2020-11-07,OR,OR,1.0
2020-11-14,OR,OR,0.0
2020-11-21,OR,OR,0.0
2020-11-28,OR,OR,2.0
2020-12-05,OR,OR,0.0
2020-12-12,OR,OR,0.0
2020-12-19,OR,OR,0.0
2020-12-26,OR,OR,0.0
2021-01-02,OR,OR,2.0
2021-01-09,OR,OR,0.0
2021-01-16,OR,OR,0.0
2021-01-23,OR,OR,0.0
2021-01-30,OR,OR,0.0
2021-02-06,OR,OR,0.0
2021-02-13,OR,OR,1.0
2021-02-20,OR,OR,0.0
2021-02-27,OR,OR,1.0
2021-03-06,OR,OR,0.0
2021-03-13,OR,OR,0.0
2021-03-20,OR,OR,0.0
2021-03-27,OR,OR,0.0
2021-04-03,OR,OR,0.0
2021-04-10,OR,OR,0.0
2021-04-17,OR,OR,0.0
2021-04-24,OR,OR,0.0
2021-05-01,OR,OR,1.0
2021-05-08,OR,OR,0.0
2021-05-15,OR,OR,0.0
2021-05-22,OR,OR,0.0
2021-05-29,OR,OR,1.0
2021-06-05,OR,OR,0.0
2021-06-12,OR,OR,0.0
2021-06-19,OR,OR,1.0
2021-06-26,OR,OR,0.0
2021-07-03,OR,OR,1.0
2021-07-10,OR,OR,1.0
2021-07-17,OR,OR,0.0
2021-07-24,OR,OR,0.0
2021-07-31,OR,OR,0.0
2021-08-07,OR,OR,0.0
2021-08-14,OR,OR,0.0
2021-08-21,OR,OR,5.0
2021-08-28,OR,OR,2.0
2021-09-04,OR,OR,0.0
2021-09-11,OR,OR,2.0
2021-09-18,OR,OR,2.0
2021-09-25,OR,OR,0.0
2021-10-02,OR,OR,2.0
2024-10-05,Region 10,Region 10,11.0
2024-10-12,Region 10,Region 10,17.0
2024-10-19,Region 10,Region 10,12.0
2024-10-26,Region 10,Region 10,15.0
2024-11-02,Region 10,Region 10,23.0
2024-11-09,Region 10,Region 10,53.0
2024-11-16,Region 10,Region 10,79.0
2024-11-23,Region 10,Region 10,131.0
2024-11-30,Region 10,Region 10,202.0
2024-12-07,Region 10,Region 10,293.0
2024-12-14,Region 10,Region 10,567.0
2024-12-21,Region 10,Region 10,1020.0
2024-12-28,Region 10,Region 10,1467.0
2025-01-04,Region 10,Region 10,1386.0
2025-01-11,Region 10,Region 10,894.0
2025-01-18,Region 10,Region 10,808.0
2025-01-25,Region 10,Region 10,828.0
2025-02-01,Region 10,Region 10,1294.0
2025-02-08,Region 10,Region 10,1514.0
2025-02-15,Region 10,Region 10,1366.0
2025-02-22,Region 10,Region 10,1361.0
2025-03-01,Region 10,Region 10,926.0
2025-03-08,Region 10,Region 10,618.0
2025-03-15,Region 10,Region 10,515.0
2025-03-22,Region 10,Region 10,400.0
2025-03-29,Region 10,Region 10,290.0
2025-04-05,Region 10,Region 10,230.0
2025-04-12,Region 10,Region 10,167.0
2025-04-19,Region 10,Region 10,110.0
2025-04-26,Region 10,Region 10,102.0
2025-05-03,Region 10,Region 10,81.0
2025-05-10,Region 10,Region 10,67.0
2025-05-17,Region 10,Region 10,52.0
2025-05-24,Region 10,Region 10,70.0
2025-05-31,Region 10,Region 10,53.0
2025-06-07,Region 10,Region 10,65.0
2025-06-14,Region 10,Region 10,60.0
2025-06-21,Region 10,Region 10,49.0
2025-06-28,Region 10,Region 10,31.0
2025-07-05,Region 10,Region 10,36.0
2025-07-12,Region 10,Region 10,21.0
2025-07-19,Region 10,Region 10,20.0
2025-07-26,Region 10,Region 10,21.0
2025-08-02,Region 10,Region 10,12.0
2025-08-09,Region 10,Region 10,15.0
2025-08-16,Region 10,Region 10,17.0
2025-08-23,Region 10,Region 10,18.0
2025-08-30,Region 10,Region 10,9.0
2025-09-06,Region 10,Region 10,19.0
2025-09-13,Region 10,Region 10,32.0
2025-09-20,Region 10,Region 10,9.0
2025-09-27,Region 10,Region 10,12.0
2021-10-09,VI,VI,0.0
2021-10-16,VI,VI,0.0
2021-10-23,VI,VI,0.0
2021-10-30,VI,VI,0.0
2021-11-06,VI,VI,0.0
2021-11-13,VI,VI,0.0
2021-11-20,VI,VI,0.0
2021-11-27,VI,VI,0.0
2021-12-04,VI,VI,0.0
2021-12-11,VI,VI,0.0
2021-12-18,VI,VI,0.0
2021-12-25,VI,VI,0.0
2022-01-01,VI,VI,0.0
2022-01-08,VI,VI,0.0
2022-01-15,VI,VI,0.0
2022-01-22,VI,VI,0.0
2022-01-29,VI,VI,0.0
2022-02-05,VI,VI,0.0
2022-02-12,VI,VI,0.0
2022-02-19,VI,VI,0.0
2022-02-26,VI,VI,0.0
2022-03-05,VI,VI,0.0
2022-03-12,VI,VI,0.0
2022-03-19,VI,VI,0.0
2022-03-26,VI,VI,0.0
2022-04-02,VI,VI,0.0
2022-04-09,VI,VI,0.0
2022-04-16,VI,VI,0.0
2022-04-23,VI,VI,0.0
2022-04-30,VI,VI,0.0
2022-05-07,VI,VI,0.0
2022-05-14,VI,VI,0.0
2022-05-21,VI,VI,0.0
2022-05-28,VI,VI,0.0
2022-06-04,VI,VI,0.0
2022-06-11,VI,VI,0.0
2022-06-18,VI,VI,0.0
2022-06-25,VI,VI,0.0
2022-07-02,VI,VI,0.0
2022-07-09,VI,VI,0.0
2022-07-16,VI,VI,0.0
2022-07-23,VI,VI,0.0
2022-07-30,VI,VI,0.0
2022-08-06,VI,VI,0.0
2022-08-13,VI,VI,0.0
2022-08-20,VI,VI,0.0
2022-08-27,VI,VI,0.0
2022-09-03,VI,VI,0.0
2022-09-10,VI,VI,0.0
2022-09-17,VI,VI,0.0
2022-09-24,VI,VI,0.0
2022-10-01,VI,VI,0.0
2021-10-09,WA,WA,0.0
2021-10-16,WA,WA,0.0
2021-10-23,WA,WA,0.0
2021-10-30,WA,WA,3.0
2021-11-06,WA,WA,0.0
2021-11-13,WA,WA,0.0
2021-11-20,WA,WA,1.0
2021-11-27,WA,WA,0.0
2021-12-04,WA,WA,1.0
2021-12-11,WA,WA,1.0
2021-12-18,WA,WA,0.0
2021-12-25,WA,WA,5.0
2022-01-01,WA,WA,5.0
2022-01-08,WA,WA,0.0
2022-01-15,WA,WA,6.0
2022-01-22,WA,WA,4.0
2022-01-29,WA,WA,2.0
2022-02-05,WA,WA,7.0
2022-02-12,WA,WA,8.0
2022-02-19,WA,WA,6.0
2022-02-26,WA,WA,5.0
2022-03-05,WA,WA,13.0
2022-03-12,WA,WA,12.0
2022-03-19,WA,WA,21.0
2022-03-26,WA,WA,24.0
2022-04-02,WA,WA,20.0
2022-04-09,WA,WA,24.0
2022-04-16,WA,WA,32.0
2022-04-23,WA,WA,34.0
2022-04-30,WA,WA,42.0
2022-05-07,WA,WA,60.0
2022-05-14,WA,WA,57.0
2022-05-21,WA,WA,60.0
2022-05-28,WA,WA,67.0
2022-06-04,WA,WA,65.0
2022-06-11,WA,WA,57.0
2022-06-18,WA,WA,44.0
2022-06-25,WA,WA,64.0
2022-07-02,WA,WA,55.0
2022-07-09,WA,WA,31.0
2022-07-16,WA,WA,30.0
2022-07-23,WA,WA,23.0
2022-07-30,WA,WA,13.0
2022-08-06,WA,WA,17.0
2022-08-13,WA,WA,15.0
2022-08-20,WA,WA,12.0
2022-08-27,WA,WA,7.0
2022-09-03,WA,WA,17.0
2022-09-10,WA,WA,10.0
2022-09-17,WA,WA,16.0
2022-09-24,WA,WA,7.0
2022-10-01,WA,WA,11.0
2023-10-07,WY,WY,6.0
2023-10-14,WY,WY,4.0
2023-10-21,WY,WY,4.0
2023-10-28,WY,WY,0.0
2023-11-04,WY,WY,1.0
2023-11-11,WY,WY,5.0
2023-11-18,WY,WY,9.0
2023-11-25,WY,WY,23.0
2023-12-02,WY,WY,18.0
2023-12-09,WY,WY,37.0
2023-12-16,WY,WY,34.0
2023-12-23,WY,WY,26.0
2023-12-30,WY,WY,72.0
2024-01-06,WY,WY,82.0
2024-01-13,WY,WY,56.0
2024-01-20,WY,WY,23.0
2024-01-27,WY,WY,40.0
2024-02-03,WY,WY,39.0
2024-02-10,WY,WY,33.0
2024-02-17,WY,WY,44.0
2024-02-24,WY,WY,27.0
2024-03-02,WY,WY,25.0
2024-03-09,WY,WY,15.0
2024-03-16,WY,WY,11.0
2024-03-23,WY,WY,5.0
2024-03-30,WY,WY,11.0
2024-04-06,WY,WY,7.0
2024-04-13,WY,WY,6.0
2024-04-20,WY,WY,2.0
2024-04-27,WY,WY,4.0
2024-05-04,WY,WY,4.0
2024-05-11,WY,WY,0.0
2024-05-18,WY,WY,1.0
2024-05-25,WY,WY,5.0
2024-06-01,WY,WY,0.0
2024-06-08,WY,WY,5.0
2024-06-15,WY,WY,4.0
2024-06-22,WY,WY,3.0
2024-06-29,WY,WY,0.0
2024-07-06,WY,WY,2.0
2024-07-13,WY,WY,1.0
2024-07-20,WY,WY,3.0
2024-07-27,WY,WY,0.0
2024-08-03,WY,WY,2.0
2024-08-10,WY,WY,2.0
2024-08-17,WY,WY,1.0
2024-08-24,WY,WY,1.0
2024-08-31,WY,WY,3.0
2024-09-07,WY,WY,1.0
2024-09-14,WY,WY,0.0
2024-09-21,WY,WY,0.0
2024-09-28,WY,WY,0.0
2020-09-26,CT,CT,0.0
2025-10-04,FL,FL,142.0
2025-10-11,FL,FL,171.0
2025-10-18,FL,FL,196.0
2025-10-25,FL,FL,221.0
2025-11-01,FL,FL,236.0
2025-11-08,FL,FL,301.0
2025-11-15,FL,FL,388.0
2025-11-22,FL,FL,619.0
2025-11-29,FL,FL,729.0
2025-12-06,FL,FL,881.0
2025-12-13,FL,FL,912.0
2025-12-20,FL,FL,1536.0
2025-12-27,FL,FL,2185.0
2026-01-03,FL,FL,2604.0
2026-01-10,FL,FL,2469.0
2026-01-17,FL,FL,1788.0
2026-01-24,FL,FL,1533.0
2026-01-31,FL,FL,1579.0
2026-02-07,FL,FL,1928.0
2026-02-14,FL,FL,2484.0
2026-02-21,FL,FL,2027.0
2026-02-28,FL,FL,1304.0
2026-03-07,FL,FL,1036.0
2026-03-14,FL,FL,736.0
2026-03-21,FL,FL,495.0
2026-03-28,FL,FL,334.0
2026-04-04,FL,FL,201.0
2026-04-11,FL,FL,155.0
2026-04-18,FL,FL,170.0
2026-04-25,FL,FL,185.0
2026-05-02,FL,FL,163.0
2026-05-09,FL,FL,148.0
2026-05-16,FL,FL,125.0
2026-05-23,FL,FL,130.0
2020-10-03,GU,GU,0.0
2020-10-10,GU,GU,0.0
2020-10-17,GU,GU,0.0
2020-10-24,GU,GU,2.0
2020-10-31,GU,GU,3.0
2020-11-07,GU,GU,1.0
2020-11-14,GU,GU,0.0
2020-11-21,GU,GU,0.0
2020-11-28,GU,GU,2.0
2020-12-05,GU,GU,1.0
2020-12-12,GU,GU,1.0
2020-12-19,GU,GU,0.0
2020-12-26,GU,GU,0.0
2021-01-02,GU,GU,0.0
2021-01-09,GU,GU,0.0
2021-01-16,GU,GU,0.0
2021-01-23,GU,GU,0.0
2021-01-30,GU,GU,0.0
2021-02-06,GU,GU,3.0
2021-02-13,GU,GU,1.0
2021-02-20,GU,GU,0.0
2021-02-27,GU,GU,1.0
2021-03-06,GU,GU,0.0
2021-03-13,GU,GU,0.0
2021-03-20,GU,GU,0.0
2021-03-27,GU,GU,0.0
2021-04-03,GU,GU,0.0
2021-04-10,GU,GU,0.0
2021-04-17,GU,GU,0.0
2021-04-24,GU,GU,0.0
2021-05-01,GU,GU,0.0
2021-05-08,GU,GU,0.0
2021-05-15,GU,GU,0.0
2021-05-22,GU,GU,0.0
2021-05-29,GU,GU,2.0
2021-06-05,GU,GU,0.0
2021-06-12,GU,GU,1.0
2021-06-19,GU,GU,0.0
2021-06-26,GU,GU,0.0
2021-07-03,GU,GU,0.0
2021-07-10,GU,GU,0.0
2021-07-17,GU,GU,0.0
2021-07-24,GU,GU,0.0
2021-07-31,GU,GU,0.0
2021-08-07,GU,GU,1.0
2021-08-14,GU,GU,0.0
2021-08-21,GU,GU,0.0
2021-08-28,GU,GU,0.0
2021-09-04,GU,GU,3.0
2021-09-11,GU,GU,1.0
2021-09-18,GU,GU,0.0
2021-09-25,GU,GU,1.0
2021-10-02,GU,GU,1.0
2024-10-05,IL,IL,2.0
2024-10-12,IL,IL,1.0
2024-10-19,IL,IL,5.0
2024-10-26,IL,IL,12.0
2024-11-02,IL,IL,27.0
2024-11-09,IL,IL,36.0
2024-11-16,IL,IL,34.0
2024-11-23,IL,IL,86.0
2024-11-30,IL,IL,83.0
2024-12-07,IL,IL,107.0
2024-12-14,IL,IL,242.0
2024-12-21,IL,IL,489.0
2024-12-28,IL,IL,1143.0
2025-01-04,IL,IL,1595.0
2025-01-11,IL,IL,1410.0
2025-01-18,IL,IL,1383.0
2025-01-25,IL,IL,1728.0
2025-02-01,IL,IL,2146.0
2025-02-08,IL,IL,2369.0
2025-02-15,IL,IL,2064.0
2025-02-22,IL,IL,1706.0
2025-03-01,IL,IL,1311.0
2025-03-08,IL,IL,960.0
2025-03-15,IL,IL,718.0
2025-03-22,IL,IL,509.0
2025-03-29,IL,IL,355.0
2025-04-05,IL,IL,297.0
2025-04-12,IL,IL,156.0
2025-04-19,IL,IL,156.0
2025-04-26,IL,IL,124.0
2025-05-03,IL,IL,81.0
2025-05-10,IL,IL,58.0
2025-05-17,IL,IL,52.0
2025-05-24,IL,IL,74.0
2025-05-31,IL,IL,56.0
2025-06-07,IL,IL,28.0
2025-06-14,IL,IL,24.0
2025-06-21,IL,IL,23.0
2025-06-28,IL,IL,33.0
2025-07-05,IL,IL,42.0
2025-07-12,IL,IL,30.0
2025-07-19,IL,IL,11.0
2025-07-26,IL,IL,7.0
2025-08-02,IL,IL,14.0
2025-08-09,IL,IL,11.0
2025-08-16,IL,IL,16.0
2025-08-23,IL,IL,11.0
2025-08-30,IL,IL,7.0
2025-09-06,IL,IL,5.0
2025-09-13,IL,IL,12.0
2025-09-20,IL,IL,9.0
2025-09-27,IL,IL,7.0
2022-10-08,KY,KY,7.0
2022-10-15,KY,KY,23.0
2022-10-22,KY,KY,13.0
2022-10-29,KY,KY,66.0
2022-11-05,KY,KY,124.0
2022-11-12,KY,KY,223.0
2022-11-19,KY,KY,291.0
2022-11-26,KY,KY,521.0
2022-12-03,KY,KY,849.0
2022-12-10,KY,KY,673.0
2022-12-17,KY,KY,429.0
2022-12-24,KY,KY,281.0
2022-12-31,KY,KY,243.0
2023-01-07,KY,KY,133.0
2023-01-14,KY,KY,63.0
2023-01-21,KY,KY,35.0
2023-01-28,KY,KY,32.0
2023-02-04,KY,KY,16.0
2023-02-11,KY,KY,29.0
2023-02-18,KY,KY,22.0
2023-02-25,KY,KY,7.0
2023-03-04,KY,KY,11.0
2023-03-11,KY,KY,15.0
2023-03-18,KY,KY,26.0
2023-03-25,KY,KY,14.0
2023-04-01,KY,KY,16.0
2023-04-08,KY,KY,19.0
2023-04-15,KY,KY,23.0
2023-04-22,KY,KY,12.0
2023-04-29,KY,KY,4.0
2023-05-06,KY,KY,16.0
2023-05-13,KY,KY,15.0
2023-05-20,KY,KY,11.0
2023-05-27,KY,KY,11.0
2023-06-03,KY,KY,5.0
2023-06-10,KY,KY,5.0
2023-06-17,KY,KY,8.0
2023-06-24,KY,KY,6.0
2023-07-01,KY,KY,5.0
2023-07-08,KY,KY,8.0
2023-07-15,KY,KY,6.0
2023-07-22,KY,KY,3.0
2023-07-29,KY,KY,9.0
2023-08-05,KY,KY,9.0
2023-08-12,KY,KY,5.0
2023-08-19,KY,KY,12.0
2023-08-26,KY,KY,7.0
2023-09-02,KY,KY,10.0
2023-09-09,KY,KY,19.0
2023-09-16,KY,KY,5.0
2023-09-23,KY,KY,13.0
2023-09-30,KY,KY,14.0
2023-10-07,MS,MS,29.0
2023-10-14,MS,MS,22.0
2023-10-21,MS,MS,20.0
2023-10-28,MS,MS,17.0
2023-11-04,MS,MS,30.0
2023-11-11,MS,MS,38.0
2023-11-18,MS,MS,46.0
2023-11-25,MS,MS,47.0
2023-12-02,MS,MS,77.0
2023-12-09,MS,MS,71.0
2023-12-16,MS,MS,96.0
2023-12-23,MS,MS,200.0
2023-12-30,MS,MS,297.0
2024-01-06,MS,MS,263.0
2024-01-13,MS,MS,230.0
2024-01-20,MS,MS,158.0
2024-01-27,MS,MS,161.0
2024-02-03,MS,MS,111.0
2024-02-10,MS,MS,86.0
2024-02-17,MS,MS,94.0
2024-02-24,MS,MS,55.0
2024-03-02,MS,MS,67.0
2024-03-09,MS,MS,61.0
2024-03-16,MS,MS,55.0
2024-03-23,MS,MS,45.0
2024-03-30,MS,MS,47.0
2024-04-06,MS,MS,53.0
2024-04-13,MS,MS,38.0
2024-04-20,MS,MS,25.0
2024-04-27,MS,MS,21.0
2024-05-04,MS,MS,20.0
2024-05-11,MS,MS,14.0
2024-05-18,MS,MS,22.0
2024-05-25,MS,MS,8.0
2024-06-01,MS,MS,13.0
2024-06-08,MS,MS,11.0
2024-06-15,MS,MS,13.0
2024-06-22,MS,MS,16.0
2024-06-29,MS,MS,6.0
2024-07-06,MS,MS,3.0
2024-07-13,MS,MS,6.0
2024-07-20,MS,MS,7.0
2024-07-27,MS,MS,12.0
2024-08-03,MS,MS,14.0
2024-08-10,MS,MS,16.0
2024-08-17,MS,MS,7.0
2024-08-24,MS,MS,8.0
2024-08-31,MS,MS,15.0
2024-09-07,MS,MS,9.0
2024-09-14,MS,MS,19.0
2024-09-21,MS,MS,16.0
2024-09-28,MS,MS,7.0
2023-10-07,NC,NC,36.0
2023-10-14,NC,NC,20.0
2023-10-21,NC,NC,17.0
2023-10-28,NC,NC,20.0
2023-11-04,NC,NC,40.0
2023-11-11,NC,NC,49.0
2023-11-18,NC,NC,88.0
2023-11-25,NC,NC,153.0
2023-12-02,NC,NC,213.0
2023-12-09,NC,NC,312.0
2023-12-16,NC,NC,402.0
2023-12-23,NC,NC,733.0
2023-12-30,NC,NC,1076.0
2024-01-06,NC,NC,779.0
2024-01-13,NC,NC,505.0
2024-01-20,NC,NC,310.0
2024-01-27,NC,NC,308.0
2024-02-03,NC,NC,255.0
2024-02-10,NC,NC,174.0
2024-02-17,NC,NC,179.0
2024-02-24,NC,NC,160.0
2024-03-02,NC,NC,160.0
2024-03-09,NC,NC,132.0
2024-03-16,NC,NC,94.0
2024-03-23,NC,NC,83.0
2024-03-30,NC,NC,88.0
2024-04-06,NC,NC,77.0
2024-04-13,NC,NC,55.0
2024-04-20,NC,NC,23.0
2024-04-27,NC,NC,13.0
2024-05-04,NC,NC,8.0
2024-05-11,NC,NC,0.0
2024-05-18,NC,NC,0.0
2024-05-25,NC,NC,0.0
2024-06-01,NC,NC,0.0
2024-06-08,NC,NC,0.0
2024-06-15,NC,NC,0.0
2024-06-22,NC,NC,0.0
2024-06-29,NC,NC,0.0
2024-07-06,NC,NC,1.0
2024-07-13,NC,NC,0.0
2024-07-20,NC,NC,2.0
2024-07-27,NC,NC,0.0
2024-08-03,NC,NC,0.0
2024-08-10,NC,NC,1.0
2024-08-17,NC,NC,0.0
2024-08-24,NC,NC,0.0
2024-08-31,NC,NC,0.0
2024-09-07,NC,NC,0.0
2024-09-14,NC,NC,0.0
2024-09-21,NC,NC,0.0
2024-09-28,NC,NC,0.0
2021-10-09,NE,NE,0.0
2021-10-16,NE,NE,1.0
2021-10-23,NE,NE,0.0
2021-10-30,NE,NE,0.0
2021-11-06,NE,NE,0.0
2021-11-13,NE,NE,1.0
2021-11-20,NE,NE,0.0
2021-11-27,NE,NE,3.0
2021-12-04,NE,NE,18.0
2021-12-11,NE,NE,22.0
2021-12-18,NE,NE,11.0
2021-12-25,NE,NE,30.0
2022-01-01,NE,NE,42.0
2022-01-08,NE,NE,31.0
2022-01-15,NE,NE,28.0
2022-01-22,NE,NE,18.0
2022-01-29,NE,NE,24.0
2022-02-05,NE,NE,34.0
2022-02-12,NE,NE,29.0
2022-02-19,NE,NE,32.0
2022-02-26,NE,NE,40.0
2022-03-05,NE,NE,53.0
2022-03-12,NE,NE,43.0
2022-03-19,NE,NE,61.0
2022-03-26,NE,NE,60.0
2022-04-02,NE,NE,25.0
2022-04-09,NE,NE,35.0
2022-04-16,NE,NE,29.0
2022-04-23,NE,NE,16.0
2022-04-30,NE,NE,16.0
2022-05-07,NE,NE,6.0
2022-05-14,NE,NE,4.0
2022-05-21,NE,NE,7.0
2022-05-28,NE,NE,3.0
2022-06-04,NE,NE,6.0
2022-06-11,NE,NE,9.0
2022-06-18,NE,NE,3.0
2022-06-25,NE,NE,6.0
2022-07-02,NE,NE,9.0
2022-07-09,NE,NE,5.0
2022-07-16,NE,NE,7.0
2022-07-23,NE,NE,1.0
2022-07-30,NE,NE,3.0
2022-08-06,NE,NE,3.0
2022-08-13,NE,NE,0.0
2022-08-20,NE,NE,6.0
2022-08-27,NE,NE,9.0
2022-09-03,NE,NE,8.0
2022-09-10,NE,NE,2.0
2022-09-17,NE,NE,9.0
2022-09-24,NE,NE,2.0
2022-10-01,NE,NE,18.0
2021-10-09,NY,NY,11.0
2021-10-16,NY,NY,7.0
2021-10-23,NY,NY,10.0
2021-10-30,NY,NY,13.0
2021-11-06,NY,NY,17.0
2021-11-13,NY,NY,16.0
2021-11-20,NY,NY,23.0
2021-11-27,NY,NY,24.0
2021-12-04,NY,NY,41.0
2021-12-11,NY,NY,79.0
2021-12-18,NY,NY,82.0
2021-12-25,NY,NY,61.0
2022-01-01,NY,NY,69.0
2022-01-08,NY,NY,29.0
2022-01-15,NY,NY,42.0
2022-01-22,NY,NY,27.0
2022-01-29,NY,NY,18.0
2022-02-05,NY,NY,15.0
2022-02-12,NY,NY,23.0
2022-02-19,NY,NY,39.0
2022-02-26,NY,NY,29.0
2022-03-05,NY,NY,57.0
2022-03-12,NY,NY,51.0
2022-03-19,NY,NY,84.0
2022-03-26,NY,NY,85.0
2022-04-02,NY,NY,163.0
2022-04-09,NY,NY,195.0
2022-04-16,NY,NY,226.0
2022-04-23,NY,NY,275.0
2022-04-30,NY,NY,271.0
2022-05-07,NY,NY,231.0
2022-05-14,NY,NY,188.0
2022-05-21,NY,NY,182.0
2022-05-28,NY,NY,155.0
2022-06-04,NY,NY,124.0
2022-06-11,NY,NY,103.0
2022-06-18,NY,NY,92.0
2022-06-25,NY,NY,65.0
2022-07-02,NY,NY,45.0
2022-07-09,NY,NY,36.0
2022-07-16,NY,NY,38.0
2022-07-23,NY,NY,10.0
2022-07-30,NY,NY,17.0
2022-08-06,NY,NY,11.0
2022-08-13,NY,NY,11.0
2022-08-20,NY,NY,16.0
2022-08-27,NY,NY,24.0
2022-09-03,NY,NY,23.0
2022-09-10,NY,NY,15.0
2022-09-17,NY,NY,20.0
2022-09-24,NY,NY,21.0
2022-10-01,NY,NY,28.0
2020-10-10,OK,OK,0.0
2020-10-17,OK,OK,0.0
2020-10-24,OK,OK,12.0
2020-10-31,OK,OK,9.0
2020-11-07,OK,OK,9.0
2020-11-14,OK,OK,16.0
2020-11-21,OK,OK,8.0
2020-11-28,OK,OK,11.0
2020-12-05,OK,OK,21.0
2020-12-12,OK,OK,7.0
2020-12-19,OK,OK,23.0
2020-12-26,OK,OK,10.0
2021-01-02,OK,OK,22.0
2021-01-09,OK,OK,18.0
2021-01-16,OK,OK,9.0
2021-01-23,OK,OK,3.0
2021-01-30,OK,OK,9.0
2021-02-06,OK,OK,9.0
2021-02-13,OK,OK,2.0
2021-02-20,OK,OK,9.0
2021-02-27,OK,OK,10.0
2021-03-06,OK,OK,10.0
2021-03-13,OK,OK,3.0
2021-03-20,OK,OK,5.0
2021-03-27,OK,OK,4.0
2021-04-03,OK,OK,16.0
2021-04-10,OK,OK,8.0
2021-04-17,OK,OK,10.0
2021-04-24,OK,OK,5.0
2021-05-01,OK,OK,5.0
2021-05-08,OK,OK,8.0
2021-05-15,OK,OK,9.0
2021-05-22,OK,OK,8.0
2021-05-29,OK,OK,10.0
2021-06-05,OK,OK,9.0
2021-06-12,OK,OK,5.0
2021-06-19,OK,OK,6.0
2021-06-26,OK,OK,7.0
2021-07-03,OK,OK,5.0
2021-07-10,OK,OK,6.0
2021-07-17,OK,OK,9.0
2021-07-24,OK,OK,8.0
2021-07-31,OK,OK,9.0
2021-08-07,OK,OK,23.0
2021-08-14,OK,OK,10.0
2021-08-21,OK,OK,4.0
2021-08-28,OK,OK,8.0
2021-09-04,OK,OK,10.0
2021-09-11,OK,OK,12.0
2021-09-18,OK,OK,7.0
2021-09-25,OK,OK,12.0
2021-10-02,OK,OK,2.0
2020-10-24,RI,RI,2.0
2020-10-31,RI,RI,3.0
2020-11-07,RI,RI,2.0
2020-11-14,RI,RI,0.0
2020-11-21,RI,RI,0.0
2020-11-28,RI,RI,0.0
2020-12-05,RI,RI,0.0
2020-12-12,RI,RI,0.0
2020-12-19,RI,RI,0.0
2020-12-26,RI,RI,0.0
2021-01-02,RI,RI,0.0
2021-01-09,RI,RI,0.0
2021-01-16,RI,RI,0.0
2021-01-23,RI,RI,0.0
2021-01-30,RI,RI,0.0
2021-02-06,RI,RI,0.0
2021-02-13,RI,RI,0.0
2021-02-20,RI,RI,0.0
2021-02-27,RI,RI,0.0
2021-03-06,RI,RI,0.0
2021-03-13,RI,RI,0.0
2021-03-20,RI,RI,0.0
2021-03-27,RI,RI,0.0
2021-04-03,RI,RI,0.0
2021-04-10,RI,RI,0.0
2021-04-17,RI,RI,0.0
2021-04-24,RI,RI,0.0
2021-05-01,RI,RI,0.0
2021-05-08,RI,RI,0.0
2021-05-15,RI,RI,0.0
2021-05-22,RI,RI,0.0
2021-05-29,RI,RI,0.0
2021-06-05,RI,RI,0.0
2021-06-12,RI,RI,0.0
2021-06-19,RI,RI,0.0
2021-06-26,RI,RI,0.0
2021-07-03,RI,RI,0.0
2021-07-10,RI,RI,0.0
2021-07-17,RI,RI,0.0
2021-07-24,RI,RI,0.0
2021-07-31,RI,RI,0.0
2021-08-07,RI,RI,0.0
2021-08-14,RI,RI,0.0
2021-08-21,RI,RI,0.0
2021-08-28,RI,RI,0.0
2021-09-04,RI,RI,0.0
2021-09-11,RI,RI,0.0
2021-09-18,RI,RI,0.0
2021-09-25,RI,RI,0.0
2021-10-02,RI,RI,0.0
2025-10-04,Region 2,Region 2,103.0
2025-10-11,Region 2,Region 2,91.0
2025-10-18,Region 2,Region 2,151.0
2025-10-25,Region 2,Region 2,109.0
2025-11-01,Region 2,Region 2,155.0
2025-11-08,Region 2,Region 2,220.0
2025-11-15,Region 2,Region 2,363.0
2025-11-22,Region 2,Region 2,582.0
2025-11-29,Region 2,Region 2,1028.0
2025-12-06,Region 2,Region 2,1717.0
2025-12-13,Region 2,Region 2,2735.0
2025-12-20,Region 2,Region 2,4504.0
2025-12-27,Region 2,Region 2,5695.0
2026-01-03,Region 2,Region 2,5907.0
2026-01-10,Region 2,Region 2,3904.0
2026-01-17,Region 2,Region 2,2183.0
2026-01-24,Region 2,Region 2,1303.0
2026-01-31,Region 2,Region 2,898.0
2026-02-07,Region 2,Region 2,650.0
2026-02-14,Region 2,Region 2,598.0
2026-02-21,Region 2,Region 2,733.0
2026-02-28,Region 2,Region 2,643.0
2026-03-07,Region 2,Region 2,521.0
2026-03-14,Region 2,Region 2,564.0
2026-03-21,Region 2,Region 2,564.0
2026-03-28,Region 2,Region 2,308.0
2026-04-04,Region 2,Region 2,394.0
2026-04-11,Region 2,Region 2,287.0
2026-04-18,Region 2,Region 2,256.0
2026-04-25,Region 2,Region 2,194.0
2026-05-02,Region 2,Region 2,222.0
2026-05-09,Region 2,Region 2,187.0
2026-05-16,Region 2,Region 2,156.0
2026-05-23,Region 2,Region 2,156.0
2020-08-08,Region 4,Region 4,0.0
2020-08-15,Region 4,Region 4,0.0
2020-08-22,Region 4,Region 4,0.0
2020-08-29,Region 4,Region 4,0.0
2020-09-05,Region 4,Region 4,0.0
2020-09-12,Region 4,Region 4,0.0
2020-09-19,Region 4,Region 4,0.0
2020-09-26,Region 4,Region 4,0.0
2022-10-08,Region 9,Region 9,147.0
2022-10-15,Region 9,Region 9,121.0
2022-10-22,Region 9,Region 9,164.0
2022-10-29,Region 9,Region 9,245.0
2022-11-05,Region 9,Region 9,540.0
2022-11-12,Region 9,Region 9,1106.0
2022-11-19,Region 9,Region 9,1985.0
2022-11-26,Region 9,Region 9,3478.0
2022-12-03,Region 9,Region 9,4446.0
2022-12-10,Region 9,Region 9,3675.0
2022-12-17,Region 9,Region 9,2515.0
2022-12-24,Region 9,Region 9,2434.0
2022-12-31,Region 9,Region 9,2294.0
2023-01-07,Region 9,Region 9,1426.0
2023-01-14,Region 9,Region 9,620.0
2023-01-21,Region 9,Region 9,349.0
2023-01-28,Region 9,Region 9,204.0
2023-02-04,Region 9,Region 9,191.0
2023-02-11,Region 9,Region 9,171.0
2023-02-18,Region 9,Region 9,127.0
2023-02-25,Region 9,Region 9,131.0
2023-03-04,Region 9,Region 9,116.0
2023-03-11,Region 9,Region 9,96.0
2023-03-18,Region 9,Region 9,128.0
2023-03-25,Region 9,Region 9,81.0
2023-04-01,Region 9,Region 9,64.0
2023-04-08,Region 9,Region 9,94.0
2023-04-15,Region 9,Region 9,90.0
2023-04-22,Region 9,Region 9,76.0
2023-04-29,Region 9,Region 9,72.0
2023-05-06,Region 9,Region 9,64.0
2023-05-13,Region 9,Region 9,95.0
2023-05-20,Region 9,Region 9,85.0
2023-05-27,Region 9,Region 9,94.0
2023-06-03,Region 9,Region 9,124.0
2023-06-10,Region 9,Region 9,124.0
2023-06-17,Region 9,Region 9,103.0
2023-06-24,Region 9,Region 9,92.0
2023-07-01,Region 9,Region 9,96.0
2023-07-08,Region 9,Region 9,74.0
2023-07-15,Region 9,Region 9,98.0
2023-07-22,Region 9,Region 9,64.0
2023-07-29,Region 9,Region 9,61.0
2023-08-05,Region 9,Region 9,67.0
2023-08-12,Region 9,Region 9,55.0
2023-08-19,Region 9,Region 9,47.0
2023-08-26,Region 9,Region 9,58.0
2023-09-02,Region 9,Region 9,66.0
2023-09-09,Region 9,Region 9,61.0
2023-09-16,Region 9,Region 9,62.0
2023-09-23,Region 9,Region 9,67.0
2023-09-30,Region 9,Region 9,82.0
2023-10-07,Region 9,Region 9,76.0
2023-10-14,Region 9,Region 9,107.0
2023-10-21,Region 9,Region 9,127.0
2023-10-28,Region 9,Region 9,155.0
2023-11-04,Region 9,Region 9,179.0
2023-11-11,Region 9,Region 9,411.0
2023-11-18,Region 9,Region 9,617.0
2023-11-25,Region 9,Region 9,735.0
2023-12-02,Region 9,Region 9,1027.0
2023-12-09,Region 9,Region 9,1366.0
2023-12-16,Region 9,Region 9,1822.0
2023-12-23,Region 9,Region 9,2899.0
2023-12-30,Region 9,Region 9,3138.0
2024-01-06,Region 9,Region 9,2562.0
2024-01-13,Region 9,Region 9,1963.0
2024-01-20,Region 9,Region 9,1882.0
2024-01-27,Region 9,Region 9,1447.0
2024-02-03,Region 9,Region 9,957.0
2024-02-10,Region 9,Region 9,700.0
2024-02-17,Region 9,Region 9,607.0
2024-02-24,Region 9,Region 9,563.0
2024-03-02,Region 9,Region 9,514.0
2024-03-09,Region 9,Region 9,384.0
2024-03-16,Region 9,Region 9,370.0
2024-03-23,Region 9,Region 9,330.0
2024-03-30,Region 9,Region 9,311.0
2024-04-06,Region 9,Region 9,284.0
2024-04-13,Region 9,Region 9,302.0
2024-04-20,Region 9,Region 9,274.0
2024-04-27,Region 9,Region 9,296.0
2024-05-04,Region 9,Region 9,169.0
2024-05-11,Region 9,Region 9,126.0
2024-05-18,Region 9,Region 9,130.0
2024-05-25,Region 9,Region 9,112.0
2024-06-01,Region 9,Region 9,131.0
2024-06-08,Region 9,Region 9,114.0
2024-06-15,Region 9,Region 9,133.0
2024-06-22,Region 9,Region 9,114.0
2024-06-29,Region 9,Region 9,75.0
2024-07-06,Region 9,Region 9,71.0
2024-07-13,Region 9,Region 9,73.0
2024-07-20,Region 9,Region 9,58.0
2024-07-27,Region 9,Region 9,42.0
2024-08-03,Region 9,Region 9,44.0
2024-08-10,Region 9,Region 9,47.0
2024-08-17,Region 9,Region 9,51.0
2024-08-24,Region 9,Region 9,44.0
2024-08-31,Region 9,Region 9,50.0
2024-09-07,Region 9,Region 9,31.0
2024-09-14,Region 9,Region 9,50.0
2024-09-21,Region 9,Region 9,36.0
2024-09-28,Region 9,Region 9,42.0
2022-10-08,VA,VA,48.0
2022-10-15,VA,VA,53.0
2022-10-22,VA,VA,77.0
2022-10-29,VA,VA,172.0
2022-11-05,VA,VA,307.0
2022-11-12,VA,VA,339.0
2022-11-19,VA,VA,262.0
2022-11-26,VA,VA,380.0
2022-12-03,VA,VA,495.0
2022-12-10,VA,VA,368.0
2022-12-17,VA,VA,286.0
2022-12-24,VA,VA,269.0
2022-12-31,VA,VA,279.0
2023-01-07,VA,VA,233.0
2023-01-14,VA,VA,119.0
2023-01-21,VA,VA,72.0
2023-01-28,VA,VA,60.0
2023-02-04,VA,VA,62.0
2023-02-11,VA,VA,64.0
2023-02-18,VA,VA,57.0
2023-02-25,VA,VA,61.0
2023-03-04,VA,VA,57.0
2023-03-11,VA,VA,40.0
2023-03-18,VA,VA,60.0
2023-03-25,VA,VA,50.0
2023-04-01,VA,VA,50.0
2023-04-08,VA,VA,54.0
2023-04-15,VA,VA,35.0
2023-04-22,VA,VA,45.0
2023-04-29,VA,VA,31.0
2023-05-06,VA,VA,52.0
2023-05-13,VA,VA,44.0
2023-05-20,VA,VA,35.0
2023-05-27,VA,VA,50.0
2023-06-03,VA,VA,36.0
2023-06-10,VA,VA,27.0
2023-06-17,VA,VA,27.0
2023-06-24,VA,VA,22.0
2023-07-01,VA,VA,39.0
2023-07-08,VA,VA,39.0
2023-07-15,VA,VA,30.0
2023-07-22,VA,VA,22.0
2023-07-29,VA,VA,19.0
2023-08-05,VA,VA,31.0
2023-08-12,VA,VA,32.0
2023-08-19,VA,VA,35.0
2023-08-26,VA,VA,28.0
2023-09-02,VA,VA,30.0
2023-09-09,VA,VA,40.0
2023-09-16,VA,VA,31.0
2023-09-23,VA,VA,40.0
2023-09-30,VA,VA,54.0
2025-10-04,WV,WV,0.0
2025-10-11,WV,WV,3.0
2025-10-18,WV,WV,1.0
2025-10-25,WV,WV,1.0
2025-11-01,WV,WV,1.0
2025-11-08,WV,WV,2.0
2025-11-15,WV,WV,0.0
2025-11-22,WV,WV,2.0
2025-11-29,WV,WV,10.0
2025-12-06,WV,WV,19.0
2025-12-13,WV,WV,26.0
2025-12-20,WV,WV,65.0
2025-12-27,WV,WV,192.0
2026-01-03,WV,WV,229.0
2026-01-10,WV,WV,203.0
2026-01-17,WV,WV,170.0
2026-01-24,WV,WV,186.0
2026-01-31,WV,WV,218.0
2026-02-07,WV,WV,154.0
2026-02-14,WV,WV,123.0
2026-02-21,WV,WV,147.0
2026-02-28,WV,WV,133.0
2026-03-07,WV,WV,102.0
2026-03-14,WV,WV,105.0
2026-03-21,WV,WV,68.0
2026-03-28,WV,WV,24.0
2026-04-04,WV,WV,18.0
2026-04-11,WV,WV,11.0
2026-04-18,WV,WV,29.0
2026-04-25,WV,WV,16.0
2026-05-02,WV,WV,8.0
2026-05-09,WV,WV,3.0
2026-05-16,WV,WV,5.0
2026-05-23,WV,WV,2.0
2022-10-08,WY,WY,1.0
2022-10-15,WY,WY,2.0
2022-10-22,WY,WY,2.0
2022-10-29,WY,WY,4.0
2022-11-05,WY,WY,7.0
2022-11-12,WY,WY,10.0
2022-11-19,WY,WY,36.0
2022-11-26,WY,WY,37.0
2022-12-03,WY,WY,69.0
2022-12-10,WY,WY,41.0
2022-12-17,WY,WY,39.0
2022-12-24,WY,WY,50.0
2022-12-31,WY,WY,51.0
2023-01-07,WY,WY,30.0
2023-01-14,WY,WY,16.0
2023-01-21,WY,WY,13.0
2023-01-28,WY,WY,5.0
2023-02-04,WY,WY,6.0
2023-02-11,WY,WY,2.0
2023-02-18,WY,WY,2.0
2023-02-25,WY,WY,0.0
2023-03-04,WY,WY,1.0
2023-03-11,WY,WY,2.0
2023-03-18,WY,WY,2.0
2023-03-25,WY,WY,0.0
2023-04-01,WY,WY,1.0
2023-04-08,WY,WY,2.0
2023-04-15,WY,WY,3.0
2023-04-22,WY,WY,0.0
2023-04-29,WY,WY,1.0
2023-05-06,WY,WY,2.0
2023-05-13,WY,WY,1.0
2023-05-20,WY,WY,1.0
2023-05-27,WY,WY,0.0
2023-06-03,WY,WY,1.0
2023-06-10,WY,WY,1.0
2023-06-17,WY,WY,1.0
2023-06-24,WY,WY,1.0
2023-07-01,WY,WY,9.0
2023-07-08,WY,WY,1.0
2023-07-15,WY,WY,0.0
2023-07-22,WY,WY,0.0
2023-07-29,WY,WY,2.0
2023-08-05,WY,WY,0.0
2023-08-12,WY,WY,1.0
2023-08-19,WY,WY,0.0
2023-08-26,WY,WY,0.0
2023-09-02,WY,WY,0.0
2023-09-09,WY,WY,0.0
2023-09-16,WY,WY,0.0
2023-09-23,WY,WY,0.0
2023-09-30,WY,WY,2.0
2025-10-04,AR,AR,4.0
2025-10-11,AR,AR,5.0
2025-10-18,AR,AR,2.0
2025-10-25,AR,AR,3.0
2025-11-01,AR,AR,9.0
2025-11-08,AR,AR,9.0
2025-11-15,AR,AR,27.0
2025-11-22,AR,AR,18.0
2025-11-29,AR,AR,78.0
2025-12-06,AR,AR,56.0
2025-12-13,AR,AR,87.0
2025-12-20,AR,AR,145.0
2025-12-27,AR,AR,297.0
2026-01-03,AR,AR,280.0
2026-01-10,AR,AR,165.0
2026-01-17,AR,AR,142.0
2026-01-24,AR,AR,167.0
2026-01-31,AR,AR,212.0
2026-02-07,AR,AR,175.0
2026-02-14,AR,AR,234.0
2026-02-21,AR,AR,173.0
2026-02-28,AR,AR,125.0
2026-03-07,AR,AR,108.0
2026-03-14,AR,AR,78.0
2026-03-21,AR,AR,46.0
2026-03-28,AR,AR,31.0
2026-04-04,AR,AR,22.0
2026-04-11,AR,AR,9.0
2026-04-18,AR,AR,3.0
2026-04-25,AR,AR,7.0
2026-05-02,AR,AR,7.0
2026-05-09,AR,AR,7.0
2026-05-16,AR,AR,9.0
2026-05-23,AR,AR,10.0
2020-10-17,FL,FL,0.0
2020-10-24,FL,FL,21.0
2020-10-31,FL,FL,21.0
2020-11-07,FL,FL,30.0
2020-11-14,FL,FL,38.0
2020-11-21,FL,FL,34.0
2020-11-28,FL,FL,46.0
2020-12-05,FL,FL,31.0
2020-12-12,FL,FL,38.0
2020-12-19,FL,FL,34.0
2020-12-26,FL,FL,47.0
2021-01-02,FL,FL,24.0
2021-01-09,FL,FL,33.0
2021-01-16,FL,FL,47.0
2021-01-23,FL,FL,50.0
2021-01-30,FL,FL,41.0
2021-02-06,FL,FL,52.0
2021-02-13,FL,FL,51.0
2021-02-20,FL,FL,42.0
2021-02-27,FL,FL,41.0
2021-03-06,FL,FL,43.0
2021-03-13,FL,FL,25.0
2021-03-20,FL,FL,55.0
2021-03-27,FL,FL,49.0
2021-04-03,FL,FL,56.0
2021-04-10,FL,FL,39.0
2021-04-17,FL,FL,39.0
2021-04-24,FL,FL,49.0
2021-05-01,FL,FL,31.0
2021-05-08,FL,FL,38.0
2021-05-15,FL,FL,35.0
2021-05-22,FL,FL,35.0
2021-05-29,FL,FL,31.0
2021-06-05,FL,FL,23.0
2021-06-12,FL,FL,13.0
2021-06-19,FL,FL,12.0
2021-06-26,FL,FL,20.0
2021-07-03,FL,FL,20.0
2021-07-10,FL,FL,22.0
2021-07-17,FL,FL,39.0
2021-07-24,FL,FL,25.0
2021-07-31,FL,FL,22.0
2021-08-07,FL,FL,39.0
2021-08-14,FL,FL,32.0
2021-08-21,FL,FL,29.0
2021-08-28,FL,FL,21.0
2021-09-04,FL,FL,11.0
2021-09-11,FL,FL,15.0
2021-09-18,FL,FL,28.0
2021-09-25,FL,FL,19.0
2021-10-02,FL,FL,19.0
2020-10-17,ME,ME,0.0
2020-10-24,ME,ME,0.0
2020-10-31,ME,ME,0.0
2020-11-07,ME,ME,0.0
2020-11-14,ME,ME,0.0
2020-11-21,ME,ME,0.0
2020-11-28,ME,ME,0.0
2020-12-05,ME,ME,0.0
2020-12-12,ME,ME,0.0
2020-12-19,ME,ME,0.0
2020-12-26,ME,ME,0.0
2021-01-02,ME,ME,0.0
2021-01-09,ME,ME,0.0
2021-01-16,ME,ME,0.0
2021-01-23,ME,ME,0.0
2021-01-30,ME,ME,0.0
2021-02-06,ME,ME,0.0
2021-02-13,ME,ME,1.0
2021-02-20,ME,ME,1.0
2021-02-27,ME,ME,0.0
2021-03-06,ME,ME,2.0
2021-03-13,ME,ME,0.0
2021-03-20,ME,ME,1.0
2021-03-27,ME,ME,0.0
2021-04-03,ME,ME,0.0
2021-04-10,ME,ME,0.0
2021-04-17,ME,ME,0.0
2021-04-24,ME,ME,0.0
2021-05-01,ME,ME,0.0
2021-05-08,ME,ME,1.0
2021-05-15,ME,ME,0.0
2021-05-22,ME,ME,0.0
2021-05-29,ME,ME,0.0
2021-06-05,ME,ME,0.0
2021-06-12,ME,ME,0.0
2021-06-19,ME,ME,0.0
2021-06-26,ME,ME,0.0
2021-07-03,ME,ME,0.0
2021-07-10,ME,ME,0.0
2021-07-17,ME,ME,0.0
2021-07-24,ME,ME,0.0
2021-07-31,ME,ME,0.0
2021-08-07,ME,ME,0.0
2021-08-14,ME,ME,0.0
2021-08-21,ME,ME,0.0
2021-08-28,ME,ME,0.0
2021-09-04,ME,ME,0.0
2021-09-11,ME,ME,0.0
2021-09-18,ME,ME,0.0
2021-09-25,ME,ME,0.0
2021-10-02,ME,ME,0.0
2021-10-09,MS,MS,2.0
2021-10-16,MS,MS,5.0
2021-10-23,MS,MS,14.0
2021-10-30,MS,MS,2.0
2021-11-06,MS,MS,6.0
2021-11-13,MS,MS,8.0
2021-11-20,MS,MS,10.0
2021-11-27,MS,MS,14.0
2021-12-04,MS,MS,24.0
2021-12-11,MS,MS,10.0
2021-12-18,MS,MS,16.0
2021-12-25,MS,MS,29.0
2022-01-01,MS,MS,52.0
2022-01-08,MS,MS,37.0
2022-01-15,MS,MS,36.0
2022-01-22,MS,MS,17.0
2022-01-29,MS,MS,12.0
2022-02-05,MS,MS,21.0
2022-02-12,MS,MS,21.0
2022-02-19,MS,MS,25.0
2022-02-26,MS,MS,27.0
2022-03-05,MS,MS,34.0
2022-03-12,MS,MS,33.0
2022-03-19,MS,MS,31.0
2022-03-26,MS,MS,48.0
2022-04-02,MS,MS,25.0
2022-04-09,MS,MS,32.0
2022-04-16,MS,MS,22.0
2022-04-23,MS,MS,16.0
2022-04-30,MS,MS,26.0
2022-05-07,MS,MS,22.0
2022-05-14,MS,MS,25.0
2022-05-21,MS,MS,31.0
2022-05-28,MS,MS,20.0
2022-06-04,MS,MS,23.0
2022-06-11,MS,MS,14.0
2022-06-18,MS,MS,13.0
2022-06-25,MS,MS,23.0
2022-07-02,MS,MS,17.0
2022-07-09,MS,MS,21.0
2022-07-16,MS,MS,20.0
2022-07-23,MS,MS,23.0
2022-07-30,MS,MS,18.0
2022-08-06,MS,MS,19.0
2022-08-13,MS,MS,14.0
2022-08-20,MS,MS,13.0
2022-08-27,MS,MS,13.0
2022-09-03,MS,MS,21.0
2022-09-10,MS,MS,18.0
2022-09-17,MS,MS,36.0
2022-09-24,MS,MS,20.0
2022-10-01,MS,MS,29.0
2023-10-07,NJ,NJ,17.0
2023-10-14,NJ,NJ,13.0
2023-10-21,NJ,NJ,33.0
2023-10-28,NJ,NJ,44.0
2023-11-04,NJ,NJ,26.0
2023-11-11,NJ,NJ,46.0
2023-11-18,NJ,NJ,33.0
2023-11-25,NJ,NJ,75.0
2023-12-02,NJ,NJ,129.0
2023-12-09,NJ,NJ,160.0
2023-12-16,NJ,NJ,304.0
2023-12-23,NJ,NJ,488.0
2023-12-30,NJ,NJ,729.0
2024-01-06,NJ,NJ,667.0
2024-01-13,NJ,NJ,570.0
2024-01-20,NJ,NJ,441.0
2024-01-27,NJ,NJ,345.0
2024-02-03,NJ,NJ,331.0
2024-02-10,NJ,NJ,323.0
2024-02-17,NJ,NJ,370.0
2024-02-24,NJ,NJ,297.0
2024-03-02,NJ,NJ,343.0
2024-03-09,NJ,NJ,272.0
2024-03-16,NJ,NJ,218.0
2024-03-23,NJ,NJ,180.0
2024-03-30,NJ,NJ,188.0
2024-04-06,NJ,NJ,168.0
2024-04-13,NJ,NJ,130.0
2024-04-20,NJ,NJ,110.0
2024-04-27,NJ,NJ,89.0
2024-05-04,NJ,NJ,81.0
2024-05-11,NJ,NJ,47.0
2024-05-18,NJ,NJ,32.0
2024-05-25,NJ,NJ,37.0
2024-06-01,NJ,NJ,26.0
2024-06-08,NJ,NJ,20.0
2024-06-15,NJ,NJ,25.0
2024-06-22,NJ,NJ,16.0
2024-06-29,NJ,NJ,20.0
2024-07-06,NJ,NJ,21.0
2024-07-13,NJ,NJ,23.0
2024-07-20,NJ,NJ,17.0
2024-07-27,NJ,NJ,17.0
2024-08-03,NJ,NJ,12.0
2024-08-10,NJ,NJ,15.0
2024-08-17,NJ,NJ,10.0
2024-08-24,NJ,NJ,12.0
2024-08-31,NJ,NJ,7.0
2024-09-07,NJ,NJ,12.0
2024-09-14,NJ,NJ,21.0
2024-09-21,NJ,NJ,27.0
2024-09-28,NJ,NJ,8.0
2023-10-07,NM,NM,6.0
2023-10-14,NM,NM,4.0
2023-10-21,NM,NM,2.0
2023-10-28,NM,NM,2.0
2023-11-04,NM,NM,10.0
2023-11-11,NM,NM,9.0
2023-11-18,NM,NM,12.0
2023-11-25,NM,NM,21.0
2023-12-02,NM,NM,42.0
2023-12-09,NM,NM,84.0
2023-12-16,NM,NM,153.0
2023-12-23,NM,NM,227.0
2023-12-30,NM,NM,235.0
2024-01-06,NM,NM,229.0
2024-01-13,NM,NM,149.0
2024-01-20,NM,NM,113.0
2024-01-27,NM,NM,102.0
2024-02-03,NM,NM,76.0
2024-02-10,NM,NM,78.0
2024-02-17,NM,NM,73.0
2024-02-24,NM,NM,59.0
2024-03-02,NM,NM,61.0
2024-03-09,NM,NM,77.0
2024-03-16,NM,NM,45.0
2024-03-23,NM,NM,57.0
2024-03-30,NM,NM,36.0
2024-04-06,NM,NM,41.0
2024-04-13,NM,NM,19.0
2024-04-20,NM,NM,15.0
2024-04-27,NM,NM,20.0
2024-05-04,NM,NM,11.0
2024-05-11,NM,NM,16.0
2024-05-18,NM,NM,13.0
2024-05-25,NM,NM,8.0
2024-06-01,NM,NM,9.0
2024-06-08,NM,NM,5.0
2024-06-15,NM,NM,0.0
2024-06-22,NM,NM,0.0
2024-06-29,NM,NM,0.0
2024-07-06,NM,NM,1.0
2024-07-13,NM,NM,0.0
2024-07-20,NM,NM,0.0
2024-07-27,NM,NM,0.0
2024-08-03,NM,NM,0.0
2024-08-10,NM,NM,0.0
2024-08-17,NM,NM,0.0
2024-08-24,NM,NM,1.0
2024-08-31,NM,NM,1.0
2024-09-07,NM,NM,0.0
2024-09-14,NM,NM,0.0
2024-09-21,NM,NM,0.0
2024-09-28,NM,NM,0.0
2021-10-09,OR,OR,4.0
2021-10-16,OR,OR,1.0
2021-10-23,OR,OR,1.0
2021-10-30,OR,OR,0.0
2021-11-06,OR,OR,0.0
2021-11-13,OR,OR,0.0
2021-11-20,OR,OR,1.0
2021-11-27,OR,OR,6.0
2021-12-04,OR,OR,4.0
2021-12-11,OR,OR,5.0
2021-12-18,OR,OR,7.0
2021-12-25,OR,OR,4.0
2022-01-01,OR,OR,6.0
2022-01-08,OR,OR,5.0
2022-01-15,OR,OR,4.0
2022-01-22,OR,OR,4.0
2022-01-29,OR,OR,5.0
2022-02-05,OR,OR,1.0
2022-02-12,OR,OR,2.0
2022-02-19,OR,OR,5.0
2022-02-26,OR,OR,4.0
2022-03-05,OR,OR,2.0
2022-03-12,OR,OR,7.0
2022-03-19,OR,OR,18.0
2022-03-26,OR,OR,24.0
2022-04-02,OR,OR,10.0
2022-04-09,OR,OR,14.0
2022-04-16,OR,OR,14.0
2022-04-23,OR,OR,27.0
2022-04-30,OR,OR,23.0
2022-05-07,OR,OR,27.0
2022-05-14,OR,OR,26.0
2022-05-21,OR,OR,36.0
2022-05-28,OR,OR,33.0
2022-06-04,OR,OR,28.0
2022-06-11,OR,OR,18.0
2022-06-18,OR,OR,12.0
2022-06-25,OR,OR,8.0
2022-07-02,OR,OR,3.0
2022-07-09,OR,OR,0.0
2022-07-16,OR,OR,7.0
2022-07-23,OR,OR,1.0
2022-07-30,OR,OR,1.0
2022-08-06,OR,OR,1.0
2022-08-13,OR,OR,2.0
2022-08-20,OR,OR,0.0
2022-08-27,OR,OR,0.0
2022-09-03,OR,OR,0.0
2022-09-10,OR,OR,1.0
2022-09-17,OR,OR,0.0
2022-09-24,OR,OR,2.0
2022-10-01,OR,OR,1.0
2023-10-07,OR,OR,6.0
2023-10-14,OR,OR,6.0
2023-10-21,OR,OR,8.0
2023-10-28,OR,OR,14.0
2023-11-04,OR,OR,6.0
2023-11-11,OR,OR,11.0
2023-11-18,OR,OR,17.0
2023-11-25,OR,OR,11.0
2023-12-02,OR,OR,17.0
2023-12-09,OR,OR,43.0
2023-12-16,OR,OR,45.0
2023-12-23,OR,OR,103.0
2023-12-30,OR,OR,147.0
2024-01-06,OR,OR,142.0
2024-01-13,OR,OR,115.0
2024-01-20,OR,OR,85.0
2024-01-27,OR,OR,98.0
2024-02-03,OR,OR,84.0
2024-02-10,OR,OR,87.0
2024-02-17,OR,OR,65.0
2024-02-24,OR,OR,89.0
2024-03-02,OR,OR,76.0
2024-03-09,OR,OR,79.0
2024-03-16,OR,OR,68.0
2024-03-23,OR,OR,97.0
2024-03-30,OR,OR,64.0
2024-04-06,OR,OR,51.0
2024-04-13,OR,OR,33.0
2024-04-20,OR,OR,32.0
2024-04-27,OR,OR,30.0
2024-05-04,OR,OR,17.0
2024-05-11,OR,OR,18.0
2024-05-18,OR,OR,21.0
2024-05-25,OR,OR,14.0
2024-06-01,OR,OR,17.0
2024-06-08,OR,OR,16.0
2024-06-15,OR,OR,6.0
2024-06-22,OR,OR,14.0
2024-06-29,OR,OR,2.0
2024-07-06,OR,OR,5.0
2024-07-13,OR,OR,5.0
2024-07-20,OR,OR,3.0
2024-07-27,OR,OR,1.0
2024-08-03,OR,OR,0.0
2024-08-10,OR,OR,2.0
2024-08-17,OR,OR,0.0
2024-08-24,OR,OR,2.0
2024-08-31,OR,OR,2.0
2024-09-07,OR,OR,4.0
2024-09-14,OR,OR,3.0
2024-09-21,OR,OR,2.0
2024-09-28,OR,OR,1.0
2023-10-07,PR,PR,109.0
2023-10-14,PR,PR,103.0
2023-10-21,PR,PR,111.0
2023-10-28,PR,PR,164.0
2023-11-04,PR,PR,144.0
2023-11-11,PR,PR,148.0
2023-11-18,PR,PR,110.0
2023-11-25,PR,PR,117.0
2023-12-02,PR,PR,89.0
2023-12-09,PR,PR,48.0
2023-12-16,PR,PR,57.0
2023-12-23,PR,PR,59.0
2023-12-30,PR,PR,63.0
2024-01-06,PR,PR,51.0
2024-01-13,PR,PR,61.0
2024-01-20,PR,PR,50.0
2024-01-27,PR,PR,51.0
2024-02-03,PR,PR,34.0
2024-02-10,PR,PR,68.0
2024-02-17,PR,PR,52.0
2024-02-24,PR,PR,52.0
2024-03-02,PR,PR,43.0
2024-03-09,PR,PR,52.0
2024-03-16,PR,PR,63.0
2024-03-23,PR,PR,50.0
2024-03-30,PR,PR,47.0
2024-04-06,PR,PR,39.0
2024-04-13,PR,PR,43.0
2024-04-20,PR,PR,36.0
2024-04-27,PR,PR,44.0
2024-05-04,PR,PR,32.0
2024-05-11,PR,PR,28.0
2024-05-18,PR,PR,17.0
2024-05-25,PR,PR,4.0
2024-06-01,PR,PR,10.0
2024-06-08,PR,PR,9.0
2024-06-15,PR,PR,6.0
2024-06-22,PR,PR,10.0
2024-06-29,PR,PR,7.0
2024-07-06,PR,PR,7.0
2024-07-13,PR,PR,6.0
2024-07-20,PR,PR,9.0
2024-07-27,PR,PR,3.0
2024-08-03,PR,PR,6.0
2024-08-10,PR,PR,5.0
2024-08-17,PR,PR,3.0
2024-08-24,PR,PR,3.0
2024-08-31,PR,PR,2.0
2024-09-07,PR,PR,1.0
2024-09-14,PR,PR,0.0
2024-09-21,PR,PR,6.0
2024-09-28,PR,PR,3.0
2025-10-04,Region 1,Region 1,33.0
2025-10-11,Region 1,Region 1,19.0
2025-10-18,Region 1,Region 1,24.0
2025-10-25,Region 1,Region 1,30.0
2025-11-01,Region 1,Region 1,43.0
2025-11-08,Region 1,Region 1,57.0
2025-11-15,Region 1,Region 1,72.0
2025-11-22,Region 1,Region 1,113.0
2025-11-29,Region 1,Region 1,192.0
2025-12-06,Region 1,Region 1,352.0
2025-12-13,Region 1,Region 1,621.0
2025-12-20,Region 1,Region 1,1266.0
2025-12-27,Region 1,Region 1,2192.0
2026-01-03,Region 1,Region 1,2947.0
2026-01-10,Region 1,Region 1,1995.0
2026-01-17,Region 1,Region 1,1149.0
2026-01-24,Region 1,Region 1,674.0
2026-01-31,Region 1,Region 1,496.0
2026-02-07,Region 1,Region 1,360.0
2026-02-14,Region 1,Region 1,262.0
2026-02-21,Region 1,Region 1,279.0
2026-02-28,Region 1,Region 1,230.0
2026-03-07,Region 1,Region 1,221.0
2026-03-14,Region 1,Region 1,171.0
2026-03-21,Region 1,Region 1,140.0
2026-03-28,Region 1,Region 1,134.0
2026-04-04,Region 1,Region 1,120.0
2026-04-11,Region 1,Region 1,114.0
2026-04-18,Region 1,Region 1,105.0
2026-04-25,Region 1,Region 1,64.0
2026-05-02,Region 1,Region 1,50.0
2026-05-09,Region 1,Region 1,40.0
2026-05-16,Region 1,Region 1,39.0
2026-05-23,Region 1,Region 1,21.0
2023-10-07,Region 8,Region 8,19.0
2023-10-14,Region 8,Region 8,23.0
2023-10-21,Region 8,Region 8,33.0
2023-10-28,Region 8,Region 8,28.0
2023-11-04,Region 8,Region 8,43.0
2023-11-11,Region 8,Region 8,71.0
2023-11-18,Region 8,Region 8,129.0
2023-11-25,Region 8,Region 8,182.0
2023-12-02,Region 8,Region 8,203.0
2023-12-09,Region 8,Region 8,245.0
2023-12-16,Region 8,Region 8,358.0
2023-12-23,Region 8,Region 8,473.0
2023-12-30,Region 8,Region 8,734.0
2024-01-06,Region 8,Region 8,688.0
2024-01-13,Region 8,Region 8,567.0
2024-01-20,Region 8,Region 8,386.0
2024-01-27,Region 8,Region 8,497.0
2024-02-03,Region 8,Region 8,411.0
2024-02-10,Region 8,Region 8,376.0
2024-02-17,Region 8,Region 8,279.0
2024-02-24,Region 8,Region 8,254.0
2024-03-02,Region 8,Region 8,230.0
2024-03-09,Region 8,Region 8,195.0
2024-03-16,Region 8,Region 8,227.0
2024-03-23,Region 8,Region 8,213.0
2024-03-30,Region 8,Region 8,183.0
2024-04-06,Region 8,Region 8,124.0
2024-04-13,Region 8,Region 8,103.0
2024-04-20,Region 8,Region 8,76.0
2024-04-27,Region 8,Region 8,57.0
2024-05-04,Region 8,Region 8,40.0
2024-05-11,Region 8,Region 8,18.0
2024-05-18,Region 8,Region 8,9.0
2024-05-25,Region 8,Region 8,18.0
2024-06-01,Region 8,Region 8,12.0
2024-06-08,Region 8,Region 8,9.0
2024-06-15,Region 8,Region 8,9.0
2024-06-22,Region 8,Region 8,9.0
2024-06-29,Region 8,Region 8,3.0
2024-07-06,Region 8,Region 8,5.0
2024-07-13,Region 8,Region 8,3.0
2024-07-20,Region 8,Region 8,6.0
2024-07-27,Region 8,Region 8,8.0
2024-08-03,Region 8,Region 8,8.0
2024-08-10,Region 8,Region 8,7.0
2024-08-17,Region 8,Region 8,2.0
2024-08-24,Region 8,Region 8,1.0
2024-08-31,Region 8,Region 8,4.0
2024-09-07,Region 8,Region 8,2.0
2024-09-14,Region 8,Region 8,3.0
2024-09-21,Region 8,Region 8,2.0
2024-09-28,Region 8,Region 8,5.0
2021-10-09,Region 9,Region 9,96.0
2021-10-16,Region 9,Region 9,38.0
2021-10-23,Region 9,Region 9,19.0
2021-10-30,Region 9,Region 9,7.0
2021-11-06,Region 9,Region 9,24.0
2021-11-13,Region 9,Region 9,22.0
2021-11-20,Region 9,Region 9,42.0
2021-11-27,Region 9,Region 9,44.0
2021-12-04,Region 9,Region 9,71.0
2021-12-11,Region 9,Region 9,95.0
2021-12-18,Region 9,Region 9,104.0
2021-12-25,Region 9,Region 9,179.0
2022-01-01,Region 9,Region 9,490.0
2022-01-08,Region 9,Region 9,422.0
2022-01-15,Region 9,Region 9,187.0
2022-01-22,Region 9,Region 9,197.0
2022-01-29,Region 9,Region 9,159.0
2022-02-05,Region 9,Region 9,144.0
2022-02-12,Region 9,Region 9,89.0
2022-02-19,Region 9,Region 9,76.0
2022-02-26,Region 9,Region 9,113.0
2022-03-05,Region 9,Region 9,138.0
2022-03-12,Region 9,Region 9,152.0
2022-03-19,Region 9,Region 9,197.0
2022-03-26,Region 9,Region 9,234.0
2022-04-02,Region 9,Region 9,247.0
2022-04-09,Region 9,Region 9,325.0
2022-04-16,Region 9,Region 9,294.0
2022-04-23,Region 9,Region 9,370.0
2022-04-30,Region 9,Region 9,432.0
2022-05-07,Region 9,Region 9,437.0
2022-05-14,Region 9,Region 9,553.0
2022-05-21,Region 9,Region 9,691.0
2022-05-28,Region 9,Region 9,715.0
2022-06-04,Region 9,Region 9,721.0
2022-06-11,Region 9,Region 9,578.0
2022-06-18,Region 9,Region 9,430.0
2022-06-25,Region 9,Region 9,318.0
2022-07-02,Region 9,Region 9,236.0
2022-07-09,Region 9,Region 9,153.0
2022-07-16,Region 9,Region 9,127.0
2022-07-23,Region 9,Region 9,80.0
2022-07-30,Region 9,Region 9,71.0
2022-08-06,Region 9,Region 9,49.0
2022-08-13,Region 9,Region 9,49.0
2022-08-20,Region 9,Region 9,54.0
2022-08-27,Region 9,Region 9,52.0
2022-09-03,Region 9,Region 9,58.0
2022-09-10,Region 9,Region 9,43.0
2022-09-17,Region 9,Region 9,39.0
2022-09-24,Region 9,Region 9,58.0
2022-10-01,Region 9,Region 9,97.0
2024-10-05,SC,SC,1.0
2024-10-12,SC,SC,0.0
2024-10-19,SC,SC,8.0
2024-10-26,SC,SC,8.0
2024-11-02,SC,SC,11.0
2024-11-09,SC,SC,21.0
2024-11-16,SC,SC,13.0
2024-11-23,SC,SC,13.0
2024-11-30,SC,SC,18.0
2024-12-07,SC,SC,40.0
2024-12-14,SC,SC,80.0
2024-12-21,SC,SC,160.0
2024-12-28,SC,SC,327.0
2025-01-04,SC,SC,520.0
2025-01-11,SC,SC,443.0
2025-01-18,SC,SC,642.0
2025-01-25,SC,SC,833.0
2025-02-01,SC,SC,1287.0
2025-02-08,SC,SC,1241.0
2025-02-15,SC,SC,690.0
2025-02-22,SC,SC,479.0
2025-03-01,SC,SC,446.0
2025-03-08,SC,SC,408.0
2025-03-15,SC,SC,269.0
2025-03-22,SC,SC,188.0
2025-03-29,SC,SC,137.0
2025-04-05,SC,SC,80.0
2025-04-12,SC,SC,43.0
2025-04-19,SC,SC,34.0
2025-04-26,SC,SC,33.0
2025-05-03,SC,SC,16.0
2025-05-10,SC,SC,13.0
2025-05-17,SC,SC,15.0
2025-05-24,SC,SC,17.0
2025-05-31,SC,SC,18.0
2025-06-07,SC,SC,9.0
2025-06-14,SC,SC,8.0
2025-06-21,SC,SC,10.0
2025-06-28,SC,SC,16.0
2025-07-05,SC,SC,11.0
2025-07-12,SC,SC,4.0
2025-07-19,SC,SC,3.0
2025-07-26,SC,SC,5.0
2025-08-02,SC,SC,6.0
2025-08-09,SC,SC,5.0
2025-08-16,SC,SC,2.0
2025-08-23,SC,SC,8.0
2025-08-30,SC,SC,11.0
2025-09-06,SC,SC,7.0
2025-09-13,SC,SC,15.0
2025-09-20,SC,SC,5.0
2025-09-27,SC,SC,19.0
2024-10-05,TX,TX,1.0
2024-10-12,TX,TX,79.0
2024-10-19,TX,TX,46.0
2024-10-26,TX,TX,63.0
2024-11-02,TX,TX,103.0
2024-11-09,TX,TX,185.0
2024-11-16,TX,TX,227.0
2024-11-23,TX,TX,276.0
2024-11-30,TX,TX,405.0
2024-12-07,TX,TX,530.0
2024-12-14,TX,TX,705.0
2024-12-21,TX,TX,1181.0
2024-12-28,TX,TX,2086.0
2025-01-04,TX,TX,2527.0
2025-01-11,TX,TX,2054.0
2025-01-18,TX,TX,2445.0
2025-01-25,TX,TX,3319.0
2025-02-01,TX,TX,4729.0
2025-02-08,TX,TX,4261.0
2025-02-15,TX,TX,2511.0
2025-02-22,TX,TX,1774.0
2025-03-01,TX,TX,1553.0
2025-03-08,TX,TX,1209.0
2025-03-15,TX,TX,909.0
2025-03-22,TX,TX,611.0
2025-03-29,TX,TX,539.0
2025-04-05,TX,TX,371.0
2025-04-12,TX,TX,284.0
2025-04-19,TX,TX,271.0
2025-04-26,TX,TX,230.0
2025-05-03,TX,TX,193.0
2025-05-10,TX,TX,176.0
2025-05-17,TX,TX,203.0
2025-05-24,TX,TX,143.0
2025-05-31,TX,TX,165.0
2025-06-07,TX,TX,147.0
2025-06-14,TX,TX,135.0
2025-06-21,TX,TX,121.0
2025-06-28,TX,TX,105.0
2025-07-05,TX,TX,80.0
2025-07-12,TX,TX,89.0
2025-07-19,TX,TX,82.0
2025-07-26,TX,TX,90.0
2025-08-02,TX,TX,85.0
2025-08-09,TX,TX,80.0
2025-08-16,TX,TX,91.0
2025-08-23,TX,TX,92.0
2025-08-30,TX,TX,105.0
2025-09-06,TX,TX,124.0
2025-09-13,TX,TX,117.0
2025-09-20,TX,TX,106.0
2025-09-27,TX,TX,134.0
2020-10-24,VI,VI,0.0
2020-10-31,VI,VI,0.0
2020-11-07,VI,VI,0.0
2020-11-14,VI,VI,6.0
2020-11-21,VI,VI,1.0
2020-11-28,VI,VI,0.0
2020-12-05,VI,VI,0.0
2020-12-12,VI,VI,0.0
2020-12-19,VI,VI,0.0
2020-12-26,VI,VI,0.0
2021-01-02,VI,VI,2.0
2021-01-09,VI,VI,2.0
2021-01-16,VI,VI,0.0
2021-01-23,VI,VI,0.0
2021-01-30,VI,VI,0.0
2021-02-06,VI,VI,0.0
2021-02-13,VI,VI,0.0
2021-02-20,VI,VI,0.0
2021-02-27,VI,VI,0.0
2021-03-06,VI,VI,0.0
2021-03-13,VI,VI,0.0
2021-03-20,VI,VI,0.0
2021-03-27,VI,VI,0.0
2021-04-03,VI,VI,0.0
2021-04-10,VI,VI,0.0
2021-04-17,VI,VI,0.0
2021-04-24,VI,VI,0.0
2021-05-01,VI,VI,0.0
2021-05-08,VI,VI,0.0
2021-05-15,VI,VI,0.0
2021-05-22,VI,VI,0.0
2021-05-29,VI,VI,0.0
2021-06-05,VI,VI,0.0
2021-06-12,VI,VI,0.0
2021-06-19,VI,VI,0.0
2021-06-26,VI,VI,0.0
2021-07-03,VI,VI,0.0
2021-07-10,VI,VI,0.0
2021-07-17,VI,VI,0.0
2021-07-24,VI,VI,0.0
2021-07-31,VI,VI,0.0
2021-08-07,VI,VI,0.0
2021-08-14,VI,VI,0.0
2021-08-21,VI,VI,0.0
2021-08-28,VI,VI,0.0
2021-09-04,VI,VI,0.0
2021-09-11,VI,VI,0.0
2021-09-18,VI,VI,0.0
2021-09-25,VI,VI,0.0
2021-10-02,VI,VI,0.0
2023-10-07,VI,VI,0.0
2023-10-14,VI,VI,0.0
2023-10-21,VI,VI,0.0
2023-10-28,VI,VI,0.0
2023-11-04,VI,VI,0.0
2023-11-11,VI,VI,0.0
2023-11-18,VI,VI,0.0
2023-11-25,VI,VI,0.0
2023-12-02,VI,VI,0.0
2023-12-09,VI,VI,0.0
2023-12-16,VI,VI,0.0
2023-12-23,VI,VI,0.0
2023-12-30,VI,VI,0.0
2024-01-06,VI,VI,0.0
2024-01-13,VI,VI,0.0
2024-01-20,VI,VI,0.0
2024-01-27,VI,VI,0.0
2024-02-03,VI,VI,0.0
2024-02-10,VI,VI,0.0
2024-02-17,VI,VI,0.0
2024-02-24,VI,VI,0.0
2024-03-02,VI,VI,0.0
2024-03-09,VI,VI,0.0
2024-03-16,VI,VI,0.0
2024-03-23,VI,VI,0.0
2024-03-30,VI,VI,0.0
2024-04-06,VI,VI,0.0
2024-04-13,VI,VI,0.0
2024-04-20,VI,VI,0.0
2024-04-27,VI,VI,0.0
2024-05-04,VI,VI,0.0
2024-05-11,VI,VI,0.0
2024-05-18,VI,VI,0.0
2024-05-25,VI,VI,0.0
2024-06-01,VI,VI,0.0
2024-06-08,VI,VI,0.0
2020-08-08,WA,WA,0.0
2020-08-15,WA,WA,0.0
2020-08-22,WA,WA,0.0
2020-08-29,WA,WA,0.0
2020-09-05,WA,WA,0.0
2020-10-24,WV,WV,0.0
2020-10-31,WV,WV,1.0
2020-11-07,WV,WV,2.0
2020-11-14,WV,WV,1.0
2020-11-21,WV,WV,7.0
2020-11-28,WV,WV,4.0
2020-12-05,WV,WV,9.0
2020-12-12,WV,WV,2.0
2020-12-19,WV,WV,5.0
2020-12-26,WV,WV,5.0
2021-01-02,WV,WV,4.0
2021-01-09,WV,WV,6.0
2021-01-16,WV,WV,0.0
2021-01-23,WV,WV,0.0
2021-01-30,WV,WV,0.0
2021-02-06,WV,WV,0.0
2021-02-13,WV,WV,0.0
2021-02-20,WV,WV,0.0
2021-02-27,WV,WV,0.0
2021-03-06,WV,WV,0.0
2021-03-13,WV,WV,1.0
2021-03-20,WV,WV,0.0
2021-03-27,WV,WV,0.0
2021-04-03,WV,WV,0.0
2021-04-10,WV,WV,0.0
2021-04-17,WV,WV,0.0
2021-04-24,WV,WV,1.0
2021-05-01,WV,WV,0.0
2021-05-08,WV,WV,1.0
2021-05-15,WV,WV,2.0
2021-05-22,WV,WV,1.0
2021-05-29,WV,WV,0.0
2021-06-05,WV,WV,0.0
2021-06-12,WV,WV,0.0
2021-06-19,WV,WV,0.0
2021-06-26,WV,WV,0.0
2021-07-03,WV,WV,0.0
2021-07-10,WV,WV,0.0
2021-07-17,WV,WV,1.0
2021-07-24,WV,WV,0.0
2021-07-31,WV,WV,0.0
2021-08-07,WV,WV,0.0
2021-08-14,WV,WV,0.0
2021-08-21,WV,WV,0.0
2021-08-28,WV,WV,0.0
2021-09-04,WV,WV,0.0
2021-09-11,WV,WV,0.0
2021-09-18,WV,WV,0.0
2021-09-25,WV,WV,2.0
2021-10-02,WV,WV,2.0
2023-10-07,AS,AS,0.0
2023-10-14,AS,AS,0.0
2023-10-21,AS,AS,0.0
2023-10-28,AS,AS,0.0
2023-11-04,AS,AS,0.0
2023-11-11,AS,AS,0.0
2023-11-18,AS,AS,0.0
2023-11-25,AS,AS,0.0
2023-12-02,AS,AS,0.0
2023-12-09,AS,AS,0.0
2023-12-16,AS,AS,0.0
2023-12-23,AS,AS,0.0
2023-12-30,AS,AS,0.0
2024-01-06,AS,AS,0.0
2024-01-13,AS,AS,0.0
2024-01-20,AS,AS,0.0
2024-01-27,AS,AS,0.0
2024-02-03,AS,AS,0.0
2024-02-10,AS,AS,0.0
2024-02-17,AS,AS,0.0
2024-02-24,AS,AS,0.0
2024-03-02,AS,AS,0.0
2024-03-09,AS,AS,0.0
2024-03-16,AS,AS,0.0
2024-03-23,AS,AS,0.0
2024-03-30,AS,AS,0.0
2024-04-06,AS,AS,0.0
2024-04-13,AS,AS,0.0
2024-04-20,AS,AS,0.0
2024-04-27,AS,AS,0.0
2024-05-04,AS,AS,0.0
2024-05-11,AS,AS,0.0
2024-05-18,AS,AS,0.0
2024-05-25,AS,AS,0.0
2024-06-01,AS,AS,0.0
2020-10-17,CO,CO,0.0
2020-10-24,CO,CO,0.0
2020-10-31,CO,CO,0.0
2020-11-07,CO,CO,3.0
2020-11-14,CO,CO,5.0
2020-11-21,CO,CO,5.0
2020-11-28,CO,CO,3.0
2020-12-05,CO,CO,2.0
2020-12-12,CO,CO,5.0
2020-12-19,CO,CO,5.0
2020-12-26,CO,CO,5.0
2021-01-02,CO,CO,0.0
2021-01-09,CO,CO,0.0
2021-01-16,CO,CO,4.0
2021-01-23,CO,CO,5.0
2021-01-30,CO,CO,5.0
2021-02-06,CO,CO,2.0
2021-02-13,CO,CO,1.0
2021-02-20,CO,CO,1.0
2021-02-27,CO,CO,0.0
2021-03-06,CO,CO,8.0
2021-03-13,CO,CO,2.0
2021-03-20,CO,CO,0.0
2021-03-27,CO,CO,1.0
2021-04-03,CO,CO,0.0
2021-04-10,CO,CO,1.0
2021-04-17,CO,CO,0.0
2021-04-24,CO,CO,1.0
2021-05-01,CO,CO,0.0
2021-05-08,CO,CO,0.0
2021-05-15,CO,CO,0.0
2021-05-22,CO,CO,1.0
2021-05-29,CO,CO,1.0
2021-06-05,CO,CO,0.0
2021-06-12,CO,CO,0.0
2021-06-19,CO,CO,0.0
2021-06-26,CO,CO,0.0
2021-07-03,CO,CO,1.0
2021-07-10,CO,CO,0.0
2021-07-17,CO,CO,0.0
2021-07-24,CO,CO,0.0
2021-07-31,CO,CO,0.0
2021-08-07,CO,CO,1.0
2021-08-14,CO,CO,0.0
2021-08-21,CO,CO,0.0
2021-08-28,CO,CO,1.0
2021-09-04,CO,CO,3.0
2021-09-11,CO,CO,2.0
2021-09-18,CO,CO,0.0
2021-09-25,CO,CO,0.0
2021-10-02,CO,CO,0.0
2020-10-24,DE,DE,0.0
2020-10-31,DE,DE,0.0
2020-11-07,DE,DE,0.0
2020-11-14,DE,DE,0.0
2020-11-21,DE,DE,0.0
2020-11-28,DE,DE,0.0
2020-12-05,DE,DE,0.0
2020-12-12,DE,DE,0.0
2020-12-19,DE,DE,0.0
2020-12-26,DE,DE,0.0
2021-01-02,DE,DE,0.0
2021-01-09,DE,DE,0.0
2021-01-16,DE,DE,3.0
2021-01-23,DE,DE,0.0
2021-01-30,DE,DE,0.0
2021-02-06,DE,DE,0.0
2021-02-13,DE,DE,0.0
2021-02-20,DE,DE,0.0
2021-02-27,DE,DE,0.0
2021-03-06,DE,DE,0.0
2021-03-13,DE,DE,0.0
2021-03-20,DE,DE,0.0
2021-03-27,DE,DE,0.0
2021-04-03,DE,DE,0.0
2021-04-10,DE,DE,0.0
2021-04-17,DE,DE,0.0
2021-04-24,DE,DE,2.0
2021-05-01,DE,DE,0.0
2021-05-08,DE,DE,0.0
2021-05-15,DE,DE,0.0
2021-05-22,DE,DE,0.0
2021-05-29,DE,DE,0.0
2021-06-05,DE,DE,0.0
2021-06-12,DE,DE,0.0
2021-06-19,DE,DE,0.0
2021-06-26,DE,DE,0.0
2021-07-03,DE,DE,0.0
2021-07-10,DE,DE,0.0
2021-07-17,DE,DE,0.0
2021-07-24,DE,DE,0.0
2021-07-31,DE,DE,0.0
2021-08-07,DE,DE,0.0
2021-08-14,DE,DE,0.0
2021-08-21,DE,DE,0.0
2021-08-28,DE,DE,0.0
2021-09-04,DE,DE,0.0
2021-09-11,DE,DE,0.0
2021-09-18,DE,DE,0.0
2021-09-25,DE,DE,0.0
2021-10-02,DE,DE,0.0
2021-10-09,DE,DE,0.0
2021-10-16,DE,DE,0.0
2021-10-23,DE,DE,0.0
2021-10-30,DE,DE,0.0
2021-11-06,DE,DE,0.0
2021-11-13,DE,DE,0.0
2021-11-20,DE,DE,0.0
2021-11-27,DE,DE,0.0
2021-12-04,DE,DE,0.0
2021-12-11,DE,DE,1.0
2021-12-18,DE,DE,6.0
2021-12-25,DE,DE,3.0
2022-01-01,DE,DE,10.0
2022-01-08,DE,DE,6.0
2022-01-15,DE,DE,0.0
2022-01-22,DE,DE,0.0
2022-01-29,DE,DE,0.0
2022-02-05,DE,DE,0.0
2022-02-12,DE,DE,0.0
2022-02-19,DE,DE,0.0
2022-02-26,DE,DE,0.0
2022-03-05,DE,DE,1.0
2022-03-12,DE,DE,7.0
2022-03-19,DE,DE,4.0
2022-03-26,DE,DE,4.0
2022-04-02,DE,DE,3.0
2022-04-09,DE,DE,7.0
2022-04-16,DE,DE,38.0
2022-04-23,DE,DE,17.0
2022-04-30,DE,DE,7.0
2022-05-07,DE,DE,4.0
2022-05-14,DE,DE,3.0
2022-05-21,DE,DE,4.0
2022-05-28,DE,DE,3.0
2022-06-04,DE,DE,9.0
2022-06-11,DE,DE,6.0
2022-06-18,DE,DE,1.0
2022-06-25,DE,DE,2.0
2022-07-02,DE,DE,0.0
2022-07-09,DE,DE,0.0
2022-07-16,DE,DE,1.0
2022-07-23,DE,DE,0.0
2022-07-30,DE,DE,0.0
2022-08-06,DE,DE,0.0
2022-08-13,DE,DE,0.0
2022-08-20,DE,DE,0.0
2022-08-27,DE,DE,0.0
2022-09-03,DE,DE,1.0
2022-09-10,DE,DE,0.0
2022-09-17,DE,DE,2.0
2022-09-24,DE,DE,0.0
2022-10-01,DE,DE,0.0
2024-10-05,DE,DE,0.0
2024-10-12,DE,DE,0.0
2024-10-19,DE,DE,0.0
2024-10-26,DE,DE,0.0
2024-11-02,DE,DE,0.0
2024-11-09,DE,DE,1.0
2024-11-16,DE,DE,4.0
2024-11-23,DE,DE,7.0
2024-11-30,DE,DE,5.0
2024-12-07,DE,DE,15.0
2024-12-14,DE,DE,15.0
2024-12-21,DE,DE,43.0
2024-12-28,DE,DE,96.0
2025-01-04,DE,DE,185.0
2025-01-11,DE,DE,108.0
2025-01-18,DE,DE,94.0
2025-01-25,DE,DE,117.0
2025-02-01,DE,DE,198.0
2025-02-08,DE,DE,231.0
2025-02-15,DE,DE,230.0
2025-02-22,DE,DE,164.0
2025-03-01,DE,DE,125.0
2025-03-08,DE,DE,81.0
2025-03-15,DE,DE,64.0
2025-03-22,DE,DE,48.0
2025-03-29,DE,DE,34.0
2025-04-05,DE,DE,24.0
2025-04-12,DE,DE,14.0
2025-04-19,DE,DE,10.0
2025-04-26,DE,DE,4.0
2025-05-03,DE,DE,10.0
2025-05-10,DE,DE,5.0
2025-05-17,DE,DE,0.0
2025-05-24,DE,DE,1.0
2025-05-31,DE,DE,0.0
2025-06-07,DE,DE,0.0
2025-06-14,DE,DE,5.0
2025-06-21,DE,DE,3.0
2025-06-28,DE,DE,1.0
2025-07-05,DE,DE,3.0
2025-07-12,DE,DE,2.0
2025-07-19,DE,DE,1.0
2025-07-26,DE,DE,0.0
2025-08-02,DE,DE,0.0
2025-08-09,DE,DE,0.0
2025-08-16,DE,DE,0.0
2025-08-23,DE,DE,0.0
2025-08-30,DE,DE,2.0
2025-09-06,DE,DE,0.0
2025-09-13,DE,DE,0.0
2025-09-20,DE,DE,2.0
2025-09-27,DE,DE,0.0
2020-10-10,ID,ID,0.0
2020-10-17,ID,ID,0.0
2020-10-24,ID,ID,1.0
2020-10-31,ID,ID,0.0
2020-11-07,ID,ID,0.0
2020-11-14,ID,ID,1.0
2020-11-21,ID,ID,0.0
2020-11-28,ID,ID,0.0
2020-12-05,ID,ID,1.0
2020-12-12,ID,ID,1.0
2020-12-19,ID,ID,2.0
2020-12-26,ID,ID,2.0
2021-01-02,ID,ID,0.0
2021-01-09,ID,ID,2.0
2021-01-16,ID,ID,2.0
2021-01-23,ID,ID,0.0
2021-01-30,ID,ID,0.0
2021-02-06,ID,ID,0.0
2021-02-13,ID,ID,0.0
2021-02-20,ID,ID,0.0
2021-02-27,ID,ID,0.0
2021-03-06,ID,ID,0.0
2021-03-13,ID,ID,1.0
2021-03-20,ID,ID,2.0
2021-03-27,ID,ID,1.0
2021-04-03,ID,ID,0.0
2021-04-10,ID,ID,1.0
2021-04-17,ID,ID,0.0
2021-04-24,ID,ID,0.0
2021-05-01,ID,ID,0.0
2021-05-08,ID,ID,0.0
2021-05-15,ID,ID,0.0
2021-05-22,ID,ID,0.0
2021-05-29,ID,ID,0.0
2021-06-05,ID,ID,0.0
2021-06-12,ID,ID,1.0
2021-06-19,ID,ID,0.0
2021-06-26,ID,ID,1.0
2021-07-03,ID,ID,0.0
2021-07-10,ID,ID,0.0
2021-07-17,ID,ID,0.0
2021-07-24,ID,ID,0.0
2021-07-31,ID,ID,0.0
2021-08-07,ID,ID,0.0
2021-08-14,ID,ID,0.0
2021-08-21,ID,ID,0.0
2021-08-28,ID,ID,0.0
2021-09-04,ID,ID,0.0
2021-09-11,ID,ID,0.0
2021-09-18,ID,ID,0.0
2021-09-25,ID,ID,0.0
2021-10-02,ID,ID,0.0
2021-10-09,KS,KS,4.0
2021-10-16,KS,KS,7.0
2021-10-23,KS,KS,7.0
2021-10-30,KS,KS,2.0
2021-11-06,KS,KS,0.0
2021-11-13,KS,KS,6.0
2021-11-20,KS,KS,2.0
2021-11-27,KS,KS,0.0
2021-12-04,KS,KS,2.0
2021-12-11,KS,KS,6.0
2021-12-18,KS,KS,10.0
2021-12-25,KS,KS,14.0
2022-01-01,KS,KS,31.0
2022-01-08,KS,KS,54.0
2022-01-15,KS,KS,32.0
2022-01-22,KS,KS,18.0
2022-01-29,KS,KS,6.0
2022-02-05,KS,KS,9.0
2022-02-12,KS,KS,22.0
2022-02-19,KS,KS,25.0
2022-02-26,KS,KS,34.0
2022-03-05,KS,KS,28.0
2022-03-12,KS,KS,40.0
2022-03-19,KS,KS,31.0
2022-03-26,KS,KS,49.0
2022-04-02,KS,KS,28.0
2022-04-09,KS,KS,32.0
2022-04-16,KS,KS,19.0
2022-04-23,KS,KS,26.0
2022-04-30,KS,KS,19.0
2022-05-07,KS,KS,8.0
2022-05-14,KS,KS,7.0
2022-05-21,KS,KS,7.0
2022-05-28,KS,KS,2.0
2022-06-04,KS,KS,2.0
2022-06-11,KS,KS,2.0
2022-06-18,KS,KS,0.0
2022-06-25,KS,KS,3.0
2022-07-02,KS,KS,4.0
2022-07-09,KS,KS,3.0
2022-07-16,KS,KS,0.0
2022-07-23,KS,KS,2.0
2022-07-30,KS,KS,3.0
2022-08-06,KS,KS,2.0
2022-08-13,KS,KS,1.0
2022-08-20,KS,KS,2.0
2022-08-27,KS,KS,1.0
2022-09-03,KS,KS,0.0
2022-09-10,KS,KS,1.0
2022-09-17,KS,KS,0.0
2022-09-24,KS,KS,1.0
2022-10-01,KS,KS,1.0
2022-10-08,LA,LA,67.0
2022-10-15,LA,LA,98.0
2022-10-22,LA,LA,129.0
2022-10-29,LA,LA,235.0
2022-11-05,LA,LA,221.0
2022-11-12,LA,LA,227.0
2022-11-19,LA,LA,237.0
2022-11-26,LA,LA,330.0
2022-12-03,LA,LA,452.0
2022-12-10,LA,LA,382.0
2022-12-17,LA,LA,180.0
2022-12-24,LA,LA,155.0
2022-12-31,LA,LA,166.0
2023-01-07,LA,LA,171.0
2023-01-14,LA,LA,85.0
2023-01-21,LA,LA,83.0
2023-01-28,LA,LA,42.0
2023-02-04,LA,LA,94.0
2023-02-11,LA,LA,50.0
2023-02-18,LA,LA,33.0
2023-02-25,LA,LA,22.0
2023-03-04,LA,LA,25.0
2023-03-11,LA,LA,22.0
2023-03-18,LA,LA,17.0
2023-03-25,LA,LA,23.0
2023-04-01,LA,LA,27.0
2023-04-08,LA,LA,18.0
2023-04-15,LA,LA,14.0
2023-04-22,LA,LA,21.0
2023-04-29,LA,LA,20.0
2023-05-06,LA,LA,10.0
2023-05-13,LA,LA,18.0
2023-05-20,LA,LA,17.0
2023-05-27,LA,LA,11.0
2023-06-03,LA,LA,14.0
2023-06-10,LA,LA,14.0
2023-06-17,LA,LA,10.0
2023-06-24,LA,LA,8.0
2023-07-01,LA,LA,16.0
2023-07-08,LA,LA,13.0
2023-07-15,LA,LA,6.0
2023-07-22,LA,LA,7.0
2023-07-29,LA,LA,12.0
2023-08-05,LA,LA,11.0
2023-08-12,LA,LA,7.0
2023-08-19,LA,LA,11.0
2023-08-26,LA,LA,11.0
2023-09-02,LA,LA,14.0
2023-09-09,LA,LA,11.0
2023-09-16,LA,LA,13.0
2023-09-23,LA,LA,18.0
2023-09-30,LA,LA,16.0
2022-10-08,NJ,NJ,24.0
2022-10-15,NJ,NJ,32.0
2022-10-22,NJ,NJ,35.0
2022-10-29,NJ,NJ,67.0
2022-11-05,NJ,NJ,166.0
2022-11-12,NJ,NJ,295.0
2022-11-19,NJ,NJ,320.0
2022-11-26,NJ,NJ,513.0
2022-12-03,NJ,NJ,995.0
2022-12-10,NJ,NJ,756.0
2022-12-17,NJ,NJ,606.0
2022-12-24,NJ,NJ,522.0
2022-12-31,NJ,NJ,476.0
2023-01-07,NJ,NJ,343.0
2023-01-14,NJ,NJ,166.0
2023-01-21,NJ,NJ,102.0
2023-01-28,NJ,NJ,79.0
2023-02-04,NJ,NJ,38.0
2023-02-11,NJ,NJ,26.0
2023-02-18,NJ,NJ,53.0
2023-02-25,NJ,NJ,41.0
2023-03-04,NJ,NJ,31.0
2023-03-11,NJ,NJ,22.0
2023-03-18,NJ,NJ,22.0
2023-03-25,NJ,NJ,44.0
2023-04-01,NJ,NJ,39.0
2023-04-08,NJ,NJ,39.0
2023-04-15,NJ,NJ,45.0
2023-04-22,NJ,NJ,35.0
2023-04-29,NJ,NJ,13.0
2023-05-06,NJ,NJ,21.0
2023-05-13,NJ,NJ,21.0
2023-05-20,NJ,NJ,15.0
2023-05-27,NJ,NJ,20.0
2023-06-03,NJ,NJ,25.0
2023-06-10,NJ,NJ,13.0
2023-06-17,NJ,NJ,9.0
2023-06-24,NJ,NJ,12.0
2023-07-01,NJ,NJ,6.0
2023-07-08,NJ,NJ,16.0
2023-07-15,NJ,NJ,7.0
2023-07-22,NJ,NJ,16.0
2023-07-29,NJ,NJ,8.0
2023-08-05,NJ,NJ,15.0
2023-08-12,NJ,NJ,6.0
2023-08-19,NJ,NJ,12.0
2023-08-26,NJ,NJ,16.0
2023-09-02,NJ,NJ,10.0
2023-09-09,NJ,NJ,13.0
2023-09-16,NJ,NJ,10.0
2023-09-23,NJ,NJ,19.0
2023-09-30,NJ,NJ,9.0
2024-10-05,NM,NM,1.0
2024-10-12,NM,NM,2.0
2024-10-19,NM,NM,2.0
2024-10-26,NM,NM,15.0
2024-11-02,NM,NM,2.0
2024-11-09,NM,NM,16.0
2024-11-16,NM,NM,21.0
2024-11-23,NM,NM,29.0
2024-11-30,NM,NM,55.0
2024-12-07,NM,NM,103.0
2024-12-14,NM,NM,108.0
2024-12-21,NM,NM,207.0
2024-12-28,NM,NM,234.0
2025-01-04,NM,NM,320.0
2025-01-11,NM,NM,252.0
2025-01-18,NM,NM,251.0
2025-01-25,NM,NM,196.0
2025-02-01,NM,NM,214.0
2025-02-08,NM,NM,215.0
2025-02-15,NM,NM,248.0
2025-02-22,NM,NM,248.0
2025-03-01,NM,NM,184.0
2025-03-08,NM,NM,178.0
2025-03-15,NM,NM,146.0
2025-03-22,NM,NM,110.0
2025-03-29,NM,NM,90.0
2025-04-05,NM,NM,58.0
2025-04-12,NM,NM,37.0
2025-04-19,NM,NM,31.0
2025-04-26,NM,NM,42.0
2025-05-03,NM,NM,32.0
2025-05-10,NM,NM,25.0
2025-05-17,NM,NM,11.0
2025-05-24,NM,NM,14.0
2025-05-31,NM,NM,7.0
2025-06-07,NM,NM,10.0
2025-06-14,NM,NM,6.0
2025-06-21,NM,NM,8.0
2025-06-28,NM,NM,3.0
2025-07-05,NM,NM,4.0
2025-07-12,NM,NM,3.0
2025-07-19,NM,NM,3.0
2025-07-26,NM,NM,3.0
2025-08-02,NM,NM,1.0
2025-08-09,NM,NM,1.0
2025-08-16,NM,NM,1.0
2025-08-23,NM,NM,2.0
2025-08-30,NM,NM,1.0
2025-09-06,NM,NM,4.0
2025-09-13,NM,NM,1.0
2025-09-20,NM,NM,1.0
2025-09-27,NM,NM,3.0
2022-10-08,OK,OK,6.0
2022-10-15,OK,OK,14.0
2022-10-22,OK,OK,30.0
2022-10-29,OK,OK,57.0
2022-11-05,OK,OK,47.0
2022-11-12,OK,OK,74.0
2022-11-19,OK,OK,149.0
2022-11-26,OK,OK,341.0
2022-12-03,OK,OK,771.0
2022-12-10,OK,OK,807.0
2022-12-17,OK,OK,764.0
2022-12-24,OK,OK,679.0
2022-12-31,OK,OK,708.0
2023-01-07,OK,OK,502.0
2023-01-14,OK,OK,273.0
2023-01-21,OK,OK,168.0
2023-01-28,OK,OK,94.0
2023-02-04,OK,OK,86.0
2023-02-11,OK,OK,54.0
2023-02-18,OK,OK,45.0
2023-02-25,OK,OK,33.0
2023-03-04,OK,OK,32.0
2023-03-11,OK,OK,19.0
2023-03-18,OK,OK,29.0
2023-03-25,OK,OK,23.0
2023-04-01,OK,OK,20.0
2023-04-08,OK,OK,23.0
2023-04-15,OK,OK,19.0
2023-04-22,OK,OK,15.0
2023-04-29,OK,OK,21.0
2023-05-06,OK,OK,10.0
2023-05-13,OK,OK,15.0
2023-05-20,OK,OK,23.0
2023-05-27,OK,OK,20.0
2023-06-03,OK,OK,12.0
2023-06-10,OK,OK,10.0
2023-06-17,OK,OK,15.0
2023-06-24,OK,OK,9.0
2023-07-01,OK,OK,13.0
2023-07-08,OK,OK,12.0
2023-07-15,OK,OK,8.0
2023-07-22,OK,OK,13.0
2023-07-29,OK,OK,14.0
2023-08-05,OK,OK,6.0
2023-08-12,OK,OK,11.0
2023-08-19,OK,OK,21.0
2023-08-26,OK,OK,13.0
2023-09-02,OK,OK,16.0
2023-09-09,OK,OK,16.0
2023-09-16,OK,OK,16.0
2023-09-23,OK,OK,17.0
2023-09-30,OK,OK,26.0
2023-10-07,Region 10,Region 10,24.0
2023-10-14,Region 10,Region 10,35.0
2023-10-21,Region 10,Region 10,42.0
2023-10-28,Region 10,Region 10,56.0
2023-11-04,Region 10,Region 10,61.0
2023-11-11,Region 10,Region 10,71.0
2023-11-18,Region 10,Region 10,78.0
2023-11-25,Region 10,Region 10,69.0
2023-12-02,Region 10,Region 10,125.0
2023-12-09,Region 10,Region 10,186.0
2023-12-16,Region 10,Region 10,225.0
2023-12-23,Region 10,Region 10,378.0
2023-12-30,Region 10,Region 10,525.0
2024-01-06,Region 10,Region 10,513.0
2024-01-13,Region 10,Region 10,384.0
2024-01-20,Region 10,Region 10,327.0
2024-01-27,Region 10,Region 10,294.0
2024-02-03,Region 10,Region 10,268.0
2024-02-10,Region 10,Region 10,239.0
2024-02-17,Region 10,Region 10,199.0
2024-02-24,Region 10,Region 10,280.0
2024-03-02,Region 10,Region 10,223.0
2024-03-09,Region 10,Region 10,210.0
2024-03-16,Region 10,Region 10,230.0
2024-03-23,Region 10,Region 10,243.0
2024-03-30,Region 10,Region 10,173.0
2024-04-06,Region 10,Region 10,132.0
2024-04-13,Region 10,Region 10,91.0
2024-04-20,Region 10,Region 10,75.0
2024-04-27,Region 10,Region 10,88.0
2024-05-04,Region 10,Region 10,47.0
2024-05-11,Region 10,Region 10,52.0
2024-05-18,Region 10,Region 10,34.0
2024-05-25,Region 10,Region 10,37.0
2024-06-01,Region 10,Region 10,41.0
2024-06-08,Region 10,Region 10,58.0
2024-06-15,Region 10,Region 10,29.0
2024-06-22,Region 10,Region 10,48.0
2024-06-29,Region 10,Region 10,37.0
2024-07-06,Region 10,Region 10,25.0
2024-07-13,Region 10,Region 10,21.0
2024-07-20,Region 10,Region 10,12.0
2024-07-27,Region 10,Region 10,8.0
2024-08-03,Region 10,Region 10,3.0
2024-08-10,Region 10,Region 10,6.0
2024-08-17,Region 10,Region 10,12.0
2024-08-24,Region 10,Region 10,7.0
2024-08-31,Region 10,Region 10,9.0
2024-09-07,Region 10,Region 10,11.0
2024-09-14,Region 10,Region 10,10.0
2024-09-21,Region 10,Region 10,12.0
2024-09-28,Region 10,Region 10,7.0
2020-10-03,Region 4,Region 4,0.0
2020-10-10,Region 4,Region 4,0.0
2020-10-17,Region 4,Region 4,1.0
2020-10-24,Region 4,Region 4,78.0
2020-10-31,Region 4,Region 4,114.0
2020-11-07,Region 4,Region 4,128.0
2020-11-14,Region 4,Region 4,180.0
2020-11-21,Region 4,Region 4,167.0
2020-11-28,Region 4,Region 4,164.0
2020-12-05,Region 4,Region 4,128.0
2020-12-12,Region 4,Region 4,119.0
2020-12-19,Region 4,Region 4,171.0
2020-12-26,Region 4,Region 4,187.0
2021-01-02,Region 4,Region 4,152.0
2021-01-09,Region 4,Region 4,166.0
2021-01-16,Region 4,Region 4,228.0
2021-01-23,Region 4,Region 4,150.0
2021-01-30,Region 4,Region 4,205.0
2021-02-06,Region 4,Region 4,169.0
2021-02-13,Region 4,Region 4,163.0
2021-02-20,Region 4,Region 4,163.0
2021-02-27,Region 4,Region 4,132.0
2021-03-06,Region 4,Region 4,144.0
2021-03-13,Region 4,Region 4,136.0
2021-03-20,Region 4,Region 4,167.0
2021-03-27,Region 4,Region 4,144.0
2021-04-03,Region 4,Region 4,125.0
2021-04-10,Region 4,Region 4,96.0
2021-04-17,Region 4,Region 4,119.0
2021-04-24,Region 4,Region 4,203.0
2021-05-01,Region 4,Region 4,194.0
2021-05-08,Region 4,Region 4,138.0
2021-05-15,Region 4,Region 4,116.0
2021-05-22,Region 4,Region 4,114.0
2021-05-29,Region 4,Region 4,82.0
2021-06-05,Region 4,Region 4,100.0
2021-06-12,Region 4,Region 4,80.0
2021-06-19,Region 4,Region 4,57.0
2021-06-26,Region 4,Region 4,55.0
2021-07-03,Region 4,Region 4,70.0
2021-07-10,Region 4,Region 4,44.0
2021-07-17,Region 4,Region 4,88.0
2021-07-24,Region 4,Region 4,73.0
2021-07-31,Region 4,Region 4,104.0
2021-08-07,Region 4,Region 4,99.0
2021-08-14,Region 4,Region 4,105.0
2021-08-21,Region 4,Region 4,100.0
2021-08-28,Region 4,Region 4,105.0
2021-09-04,Region 4,Region 4,131.0
2021-09-11,Region 4,Region 4,110.0
2021-09-18,Region 4,Region 4,109.0
2021-09-25,Region 4,Region 4,76.0
2021-10-02,Region 4,Region 4,76.0
2025-10-04,Region 6,Region 6,156.0
2025-10-11,Region 6,Region 6,186.0
2025-10-18,Region 6,Region 6,190.0
2025-10-25,Region 6,Region 6,218.0
2025-11-01,Region 6,Region 6,241.0
2025-11-08,Region 6,Region 6,349.0
2025-11-15,Region 6,Region 6,453.0
2025-11-22,Region 6,Region 6,609.0
2025-11-29,Region 6,Region 6,845.0
2025-12-06,Region 6,Region 6,990.0
2025-12-13,Region 6,Region 6,1416.0
2025-12-20,Region 6,Region 6,2510.0
2025-12-27,Region 6,Region 6,4433.0
2026-01-03,Region 6,Region 6,3977.0
2026-01-10,Region 6,Region 6,2847.0
2026-01-17,Region 6,Region 6,1961.0
2026-01-24,Region 6,Region 6,2181.0
2026-01-31,Region 6,Region 6,2194.0
2026-02-07,Region 6,Region 6,2295.0
2026-02-14,Region 6,Region 6,2393.0
2026-02-21,Region 6,Region 6,1900.0
2026-02-28,Region 6,Region 6,1396.0
2026-03-07,Region 6,Region 6,1239.0
2026-03-14,Region 6,Region 6,830.0
2026-03-21,Region 6,Region 6,671.0
2026-03-28,Region 6,Region 6,356.0
2026-04-04,Region 6,Region 6,282.0
2026-04-11,Region 6,Region 6,177.0
2026-04-18,Region 6,Region 6,160.0
2026-04-25,Region 6,Region 6,182.0
2026-05-02,Region 6,Region 6,177.0
2026-05-09,Region 6,Region 6,179.0
2026-05-16,Region 6,Region 6,157.0
2026-05-23,Region 6,Region 6,138.0
2024-10-05,TN,TN,4.0
2024-10-12,TN,TN,2.0
2024-10-19,TN,TN,8.0
2024-10-26,TN,TN,31.0
2024-11-02,TN,TN,45.0
2024-11-09,TN,TN,96.0
2024-11-16,TN,TN,94.0
2024-11-23,TN,TN,59.0
2024-11-30,TN,TN,60.0
2024-12-07,TN,TN,115.0
2024-12-14,TN,TN,217.0
2024-12-21,TN,TN,372.0
2024-12-28,TN,TN,747.0
2025-01-04,TN,TN,1063.0
2025-01-11,TN,TN,684.0
2025-01-18,TN,TN,570.0
2025-01-25,TN,TN,646.0
2025-02-01,TN,TN,944.0
2025-02-08,TN,TN,1067.0
2025-02-15,TN,TN,699.0
2025-02-22,TN,TN,546.0
2025-03-01,TN,TN,526.0
2025-03-08,TN,TN,479.0
2025-03-15,TN,TN,461.0
2025-03-22,TN,TN,308.0
2025-03-29,TN,TN,219.0
2025-04-05,TN,TN,150.0
2025-04-12,TN,TN,100.0
2025-04-19,TN,TN,59.0
2025-04-26,TN,TN,65.0
2025-05-03,TN,TN,46.0
2025-05-10,TN,TN,32.0
2025-05-17,TN,TN,50.0
2025-05-24,TN,TN,36.0
2025-05-31,TN,TN,35.0
2025-06-07,TN,TN,35.0
2025-06-14,TN,TN,45.0
2025-06-21,TN,TN,33.0
2025-06-28,TN,TN,19.0
2025-07-05,TN,TN,13.0
2025-07-12,TN,TN,33.0
2025-07-19,TN,TN,34.0
2025-07-26,TN,TN,23.0
2025-08-02,TN,TN,17.0
2025-08-09,TN,TN,32.0
2025-08-16,TN,TN,23.0
2025-08-23,TN,TN,25.0
2025-08-30,TN,TN,25.0
2025-09-06,TN,TN,28.0
2025-09-13,TN,TN,36.0
2025-09-20,TN,TN,40.0
2025-09-27,TN,TN,41.0
2020-10-24,VT,VT,0.0
2020-10-31,VT,VT,0.0
2020-11-07,VT,VT,0.0
2020-11-14,VT,VT,1.0
2020-11-21,VT,VT,1.0
2020-11-28,VT,VT,0.0
2020-12-05,VT,VT,0.0
2020-12-12,VT,VT,0.0
2020-12-19,VT,VT,0.0
2020-12-26,VT,VT,0.0
2021-01-02,VT,VT,0.0
2021-01-09,VT,VT,0.0
2021-01-16,VT,VT,0.0
2021-01-23,VT,VT,0.0
2021-01-30,VT,VT,0.0
2021-02-06,VT,VT,1.0
2021-02-13,VT,VT,0.0
2021-02-20,VT,VT,0.0
2021-02-27,VT,VT,0.0
2021-03-06,VT,VT,0.0
2021-03-13,VT,VT,0.0
2021-03-20,VT,VT,0.0
2021-03-27,VT,VT,0.0
2021-04-03,VT,VT,1.0
2021-04-10,VT,VT,0.0
2021-04-17,VT,VT,2.0
2021-04-24,VT,VT,0.0
2021-05-01,VT,VT,0.0
2021-05-08,VT,VT,3.0
2021-05-15,VT,VT,0.0
2021-05-22,VT,VT,0.0
2021-05-29,VT,VT,0.0
2021-06-05,VT,VT,0.0
2021-06-12,VT,VT,0.0
2021-06-19,VT,VT,0.0
2021-06-26,VT,VT,0.0
2021-07-03,VT,VT,0.0
2021-07-10,VT,VT,0.0
2021-07-17,VT,VT,0.0
2021-07-24,VT,VT,0.0
2021-07-31,VT,VT,0.0
2021-08-07,VT,VT,0.0
2021-08-14,VT,VT,0.0
2021-08-21,VT,VT,0.0
2021-08-28,VT,VT,2.0
2021-09-04,VT,VT,0.0
2021-09-11,VT,VT,0.0
2021-09-18,VT,VT,0.0
2021-09-25,VT,VT,0.0
2021-10-02,VT,VT,0.0
2025-10-04,VT,VT,0.0
2025-10-11,VT,VT,0.0
2025-10-18,VT,VT,0.0
2025-10-25,VT,VT,1.0
2025-11-01,VT,VT,0.0
2025-11-08,VT,VT,4.0
2025-11-15,VT,VT,3.0
2025-11-22,VT,VT,0.0
2025-11-29,VT,VT,0.0
2025-12-06,VT,VT,5.0
2025-12-13,VT,VT,9.0
2025-12-20,VT,VT,13.0
2025-12-27,VT,VT,43.0
2026-01-03,VT,VT,58.0
2026-01-10,VT,VT,48.0
2026-01-17,VT,VT,34.0
2026-01-24,VT,VT,28.0
2026-01-31,VT,VT,27.0
2026-02-07,VT,VT,32.0
2026-02-14,VT,VT,25.0
2026-02-21,VT,VT,22.0
2026-02-28,VT,VT,14.0
2026-03-07,VT,VT,15.0
2026-03-14,VT,VT,12.0
2026-03-21,VT,VT,6.0
2026-03-28,VT,VT,11.0
2026-04-04,VT,VT,7.0
2026-04-11,VT,VT,3.0
2026-04-18,VT,VT,3.0
2026-04-25,VT,VT,2.0
2026-05-02,VT,VT,0.0
2026-05-09,VT,VT,1.0
2026-05-16,VT,VT,0.0
2026-05-23,VT,VT,0.0
2024-10-05,WA,WA,10.0
2024-10-12,WA,WA,7.0
2024-10-19,WA,WA,1.0
2024-10-26,WA,WA,4.0
2024-11-02,WA,WA,2.0
2024-11-09,WA,WA,14.0
2024-11-16,WA,WA,22.0
2024-11-23,WA,WA,29.0
2024-11-30,WA,WA,46.0
2024-12-07,WA,WA,78.0
2024-12-14,WA,WA,188.0
2024-12-21,WA,WA,418.0
2024-12-28,WA,WA,541.0
2025-01-04,WA,WA,531.0
2025-01-11,WA,WA,392.0
2025-01-18,WA,WA,360.0
2025-01-25,WA,WA,417.0
2025-02-01,WA,WA,602.0
2025-02-08,WA,WA,747.0
2025-02-15,WA,WA,659.0
2025-02-22,WA,WA,671.0
2025-03-01,WA,WA,422.0
2025-03-08,WA,WA,253.0
2025-03-15,WA,WA,201.0
2025-03-22,WA,WA,165.0
2025-03-29,WA,WA,113.0
2025-04-05,WA,WA,101.0
2025-04-12,WA,WA,74.0
2025-04-19,WA,WA,42.0
2025-04-26,WA,WA,39.0
2025-05-03,WA,WA,20.0
2025-05-10,WA,WA,24.0
2025-05-17,WA,WA,16.0
2025-05-24,WA,WA,29.0
2025-05-31,WA,WA,26.0
2025-06-07,WA,WA,31.0
2025-06-14,WA,WA,23.0
2025-06-21,WA,WA,14.0
2025-06-28,WA,WA,13.0
2025-07-05,WA,WA,14.0
2025-07-12,WA,WA,8.0
2025-07-19,WA,WA,5.0
2025-07-26,WA,WA,6.0
2025-08-02,WA,WA,4.0
2025-08-09,WA,WA,7.0
2025-08-16,WA,WA,10.0
2025-08-23,WA,WA,10.0
2025-08-30,WA,WA,4.0
2025-09-06,WA,WA,13.0
2025-09-13,WA,WA,14.0
2025-09-20,WA,WA,6.0
2025-09-27,WA,WA,8.0
2023-10-07,AL,AL,20.0
2023-10-14,AL,AL,24.0
2023-10-21,AL,AL,30.0
2023-10-28,AL,AL,30.0
2023-11-04,AL,AL,37.0
2023-11-11,AL,AL,56.0
2023-11-18,AL,AL,73.0
2023-11-25,AL,AL,71.0
2023-12-02,AL,AL,84.0
2023-12-09,AL,AL,110.0
2023-12-16,AL,AL,143.0
2023-12-23,AL,AL,269.0
2023-12-30,AL,AL,318.0
2024-01-06,AL,AL,348.0
2024-01-13,AL,AL,226.0
2024-01-20,AL,AL,169.0
2024-01-27,AL,AL,140.0
2024-02-03,AL,AL,103.0
2024-02-10,AL,AL,109.0
2024-02-17,AL,AL,120.0
2024-02-24,AL,AL,87.0
2024-03-02,AL,AL,81.0
2024-03-09,AL,AL,84.0
2024-03-16,AL,AL,64.0
2024-03-23,AL,AL,69.0
2024-03-30,AL,AL,60.0
2024-04-06,AL,AL,39.0
2024-04-13,AL,AL,19.0
2024-04-20,AL,AL,17.0
2024-04-27,AL,AL,15.0
2024-05-04,AL,AL,10.0
2024-05-11,AL,AL,0.0
2024-05-18,AL,AL,2.0
2024-05-25,AL,AL,0.0
2024-06-01,AL,AL,0.0
2024-06-08,AL,AL,0.0
2024-06-15,AL,AL,0.0
2024-06-22,AL,AL,0.0
2024-06-29,AL,AL,0.0
2024-07-06,AL,AL,0.0
2024-07-13,AL,AL,0.0
2024-07-20,AL,AL,0.0
2024-07-27,AL,AL,0.0
2024-08-03,AL,AL,1.0
2024-08-10,AL,AL,0.0
2024-08-17,AL,AL,0.0
2024-08-24,AL,AL,0.0
2024-08-31,AL,AL,1.0
2024-09-07,AL,AL,0.0
2024-09-14,AL,AL,0.0
2024-09-21,AL,AL,0.0
2024-09-28,AL,AL,0.0
2020-10-17,CA,CA,0.0
2020-10-24,CA,CA,9.0
2020-10-31,CA,CA,30.0
2020-11-07,CA,CA,27.0
2020-11-14,CA,CA,41.0
2020-11-21,CA,CA,39.0
2020-11-28,CA,CA,76.0
2020-12-05,CA,CA,47.0
2020-12-12,CA,CA,54.0
2020-12-19,CA,CA,53.0
2020-12-26,CA,CA,70.0
2021-01-02,CA,CA,51.0
2021-01-09,CA,CA,75.0
2021-01-16,CA,CA,45.0
2021-01-23,CA,CA,40.0
2021-01-30,CA,CA,24.0
2021-02-06,CA,CA,18.0
2021-02-13,CA,CA,24.0
2021-02-20,CA,CA,16.0
2021-02-27,CA,CA,22.0
2021-03-06,CA,CA,14.0
2021-03-13,CA,CA,14.0
2021-03-20,CA,CA,10.0
2021-03-27,CA,CA,16.0
2021-04-03,CA,CA,4.0
2021-04-10,CA,CA,7.0
2021-04-17,CA,CA,11.0
2021-04-24,CA,CA,13.0
2021-05-01,CA,CA,8.0
2021-05-08,CA,CA,13.0
2021-05-15,CA,CA,5.0
2021-05-22,CA,CA,13.0
2021-05-29,CA,CA,9.0
2021-06-05,CA,CA,3.0
2021-06-12,CA,CA,3.0
2021-06-19,CA,CA,9.0
2021-06-26,CA,CA,6.0
2021-07-03,CA,CA,5.0
2021-07-10,CA,CA,8.0
2021-07-17,CA,CA,7.0
2021-07-24,CA,CA,8.0
2021-07-31,CA,CA,6.0
2021-08-07,CA,CA,11.0
2021-08-14,CA,CA,13.0
2021-08-21,CA,CA,6.0
2021-08-28,CA,CA,4.0
2021-09-04,CA,CA,2.0
2021-09-11,CA,CA,7.0
2021-09-18,CA,CA,5.0
2021-09-25,CA,CA,8.0
2021-10-02,CA,CA,8.0
2023-10-07,CO,CO,9.0
2023-10-14,CO,CO,15.0
2023-10-21,CO,CO,16.0
2023-10-28,CO,CO,19.0
2023-11-04,CO,CO,31.0
2023-11-11,CO,CO,52.0
2023-11-18,CO,CO,102.0
2023-11-25,CO,CO,137.0
2023-12-02,CO,CO,126.0
2023-12-09,CO,CO,153.0
2023-12-16,CO,CO,234.0
2023-12-23,CO,CO,252.0
2023-12-30,CO,CO,367.0
2024-01-06,CO,CO,308.0
2024-01-13,CO,CO,286.0
2024-01-20,CO,CO,197.0
2024-01-27,CO,CO,229.0
2024-02-03,CO,CO,196.0
2024-02-10,CO,CO,196.0
2024-02-17,CO,CO,137.0
2024-02-24,CO,CO,129.0
2024-03-02,CO,CO,93.0
2024-03-09,CO,CO,80.0
2024-03-16,CO,CO,96.0
2024-03-23,CO,CO,97.0
2024-03-30,CO,CO,68.0
2024-04-06,CO,CO,49.0
2024-04-13,CO,CO,55.0
2024-04-20,CO,CO,26.0
2024-04-27,CO,CO,23.0
2024-05-04,CO,CO,23.0
2024-05-11,CO,CO,12.0
2024-05-18,CO,CO,6.0
2024-05-25,CO,CO,11.0
2024-06-01,CO,CO,10.0
2024-06-08,CO,CO,4.0
2024-06-15,CO,CO,3.0
2024-06-22,CO,CO,3.0
2024-06-29,CO,CO,3.0
2024-07-06,CO,CO,3.0
2024-07-13,CO,CO,1.0
2024-07-20,CO,CO,3.0
2024-07-27,CO,CO,6.0
2024-08-03,CO,CO,6.0
2024-08-10,CO,CO,5.0
2024-08-17,CO,CO,0.0
2024-08-24,CO,CO,0.0
2024-08-31,CO,CO,0.0
2024-09-07,CO,CO,1.0
2024-09-14,CO,CO,0.0
2024-09-21,CO,CO,0.0
2024-09-28,CO,CO,3.0
2021-10-09,CT,CT,0.0
2021-10-16,CT,CT,0.0
2021-10-23,CT,CT,0.0
2021-10-30,CT,CT,0.0
2021-11-06,CT,CT,0.0
2021-11-13,CT,CT,0.0
2021-11-20,CT,CT,2.0
2021-11-27,CT,CT,3.0
2021-12-04,CT,CT,13.0
2021-12-11,CT,CT,14.0
2021-12-18,CT,CT,18.0
2021-12-25,CT,CT,23.0
2022-01-01,CT,CT,23.0
2022-01-08,CT,CT,9.0
2022-01-15,CT,CT,2.0
2022-01-22,CT,CT,11.0
2022-01-29,CT,CT,2.0
2022-02-05,CT,CT,4.0
2022-02-12,CT,CT,0.0
2022-02-19,CT,CT,1.0
2022-02-26,CT,CT,7.0
2022-03-05,CT,CT,4.0
2022-03-12,CT,CT,8.0
2022-03-19,CT,CT,18.0
2022-03-26,CT,CT,25.0
2022-04-02,CT,CT,26.0
2022-04-09,CT,CT,47.0
2022-04-16,CT,CT,45.0
2022-04-23,CT,CT,52.0
2022-04-30,CT,CT,57.0
2022-05-07,CT,CT,76.0
2022-05-14,CT,CT,70.0
2022-05-21,CT,CT,75.0
2022-05-28,CT,CT,36.0
2022-06-04,CT,CT,20.0
2022-06-11,CT,CT,36.0
2022-06-18,CT,CT,14.0
2022-06-25,CT,CT,6.0
2022-07-02,CT,CT,8.0
2022-07-09,CT,CT,5.0
2022-07-16,CT,CT,3.0
2022-07-23,CT,CT,6.0
2022-07-30,CT,CT,3.0
2022-08-06,CT,CT,3.0
2022-08-13,CT,CT,1.0
2022-08-20,CT,CT,2.0
2022-08-27,CT,CT,8.0
2022-09-03,CT,CT,4.0
2022-09-10,CT,CT,3.0
2022-09-17,CT,CT,5.0
2022-09-24,CT,CT,3.0
2022-10-01,CT,CT,2.0
2024-10-05,GA,GA,1.0
2024-10-12,GA,GA,0.0
2024-10-19,GA,GA,5.0
2024-10-26,GA,GA,8.0
2024-11-02,GA,GA,14.0
2024-11-09,GA,GA,42.0
2024-11-16,GA,GA,44.0
2024-11-23,GA,GA,48.0
2024-11-30,GA,GA,56.0
2024-12-07,GA,GA,88.0
2024-12-14,GA,GA,215.0
2024-12-21,GA,GA,397.0
2024-12-28,GA,GA,800.0
2025-01-04,GA,GA,1144.0
2025-01-11,GA,GA,823.0
2025-01-18,GA,GA,992.0
2025-01-25,GA,GA,1195.0
2025-02-01,GA,GA,1373.0
2025-02-08,GA,GA,1301.0
2025-02-15,GA,GA,744.0
2025-02-22,GA,GA,461.0
2025-03-01,GA,GA,437.0
2025-03-08,GA,GA,396.0
2025-03-15,GA,GA,365.0
2025-03-22,GA,GA,235.0
2025-03-29,GA,GA,190.0
2025-04-05,GA,GA,162.0
2025-04-12,GA,GA,84.0
2025-04-19,GA,GA,64.0
2025-04-26,GA,GA,44.0
2025-05-03,GA,GA,44.0
2025-05-10,GA,GA,44.0
2025-05-17,GA,GA,34.0
2025-05-24,GA,GA,21.0
2025-05-31,GA,GA,26.0
2025-06-07,GA,GA,28.0
2025-06-14,GA,GA,31.0
2025-06-21,GA,GA,18.0
2025-06-28,GA,GA,24.0
2025-07-05,GA,GA,9.0
2025-07-12,GA,GA,17.0
2025-07-19,GA,GA,21.0
2025-07-26,GA,GA,14.0
2025-08-02,GA,GA,22.0
2025-08-09,GA,GA,11.0
2025-08-16,GA,GA,19.0
2025-08-23,GA,GA,19.0
2025-08-30,GA,GA,19.0
2025-09-06,GA,GA,13.0
2025-09-13,GA,GA,17.0
2025-09-20,GA,GA,20.0
2025-09-27,GA,GA,22.0
2021-10-09,KY,KY,3.0
2021-10-16,KY,KY,1.0
2021-10-23,KY,KY,0.0
2021-10-30,KY,KY,3.0
2021-11-06,KY,KY,5.0
2021-11-13,KY,KY,5.0
2021-11-20,KY,KY,2.0
2021-11-27,KY,KY,4.0
2021-12-04,KY,KY,1.0
2021-12-11,KY,KY,3.0
2021-12-18,KY,KY,9.0
2021-12-25,KY,KY,5.0
2022-01-01,KY,KY,10.0
2022-01-08,KY,KY,3.0
2022-01-15,KY,KY,18.0
2022-01-22,KY,KY,23.0
2022-01-29,KY,KY,18.0
2022-02-05,KY,KY,13.0
2022-02-12,KY,KY,11.0
2022-02-19,KY,KY,12.0
2022-02-26,KY,KY,23.0
2022-03-05,KY,KY,23.0
2022-03-12,KY,KY,30.0
2022-03-19,KY,KY,39.0
2022-03-26,KY,KY,42.0
2022-04-02,KY,KY,53.0
2022-04-09,KY,KY,90.0
2022-04-16,KY,KY,105.0
2022-04-23,KY,KY,82.0
2022-04-30,KY,KY,119.0
2022-05-07,KY,KY,109.0
2022-05-14,KY,KY,47.0
2022-05-21,KY,KY,41.0
2022-05-28,KY,KY,22.0
2022-06-04,KY,KY,22.0
2022-06-11,KY,KY,17.0
2022-06-18,KY,KY,5.0
2022-06-25,KY,KY,11.0
2022-07-02,KY,KY,1.0
2022-07-09,KY,KY,6.0
2022-07-16,KY,KY,3.0
2022-07-23,KY,KY,1.0
2022-07-30,KY,KY,6.0
2022-08-06,KY,KY,1.0
2022-08-13,KY,KY,4.0
2022-08-20,KY,KY,3.0
2022-08-27,KY,KY,4.0
2022-09-03,KY,KY,4.0
2022-09-10,KY,KY,8.0
2022-09-17,KY,KY,5.0
2022-09-24,KY,KY,10.0
2022-10-01,KY,KY,4.0
2020-08-08,MI,MI,0.0
2020-08-15,MI,MI,0.0
2020-08-22,MI,MI,0.0
2020-08-29,MI,MI,0.0
2020-09-05,MI,MI,0.0
2020-09-12,MI,MI,0.0
2020-09-19,MI,MI,0.0
2020-09-26,MI,MI,0.0
2025-10-04,MP,MP,5.0
2025-10-11,MP,MP,0.0
2025-10-18,MP,MP,0.0
2025-10-25,MP,MP,4.0
2025-11-01,MP,MP,3.0
2025-11-08,MP,MP,2.0
2025-11-15,MP,MP,4.0
2025-11-22,MP,MP,3.0
2025-11-29,MP,MP,0.0
2025-12-06,MP,MP,0.0
2025-12-13,MP,MP,0.0
2025-12-20,MP,MP,0.0
2025-12-27,MP,MP,1.0
2026-01-03,MP,MP,2.0
2026-01-10,MP,MP,5.0
2026-01-17,MP,MP,1.0
2026-01-24,MP,MP,2.0
2026-01-31,MP,MP,0.0
2026-02-07,MP,MP,3.0
2026-02-14,MP,MP,1.0
2026-02-21,MP,MP,1.0
2026-02-28,MP,MP,1.0
2026-03-07,MP,MP,2.0
2026-03-14,MP,MP,6.0
2026-03-21,MP,MP,4.0
2026-03-28,MP,MP,0.0
2024-10-05,PR,PR,3.0
2024-10-12,PR,PR,9.0
2024-10-19,PR,PR,6.0
2024-10-26,PR,PR,14.0
2024-11-02,PR,PR,15.0
2024-11-09,PR,PR,137.0
2024-11-16,PR,PR,228.0
2024-11-23,PR,PR,160.0
2024-11-30,PR,PR,368.0
2024-12-07,PR,PR,457.0
2024-12-14,PR,PR,470.0
2024-12-21,PR,PR,553.0
2024-12-28,PR,PR,707.0
2025-01-04,PR,PR,1010.0
2025-01-11,PR,PR,1249.0
2025-01-18,PR,PR,643.0
2025-01-25,PR,PR,505.0
2025-02-01,PR,PR,348.0
2025-02-08,PR,PR,251.0
2025-02-15,PR,PR,355.0
2025-02-22,PR,PR,240.0
2025-03-01,PR,PR,315.0
2025-03-08,PR,PR,283.0
2025-03-15,PR,PR,346.0
2025-03-22,PR,PR,243.0
2025-03-29,PR,PR,212.0
2025-04-05,PR,PR,194.0
2025-04-12,PR,PR,274.0
2025-04-19,PR,PR,187.0
2025-04-26,PR,PR,187.0
2025-05-03,PR,PR,138.0
2025-05-10,PR,PR,210.0
2025-05-17,PR,PR,202.0
2025-05-24,PR,PR,174.0
2025-05-31,PR,PR,255.0
2025-06-07,PR,PR,185.0
2025-06-14,PR,PR,190.0
2025-06-21,PR,PR,209.0
2025-06-28,PR,PR,114.0
2025-07-05,PR,PR,126.0
2025-07-12,PR,PR,104.0
2025-07-19,PR,PR,99.0
2025-07-26,PR,PR,110.0
2025-08-02,PR,PR,101.0
2025-08-09,PR,PR,99.0
2025-08-16,PR,PR,44.0
2025-08-23,PR,PR,86.0
2025-08-30,PR,PR,83.0
2025-09-06,PR,PR,139.0
2025-09-13,PR,PR,122.0
2025-09-20,PR,PR,77.0
2025-09-27,PR,PR,52.0
2023-10-07,RI,RI,1.0
2023-10-14,RI,RI,1.0
2023-10-21,RI,RI,0.0
2023-10-28,RI,RI,1.0
2023-11-04,RI,RI,0.0
2023-11-11,RI,RI,2.0
2023-11-18,RI,RI,0.0
2023-11-25,RI,RI,3.0
2023-12-02,RI,RI,6.0
2023-12-09,RI,RI,6.0
2023-12-16,RI,RI,24.0
2023-12-23,RI,RI,16.0
2023-12-30,RI,RI,46.0
2024-01-06,RI,RI,48.0
2024-01-13,RI,RI,34.0
2024-01-20,RI,RI,34.0
2024-01-27,RI,RI,24.0
2024-02-03,RI,RI,17.0
2024-02-10,RI,RI,21.0
2024-02-17,RI,RI,29.0
2024-02-24,RI,RI,34.0
2024-03-02,RI,RI,27.0
2024-03-09,RI,RI,23.0
2024-03-16,RI,RI,21.0
2024-03-23,RI,RI,13.0
2024-03-30,RI,RI,14.0
2024-04-06,RI,RI,16.0
2024-04-13,RI,RI,14.0
2024-04-20,RI,RI,11.0
2024-04-27,RI,RI,7.0
2024-05-04,RI,RI,3.0
2024-05-11,RI,RI,4.0
2024-05-18,RI,RI,1.0
2024-05-25,RI,RI,1.0
2024-06-01,RI,RI,1.0
2024-06-08,RI,RI,0.0
2024-06-15,RI,RI,0.0
2024-06-22,RI,RI,0.0
2024-06-29,RI,RI,0.0
2024-07-06,RI,RI,1.0
2024-07-13,RI,RI,0.0
2024-07-20,RI,RI,0.0
2024-07-27,RI,RI,0.0
2024-08-03,RI,RI,0.0
2024-08-10,RI,RI,0.0
2024-08-17,RI,RI,0.0
2024-08-24,RI,RI,0.0
2024-08-31,RI,RI,0.0
2024-09-07,RI,RI,0.0
2024-09-14,RI,RI,0.0
2024-09-21,RI,RI,0.0
2024-09-28,RI,RI,0.0
2021-10-09,Region 1,Region 1,0.0
2021-10-16,Region 1,Region 1,13.0
2021-10-23,Region 1,Region 1,1.0
2021-10-30,Region 1,Region 1,1.0
2021-11-06,Region 1,Region 1,1.0
2021-11-13,Region 1,Region 1,1.0
2021-11-20,Region 1,Region 1,6.0
2021-11-27,Region 1,Region 1,7.0
2021-12-04,Region 1,Region 1,33.0
2021-12-11,Region 1,Region 1,39.0
2021-12-18,Region 1,Region 1,46.0
2021-12-25,Region 1,Region 1,57.0
2022-01-01,Region 1,Region 1,89.0
2022-01-08,Region 1,Region 1,65.0
2022-01-15,Region 1,Region 1,47.0
2022-01-22,Region 1,Region 1,64.0
2022-01-29,Region 1,Region 1,35.0
2022-02-05,Region 1,Region 1,41.0
2022-02-12,Region 1,Region 1,44.0
2022-02-19,Region 1,Region 1,57.0
2022-02-26,Region 1,Region 1,44.0
2022-03-05,Region 1,Region 1,21.0
2022-03-12,Region 1,Region 1,48.0
2022-03-19,Region 1,Region 1,67.0
2022-03-26,Region 1,Region 1,76.0
2022-04-02,Region 1,Region 1,133.0
2022-04-09,Region 1,Region 1,224.0
2022-04-16,Region 1,Region 1,267.0
2022-04-23,Region 1,Region 1,302.0
2022-04-30,Region 1,Region 1,316.0
2022-05-07,Region 1,Region 1,296.0
2022-05-14,Region 1,Region 1,299.0
2022-05-21,Region 1,Region 1,278.0
2022-05-28,Region 1,Region 1,141.0
2022-06-04,Region 1,Region 1,84.0
2022-06-11,Region 1,Region 1,144.0
2022-06-18,Region 1,Region 1,37.0
2022-06-25,Region 1,Region 1,23.0
2022-07-02,Region 1,Region 1,19.0
2022-07-09,Region 1,Region 1,23.0
2022-07-16,Region 1,Region 1,11.0
2022-07-23,Region 1,Region 1,11.0
2022-07-30,Region 1,Region 1,7.0
2022-08-06,Region 1,Region 1,8.0
2022-08-13,Region 1,Region 1,6.0
2022-08-20,Region 1,Region 1,4.0
2022-08-27,Region 1,Region 1,11.0
2022-09-03,Region 1,Region 1,9.0
2022-09-10,Region 1,Region 1,4.0
2022-09-17,Region 1,Region 1,11.0
2022-09-24,Region 1,Region 1,8.0
2022-10-01,Region 1,Region 1,8.0
2023-10-07,Region 3,Region 3,99.0
2023-10-14,Region 3,Region 3,102.0
2023-10-21,Region 3,Region 3,126.0
2023-10-28,Region 3,Region 3,126.0
2023-11-04,Region 3,Region 3,104.0
2023-11-11,Region 3,Region 3,207.0
2023-11-18,Region 3,Region 3,231.0
2023-11-25,Region 3,Region 3,277.0
2023-12-02,Region 3,Region 3,444.0
2023-12-09,Region 3,Region 3,545.0
2023-12-16,Region 3,Region 3,805.0
2023-12-23,Region 3,Region 3,1479.0
2023-12-30,Region 3,Region 3,2261.0
2024-01-06,Region 3,Region 3,1890.0
2024-01-13,Region 3,Region 3,1410.0
2024-01-20,Region 3,Region 3,1157.0
2024-01-27,Region 3,Region 3,1019.0
2024-02-03,Region 3,Region 3,912.0
2024-02-10,Region 3,Region 3,880.0
2024-02-17,Region 3,Region 3,1050.0
2024-02-24,Region 3,Region 3,1023.0
2024-03-02,Region 3,Region 3,1164.0
2024-03-09,Region 3,Region 3,1082.0
2024-03-16,Region 3,Region 3,748.0
2024-03-23,Region 3,Region 3,665.0
2024-03-30,Region 3,Region 3,557.0
2024-04-06,Region 3,Region 3,611.0
2024-04-13,Region 3,Region 3,406.0
2024-04-20,Region 3,Region 3,296.0
2024-04-27,Region 3,Region 3,222.0
2024-05-04,Region 3,Region 3,179.0
2024-05-11,Region 3,Region 3,133.0
2024-05-18,Region 3,Region 3,134.0
2024-05-25,Region 3,Region 3,120.0
2024-06-01,Region 3,Region 3,129.0
2024-06-08,Region 3,Region 3,87.0
2024-06-15,Region 3,Region 3,120.0
2024-06-22,Region 3,Region 3,76.0
2024-06-29,Region 3,Region 3,72.0
2024-07-06,Region 3,Region 3,65.0
2024-07-13,Region 3,Region 3,84.0
2024-07-20,Region 3,Region 3,68.0
2024-07-27,Region 3,Region 3,80.0
2024-08-03,Region 3,Region 3,68.0
2024-08-10,Region 3,Region 3,69.0
2024-08-17,Region 3,Region 3,69.0
2024-08-24,Region 3,Region 3,71.0
2024-08-31,Region 3,Region 3,83.0
2024-09-07,Region 3,Region 3,59.0
2024-09-14,Region 3,Region 3,82.0
2024-09-21,Region 3,Region 3,92.0
2024-09-28,Region 3,Region 3,52.0
2021-10-09,Region 5,Region 5,32.0
2021-10-16,Region 5,Region 5,22.0
2021-10-23,Region 5,Region 5,31.0
2021-10-30,Region 5,Region 5,32.0
2021-11-06,Region 5,Region 5,32.0
2021-11-13,Region 5,Region 5,24.0
2021-11-20,Region 5,Region 5,43.0
2021-11-27,Region 5,Region 5,71.0
2021-12-04,Region 5,Region 5,141.0
2021-12-11,Region 5,Region 5,184.0
2021-12-18,Region 5,Region 5,255.0
2021-12-25,Region 5,Region 5,392.0
2022-01-01,Region 5,Region 5,620.0
2022-01-08,Region 5,Region 5,397.0
2022-01-15,Region 5,Region 5,314.0
2022-01-22,Region 5,Region 5,173.0
2022-01-29,Region 5,Region 5,142.0
2022-02-05,Region 5,Region 5,138.0
2022-02-12,Region 5,Region 5,154.0
2022-02-19,Region 5,Region 5,212.0
2022-02-26,Region 5,Region 5,198.0
2022-03-05,Region 5,Region 5,296.0
2022-03-12,Region 5,Region 5,380.0
2022-03-19,Region 5,Region 5,472.0
2022-03-26,Region 5,Region 5,564.0
2022-04-02,Region 5,Region 5,536.0
2022-04-09,Region 5,Region 5,573.0
2022-04-16,Region 5,Region 5,547.0
2022-04-23,Region 5,Region 5,509.0
2022-04-30,Region 5,Region 5,502.0
2022-05-07,Region 5,Region 5,508.0
2022-05-14,Region 5,Region 5,470.0
2022-05-21,Region 5,Region 5,386.0
2022-05-28,Region 5,Region 5,257.0
2022-06-04,Region 5,Region 5,197.0
2022-06-11,Region 5,Region 5,99.0
2022-06-18,Region 5,Region 5,112.0
2022-06-25,Region 5,Region 5,71.0
2022-07-02,Region 5,Region 5,50.0
2022-07-09,Region 5,Region 5,36.0
2022-07-16,Region 5,Region 5,34.0
2022-07-23,Region 5,Region 5,32.0
2022-07-30,Region 5,Region 5,35.0
2022-08-06,Region 5,Region 5,36.0
2022-08-13,Region 5,Region 5,25.0
2022-08-20,Region 5,Region 5,36.0
2022-08-27,Region 5,Region 5,46.0
2022-09-03,Region 5,Region 5,46.0
2022-09-10,Region 5,Region 5,57.0
2022-09-17,Region 5,Region 5,39.0
2022-09-24,Region 5,Region 5,71.0
2022-10-01,Region 5,Region 5,70.0
2024-10-05,UT,UT,0.0
2024-10-12,UT,UT,0.0
2024-10-19,UT,UT,1.0
2024-10-26,UT,UT,5.0
2024-11-02,UT,UT,2.0
2024-11-09,UT,UT,7.0
2024-11-16,UT,UT,10.0
2024-11-23,UT,UT,20.0
2024-11-30,UT,UT,20.0
2024-12-07,UT,UT,64.0
2024-12-14,UT,UT,90.0
2024-12-21,UT,UT,163.0
2024-12-28,UT,UT,295.0
2025-01-04,UT,UT,388.0
2025-01-11,UT,UT,256.0
2025-01-18,UT,UT,199.0
2025-01-25,UT,UT,185.0
2025-02-01,UT,UT,195.0
2025-02-08,UT,UT,218.0
2025-02-15,UT,UT,203.0
2025-02-22,UT,UT,183.0
2025-03-01,UT,UT,123.0
2025-03-08,UT,UT,127.0
2025-03-15,UT,UT,102.0
2025-03-22,UT,UT,76.0
2025-03-29,UT,UT,54.0
2025-04-05,UT,UT,54.0
2025-04-12,UT,UT,33.0
2025-04-19,UT,UT,27.0
2025-04-26,UT,UT,19.0
2025-05-03,UT,UT,17.0
2025-05-10,UT,UT,14.0
2025-05-17,UT,UT,12.0
2025-05-24,UT,UT,14.0
2025-05-31,UT,UT,13.0
2025-06-07,UT,UT,7.0
2025-06-14,UT,UT,9.0
2025-06-21,UT,UT,1.0
2025-06-28,UT,UT,3.0
2025-07-05,UT,UT,6.0
2025-07-12,UT,UT,7.0
2025-07-19,UT,UT,4.0
2025-07-26,UT,UT,4.0
2025-08-02,UT,UT,1.0
2025-08-09,UT,UT,8.0
2025-08-16,UT,UT,3.0
2025-08-23,UT,UT,3.0
2025-08-30,UT,UT,4.0
2025-09-06,UT,UT,2.0
2025-09-13,UT,UT,4.0
2025-09-20,UT,UT,1.0
2025-09-27,UT,UT,2.0
2025-10-04,UT,UT,2.0
2025-10-11,UT,UT,1.0
2025-10-18,UT,UT,2.0
2025-10-25,UT,UT,1.0
2025-11-01,UT,UT,1.0
2025-11-08,UT,UT,2.0
2025-11-15,UT,UT,11.0
2025-11-22,UT,UT,15.0
2025-11-29,UT,UT,32.0
2025-12-06,UT,UT,47.0
2025-12-13,UT,UT,64.0
2025-12-20,UT,UT,130.0
2025-12-27,UT,UT,234.0
2026-01-03,UT,UT,262.0
2026-01-10,UT,UT,160.0
2026-01-17,UT,UT,95.0
2026-01-24,UT,UT,77.0
2026-01-31,UT,UT,66.0
2026-02-07,UT,UT,91.0
2026-02-14,UT,UT,74.0
2026-02-21,UT,UT,65.0
2026-02-28,UT,UT,43.0
2026-03-07,UT,UT,19.0
2026-03-14,UT,UT,19.0
2026-03-21,UT,UT,49.0
2026-03-28,UT,UT,8.0
2026-04-04,UT,UT,3.0
2026-04-11,UT,UT,6.0
2026-04-18,UT,UT,5.0
2026-04-25,UT,UT,13.0
2026-05-02,UT,UT,10.0
2026-05-09,UT,UT,11.0
2026-05-16,UT,UT,7.0
2026-05-23,UT,UT,3.0
2022-10-08,VI,VI,0.0
2022-10-15,VI,VI,0.0
2022-10-22,VI,VI,0.0
2022-10-29,VI,VI,0.0
2022-11-05,VI,VI,0.0
2022-11-12,VI,VI,0.0
2022-11-19,VI,VI,0.0
2022-11-26,VI,VI,0.0
2022-12-03,VI,VI,0.0
2022-12-10,VI,VI,0.0
2022-12-17,VI,VI,0.0
2022-12-24,VI,VI,0.0
2022-12-31,VI,VI,0.0
2023-01-07,VI,VI,0.0
2023-01-14,VI,VI,0.0
2023-01-21,VI,VI,0.0
2023-01-28,VI,VI,0.0
2023-02-04,VI,VI,0.0
2023-02-11,VI,VI,0.0
2023-02-18,VI,VI,0.0
2023-02-25,VI,VI,0.0
2023-03-04,VI,VI,0.0
2023-03-11,VI,VI,0.0
2023-03-18,VI,VI,0.0
2023-03-25,VI,VI,0.0
2023-04-01,VI,VI,0.0
2023-04-08,VI,VI,0.0
2023-04-15,VI,VI,0.0
2023-04-22,VI,VI,0.0
2023-04-29,VI,VI,0.0
2023-05-06,VI,VI,0.0
2023-05-13,VI,VI,0.0
2023-05-20,VI,VI,0.0
2023-05-27,VI,VI,0.0
2023-06-03,VI,VI,0.0
2023-06-10,VI,VI,0.0
2023-06-17,VI,VI,0.0
2023-06-24,VI,VI,0.0
2023-07-01,VI,VI,0.0
2023-07-08,VI,VI,0.0
2023-07-15,VI,VI,0.0
2023-07-22,VI,VI,0.0
2023-07-29,VI,VI,0.0
2023-08-05,VI,VI,0.0
2023-08-12,VI,VI,0.0
2023-08-19,VI,VI,0.0
2023-08-26,VI,VI,0.0
2023-09-02,VI,VI,0.0
2023-09-09,VI,VI,0.0
2023-09-16,VI,VI,0.0
2023-09-23,VI,VI,0.0
2023-09-30,VI,VI,0.0
2022-10-08,WV,WV,5.0
2022-10-15,WV,WV,11.0
2022-10-22,WV,WV,15.0
2022-10-29,WV,WV,56.0
2022-11-05,WV,WV,89.0
2022-11-12,WV,WV,127.0
2022-11-19,WV,WV,136.0
2022-11-26,WV,WV,189.0
2022-12-03,WV,WV,318.0
2022-12-10,WV,WV,246.0
2022-12-17,WV,WV,199.0
2022-12-24,WV,WV,155.0
2022-12-31,WV,WV,172.0
2023-01-07,WV,WV,148.0
2023-01-14,WV,WV,48.0
2023-01-21,WV,WV,14.0
2023-01-28,WV,WV,21.0
2023-02-04,WV,WV,22.0
2023-02-11,WV,WV,16.0
2023-02-18,WV,WV,9.0
2023-02-25,WV,WV,14.0
2023-03-04,WV,WV,9.0
2023-03-11,WV,WV,4.0
2023-03-18,WV,WV,8.0
2023-03-25,WV,WV,16.0
2023-04-01,WV,WV,9.0
2023-04-08,WV,WV,7.0
2023-04-15,WV,WV,7.0
2023-04-22,WV,WV,4.0
2023-04-29,WV,WV,5.0
2023-05-06,WV,WV,4.0
2023-05-13,WV,WV,5.0
2023-05-20,WV,WV,9.0
2023-05-27,WV,WV,10.0
2023-06-03,WV,WV,5.0
2023-06-10,WV,WV,8.0
2023-06-17,WV,WV,6.0
2023-06-24,WV,WV,2.0
2023-07-01,WV,WV,3.0
2023-07-08,WV,WV,0.0
2023-07-15,WV,WV,1.0
2023-07-22,WV,WV,0.0
2023-07-29,WV,WV,3.0
2023-08-05,WV,WV,1.0
2023-08-12,WV,WV,0.0
2023-08-19,WV,WV,9.0
2023-08-26,WV,WV,2.0
2023-09-02,WV,WV,1.0
2023-09-09,WV,WV,2.0
2023-09-16,WV,WV,6.0
2023-09-23,WV,WV,0.0
2023-09-30,WV,WV,6.0
2023-10-07,AR,AR,17.0
2023-10-14,AR,AR,15.0
2023-10-21,AR,AR,18.0
2023-10-28,AR,AR,13.0
2023-11-04,AR,AR,18.0
2023-11-11,AR,AR,24.0
2023-11-18,AR,AR,17.0
2023-11-25,AR,AR,57.0
2023-12-02,AR,AR,24.0
2023-12-09,AR,AR,41.0
2023-12-16,AR,AR,53.0
2023-12-23,AR,AR,96.0
2023-12-30,AR,AR,187.0
2024-01-06,AR,AR,234.0
2024-01-13,AR,AR,223.0
2024-01-20,AR,AR,227.0
2024-01-27,AR,AR,275.0
2024-02-03,AR,AR,245.0
2024-02-10,AR,AR,291.0
2024-02-17,AR,AR,258.0
2024-02-24,AR,AR,275.0
2024-03-02,AR,AR,278.0
2024-03-09,AR,AR,247.0
2024-03-16,AR,AR,190.0
2024-03-23,AR,AR,103.0
2024-03-30,AR,AR,82.0
2024-04-06,AR,AR,60.0
2024-04-13,AR,AR,47.0
2024-04-20,AR,AR,30.0
2024-04-27,AR,AR,60.0
2024-05-04,AR,AR,14.0
2024-05-11,AR,AR,12.0
2024-05-18,AR,AR,0.0
2024-05-25,AR,AR,2.0
2024-06-01,AR,AR,6.0
2024-06-08,AR,AR,5.0
2024-06-15,AR,AR,5.0
2024-06-22,AR,AR,5.0
2024-06-29,AR,AR,1.0
2024-07-06,AR,AR,4.0
2024-07-13,AR,AR,5.0
2024-07-20,AR,AR,7.0
2024-07-27,AR,AR,8.0
2024-08-03,AR,AR,4.0
2024-08-10,AR,AR,6.0
2024-08-17,AR,AR,4.0
2024-08-24,AR,AR,4.0
2024-08-31,AR,AR,5.0
2024-09-07,AR,AR,7.0
2024-09-14,AR,AR,2.0
2024-09-21,AR,AR,3.0
2024-09-28,AR,AR,0.0
2022-10-08,AS,AS,0.0
2022-10-15,AS,AS,0.0
2022-10-22,AS,AS,0.0
2022-10-29,AS,AS,0.0
2022-11-05,AS,AS,0.0
2022-11-12,AS,AS,0.0
2022-11-19,AS,AS,0.0
2022-11-26,AS,AS,0.0
2022-12-03,AS,AS,0.0
2022-12-10,AS,AS,0.0
2022-12-17,AS,AS,0.0
2022-12-24,AS,AS,0.0
2022-12-31,AS,AS,0.0
2023-01-07,AS,AS,0.0
2023-01-14,AS,AS,0.0
2023-01-21,AS,AS,0.0
2023-01-28,AS,AS,0.0
2023-02-04,AS,AS,0.0
2023-02-11,AS,AS,0.0
2023-02-18,AS,AS,0.0
2023-02-25,AS,AS,0.0
2023-03-04,AS,AS,0.0
2023-03-11,AS,AS,0.0
2023-03-18,AS,AS,0.0
2023-03-25,AS,AS,0.0
2023-04-01,AS,AS,0.0
2023-04-08,AS,AS,0.0
2023-04-15,AS,AS,0.0
2023-04-22,AS,AS,0.0
2023-04-29,AS,AS,0.0
2023-05-06,AS,AS,0.0
2023-05-13,AS,AS,0.0
2023-05-20,AS,AS,0.0
2023-05-27,AS,AS,0.0
2023-06-03,AS,AS,0.0
2023-06-10,AS,AS,0.0
2023-06-17,AS,AS,0.0
2023-06-24,AS,AS,0.0
2023-07-01,AS,AS,0.0
2023-07-08,AS,AS,0.0
2023-07-15,AS,AS,0.0
2023-07-22,AS,AS,0.0
2023-07-29,AS,AS,0.0
2023-08-05,AS,AS,0.0
2023-08-12,AS,AS,0.0
2023-08-19,AS,AS,0.0
2023-08-26,AS,AS,0.0
2023-09-02,AS,AS,0.0
2023-09-09,AS,AS,0.0
2023-09-16,AS,AS,0.0
2023-09-23,AS,AS,0.0
2023-09-30,AS,AS,0.0
2022-10-08,DE,DE,0.0
2022-10-15,DE,DE,0.0
2022-10-22,DE,DE,1.0
2022-10-29,DE,DE,4.0
2022-11-05,DE,DE,10.0
2022-11-12,DE,DE,13.0
2022-11-19,DE,DE,53.0
2022-11-26,DE,DE,39.0
2022-12-03,DE,DE,86.0
2022-12-10,DE,DE,30.0
2022-12-17,DE,DE,25.0
2022-12-24,DE,DE,29.0
2022-12-31,DE,DE,42.0
2023-01-07,DE,DE,45.0
2023-01-14,DE,DE,12.0
2023-01-21,DE,DE,6.0
2023-01-28,DE,DE,6.0
2023-02-04,DE,DE,10.0
2023-02-11,DE,DE,1.0
2023-02-18,DE,DE,1.0
2023-02-25,DE,DE,0.0
2023-03-04,DE,DE,5.0
2023-03-11,DE,DE,1.0
2023-03-18,DE,DE,0.0
2023-03-25,DE,DE,2.0
2023-04-01,DE,DE,2.0
2023-04-08,DE,DE,0.0
2023-04-15,DE,DE,0.0
2023-04-22,DE,DE,0.0
2023-04-29,DE,DE,1.0
2023-05-06,DE,DE,0.0
2023-05-13,DE,DE,1.0
2023-05-20,DE,DE,0.0
2023-05-27,DE,DE,0.0
2023-06-03,DE,DE,3.0
2023-06-10,DE,DE,0.0
2023-06-17,DE,DE,0.0
2023-06-24,DE,DE,0.0
2023-07-01,DE,DE,0.0
2023-07-08,DE,DE,0.0
2023-07-15,DE,DE,0.0
2023-07-22,DE,DE,2.0
2023-07-29,DE,DE,0.0
2023-08-05,DE,DE,0.0
2023-08-12,DE,DE,1.0
2023-08-19,DE,DE,0.0
2023-08-26,DE,DE,0.0
2023-09-02,DE,DE,0.0
2023-09-09,DE,DE,0.0
2023-09-16,DE,DE,0.0
2023-09-23,DE,DE,0.0
2023-09-30,DE,DE,0.0
2025-10-04,DE,DE,1.0
2025-10-11,DE,DE,7.0
2025-10-18,DE,DE,1.0
2025-10-25,DE,DE,0.0
2025-11-01,DE,DE,3.0
2025-11-08,DE,DE,4.0
2025-11-15,DE,DE,7.0
2025-11-22,DE,DE,13.0
2025-11-29,DE,DE,13.0
2025-12-06,DE,DE,17.0
2025-12-13,DE,DE,39.0
2025-12-20,DE,DE,99.0
2025-12-27,DE,DE,211.0
2026-01-03,DE,DE,209.0
2026-01-10,DE,DE,174.0
2026-01-17,DE,DE,134.0
2026-01-24,DE,DE,101.0
2026-01-31,DE,DE,74.0
2026-02-07,DE,DE,51.0
2026-02-14,DE,DE,48.0
2026-02-21,DE,DE,49.0
2026-02-28,DE,DE,40.0
2026-03-07,DE,DE,31.0
2026-03-14,DE,DE,38.0
2026-03-21,DE,DE,24.0
2026-03-28,DE,DE,4.0
2026-04-04,DE,DE,7.0
2026-04-11,DE,DE,6.0
2026-04-18,DE,DE,2.0
2026-04-25,DE,DE,6.0
2026-05-02,DE,DE,4.0
2026-05-09,DE,DE,4.0
2026-05-16,DE,DE,5.0
2026-05-23,DE,DE,2.0
2024-10-05,KY,KY,0.0
2024-10-12,KY,KY,0.0
2024-10-19,KY,KY,2.0
2024-10-26,KY,KY,4.0
2024-11-02,KY,KY,7.0
2024-11-09,KY,KY,16.0
2024-11-16,KY,KY,18.0
2024-11-23,KY,KY,20.0
2024-11-30,KY,KY,24.0
2024-12-07,KY,KY,53.0
2024-12-14,KY,KY,79.0
2024-12-21,KY,KY,200.0
2024-12-28,KY,KY,515.0
2025-01-04,KY,KY,678.0
2025-01-11,KY,KY,463.0
2025-01-18,KY,KY,397.0
2025-01-25,KY,KY,439.0
2025-02-01,KY,KY,741.0
2025-02-08,KY,KY,1196.0
2025-02-15,KY,KY,1203.0
2025-02-22,KY,KY,896.0
2025-03-01,KY,KY,774.0
2025-03-08,KY,KY,633.0
2025-03-15,KY,KY,494.0
2025-03-22,KY,KY,372.0
2025-03-29,KY,KY,267.0
2025-04-05,KY,KY,175.0
2025-04-12,KY,KY,88.0
2025-04-19,KY,KY,49.0
2025-04-26,KY,KY,39.0
2025-05-03,KY,KY,21.0
2025-05-10,KY,KY,19.0
2025-05-17,KY,KY,15.0
2025-05-24,KY,KY,18.0
2025-05-31,KY,KY,21.0
2025-06-07,KY,KY,20.0
2025-06-14,KY,KY,19.0
2025-06-21,KY,KY,13.0
2025-06-28,KY,KY,12.0
2025-07-05,KY,KY,11.0
2025-07-12,KY,KY,8.0
2025-07-19,KY,KY,9.0
2025-07-26,KY,KY,16.0
2025-08-02,KY,KY,5.0
2025-08-09,KY,KY,2.0
2025-08-16,KY,KY,6.0
2025-08-23,KY,KY,4.0
2025-08-30,KY,KY,7.0
2025-09-06,KY,KY,8.0
2025-09-13,KY,KY,19.0
2025-09-20,KY,KY,14.0
2025-09-27,KY,KY,17.0
2021-10-09,LA,LA,9.0
2021-10-16,LA,LA,21.0
2021-10-23,LA,LA,11.0
2021-10-30,LA,LA,6.0
2021-11-06,LA,LA,10.0
2021-11-13,LA,LA,15.0
2021-11-20,LA,LA,4.0
2021-11-27,LA,LA,13.0
2021-12-04,LA,LA,50.0
2021-12-11,LA,LA,73.0
2021-12-18,LA,LA,80.0
2021-12-25,LA,LA,113.0
2022-01-01,LA,LA,171.0
2022-01-08,LA,LA,123.0
2022-01-15,LA,LA,60.0
2022-01-22,LA,LA,46.0
2022-01-29,LA,LA,42.0
2022-02-05,LA,LA,74.0
2022-02-12,LA,LA,85.0
2022-02-19,LA,LA,170.0
2022-02-26,LA,LA,116.0
2022-03-05,LA,LA,80.0
2022-03-12,LA,LA,62.0
2022-03-19,LA,LA,64.0
2022-03-26,LA,LA,74.0
2022-04-02,LA,LA,63.0
2022-04-09,LA,LA,30.0
2022-04-16,LA,LA,48.0
2022-04-23,LA,LA,44.0
2022-04-30,LA,LA,24.0
2022-05-07,LA,LA,35.0
2022-05-14,LA,LA,32.0
2022-05-21,LA,LA,36.0
2022-05-28,LA,LA,14.0
2022-06-04,LA,LA,19.0
2022-06-11,LA,LA,28.0
2022-06-18,LA,LA,12.0
2022-06-25,LA,LA,11.0
2022-07-02,LA,LA,7.0
2022-07-09,LA,LA,1.0
2022-07-16,LA,LA,4.0
2022-07-23,LA,LA,18.0
2022-07-30,LA,LA,4.0
2022-08-06,LA,LA,6.0
2022-08-13,LA,LA,13.0
2022-08-20,LA,LA,8.0
2022-08-27,LA,LA,11.0
2022-09-03,LA,LA,10.0
2022-09-10,LA,LA,16.0
2022-09-17,LA,LA,19.0
2022-09-24,LA,LA,18.0
2022-10-01,LA,LA,47.0
2023-10-07,LA,LA,19.0
2023-10-14,LA,LA,28.0
2023-10-21,LA,LA,31.0
2023-10-28,LA,LA,46.0
2023-11-04,LA,LA,40.0
2023-11-11,LA,LA,65.0
2023-11-18,LA,LA,96.0
2023-11-25,LA,LA,115.0
2023-12-02,LA,LA,121.0
2023-12-09,LA,LA,158.0
2023-12-16,LA,LA,178.0
2023-12-23,LA,LA,306.0
2023-12-30,LA,LA,381.0
2024-01-06,LA,LA,304.0
2024-01-13,LA,LA,252.0
2024-01-20,LA,LA,141.0
2024-01-27,LA,LA,130.0
2024-02-03,LA,LA,123.0
2024-02-10,LA,LA,97.0
2024-02-17,LA,LA,85.0
2024-02-24,LA,LA,94.0
2024-03-02,LA,LA,77.0
2024-03-09,LA,LA,55.0
2024-03-16,LA,LA,40.0
2024-03-23,LA,LA,33.0
2024-03-30,LA,LA,47.0
2024-04-06,LA,LA,32.0
2024-04-13,LA,LA,30.0
2024-04-20,LA,LA,24.0
2024-04-27,LA,LA,17.0
2024-05-04,LA,LA,9.0
2024-05-11,LA,LA,8.0
2024-05-18,LA,LA,3.0
2024-05-25,LA,LA,9.0
2024-06-01,LA,LA,6.0
2024-06-08,LA,LA,5.0
2024-06-15,LA,LA,4.0
2024-06-22,LA,LA,4.0
2024-06-29,LA,LA,5.0
2024-07-06,LA,LA,5.0
2024-07-13,LA,LA,0.0
2024-07-20,LA,LA,5.0
2024-07-27,LA,LA,2.0
2024-08-03,LA,LA,7.0
2024-08-10,LA,LA,5.0
2024-08-17,LA,LA,8.0
2024-08-24,LA,LA,9.0
2024-08-31,LA,LA,1.0
2024-09-07,LA,LA,3.0
2024-09-14,LA,LA,1.0
2024-09-21,LA,LA,4.0
2024-09-28,LA,LA,4.0
2020-10-03,MI,MI,0.0
2020-10-10,MI,MI,0.0
2020-10-17,MI,MI,0.0
2020-10-24,MI,MI,7.0
2020-10-31,MI,MI,13.0
2020-11-07,MI,MI,9.0
2020-11-14,MI,MI,11.0
2020-11-21,MI,MI,16.0
2020-11-28,MI,MI,5.0
2020-12-05,MI,MI,8.0
2020-12-12,MI,MI,6.0
2020-12-19,MI,MI,11.0
2020-12-26,MI,MI,10.0
2021-01-02,MI,MI,5.0
2021-01-09,MI,MI,6.0
2021-01-16,MI,MI,6.0
2021-01-23,MI,MI,6.0
2021-01-30,MI,MI,3.0
2021-02-06,MI,MI,2.0
2021-02-13,MI,MI,0.0
2021-02-20,MI,MI,1.0
2021-02-27,MI,MI,4.0
2021-03-06,MI,MI,3.0
2021-03-13,MI,MI,2.0
2021-03-20,MI,MI,0.0
2021-03-27,MI,MI,0.0
2021-04-03,MI,MI,1.0
2021-04-10,MI,MI,5.0
2021-04-17,MI,MI,16.0
2021-04-24,MI,MI,11.0
2021-05-01,MI,MI,3.0
2021-05-08,MI,MI,1.0
2021-05-15,MI,MI,3.0
2021-05-22,MI,MI,0.0
2021-05-29,MI,MI,2.0
2021-06-05,MI,MI,1.0
2021-06-12,MI,MI,0.0
2021-06-19,MI,MI,0.0
2021-06-26,MI,MI,0.0
2021-07-03,MI,MI,0.0
2021-07-10,MI,MI,0.0
2021-07-17,MI,MI,1.0
2021-07-24,MI,MI,0.0
2021-07-31,MI,MI,0.0
2021-08-07,MI,MI,2.0
2021-08-14,MI,MI,1.0
2021-08-21,MI,MI,2.0
2021-08-28,MI,MI,2.0
2021-09-04,MI,MI,2.0
2021-09-11,MI,MI,1.0
2021-09-18,MI,MI,0.0
2021-09-25,MI,MI,1.0
2021-10-02,MI,MI,6.0
2025-10-04,MS,MS,15.0
2025-10-11,MS,MS,16.0
2025-10-18,MS,MS,18.0
2025-10-25,MS,MS,16.0
2025-11-01,MS,MS,16.0
2025-11-08,MS,MS,17.0
2025-11-15,MS,MS,21.0
2025-11-22,MS,MS,27.0
2025-11-29,MS,MS,24.0
2025-12-06,MS,MS,42.0
2025-12-13,MS,MS,74.0
2025-12-20,MS,MS,147.0
2025-12-27,MS,MS,247.0
2026-01-03,MS,MS,230.0
2026-01-10,MS,MS,194.0
2026-01-17,MS,MS,142.0
2026-01-24,MS,MS,115.0
2026-01-31,MS,MS,132.0
2026-02-07,MS,MS,200.0
2026-02-14,MS,MS,243.0
2026-02-21,MS,MS,227.0
2026-02-28,MS,MS,151.0
2026-03-07,MS,MS,135.0
2026-03-14,MS,MS,100.0
2026-03-21,MS,MS,64.0
2026-03-28,MS,MS,31.0
2026-04-04,MS,MS,18.0
2026-04-11,MS,MS,13.0
2026-04-18,MS,MS,14.0
2026-04-25,MS,MS,19.0
2026-05-02,MS,MS,27.0
2026-05-09,MS,MS,18.0
2026-05-16,MS,MS,15.0
2026-05-23,MS,MS,8.0
2025-10-04,NJ,NJ,16.0
2025-10-11,NJ,NJ,14.0
2025-10-18,NJ,NJ,30.0
2025-10-25,NJ,NJ,28.0
2025-11-01,NJ,NJ,35.0
2025-11-08,NJ,NJ,47.0
2025-11-15,NJ,NJ,56.0
2025-11-22,NJ,NJ,73.0
2025-11-29,NJ,NJ,154.0
2025-12-06,NJ,NJ,277.0
2025-12-13,NJ,NJ,588.0
2025-12-20,NJ,NJ,1082.0
2025-12-27,NJ,NJ,1466.0
2026-01-03,NJ,NJ,1724.0
2026-01-10,NJ,NJ,1208.0
2026-01-17,NJ,NJ,653.0
2026-01-24,NJ,NJ,399.0
2026-01-31,NJ,NJ,298.0
2026-02-07,NJ,NJ,202.0
2026-02-14,NJ,NJ,193.0
2026-02-21,NJ,NJ,231.0
2026-02-28,NJ,NJ,220.0
2026-03-07,NJ,NJ,173.0
2026-03-14,NJ,NJ,171.0
2026-03-21,NJ,NJ,161.0
2026-03-28,NJ,NJ,63.0
2026-04-04,NJ,NJ,65.0
2026-04-11,NJ,NJ,53.0
2026-04-18,NJ,NJ,29.0
2026-04-25,NJ,NJ,44.0
2026-05-02,NJ,NJ,40.0
2026-05-09,NJ,NJ,42.0
2026-05-16,NJ,NJ,37.0
2026-05-23,NJ,NJ,29.0
2021-10-09,OK,OK,14.0
2021-10-16,OK,OK,14.0
2021-10-23,OK,OK,10.0
2021-10-30,OK,OK,6.0
2021-11-06,OK,OK,8.0
2021-11-13,OK,OK,10.0
2021-11-20,OK,OK,10.0
2021-11-27,OK,OK,15.0
2021-12-04,OK,OK,19.0
2021-12-11,OK,OK,32.0
2021-12-18,OK,OK,30.0
2021-12-25,OK,OK,69.0
2022-01-01,OK,OK,147.0
2022-01-08,OK,OK,122.0
2022-01-15,OK,OK,102.0
2022-01-22,OK,OK,34.0
2022-01-29,OK,OK,39.0
2022-02-05,OK,OK,49.0
2022-02-12,OK,OK,68.0
2022-02-19,OK,OK,74.0
2022-02-26,OK,OK,75.0
2022-03-05,OK,OK,82.0
2022-03-12,OK,OK,116.0
2022-03-19,OK,OK,161.0
2022-03-26,OK,OK,156.0
2022-04-02,OK,OK,165.0
2022-04-09,OK,OK,118.0
2022-04-16,OK,OK,100.0
2022-04-23,OK,OK,76.0
2022-04-30,OK,OK,45.0
2022-05-07,OK,OK,34.0
2022-05-14,OK,OK,47.0
2022-05-21,OK,OK,29.0
2022-05-28,OK,OK,39.0
2022-06-04,OK,OK,33.0
2022-06-11,OK,OK,26.0
2022-06-18,OK,OK,28.0
2022-06-25,OK,OK,28.0
2022-07-02,OK,OK,25.0
2022-07-09,OK,OK,26.0
2022-07-16,OK,OK,24.0
2022-07-23,OK,OK,5.0
2022-07-30,OK,OK,6.0
2022-08-06,OK,OK,22.0
2022-08-13,OK,OK,11.0
2022-08-20,OK,OK,4.0
2022-08-27,OK,OK,8.0
2022-09-03,OK,OK,7.0
2022-09-10,OK,OK,11.0
2022-09-17,OK,OK,12.0
2022-09-24,OK,OK,6.0
2022-10-01,OK,OK,8.0
2022-10-08,PA,PA,58.0
2022-10-15,PA,PA,77.0
2022-10-22,PA,PA,90.0
2022-10-29,PA,PA,166.0
2022-11-05,PA,PA,228.0
2022-11-12,PA,PA,343.0
2022-11-19,PA,PA,399.0
2022-11-26,PA,PA,700.0
2022-12-03,PA,PA,1296.0
2022-12-10,PA,PA,1184.0
2022-12-17,PA,PA,1042.0
2022-12-24,PA,PA,1045.0
2022-12-31,PA,PA,1099.0
2023-01-07,PA,PA,809.0
2023-01-14,PA,PA,450.0
2023-01-21,PA,PA,302.0
2023-01-28,PA,PA,235.0
2023-02-04,PA,PA,190.0
2023-02-11,PA,PA,180.0
2023-02-18,PA,PA,193.0
2023-02-25,PA,PA,168.0
2023-03-04,PA,PA,169.0
2023-03-11,PA,PA,174.0
2023-03-18,PA,PA,153.0
2023-03-25,PA,PA,154.0
2023-04-01,PA,PA,103.0
2023-04-08,PA,PA,65.0
2023-04-15,PA,PA,66.0
2023-04-22,PA,PA,82.0
2023-04-29,PA,PA,80.0
2023-05-06,PA,PA,46.0
2023-05-13,PA,PA,62.0
2023-05-20,PA,PA,54.0
2023-05-27,PA,PA,57.0
2023-06-03,PA,PA,66.0
2023-06-10,PA,PA,60.0
2023-06-17,PA,PA,56.0
2023-06-24,PA,PA,49.0
2023-07-01,PA,PA,47.0
2023-07-08,PA,PA,46.0
2023-07-15,PA,PA,41.0
2023-07-22,PA,PA,37.0
2023-07-29,PA,PA,36.0
2023-08-05,PA,PA,51.0
2023-08-12,PA,PA,37.0
2023-08-19,PA,PA,37.0
2023-08-26,PA,PA,56.0
2023-09-02,PA,PA,41.0
2023-09-09,PA,PA,43.0
2023-09-16,PA,PA,47.0
2023-09-23,PA,PA,46.0
2023-09-30,PA,PA,58.0
2020-08-08,Region 2,Region 2,0.0
2020-08-15,Region 2,Region 2,0.0
2020-08-22,Region 2,Region 2,0.0
2020-08-29,Region 2,Region 2,0.0
2020-09-05,Region 2,Region 2,0.0
2020-09-12,Region 2,Region 2,0.0
2020-09-19,Region 2,Region 2,0.0
2020-09-26,Region 2,Region 2,0.0
2021-10-09,Region 3,Region 3,32.0
2021-10-16,Region 3,Region 3,34.0
2021-10-23,Region 3,Region 3,44.0
2021-10-30,Region 3,Region 3,35.0
2021-11-06,Region 3,Region 3,22.0
2021-11-13,Region 3,Region 3,39.0
2021-11-20,Region 3,Region 3,41.0
2021-11-27,Region 3,Region 3,52.0
2021-12-04,Region 3,Region 3,99.0
2021-12-11,Region 3,Region 3,144.0
2021-12-18,Region 3,Region 3,151.0
2021-12-25,Region 3,Region 3,170.0
2022-01-01,Region 3,Region 3,200.0
2022-01-08,Region 3,Region 3,162.0
2022-01-15,Region 3,Region 3,116.0
2022-01-22,Region 3,Region 3,93.0
2022-01-29,Region 3,Region 3,78.0
2022-02-05,Region 3,Region 3,90.0
2022-02-12,Region 3,Region 3,92.0
2022-02-19,Region 3,Region 3,137.0
2022-02-26,Region 3,Region 3,127.0
2022-03-05,Region 3,Region 3,141.0
2022-03-12,Region 3,Region 3,145.0
2022-03-19,Region 3,Region 3,201.0
2022-03-26,Region 3,Region 3,200.0
2022-04-02,Region 3,Region 3,252.0
2022-04-09,Region 3,Region 3,310.0
2022-04-16,Region 3,Region 3,374.0
2022-04-23,Region 3,Region 3,342.0
2022-04-30,Region 3,Region 3,313.0
2022-05-07,Region 3,Region 3,263.0
2022-05-14,Region 3,Region 3,298.0
2022-05-21,Region 3,Region 3,258.0
2022-05-28,Region 3,Region 3,159.0
2022-06-04,Region 3,Region 3,141.0
2022-06-11,Region 3,Region 3,126.0
2022-06-18,Region 3,Region 3,99.0
2022-06-25,Region 3,Region 3,100.0
2022-07-02,Region 3,Region 3,89.0
2022-07-09,Region 3,Region 3,72.0
2022-07-16,Region 3,Region 3,54.0
2022-07-23,Region 3,Region 3,65.0
2022-07-30,Region 3,Region 3,54.0
2022-08-06,Region 3,Region 3,42.0
2022-08-13,Region 3,Region 3,60.0
2022-08-20,Region 3,Region 3,61.0
2022-08-27,Region 3,Region 3,42.0
2022-09-03,Region 3,Region 3,54.0
2022-09-10,Region 3,Region 3,60.0
2022-09-17,Region 3,Region 3,70.0
2022-09-24,Region 3,Region 3,55.0
2022-10-01,Region 3,Region 3,81.0
2022-10-08,Region 3,Region 3,129.0
2022-10-15,Region 3,Region 3,170.0
2022-10-22,Region 3,Region 3,231.0
2022-10-29,Region 3,Region 3,514.0
2022-11-05,Region 3,Region 3,823.0
2022-11-12,Region 3,Region 3,1080.0
2022-11-19,Region 3,Region 3,1095.0
2022-11-26,Region 3,Region 3,1673.0
2022-12-03,Region 3,Region 3,2671.0
2022-12-10,Region 3,Region 3,2193.0
2022-12-17,Region 3,Region 3,1832.0
2022-12-24,Region 3,Region 3,1745.0
2022-12-31,Region 3,Region 3,1847.0
2023-01-07,Region 3,Region 3,1409.0
2023-01-14,Region 3,Region 3,735.0
2023-01-21,Region 3,Region 3,469.0
2023-01-28,Region 3,Region 3,368.0
2023-02-04,Region 3,Region 3,343.0
2023-02-11,Region 3,Region 3,307.0
2023-02-18,Region 3,Region 3,291.0
2023-02-25,Region 3,Region 3,273.0
2023-03-04,Region 3,Region 3,255.0
2023-03-11,Region 3,Region 3,237.0
2023-03-18,Region 3,Region 3,233.0
2023-03-25,Region 3,Region 3,245.0
2023-04-01,Region 3,Region 3,183.0
2023-04-08,Region 3,Region 3,142.0
2023-04-15,Region 3,Region 3,124.0
2023-04-22,Region 3,Region 3,144.0
2023-04-29,Region 3,Region 3,128.0
2023-05-06,Region 3,Region 3,117.0
2023-05-13,Region 3,Region 3,124.0
2023-05-20,Region 3,Region 3,105.0
2023-05-27,Region 3,Region 3,129.0
2023-06-03,Region 3,Region 3,121.0
2023-06-10,Region 3,Region 3,101.0
2023-06-17,Region 3,Region 3,92.0
2023-06-24,Region 3,Region 3,83.0
2023-07-01,Region 3,Region 3,90.0
2023-07-08,Region 3,Region 3,90.0
2023-07-15,Region 3,Region 3,79.0
2023-07-22,Region 3,Region 3,66.0
2023-07-29,Region 3,Region 3,73.0
2023-08-05,Region 3,Region 3,90.0
2023-08-12,Region 3,Region 3,76.0
2023-08-19,Region 3,Region 3,88.0
2023-08-26,Region 3,Region 3,90.0
2023-09-02,Region 3,Region 3,77.0
2023-09-09,Region 3,Region 3,91.0
2023-09-16,Region 3,Region 3,86.0
2023-09-23,Region 3,Region 3,93.0
2023-09-30,Region 3,Region 3,122.0
2023-10-07,SD,SD,0.0
2023-10-14,SD,SD,0.0
2023-10-21,SD,SD,2.0
2023-10-28,SD,SD,3.0
2023-11-04,SD,SD,1.0
2023-11-11,SD,SD,2.0
2023-11-18,SD,SD,1.0
2023-11-25,SD,SD,2.0
2023-12-02,SD,SD,7.0
2023-12-09,SD,SD,6.0
2023-12-16,SD,SD,13.0
2023-12-23,SD,SD,33.0
2023-12-30,SD,SD,48.0
2024-01-06,SD,SD,54.0
2024-01-13,SD,SD,32.0
2024-01-20,SD,SD,16.0
2024-01-27,SD,SD,27.0
2024-02-03,SD,SD,23.0
2024-02-10,SD,SD,18.0
2024-02-17,SD,SD,26.0
2024-02-24,SD,SD,42.0
2024-03-02,SD,SD,46.0
2024-03-09,SD,SD,37.0
2024-03-16,SD,SD,43.0
2024-03-23,SD,SD,59.0
2024-03-30,SD,SD,33.0
2024-04-06,SD,SD,37.0
2024-04-13,SD,SD,14.0
2024-04-20,SD,SD,24.0
2024-04-27,SD,SD,14.0
2024-05-04,SD,SD,7.0
2024-05-11,SD,SD,1.0
2024-05-18,SD,SD,0.0
2024-05-25,SD,SD,1.0
2024-06-01,SD,SD,0.0
2024-06-08,SD,SD,0.0
2024-06-15,SD,SD,0.0
2024-06-22,SD,SD,0.0
2024-06-29,SD,SD,0.0
2024-07-06,SD,SD,0.0
2024-07-13,SD,SD,0.0
2024-07-20,SD,SD,0.0
2024-07-27,SD,SD,0.0
2024-08-03,SD,SD,0.0
2024-08-10,SD,SD,0.0
2024-08-17,SD,SD,1.0
2024-08-24,SD,SD,0.0
2024-08-31,SD,SD,1.0
2024-09-07,SD,SD,0.0
2024-09-14,SD,SD,1.0
2024-09-21,SD,SD,2.0
2024-09-28,SD,SD,0.0
2020-08-08,USA,USA,0.0
2020-08-15,USA,USA,0.0
2020-08-22,USA,USA,0.0
2020-08-29,USA,USA,0.0
2020-09-05,USA,USA,0.0
2020-09-12,USA,USA,0.0
2020-09-19,USA,USA,0.0
2020-09-26,USA,USA,0.0
2025-10-04,VA,VA,15.0
2025-10-11,VA,VA,18.0
2025-10-18,VA,VA,13.0
2025-10-25,VA,VA,12.0
2025-11-01,VA,VA,15.0
2025-11-08,VA,VA,30.0
2025-11-15,VA,VA,34.0
2025-11-22,VA,VA,62.0
2025-11-29,VA,VA,99.0
2025-12-06,VA,VA,167.0
2025-12-13,VA,VA,195.0
2025-12-20,VA,VA,357.0
2025-12-27,VA,VA,843.0
2026-01-03,VA,VA,1141.0
2026-01-10,VA,VA,862.0
2026-01-17,VA,VA,461.0
2026-01-24,VA,VA,449.0
2026-01-31,VA,VA,381.0
2026-02-07,VA,VA,279.0
2026-02-14,VA,VA,215.0
2026-02-21,VA,VA,284.0
2026-02-28,VA,VA,209.0
2026-03-07,VA,VA,187.0
2026-03-14,VA,VA,122.0
2026-03-21,VA,VA,89.0
2026-03-28,VA,VA,29.0
2026-04-04,VA,VA,26.0
2026-04-11,VA,VA,21.0
2026-04-18,VA,VA,13.0
2026-04-25,VA,VA,19.0
2026-05-02,VA,VA,24.0
2026-05-09,VA,VA,14.0
2026-05-16,VA,VA,18.0
2026-05-23,VA,VA,13.0
2024-10-05,VT,VT,0.0
2024-10-12,VT,VT,0.0
2024-10-19,VT,VT,1.0
2024-10-26,VT,VT,0.0
2024-11-02,VT,VT,0.0
2024-11-09,VT,VT,0.0
2024-11-16,VT,VT,3.0
2024-11-23,VT,VT,0.0
2024-11-30,VT,VT,3.0
2024-12-07,VT,VT,0.0
2024-12-14,VT,VT,8.0
2024-12-21,VT,VT,8.0
2024-12-28,VT,VT,19.0
2025-01-04,VT,VT,35.0
2025-01-11,VT,VT,35.0
2025-01-18,VT,VT,41.0
2025-01-25,VT,VT,58.0
2025-02-01,VT,VT,84.0
2025-02-08,VT,VT,134.0
2025-02-15,VT,VT,115.0
2025-02-22,VT,VT,107.0
2025-03-01,VT,VT,65.0
2025-03-08,VT,VT,43.0
2025-03-15,VT,VT,32.0
2025-03-22,VT,VT,34.0
2025-03-29,VT,VT,26.0
2025-04-05,VT,VT,28.0
2025-04-12,VT,VT,8.0
2025-04-19,VT,VT,12.0
2025-04-26,VT,VT,13.0
2025-05-03,VT,VT,3.0
2025-05-10,VT,VT,1.0
2025-05-17,VT,VT,2.0
2025-05-24,VT,VT,1.0
2025-05-31,VT,VT,1.0
2025-06-07,VT,VT,0.0
2025-06-14,VT,VT,0.0
2025-06-21,VT,VT,0.0
2025-06-28,VT,VT,0.0
2025-07-05,VT,VT,0.0
2025-07-12,VT,VT,0.0
2025-07-19,VT,VT,0.0
2025-07-26,VT,VT,0.0
2025-08-02,VT,VT,0.0
2025-08-09,VT,VT,0.0
2025-08-16,VT,VT,0.0
2025-08-23,VT,VT,0.0
2025-08-30,VT,VT,1.0
2025-09-06,VT,VT,0.0
2025-09-13,VT,VT,1.0
2025-09-20,VT,VT,0.0
2025-09-27,VT,VT,0.0
2023-10-07,CA,CA,45.0
2023-10-14,CA,CA,60.0
2023-10-21,CA,CA,50.0
2023-10-28,CA,CA,76.0
2023-11-04,CA,CA,97.0
2023-11-11,CA,CA,231.0
2023-11-18,CA,CA,372.0
2023-11-25,CA,CA,459.0
2023-12-02,CA,CA,683.0
2023-12-09,CA,CA,868.0
2023-12-16,CA,CA,1077.0
2023-12-23,CA,CA,1763.0
2023-12-30,CA,CA,1810.0
2024-01-06,CA,CA,1470.0
2024-01-13,CA,CA,1075.0
2024-01-20,CA,CA,1096.0
2024-01-27,CA,CA,732.0
2024-02-03,CA,CA,547.0
2024-02-10,CA,CA,464.0
2024-02-17,CA,CA,342.0
2024-02-24,CA,CA,302.0
2024-03-02,CA,CA,266.0
2024-03-09,CA,CA,207.0
2024-03-16,CA,CA,188.0
2024-03-23,CA,CA,175.0
2024-03-30,CA,CA,180.0
2024-04-06,CA,CA,151.0
2024-04-13,CA,CA,179.0
2024-04-20,CA,CA,157.0
2024-04-27,CA,CA,156.0
2024-05-04,CA,CA,77.0
2024-05-11,CA,CA,49.0
2024-05-18,CA,CA,57.0
2024-05-25,CA,CA,42.0
2024-06-01,CA,CA,56.0
2024-06-08,CA,CA,59.0
2024-06-15,CA,CA,58.0
2024-06-22,CA,CA,64.0
2024-06-29,CA,CA,49.0
2024-07-06,CA,CA,37.0
2024-07-13,CA,CA,39.0
2024-07-20,CA,CA,35.0
2024-07-27,CA,CA,29.0
2024-08-03,CA,CA,31.0
2024-08-10,CA,CA,19.0
2024-08-17,CA,CA,32.0
2024-08-24,CA,CA,18.0
2024-08-31,CA,CA,20.0
2024-09-07,CA,CA,15.0
2024-09-14,CA,CA,25.0
2024-09-21,CA,CA,17.0
2024-09-28,CA,CA,26.0
2020-10-03,CT,CT,0.0
2020-10-10,CT,CT,0.0
2020-10-17,CT,CT,0.0
2020-10-24,CT,CT,0.0
2020-10-31,CT,CT,0.0
2020-11-07,CT,CT,0.0
2020-11-14,CT,CT,1.0
2020-11-21,CT,CT,2.0
2020-11-28,CT,CT,0.0
2020-12-05,CT,CT,2.0
2020-12-12,CT,CT,0.0
2020-12-19,CT,CT,3.0
2020-12-26,CT,CT,0.0
2021-01-02,CT,CT,1.0
2021-01-09,CT,CT,1.0
2021-01-16,CT,CT,1.0
2021-01-23,CT,CT,0.0
2021-01-30,CT,CT,0.0
2021-02-06,CT,CT,0.0
2021-02-13,CT,CT,0.0
2021-02-20,CT,CT,0.0
2021-02-27,CT,CT,0.0
2021-03-06,CT,CT,0.0
2021-03-13,CT,CT,0.0
2021-03-20,CT,CT,0.0
2021-03-27,CT,CT,0.0
2021-04-03,CT,CT,0.0
2021-04-10,CT,CT,0.0
2021-04-17,CT,CT,0.0
2021-04-24,CT,CT,0.0
2021-05-01,CT,CT,0.0
2021-05-08,CT,CT,1.0
2021-05-15,CT,CT,0.0
2021-05-22,CT,CT,0.0
2021-05-29,CT,CT,0.0
2021-06-05,CT,CT,0.0
2021-06-12,CT,CT,0.0
2021-06-19,CT,CT,0.0
2021-06-26,CT,CT,0.0
2021-07-03,CT,CT,0.0
2021-07-10,CT,CT,0.0
2021-07-17,CT,CT,0.0
2021-07-24,CT,CT,0.0
2021-07-31,CT,CT,1.0
2021-08-07,CT,CT,0.0
2021-08-14,CT,CT,0.0
2021-08-21,CT,CT,0.0
2021-08-28,CT,CT,0.0
2021-09-04,CT,CT,0.0
2021-09-11,CT,CT,0.0
2021-09-18,CT,CT,0.0
2021-09-25,CT,CT,0.0
2021-10-02,CT,CT,0.0
2025-10-04,HI,HI,1.0
2025-10-11,HI,HI,4.0
2025-10-18,HI,HI,5.0
2025-10-25,HI,HI,10.0
2025-11-01,HI,HI,7.0
2025-11-08,HI,HI,5.0
2025-11-15,HI,HI,16.0
2025-11-22,HI,HI,42.0
2025-11-29,HI,HI,29.0
2025-12-06,HI,HI,40.0
2025-12-13,HI,HI,71.0
2025-12-20,HI,HI,83.0
2025-12-27,HI,HI,88.0
2026-01-03,HI,HI,110.0
2026-01-10,HI,HI,83.0
2026-01-17,HI,HI,50.0
2026-01-24,HI,HI,45.0
2026-01-31,HI,HI,26.0
2026-02-07,HI,HI,32.0
2026-02-14,HI,HI,23.0
2026-02-21,HI,HI,20.0
2026-02-28,HI,HI,9.0
2026-03-07,HI,HI,18.0
2026-03-14,HI,HI,19.0
2026-03-21,HI,HI,24.0
2026-03-28,HI,HI,3.0
2026-04-04,HI,HI,2.0
2026-04-11,HI,HI,4.0
2026-04-18,HI,HI,4.0
2026-04-25,HI,HI,17.0
2026-05-02,HI,HI,21.0
2026-05-09,HI,HI,5.0
2026-05-16,HI,HI,9.0
2026-05-23,HI,HI,17.0
2022-10-08,KS,KS,7.0
2022-10-15,KS,KS,4.0
2022-10-22,KS,KS,16.0
2022-10-29,KS,KS,19.0
2022-11-05,KS,KS,34.0
2022-11-12,KS,KS,44.0
2022-11-19,KS,KS,64.0
2022-11-26,KS,KS,153.0
2022-12-03,KS,KS,301.0
2022-12-10,KS,KS,255.0
2022-12-17,KS,KS,219.0
2022-12-24,KS,KS,182.0
2022-12-31,KS,KS,185.0
2023-01-07,KS,KS,125.0
2023-01-14,KS,KS,54.0
2023-01-21,KS,KS,40.0
2023-01-28,KS,KS,21.0
2023-02-04,KS,KS,12.0
2023-02-11,KS,KS,9.0
2023-02-18,KS,KS,3.0
2023-02-25,KS,KS,8.0
2023-03-04,KS,KS,4.0
2023-03-11,KS,KS,6.0
2023-03-18,KS,KS,7.0
2023-03-25,KS,KS,6.0
2023-04-01,KS,KS,9.0
2023-04-08,KS,KS,5.0
2023-04-15,KS,KS,7.0
2023-04-22,KS,KS,2.0
2023-04-29,KS,KS,2.0
2023-05-06,KS,KS,2.0
2023-05-13,KS,KS,2.0
2023-05-20,KS,KS,4.0
2023-05-27,KS,KS,3.0
2023-06-03,KS,KS,4.0
2023-06-10,KS,KS,13.0
2023-06-17,KS,KS,2.0
2023-06-24,KS,KS,2.0
2023-07-01,KS,KS,3.0
2023-07-08,KS,KS,1.0
2023-07-15,KS,KS,3.0
2023-07-22,KS,KS,0.0
2023-07-29,KS,KS,2.0
2023-08-05,KS,KS,1.0
2023-08-12,KS,KS,2.0
2023-08-19,KS,KS,1.0
2023-08-26,KS,KS,2.0
2023-09-02,KS,KS,3.0
2023-09-09,KS,KS,6.0
2023-09-16,KS,KS,3.0
2023-09-23,KS,KS,4.0
2023-09-30,KS,KS,5.0
2025-10-04,KY,KY,15.0
2025-10-11,KY,KY,23.0
2025-10-18,KY,KY,19.0
2025-10-25,KY,KY,14.0
2025-11-01,KY,KY,13.0
2025-11-08,KY,KY,22.0
2025-11-15,KY,KY,25.0
2025-11-22,KY,KY,28.0
2025-11-29,KY,KY,49.0
2025-12-06,KY,KY,67.0
2025-12-13,KY,KY,104.0
2025-12-20,KY,KY,231.0
2025-12-27,KY,KY,547.0
2026-01-03,KY,KY,631.0
2026-01-10,KY,KY,438.0
2026-01-17,KY,KY,329.0
2026-01-24,KY,KY,283.0
2026-01-31,KY,KY,289.0
2026-02-07,KY,KY,260.0
2026-02-14,KY,KY,223.0
2026-02-21,KY,KY,243.0
2026-02-28,KY,KY,195.0
2026-03-07,KY,KY,241.0
2026-03-14,KY,KY,221.0
2026-03-21,KY,KY,122.0
2026-03-28,KY,KY,64.0
2026-04-04,KY,KY,51.0
2026-04-11,KY,KY,37.0
2026-04-18,KY,KY,35.0
2026-04-25,KY,KY,32.0
2026-05-02,KY,KY,21.0
2026-05-09,KY,KY,15.0
2026-05-16,KY,KY,19.0
2026-05-23,KY,KY,15.0
2020-10-24,MA,MA,0.0
2020-10-31,MA,MA,3.0
2020-11-07,MA,MA,6.0
2020-11-14,MA,MA,3.0
2020-11-21,MA,MA,1.0
2020-11-28,MA,MA,1.0
2020-12-05,MA,MA,3.0
2020-12-12,MA,MA,1.0
2020-12-19,MA,MA,3.0
2020-12-26,MA,MA,4.0
2021-01-02,MA,MA,9.0
2021-01-09,MA,MA,4.0
2021-01-16,MA,MA,3.0
2021-01-23,MA,MA,3.0
2021-01-30,MA,MA,0.0
2021-02-06,MA,MA,4.0
2021-02-13,MA,MA,1.0
2021-02-20,MA,MA,3.0
2021-02-27,MA,MA,2.0
2021-03-06,MA,MA,2.0
2021-03-13,MA,MA,7.0
2021-03-20,MA,MA,9.0
2021-03-27,MA,MA,0.0
2021-04-03,MA,MA,3.0
2021-04-10,MA,MA,4.0
2021-04-17,MA,MA,0.0
2021-04-24,MA,MA,1.0
2021-05-01,MA,MA,1.0
2021-05-08,MA,MA,2.0
2021-05-15,MA,MA,0.0
2021-05-22,MA,MA,0.0
2021-05-29,MA,MA,0.0
2021-06-05,MA,MA,0.0
2021-06-12,MA,MA,0.0
2021-06-19,MA,MA,0.0
2021-06-26,MA,MA,1.0
2021-07-03,MA,MA,0.0
2021-07-10,MA,MA,0.0
2021-07-17,MA,MA,0.0
2021-07-24,MA,MA,0.0
2021-07-31,MA,MA,0.0
2021-08-07,MA,MA,0.0
2021-08-14,MA,MA,1.0
2021-08-21,MA,MA,0.0
2021-08-28,MA,MA,0.0
2021-09-04,MA,MA,0.0
2021-09-11,MA,MA,0.0
2021-09-18,MA,MA,0.0
2021-09-25,MA,MA,0.0
2021-10-02,MA,MA,0.0
2025-10-04,MD,MD,3.0
2025-10-11,MD,MD,9.0
2025-10-18,MD,MD,6.0
2025-10-25,MD,MD,17.0
2025-11-01,MD,MD,14.0
2025-11-08,MD,MD,20.0
2025-11-15,MD,MD,35.0
2025-11-22,MD,MD,66.0
2025-11-29,MD,MD,101.0
2025-12-06,MD,MD,138.0
2025-12-13,MD,MD,238.0
2025-12-20,MD,MD,400.0
2025-12-27,MD,MD,644.0
2026-01-03,MD,MD,803.0
2026-01-10,MD,MD,587.0
2026-01-17,MD,MD,282.0
2026-01-24,MD,MD,169.0
2026-01-31,MD,MD,113.0
2026-02-07,MD,MD,90.0
2026-02-14,MD,MD,78.0
2026-02-21,MD,MD,70.0
2026-02-28,MD,MD,38.0
2026-03-07,MD,MD,48.0
2026-03-14,MD,MD,51.0
2026-03-21,MD,MD,52.0
2026-03-28,MD,MD,9.0
2026-04-04,MD,MD,10.0
2026-04-11,MD,MD,9.0
2026-04-18,MD,MD,6.0
2026-04-25,MD,MD,11.0
2026-05-02,MD,MD,12.0
2026-05-09,MD,MD,20.0
2026-05-16,MD,MD,13.0
2026-05-23,MD,MD,12.0
2021-10-09,MI,MI,6.0
2021-10-16,MI,MI,3.0
2021-10-23,MI,MI,2.0
2021-10-30,MI,MI,0.0
2021-11-06,MI,MI,1.0
2021-11-13,MI,MI,5.0
2021-11-20,MI,MI,7.0
2021-11-27,MI,MI,26.0
2021-12-04,MI,MI,23.0
2021-12-11,MI,MI,57.0
2021-12-18,MI,MI,55.0
2021-12-25,MI,MI,67.0
2022-01-01,MI,MI,98.0
2022-01-08,MI,MI,57.0
2022-01-15,MI,MI,54.0
2022-01-22,MI,MI,31.0
2022-01-29,MI,MI,29.0
2022-02-05,MI,MI,27.0
2022-02-12,MI,MI,40.0
2022-02-19,MI,MI,49.0
2022-02-26,MI,MI,50.0
2022-03-05,MI,MI,74.0
2022-03-12,MI,MI,88.0
2022-03-19,MI,MI,119.0
2022-03-26,MI,MI,134.0
2022-04-02,MI,MI,146.0
2022-04-09,MI,MI,160.0
2022-04-16,MI,MI,150.0
2022-04-23,MI,MI,138.0
2022-04-30,MI,MI,136.0
2022-05-07,MI,MI,169.0
2022-05-14,MI,MI,180.0
2022-05-21,MI,MI,140.0
2022-05-28,MI,MI,93.0
2022-06-04,MI,MI,70.0
2022-06-11,MI,MI,35.0
2022-06-18,MI,MI,32.0
2022-06-25,MI,MI,16.0
2022-07-02,MI,MI,11.0
2022-07-09,MI,MI,9.0
2022-07-16,MI,MI,5.0
2022-07-23,MI,MI,7.0
2022-07-30,MI,MI,4.0
2022-08-06,MI,MI,1.0
2022-08-13,MI,MI,3.0
2022-08-20,MI,MI,2.0
2022-08-27,MI,MI,2.0
2022-09-03,MI,MI,1.0
2022-09-10,MI,MI,9.0
2022-09-17,MI,MI,2.0
2022-09-24,MI,MI,7.0
2022-10-01,MI,MI,4.0
2023-10-07,MT,MT,0.0
2023-10-14,MT,MT,0.0
2023-10-21,MT,MT,1.0
2023-10-28,MT,MT,0.0
2023-11-04,MT,MT,1.0
2023-11-11,MT,MT,5.0
2023-11-18,MT,MT,3.0
2023-11-25,MT,MT,6.0
2023-12-02,MT,MT,18.0
2023-12-09,MT,MT,21.0
2023-12-16,MT,MT,37.0
2023-12-23,MT,MT,78.0
2023-12-30,MT,MT,116.0
2024-01-06,MT,MT,129.0
2024-01-13,MT,MT,114.0
2024-01-20,MT,MT,81.0
2024-01-27,MT,MT,115.0
2024-02-03,MT,MT,85.0
2024-02-10,MT,MT,82.0
2024-02-17,MT,MT,24.0
2024-02-24,MT,MT,22.0
2024-03-02,MT,MT,27.0
2024-03-09,MT,MT,28.0
2024-03-16,MT,MT,35.0
2024-03-23,MT,MT,21.0
2024-03-30,MT,MT,29.0
2024-04-06,MT,MT,7.0
2024-04-13,MT,MT,9.0
2024-04-20,MT,MT,6.0
2024-04-27,MT,MT,3.0
2024-05-04,MT,MT,0.0
2024-05-11,MT,MT,2.0
2024-05-18,MT,MT,1.0
2024-05-25,MT,MT,1.0
2024-06-01,MT,MT,2.0
2024-06-08,MT,MT,0.0
2024-06-15,MT,MT,2.0
2024-06-22,MT,MT,2.0
2024-06-29,MT,MT,0.0
2024-07-06,MT,MT,0.0
2024-07-13,MT,MT,1.0
2024-07-20,MT,MT,0.0
2024-07-27,MT,MT,1.0
2024-08-03,MT,MT,0.0
2024-08-10,MT,MT,0.0
2024-08-17,MT,MT,0.0
2024-08-24,MT,MT,0.0
2024-08-31,MT,MT,0.0
2024-09-07,MT,MT,0.0
2024-09-14,MT,MT,2.0
2024-09-21,MT,MT,0.0
2024-09-28,MT,MT,1.0
2025-10-04,NE,NE,1.0
2025-10-11,NE,NE,5.0
2025-10-18,NE,NE,0.0
2025-10-25,NE,NE,3.0
2025-11-01,NE,NE,1.0
2025-11-08,NE,NE,2.0
2025-11-15,NE,NE,1.0
2025-11-22,NE,NE,2.0
2025-11-29,NE,NE,13.0
2025-12-06,NE,NE,15.0
2025-12-13,NE,NE,28.0
2025-12-20,NE,NE,72.0
2025-12-27,NE,NE,167.0
2026-01-03,NE,NE,202.0
2026-01-10,NE,NE,165.0
2026-01-17,NE,NE,125.0
2026-01-24,NE,NE,145.0
2026-01-31,NE,NE,129.0
2026-02-07,NE,NE,143.0
2026-02-14,NE,NE,152.0
2026-02-21,NE,NE,141.0
2026-02-28,NE,NE,84.0
2026-03-07,NE,NE,59.0
2026-03-14,NE,NE,54.0
2026-03-21,NE,NE,41.0
2026-03-28,NE,NE,17.0
2026-04-04,NE,NE,15.0
2026-04-11,NE,NE,9.0
2026-04-18,NE,NE,8.0
2026-04-25,NE,NE,11.0
2026-05-02,NE,NE,4.0
2026-05-09,NE,NE,7.0
2026-05-16,NE,NE,3.0
2026-05-23,NE,NE,0.0
2021-10-09,PR,PR,20.0
2021-10-16,PR,PR,15.0
2021-10-23,PR,PR,19.0
2021-10-30,PR,PR,12.0
2021-11-06,PR,PR,26.0
2021-11-13,PR,PR,22.0
2021-11-20,PR,PR,19.0
2021-11-27,PR,PR,32.0
2021-12-04,PR,PR,28.0
2021-12-11,PR,PR,23.0
2021-12-18,PR,PR,19.0
2021-12-25,PR,PR,21.0
2022-01-01,PR,PR,16.0
2022-01-08,PR,PR,18.0
2022-01-15,PR,PR,14.0
2022-01-22,PR,PR,19.0
2022-01-29,PR,PR,13.0
2022-02-05,PR,PR,5.0
2022-02-12,PR,PR,15.0
2022-02-19,PR,PR,7.0
2022-02-26,PR,PR,7.0
2022-03-05,PR,PR,6.0
2022-03-12,PR,PR,23.0
2022-03-19,PR,PR,21.0
2022-03-26,PR,PR,31.0
2022-04-02,PR,PR,26.0
2022-04-09,PR,PR,31.0
2022-04-16,PR,PR,55.0
2022-04-23,PR,PR,74.0
2022-04-30,PR,PR,39.0
2022-05-07,PR,PR,28.0
2022-05-14,PR,PR,27.0
2022-05-21,PR,PR,23.0
2022-05-28,PR,PR,23.0
2022-06-04,PR,PR,28.0
2022-06-11,PR,PR,20.0
2022-06-18,PR,PR,26.0
2022-06-25,PR,PR,16.0
2022-07-02,PR,PR,24.0
2022-07-09,PR,PR,13.0
2022-07-16,PR,PR,15.0
2022-07-23,PR,PR,13.0
2022-07-30,PR,PR,15.0
2022-08-06,PR,PR,10.0
2022-08-13,PR,PR,23.0
2022-08-20,PR,PR,13.0
2022-08-27,PR,PR,20.0
2022-09-03,PR,PR,23.0
2022-09-10,PR,PR,37.0
2022-09-17,PR,PR,39.0
2022-09-24,PR,PR,35.0
2022-10-01,PR,PR,45.0
2020-09-26,Region 1,Region 1,0.0
2022-10-08,Region 1,Region 1,11.0
2022-10-15,Region 1,Region 1,14.0
2022-10-22,Region 1,Region 1,23.0
2022-10-29,Region 1,Region 1,55.0
2022-11-05,Region 1,Region 1,79.0
2022-11-12,Region 1,Region 1,111.0
2022-11-19,Region 1,Region 1,208.0
2022-11-26,Region 1,Region 1,441.0
2022-12-03,Region 1,Region 1,1091.0
2022-12-10,Region 1,Region 1,1253.0
2022-12-17,Region 1,Region 1,1434.0
2022-12-24,Region 1,Region 1,1520.0
2022-12-31,Region 1,Region 1,1503.0
2023-01-07,Region 1,Region 1,1013.0
2023-01-14,Region 1,Region 1,462.0
2023-01-21,Region 1,Region 1,253.0
2023-01-28,Region 1,Region 1,159.0
2023-02-04,Region 1,Region 1,97.0
2023-02-11,Region 1,Region 1,95.0
2023-02-18,Region 1,Region 1,66.0
2023-02-25,Region 1,Region 1,46.0
2023-03-04,Region 1,Region 1,33.0
2023-03-11,Region 1,Region 1,47.0
2023-03-18,Region 1,Region 1,50.0
2023-03-25,Region 1,Region 1,49.0
2023-04-01,Region 1,Region 1,38.0
2023-04-08,Region 1,Region 1,42.0
2023-04-15,Region 1,Region 1,24.0
2023-04-22,Region 1,Region 1,24.0
2023-04-29,Region 1,Region 1,26.0
2023-05-06,Region 1,Region 1,23.0
2023-05-13,Region 1,Region 1,33.0
2023-05-20,Region 1,Region 1,29.0
2023-05-27,Region 1,Region 1,32.0
2023-06-03,Region 1,Region 1,18.0
2023-06-10,Region 1,Region 1,21.0
2023-06-17,Region 1,Region 1,22.0
2023-06-24,Region 1,Region 1,11.0
2023-07-01,Region 1,Region 1,19.0
2023-07-08,Region 1,Region 1,9.0
2023-07-15,Region 1,Region 1,10.0
2023-07-22,Region 1,Region 1,14.0
2023-07-29,Region 1,Region 1,13.0
2023-08-05,Region 1,Region 1,13.0
2023-08-12,Region 1,Region 1,19.0
2023-08-19,Region 1,Region 1,13.0
2023-08-26,Region 1,Region 1,20.0
2023-09-02,Region 1,Region 1,33.0
2023-09-09,Region 1,Region 1,11.0
2023-09-16,Region 1,Region 1,16.0
2023-09-23,Region 1,Region 1,32.0
2023-09-30,Region 1,Region 1,20.0
2020-10-10,Region 10,Region 10,0.0
2020-10-17,Region 10,Region 10,0.0
2020-10-24,Region 10,Region 10,1.0
2020-10-31,Region 10,Region 10,0.0
2020-11-07,Region 10,Region 10,1.0
2020-11-14,Region 10,Region 10,3.0
2020-11-21,Region 10,Region 10,2.0
2020-11-28,Region 10,Region 10,5.0
2020-12-05,Region 10,Region 10,6.0
2020-12-12,Region 10,Region 10,8.0
2020-12-19,Region 10,Region 10,10.0
2020-12-26,Region 10,Region 10,6.0
2021-01-02,Region 10,Region 10,2.0
2021-01-09,Region 10,Region 10,4.0
2021-01-16,Region 10,Region 10,2.0
2021-01-23,Region 10,Region 10,0.0
2021-01-30,Region 10,Region 10,0.0
2021-02-06,Region 10,Region 10,0.0
2021-02-13,Region 10,Region 10,2.0
2021-02-20,Region 10,Region 10,2.0
2021-02-27,Region 10,Region 10,4.0
2021-03-06,Region 10,Region 10,5.0
2021-03-13,Region 10,Region 10,2.0
2021-03-20,Region 10,Region 10,5.0
2021-03-27,Region 10,Region 10,2.0
2021-04-03,Region 10,Region 10,1.0
2021-04-10,Region 10,Region 10,2.0
2021-04-17,Region 10,Region 10,3.0
2021-04-24,Region 10,Region 10,9.0
2021-05-01,Region 10,Region 10,8.0
2021-05-08,Region 10,Region 10,9.0
2021-05-15,Region 10,Region 10,12.0
2021-05-22,Region 10,Region 10,10.0
2021-05-29,Region 10,Region 10,9.0
2021-06-05,Region 10,Region 10,7.0
2021-06-12,Region 10,Region 10,8.0
2021-06-19,Region 10,Region 10,8.0
2021-06-26,Region 10,Region 10,8.0
2021-07-03,Region 10,Region 10,8.0
2021-07-10,Region 10,Region 10,8.0
2021-07-17,Region 10,Region 10,7.0
2021-07-24,Region 10,Region 10,9.0
2021-07-31,Region 10,Region 10,7.0
2021-08-07,Region 10,Region 10,8.0
2021-08-14,Region 10,Region 10,7.0
2021-08-21,Region 10,Region 10,13.0
2021-08-28,Region 10,Region 10,9.0
2021-09-04,Region 10,Region 10,7.0
2021-09-11,Region 10,Region 10,9.0
2021-09-18,Region 10,Region 10,9.0
2021-09-25,Region 10,Region 10,8.0
2021-10-02,Region 10,Region 10,10.0
2023-10-07,TX,TX,119.0
2023-10-14,TX,TX,167.0
2023-10-21,TX,TX,242.0
2023-10-28,TX,TX,245.0
2023-11-04,TX,TX,346.0
2023-11-11,TX,TX,427.0
2023-11-18,TX,TX,428.0
2023-11-25,TX,TX,534.0
2023-12-02,TX,TX,699.0
2023-12-09,TX,TX,829.0
2023-12-16,TX,TX,1155.0
2023-12-23,TX,TX,1597.0
2023-12-30,TX,TX,1975.0
2024-01-06,TX,TX,2093.0
2024-01-13,TX,TX,1964.0
2024-01-20,TX,TX,1682.0
2024-01-27,TX,TX,1868.0
2024-02-03,TX,TX,1869.0
2024-02-10,TX,TX,1500.0
2024-02-17,TX,TX,1125.0
2024-02-24,TX,TX,995.0
2024-03-02,TX,TX,811.0
2024-03-09,TX,TX,637.0
2024-03-16,TX,TX,538.0
2024-03-23,TX,TX,398.0
2024-03-30,TX,TX,360.0
2024-04-06,TX,TX,308.0
2024-04-13,TX,TX,275.0
2024-04-20,TX,TX,255.0
2024-04-27,TX,TX,171.0
2024-05-04,TX,TX,89.0
2024-05-11,TX,TX,1.0
2024-05-18,TX,TX,0.0
2024-05-25,TX,TX,2.0
2024-06-01,TX,TX,0.0
2024-06-08,TX,TX,1.0
2024-06-15,TX,TX,0.0
2024-06-22,TX,TX,1.0
2024-06-29,TX,TX,0.0
2024-07-06,TX,TX,2.0
2024-07-13,TX,TX,1.0
2024-07-20,TX,TX,4.0
2024-07-27,TX,TX,0.0
2024-08-03,TX,TX,2.0
2024-08-10,TX,TX,3.0
2024-08-17,TX,TX,2.0
2024-08-24,TX,TX,2.0
2024-08-31,TX,TX,2.0
2024-09-07,TX,TX,1.0
2024-09-14,TX,TX,1.0
2024-09-21,TX,TX,1.0
2024-09-28,TX,TX,1.0
2025-10-04,WA,WA,6.0
2025-10-11,WA,WA,7.0
2025-10-18,WA,WA,11.0
2025-10-25,WA,WA,12.0
2025-11-01,WA,WA,16.0
2025-11-08,WA,WA,13.0
2025-11-15,WA,WA,19.0
2025-11-22,WA,WA,37.0
2025-11-29,WA,WA,36.0
2025-12-06,WA,WA,61.0
2025-12-13,WA,WA,59.0
2025-12-20,WA,WA,116.0
2025-12-27,WA,WA,164.0
2026-01-03,WA,WA,250.0
2026-01-10,WA,WA,261.0
2026-01-17,WA,WA,206.0
2026-01-24,WA,WA,236.0
2026-01-31,WA,WA,298.0
2026-02-07,WA,WA,334.0
2026-02-14,WA,WA,275.0
2026-02-21,WA,WA,230.0
2026-02-28,WA,WA,190.0
2026-03-07,WA,WA,158.0
2026-03-14,WA,WA,91.0
2026-03-21,WA,WA,79.0
2026-03-28,WA,WA,48.0
2026-04-04,WA,WA,55.0
2026-04-11,WA,WA,41.0
2026-04-18,WA,WA,40.0
2026-04-25,WA,WA,39.0
2026-05-02,WA,WA,29.0
2026-05-09,WA,WA,29.0
2026-05-16,WA,WA,28.0
2026-05-23,WA,WA,17.0
2020-10-10,WI,WI,0.0
2020-10-17,WI,WI,0.0
2020-10-24,WI,WI,0.0
2020-10-31,WI,WI,1.0
2020-11-07,WI,WI,9.0
2020-11-14,WI,WI,4.0
2020-11-21,WI,WI,0.0
2020-11-28,WI,WI,4.0
2020-12-05,WI,WI,0.0
2020-12-12,WI,WI,1.0
2020-12-19,WI,WI,2.0
2020-12-26,WI,WI,2.0
2021-01-02,WI,WI,0.0
2021-01-09,WI,WI,0.0
2021-01-16,WI,WI,1.0
2021-01-23,WI,WI,0.0
2021-01-30,WI,WI,3.0
2021-02-06,WI,WI,5.0
2021-02-13,WI,WI,1.0
2021-02-20,WI,WI,12.0
2021-02-27,WI,WI,2.0
2021-03-06,WI,WI,1.0
2021-03-13,WI,WI,1.0
2021-03-20,WI,WI,2.0
2021-03-27,WI,WI,1.0
2021-04-03,WI,WI,1.0
2021-04-10,WI,WI,0.0
2021-04-17,WI,WI,0.0
2021-04-24,WI,WI,1.0
2021-05-01,WI,WI,4.0
2021-05-08,WI,WI,0.0
2021-05-15,WI,WI,1.0
2021-05-22,WI,WI,0.0
2021-05-29,WI,WI,3.0
2021-06-05,WI,WI,2.0
2021-06-12,WI,WI,1.0
2021-06-19,WI,WI,0.0
2021-06-26,WI,WI,0.0
2021-07-03,WI,WI,0.0
2021-07-10,WI,WI,0.0
2021-07-17,WI,WI,0.0
2021-07-24,WI,WI,0.0
2021-07-31,WI,WI,1.0
2021-08-07,WI,WI,1.0
2021-08-14,WI,WI,0.0
2021-08-21,WI,WI,0.0
2021-08-28,WI,WI,0.0
2021-09-04,WI,WI,1.0
2021-09-11,WI,WI,0.0
2021-09-18,WI,WI,0.0
2021-09-25,WI,WI,12.0
2021-10-02,WI,WI,3.0
2023-10-07,WI,WI,10.0
2023-10-14,WI,WI,3.0
2023-10-21,WI,WI,4.0
2023-10-28,WI,WI,7.0
2023-11-04,WI,WI,16.0
2023-11-11,WI,WI,20.0
2023-11-18,WI,WI,15.0
2023-11-25,WI,WI,34.0
2023-12-02,WI,WI,59.0
2023-12-09,WI,WI,97.0
2023-12-16,WI,WI,122.0
2023-12-23,WI,WI,187.0
2023-12-30,WI,WI,297.0
2024-01-06,WI,WI,248.0
2024-01-13,WI,WI,265.0
2024-01-20,WI,WI,175.0
2024-01-27,WI,WI,141.0
2024-02-03,WI,WI,175.0
2024-02-10,WI,WI,178.0
2024-02-17,WI,WI,209.0
2024-02-24,WI,WI,213.0
2024-03-02,WI,WI,200.0
2024-03-09,WI,WI,197.0
2024-03-16,WI,WI,183.0
2024-03-23,WI,WI,132.0
2024-03-30,WI,WI,126.0
2024-04-06,WI,WI,124.0
2024-04-13,WI,WI,77.0
2024-04-20,WI,WI,66.0
2024-04-27,WI,WI,37.0
2024-05-04,WI,WI,15.0
2024-05-11,WI,WI,10.0
2024-05-18,WI,WI,11.0
2024-05-25,WI,WI,3.0
2024-06-01,WI,WI,3.0
2024-06-08,WI,WI,0.0
2024-06-15,WI,WI,2.0
2024-06-22,WI,WI,1.0
2024-06-29,WI,WI,2.0
2024-07-06,WI,WI,2.0
2024-07-13,WI,WI,3.0
2024-07-20,WI,WI,3.0
2024-07-27,WI,WI,1.0
2024-08-03,WI,WI,1.0
2024-08-10,WI,WI,2.0
2024-08-17,WI,WI,3.0
2024-08-24,WI,WI,2.0
2024-08-31,WI,WI,0.0
2024-09-07,WI,WI,1.0
2024-09-14,WI,WI,0.0
2024-09-21,WI,WI,0.0
2024-09-28,WI,WI,1.0
2022-10-08,CO,CO,2.0
2022-10-15,CO,CO,3.0
2022-10-22,CO,CO,14.0
2022-10-29,CO,CO,27.0
2022-11-05,CO,CO,35.0
2022-11-12,CO,CO,58.0
2022-11-19,CO,CO,107.0
2022-11-26,CO,CO,157.0
2022-12-03,CO,CO,163.0
2022-12-10,CO,CO,235.0
2022-12-17,CO,CO,255.0
2022-12-24,CO,CO,399.0
2022-12-31,CO,CO,315.0
2023-01-07,CO,CO,158.0
2023-01-14,CO,CO,99.0
2023-01-21,CO,CO,37.0
2023-01-28,CO,CO,26.0
2023-02-04,CO,CO,38.0
2023-02-11,CO,CO,27.0
2023-02-18,CO,CO,17.0
2023-02-25,CO,CO,13.0
2023-03-04,CO,CO,19.0
2023-03-11,CO,CO,9.0
2023-03-18,CO,CO,12.0
2023-03-25,CO,CO,10.0
2023-04-01,CO,CO,6.0
2023-04-08,CO,CO,7.0
2023-04-15,CO,CO,18.0
2023-04-22,CO,CO,12.0
2023-04-29,CO,CO,9.0
2023-05-06,CO,CO,7.0
2023-05-13,CO,CO,7.0
2023-05-20,CO,CO,9.0
2023-05-27,CO,CO,10.0
2023-06-03,CO,CO,5.0
2023-06-10,CO,CO,3.0
2023-06-17,CO,CO,6.0
2023-06-24,CO,CO,3.0
2023-07-01,CO,CO,7.0
2023-07-08,CO,CO,3.0
2023-07-15,CO,CO,8.0
2023-07-22,CO,CO,4.0
2023-07-29,CO,CO,3.0
2023-08-05,CO,CO,3.0
2023-08-12,CO,CO,1.0
2023-08-19,CO,CO,0.0
2023-08-26,CO,CO,4.0
2023-09-02,CO,CO,3.0
2023-09-09,CO,CO,7.0
2023-09-16,CO,CO,2.0
2023-09-23,CO,CO,8.0
2023-09-30,CO,CO,8.0
2024-10-05,HI,HI,0.0
2024-10-12,HI,HI,1.0
2024-10-19,HI,HI,1.0
2024-10-26,HI,HI,2.0
2024-11-02,HI,HI,3.0
2024-11-09,HI,HI,7.0
2024-11-16,HI,HI,15.0
2024-11-23,HI,HI,8.0
2024-11-30,HI,HI,14.0
2024-12-07,HI,HI,20.0
2024-12-14,HI,HI,34.0
2024-12-21,HI,HI,42.0
2024-12-28,HI,HI,57.0
2025-01-04,HI,HI,125.0
2025-01-11,HI,HI,113.0
2025-01-18,HI,HI,91.0
2025-01-25,HI,HI,88.0
2025-02-01,HI,HI,70.0
2025-02-08,HI,HI,83.0
2025-02-15,HI,HI,79.0
2025-02-22,HI,HI,86.0
2025-03-01,HI,HI,67.0
2025-03-08,HI,HI,63.0
2025-03-15,HI,HI,56.0
2025-03-22,HI,HI,42.0
2025-03-29,HI,HI,31.0
2025-04-05,HI,HI,39.0
2025-04-12,HI,HI,24.0
2025-04-19,HI,HI,24.0
2025-04-26,HI,HI,24.0
2025-05-03,HI,HI,34.0
2025-05-10,HI,HI,30.0
2025-05-17,HI,HI,25.0
2025-05-24,HI,HI,18.0
2025-05-31,HI,HI,19.0
2025-06-07,HI,HI,10.0
2025-06-14,HI,HI,14.0
2025-06-21,HI,HI,5.0
2025-06-28,HI,HI,8.0
2025-07-05,HI,HI,9.0
2025-07-12,HI,HI,4.0
2025-07-19,HI,HI,3.0
2025-07-26,HI,HI,6.0
2025-08-02,HI,HI,4.0
2025-08-09,HI,HI,6.0
2025-08-16,HI,HI,4.0
2025-08-23,HI,HI,0.0
2025-08-30,HI,HI,4.0
2025-09-06,HI,HI,4.0
2025-09-13,HI,HI,6.0
2025-09-20,HI,HI,1.0
2025-09-27,HI,HI,3.0
2020-10-24,IA,IA,1.0
2020-10-31,IA,IA,2.0
2020-11-07,IA,IA,9.0
2020-11-14,IA,IA,16.0
2020-11-21,IA,IA,4.0
2020-11-28,IA,IA,9.0
2020-12-05,IA,IA,1.0
2020-12-12,IA,IA,3.0
2020-12-19,IA,IA,4.0
2020-12-26,IA,IA,2.0
2021-01-02,IA,IA,7.0
2021-01-09,IA,IA,2.0
2021-01-16,IA,IA,7.0
2021-01-23,IA,IA,1.0
2021-01-30,IA,IA,3.0
2021-02-06,IA,IA,2.0
2021-02-13,IA,IA,1.0
2021-02-20,IA,IA,4.0
2021-02-27,IA,IA,0.0
2021-03-06,IA,IA,0.0
2021-03-13,IA,IA,2.0
2021-03-20,IA,IA,0.0
2021-03-27,IA,IA,10.0
2021-04-03,IA,IA,3.0
2021-04-10,IA,IA,1.0
2021-04-17,IA,IA,13.0
2021-04-24,IA,IA,2.0
2021-05-01,IA,IA,2.0
2021-05-08,IA,IA,2.0
2021-05-15,IA,IA,0.0
2021-05-22,IA,IA,1.0
2021-05-29,IA,IA,1.0
2021-06-05,IA,IA,0.0
2021-06-12,IA,IA,1.0
2021-06-19,IA,IA,0.0
2021-06-26,IA,IA,0.0
2021-07-03,IA,IA,0.0
2021-07-10,IA,IA,0.0
2021-07-17,IA,IA,0.0
2021-07-24,IA,IA,0.0
2021-07-31,IA,IA,0.0
2021-08-07,IA,IA,0.0
2021-08-14,IA,IA,0.0
2021-08-21,IA,IA,3.0
2021-08-28,IA,IA,0.0
2021-09-04,IA,IA,0.0
2021-09-11,IA,IA,1.0
2021-09-18,IA,IA,0.0
2021-09-25,IA,IA,9.0
2021-10-02,IA,IA,0.0
2022-10-08,ID,ID,1.0
2022-10-15,ID,ID,1.0
2022-10-22,ID,ID,1.0
2022-10-29,ID,ID,1.0
2022-11-05,ID,ID,16.0
2022-11-12,ID,ID,11.0
2022-11-19,ID,ID,56.0
2022-11-26,ID,ID,141.0
2022-12-03,ID,ID,183.0
2022-12-10,ID,ID,185.0
2022-12-17,ID,ID,286.0
2022-12-24,ID,ID,203.0
2022-12-31,ID,ID,223.0
2023-01-07,ID,ID,112.0
2023-01-14,ID,ID,46.0
2023-01-21,ID,ID,35.0
2023-01-28,ID,ID,17.0
2023-02-04,ID,ID,3.0
2023-02-11,ID,ID,4.0
2023-02-18,ID,ID,8.0
2023-02-25,ID,ID,3.0
2023-03-04,ID,ID,3.0
2023-03-11,ID,ID,4.0
2023-03-18,ID,ID,6.0
2023-03-25,ID,ID,3.0
2023-04-01,ID,ID,3.0
2023-04-08,ID,ID,5.0
2023-04-15,ID,ID,2.0
2023-04-22,ID,ID,3.0
2023-04-29,ID,ID,7.0
2023-05-06,ID,ID,5.0
2023-05-13,ID,ID,9.0
2023-05-20,ID,ID,1.0
2023-05-27,ID,ID,2.0
2023-06-03,ID,ID,2.0
2023-06-10,ID,ID,1.0
2023-06-17,ID,ID,6.0
2023-06-24,ID,ID,1.0
2023-07-01,ID,ID,7.0
2023-07-08,ID,ID,3.0
2023-07-15,ID,ID,3.0
2023-07-22,ID,ID,1.0
2023-07-29,ID,ID,3.0
2023-08-05,ID,ID,2.0
2023-08-12,ID,ID,3.0
2023-08-19,ID,ID,3.0
2023-08-26,ID,ID,0.0
2023-09-02,ID,ID,0.0
2023-09-09,ID,ID,2.0
2023-09-16,ID,ID,0.0
2023-09-23,ID,ID,3.0
2023-09-30,ID,ID,2.0
2024-10-05,MD,MD,1.0
2024-10-12,MD,MD,0.0
2024-10-19,MD,MD,2.0
2024-10-26,MD,MD,0.0
2024-11-02,MD,MD,4.0
2024-11-09,MD,MD,9.0
2024-11-16,MD,MD,11.0
2024-11-23,MD,MD,16.0
2024-11-30,MD,MD,21.0
2024-12-07,MD,MD,37.0
2024-12-14,MD,MD,73.0
2024-12-21,MD,MD,131.0
2024-12-28,MD,MD,195.0
2025-01-04,MD,MD,457.0
2025-01-11,MD,MD,372.0
2025-01-18,MD,MD,466.0
2025-01-25,MD,MD,611.0
2025-02-01,MD,MD,810.0
2025-02-08,MD,MD,1086.0
2025-02-15,MD,MD,1081.0
2025-02-22,MD,MD,764.0
2025-03-01,MD,MD,548.0
2025-03-08,MD,MD,379.0
2025-03-15,MD,MD,291.0
2025-03-22,MD,MD,210.0
2025-03-29,MD,MD,135.0
2025-04-05,MD,MD,129.0
2025-04-12,MD,MD,94.0
2025-04-19,MD,MD,62.0
2025-04-26,MD,MD,47.0
2025-05-03,MD,MD,41.0
2025-05-10,MD,MD,21.0
2025-05-17,MD,MD,10.0
2025-05-24,MD,MD,26.0
2025-05-31,MD,MD,38.0
2025-06-07,MD,MD,34.0
2025-06-14,MD,MD,13.0
2025-06-21,MD,MD,6.0
2025-06-28,MD,MD,6.0
2025-07-05,MD,MD,7.0
2025-07-12,MD,MD,4.0
2025-07-19,MD,MD,4.0
2025-07-26,MD,MD,18.0
2025-08-02,MD,MD,6.0
2025-08-09,MD,MD,3.0
2025-08-16,MD,MD,6.0
2025-08-23,MD,MD,7.0
2025-08-30,MD,MD,6.0
2025-09-06,MD,MD,3.0
2025-09-13,MD,MD,6.0
2025-09-20,MD,MD,6.0
2025-09-27,MD,MD,4.0
2021-10-09,MN,MN,1.0
2021-10-16,MN,MN,1.0
2021-10-23,MN,MN,1.0
2021-10-30,MN,MN,2.0
2021-11-06,MN,MN,2.0
2021-11-13,MN,MN,0.0
2021-11-20,MN,MN,2.0
2021-11-27,MN,MN,2.0
2021-12-04,MN,MN,14.0
2021-12-11,MN,MN,25.0
2021-12-18,MN,MN,41.0
2021-12-25,MN,MN,69.0
2022-01-01,MN,MN,108.0
2022-01-08,MN,MN,103.0
2022-01-15,MN,MN,66.0
2022-01-22,MN,MN,46.0
2022-01-29,MN,MN,20.0
2022-02-05,MN,MN,18.0
2022-02-12,MN,MN,20.0
2022-02-19,MN,MN,30.0
2022-02-26,MN,MN,19.0
2022-03-05,MN,MN,28.0
2022-03-12,MN,MN,35.0
2022-03-19,MN,MN,29.0
2022-03-26,MN,MN,37.0
2022-04-02,MN,MN,33.0
2022-04-09,MN,MN,28.0
2022-04-16,MN,MN,27.0
2022-04-23,MN,MN,33.0
2022-04-30,MN,MN,29.0
2022-05-07,MN,MN,32.0
2022-05-14,MN,MN,17.0
2022-05-21,MN,MN,13.0
2022-05-28,MN,MN,12.0
2022-06-04,MN,MN,6.0
2022-06-11,MN,MN,4.0
2022-06-18,MN,MN,10.0
2022-06-25,MN,MN,0.0
2022-07-02,MN,MN,1.0
2022-07-09,MN,MN,2.0
2022-07-16,MN,MN,2.0
2022-07-23,MN,MN,3.0
2022-07-30,MN,MN,3.0
2022-08-06,MN,MN,2.0
2022-08-13,MN,MN,5.0
2022-08-20,MN,MN,0.0
2022-08-27,MN,MN,1.0
2022-09-03,MN,MN,1.0
2022-09-10,MN,MN,1.0
2022-09-17,MN,MN,0.0
2022-09-24,MN,MN,2.0
2022-10-01,MN,MN,2.0
2024-10-05,MS,MS,10.0
2024-10-12,MS,MS,0.0
2024-10-19,MS,MS,4.0
2024-10-26,MS,MS,0.0
2024-11-02,MS,MS,15.0
2024-11-09,MS,MS,23.0
2024-11-16,MS,MS,24.0
2024-11-23,MS,MS,36.0
2024-11-30,MS,MS,28.0
2024-12-07,MS,MS,39.0
2024-12-14,MS,MS,62.0
2024-12-21,MS,MS,100.0
2024-12-28,MS,MS,212.0
2025-01-04,MS,MS,285.0
2025-01-11,MS,MS,229.0
2025-01-18,MS,MS,251.0
2025-01-25,MS,MS,350.0
2025-02-01,MS,MS,589.0
2025-02-08,MS,MS,503.0
2025-02-15,MS,MS,289.0
2025-02-22,MS,MS,223.0
2025-03-01,MS,MS,214.0
2025-03-08,MS,MS,181.0
2025-03-15,MS,MS,196.0
2025-03-22,MS,MS,106.0
2025-03-29,MS,MS,58.0
2025-04-05,MS,MS,55.0
2025-04-12,MS,MS,47.0
2025-04-19,MS,MS,29.0
2025-04-26,MS,MS,23.0
2025-05-03,MS,MS,15.0
2025-05-10,MS,MS,19.0
2025-05-17,MS,MS,16.0
2025-05-24,MS,MS,15.0
2025-05-31,MS,MS,20.0
2025-06-07,MS,MS,17.0
2025-06-14,MS,MS,17.0
2025-06-21,MS,MS,19.0
2025-06-28,MS,MS,12.0
2025-07-05,MS,MS,10.0
2025-07-12,MS,MS,15.0
2025-07-19,MS,MS,12.0
2025-07-26,MS,MS,12.0
2025-08-02,MS,MS,5.0
2025-08-09,MS,MS,12.0
2025-08-16,MS,MS,15.0
2025-08-23,MS,MS,16.0
2025-08-30,MS,MS,19.0
2025-09-06,MS,MS,17.0
2025-09-13,MS,MS,15.0
2025-09-20,MS,MS,13.0
2025-09-27,MS,MS,10.0
2020-10-03,NV,NV,0.0
2020-10-10,NV,NV,0.0
2020-10-17,NV,NV,0.0
2020-10-24,NV,NV,5.0
2020-10-31,NV,NV,53.0
2020-11-07,NV,NV,3.0
2020-11-14,NV,NV,1.0
2020-11-21,NV,NV,6.0
2020-11-28,NV,NV,2.0
2020-12-05,NV,NV,10.0
2020-12-12,NV,NV,11.0
2020-12-19,NV,NV,7.0
2020-12-26,NV,NV,3.0
2021-01-02,NV,NV,17.0
2021-01-09,NV,NV,9.0
2021-01-16,NV,NV,13.0
2021-01-23,NV,NV,2.0
2021-01-30,NV,NV,5.0
2021-02-06,NV,NV,2.0
2021-02-13,NV,NV,0.0
2021-02-20,NV,NV,5.0
2021-02-27,NV,NV,6.0
2021-03-06,NV,NV,0.0
2021-03-13,NV,NV,13.0
2021-03-20,NV,NV,2.0
2021-03-27,NV,NV,0.0
2021-04-03,NV,NV,4.0
2021-04-10,NV,NV,3.0
2021-04-17,NV,NV,5.0
2021-04-24,NV,NV,7.0
2021-05-01,NV,NV,13.0
2021-05-08,NV,NV,2.0
2021-05-15,NV,NV,2.0
2021-05-22,NV,NV,0.0
2021-05-29,NV,NV,0.0
2021-06-05,NV,NV,2.0
2021-06-12,NV,NV,3.0
2021-06-19,NV,NV,9.0
2021-06-26,NV,NV,2.0
2021-07-03,NV,NV,1.0
2021-07-10,NV,NV,2.0
2021-07-17,NV,NV,3.0
2021-07-24,NV,NV,2.0
2021-07-31,NV,NV,0.0
2021-08-07,NV,NV,0.0
2021-08-14,NV,NV,1.0
2021-08-21,NV,NV,2.0
2021-08-28,NV,NV,6.0
2021-09-04,NV,NV,0.0
2021-09-11,NV,NV,0.0
2021-09-18,NV,NV,4.0
2021-09-25,NV,NV,1.0
2021-10-02,NV,NV,3.0
2023-10-07,NY,NY,37.0
2023-10-14,NY,NY,26.0
2023-10-21,NY,NY,33.0
2023-10-28,NY,NY,47.0
2023-11-04,NY,NY,56.0
2023-11-11,NY,NY,88.0
2023-11-18,NY,NY,123.0
2023-11-25,NY,NY,176.0
2023-12-02,NY,NY,338.0
2023-12-09,NY,NY,501.0
2023-12-16,NY,NY,743.0
2023-12-23,NY,NY,938.0
2023-12-30,NY,NY,1333.0
2024-01-06,NY,NY,1240.0
2024-01-13,NY,NY,1024.0
2024-01-20,NY,NY,851.0
2024-01-27,NY,NY,884.0
2024-02-03,NY,NY,764.0
2024-02-10,NY,NY,765.0
2024-02-17,NY,NY,780.0
2024-02-24,NY,NY,782.0
2024-03-02,NY,NY,764.0
2024-03-09,NY,NY,593.0
2024-03-16,NY,NY,411.0
2024-03-23,NY,NY,355.0
2024-03-30,NY,NY,391.0
2024-04-06,NY,NY,408.0
2024-04-13,NY,NY,365.0
2024-04-20,NY,NY,216.0
2024-04-27,NY,NY,164.0
2024-05-04,NY,NY,132.0
2024-05-11,NY,NY,52.0
2024-05-18,NY,NY,28.0
2024-05-25,NY,NY,20.0
2024-06-01,NY,NY,12.0
2024-06-08,NY,NY,10.0
2024-06-15,NY,NY,10.0
2024-06-22,NY,NY,7.0
2024-06-29,NY,NY,6.0
2024-07-06,NY,NY,4.0
2024-07-13,NY,NY,1.0
2024-07-20,NY,NY,14.0
2024-07-27,NY,NY,1.0
2024-08-03,NY,NY,0.0
2024-08-10,NY,NY,3.0
2024-08-17,NY,NY,1.0
2024-08-24,NY,NY,2.0
2024-08-31,NY,NY,0.0
2024-09-07,NY,NY,0.0
2024-09-14,NY,NY,2.0
2024-09-21,NY,NY,3.0
2024-09-28,NY,NY,5.0
2021-10-09,OH,OH,8.0
2021-10-16,OH,OH,4.0
2021-10-23,OH,OH,12.0
2021-10-30,OH,OH,9.0
2021-11-06,OH,OH,12.0
2021-11-13,OH,OH,8.0
2021-11-20,OH,OH,9.0
2021-11-27,OH,OH,14.0
2021-12-04,OH,OH,37.0
2021-12-11,OH,OH,40.0
2021-12-18,OH,OH,65.0
2021-12-25,OH,OH,89.0
2022-01-01,OH,OH,163.0
2022-01-08,OH,OH,96.0
2022-01-15,OH,OH,65.0
2022-01-22,OH,OH,31.0
2022-01-29,OH,OH,32.0
2022-02-05,OH,OH,20.0
2022-02-12,OH,OH,26.0
2022-02-19,OH,OH,33.0
2022-02-26,OH,OH,32.0
2022-03-05,OH,OH,53.0
2022-03-12,OH,OH,75.0
2022-03-19,OH,OH,94.0
2022-03-26,OH,OH,104.0
2022-04-02,OH,OH,97.0
2022-04-09,OH,OH,127.0
2022-04-16,OH,OH,133.0
2022-04-23,OH,OH,115.0
2022-04-30,OH,OH,104.0
2022-05-07,OH,OH,99.0
2022-05-14,OH,OH,79.0
2022-05-21,OH,OH,66.0
2022-05-28,OH,OH,45.0
2022-06-04,OH,OH,37.0
2022-06-11,OH,OH,21.0
2022-06-18,OH,OH,20.0
2022-06-25,OH,OH,12.0
2022-07-02,OH,OH,11.0
2022-07-09,OH,OH,6.0
2022-07-16,OH,OH,5.0
2022-07-23,OH,OH,11.0
2022-07-30,OH,OH,7.0
2022-08-06,OH,OH,4.0
2022-08-13,OH,OH,1.0
2022-08-20,OH,OH,10.0
2022-08-27,OH,OH,10.0
2022-09-03,OH,OH,13.0
2022-09-10,OH,OH,16.0
2022-09-17,OH,OH,7.0
2022-09-24,OH,OH,11.0
2022-10-01,OH,OH,15.0
2022-10-08,RI,RI,1.0
2022-10-15,RI,RI,0.0
2022-10-22,RI,RI,2.0
2022-10-29,RI,RI,0.0
2022-11-05,RI,RI,3.0
2022-11-12,RI,RI,6.0
2022-11-19,RI,RI,3.0
2022-11-26,RI,RI,14.0
2022-12-03,RI,RI,22.0
2022-12-10,RI,RI,54.0
2022-12-17,RI,RI,41.0
2022-12-24,RI,RI,57.0
2022-12-31,RI,RI,49.0
2023-01-07,RI,RI,36.0
2023-01-14,RI,RI,9.0
2023-01-21,RI,RI,16.0
2023-01-28,RI,RI,10.0
2023-02-04,RI,RI,4.0
2023-02-11,RI,RI,1.0
2023-02-18,RI,RI,2.0
2023-02-25,RI,RI,2.0
2023-03-04,RI,RI,1.0
2023-03-11,RI,RI,0.0
2023-03-18,RI,RI,1.0
2023-03-25,RI,RI,2.0
2023-04-01,RI,RI,0.0
2023-04-08,RI,RI,0.0
2023-04-15,RI,RI,1.0
2023-04-22,RI,RI,1.0
2023-04-29,RI,RI,1.0
2023-05-06,RI,RI,0.0
2023-05-13,RI,RI,4.0
2023-05-20,RI,RI,0.0
2023-05-27,RI,RI,3.0
2023-06-03,RI,RI,1.0
2023-06-10,RI,RI,1.0
2023-06-17,RI,RI,2.0
2023-06-24,RI,RI,0.0
2023-07-01,RI,RI,1.0
2023-07-08,RI,RI,2.0
2023-07-15,RI,RI,0.0
2023-07-22,RI,RI,0.0
2023-07-29,RI,RI,0.0
2023-08-05,RI,RI,0.0
2023-08-12,RI,RI,0.0
2023-08-19,RI,RI,0.0
2023-08-26,RI,RI,0.0
2023-09-02,RI,RI,0.0
2023-09-09,RI,RI,0.0
2023-09-16,RI,RI,2.0
2023-09-23,RI,RI,1.0
2023-09-30,RI,RI,0.0
2023-10-07,Region 4,Region 4,407.0
2023-10-14,Region 4,Region 4,399.0
2023-10-21,Region 4,Region 4,483.0
2023-10-28,Region 4,Region 4,508.0
2023-11-04,Region 4,Region 4,716.0
2023-11-11,Region 4,Region 4,853.0
2023-11-18,Region 4,Region 4,1130.0
2023-11-25,Region 4,Region 4,1319.0
2023-12-02,Region 4,Region 4,1632.0
2023-12-09,Region 4,Region 4,1890.0
2023-12-16,Region 4,Region 4,2453.0
2023-12-23,Region 4,Region 4,3788.0
2023-12-30,Region 4,Region 4,5621.0
2024-01-06,Region 4,Region 4,4802.0
2024-01-13,Region 4,Region 4,3555.0
2024-01-20,Region 4,Region 4,2774.0
2024-01-27,Region 4,Region 4,2641.0
2024-02-03,Region 4,Region 4,2157.0
2024-02-10,Region 4,Region 4,2116.0
2024-02-17,Region 4,Region 4,1936.0
2024-02-24,Region 4,Region 4,1702.0
2024-03-02,Region 4,Region 4,1670.0
2024-03-09,Region 4,Region 4,1441.0
2024-03-16,Region 4,Region 4,1176.0
2024-03-23,Region 4,Region 4,1019.0
2024-03-30,Region 4,Region 4,928.0
2024-04-06,Region 4,Region 4,788.0
2024-04-13,Region 4,Region 4,701.0
2024-04-20,Region 4,Region 4,483.0
2024-04-27,Region 4,Region 4,450.0
2024-05-04,Region 4,Region 4,257.0
2024-05-11,Region 4,Region 4,147.0
2024-05-18,Region 4,Region 4,169.0
2024-05-25,Region 4,Region 4,149.0
2024-06-01,Region 4,Region 4,149.0
2024-06-08,Region 4,Region 4,146.0
2024-06-15,Region 4,Region 4,141.0
2024-06-22,Region 4,Region 4,115.0
2024-06-29,Region 4,Region 4,97.0
2024-07-06,Region 4,Region 4,95.0
2024-07-13,Region 4,Region 4,115.0
2024-07-20,Region 4,Region 4,93.0
2024-07-27,Region 4,Region 4,83.0
2024-08-03,Region 4,Region 4,103.0
2024-08-10,Region 4,Region 4,85.0
2024-08-17,Region 4,Region 4,82.0
2024-08-24,Region 4,Region 4,86.0
2024-08-31,Region 4,Region 4,71.0
2024-09-07,Region 4,Region 4,74.0
2024-09-14,Region 4,Region 4,109.0
2024-09-21,Region 4,Region 4,70.0
2024-09-28,Region 4,Region 4,63.0
2021-10-09,Region 7,Region 7,4.0
2021-10-16,Region 7,Region 7,11.0
2021-10-23,Region 7,Region 7,7.0
2021-10-30,Region 7,Region 7,8.0
2021-11-06,Region 7,Region 7,7.0
2021-11-13,Region 7,Region 7,15.0
2021-11-20,Region 7,Region 7,8.0
2021-11-27,Region 7,Region 7,19.0
2021-12-04,Region 7,Region 7,47.0
2021-12-11,Region 7,Region 7,68.0
2021-12-18,Region 7,Region 7,68.0
2021-12-25,Region 7,Region 7,125.0
2022-01-01,Region 7,Region 7,208.0
2022-01-08,Region 7,Region 7,181.0
2022-01-15,Region 7,Region 7,143.0
2022-01-22,Region 7,Region 7,109.0
2022-01-29,Region 7,Region 7,90.0
2022-02-05,Region 7,Region 7,106.0
2022-02-12,Region 7,Region 7,143.0
2022-02-19,Region 7,Region 7,152.0
2022-02-26,Region 7,Region 7,181.0
2022-03-05,Region 7,Region 7,209.0
2022-03-12,Region 7,Region 7,204.0
2022-03-19,Region 7,Region 7,231.0
2022-03-26,Region 7,Region 7,231.0
2022-04-02,Region 7,Region 7,180.0
2022-04-09,Region 7,Region 7,169.0
2022-04-16,Region 7,Region 7,150.0
2022-04-23,Region 7,Region 7,132.0
2022-04-30,Region 7,Region 7,107.0
2022-05-07,Region 7,Region 7,100.0
2022-05-14,Region 7,Region 7,67.0
2022-05-21,Region 7,Region 7,57.0
2022-05-28,Region 7,Region 7,33.0
2022-06-04,Region 7,Region 7,42.0
2022-06-11,Region 7,Region 7,37.0
2022-06-18,Region 7,Region 7,32.0
2022-06-25,Region 7,Region 7,33.0
2022-07-02,Region 7,Region 7,27.0
2022-07-09,Region 7,Region 7,25.0
2022-07-16,Region 7,Region 7,19.0
2022-07-23,Region 7,Region 7,28.0
2022-07-30,Region 7,Region 7,18.0
2022-08-06,Region 7,Region 7,29.0
2022-08-13,Region 7,Region 7,14.0
2022-08-20,Region 7,Region 7,27.0
2022-08-27,Region 7,Region 7,13.0
2022-09-03,Region 7,Region 7,19.0
2022-09-10,Region 7,Region 7,7.0
2022-09-17,Region 7,Region 7,16.0
2022-09-24,Region 7,Region 7,13.0
2022-10-01,Region 7,Region 7,40.0
2020-08-08,Region 9,Region 9,0.0
2020-09-05,Region 9,Region 9,0.0
2020-09-12,Region 9,Region 9,0.0
2020-09-19,Region 9,Region 9,0.0
2020-09-26,Region 9,Region 9,0.0
2021-10-09,TN,TN,17.0
2021-10-16,TN,TN,3.0
2021-10-23,TN,TN,5.0
2021-10-30,TN,TN,7.0
2021-11-06,TN,TN,7.0
2021-11-13,TN,TN,8.0
2021-11-20,TN,TN,7.0
2021-11-27,TN,TN,12.0
2021-12-04,TN,TN,21.0
2021-12-11,TN,TN,25.0
2021-12-18,TN,TN,31.0
2021-12-25,TN,TN,54.0
2022-01-01,TN,TN,74.0
2022-01-08,TN,TN,66.0
2022-01-15,TN,TN,31.0
2022-01-22,TN,TN,23.0
2022-01-29,TN,TN,27.0
2022-02-05,TN,TN,31.0
2022-02-12,TN,TN,21.0
2022-02-19,TN,TN,26.0
2022-02-26,TN,TN,42.0
2022-03-05,TN,TN,29.0
2022-03-12,TN,TN,28.0
2022-03-19,TN,TN,28.0
2022-03-26,TN,TN,43.0
2022-04-02,TN,TN,38.0
2022-04-09,TN,TN,31.0
2022-04-16,TN,TN,35.0
2022-04-23,TN,TN,34.0
2022-04-30,TN,TN,35.0
2022-05-07,TN,TN,18.0
2022-05-14,TN,TN,30.0
2022-05-21,TN,TN,15.0
2022-05-28,TN,TN,18.0
2022-06-04,TN,TN,20.0
2022-06-11,TN,TN,18.0
2022-06-18,TN,TN,25.0
2022-06-25,TN,TN,15.0
2022-07-02,TN,TN,35.0
2022-07-09,TN,TN,9.0
2022-07-16,TN,TN,7.0
2022-07-23,TN,TN,11.0
2022-07-30,TN,TN,14.0
2022-08-06,TN,TN,17.0
2022-08-13,TN,TN,16.0
2022-08-20,TN,TN,13.0
2022-08-27,TN,TN,15.0
2022-09-03,TN,TN,14.0
2022-09-10,TN,TN,20.0
2022-09-17,TN,TN,17.0
2022-09-24,TN,TN,32.0
2022-10-01,TN,TN,38.0
2021-10-09,WY,WY,0.0
2021-10-16,WY,WY,0.0
2021-10-23,WY,WY,0.0
2021-10-30,WY,WY,0.0
2021-11-06,WY,WY,0.0
2021-11-13,WY,WY,1.0
2021-11-20,WY,WY,4.0
2021-11-27,WY,WY,1.0
2021-12-04,WY,WY,3.0
2021-12-11,WY,WY,2.0
2021-12-18,WY,WY,1.0
2021-12-25,WY,WY,2.0
2022-01-01,WY,WY,19.0
2022-01-08,WY,WY,9.0
2022-01-15,WY,WY,1.0
2022-01-22,WY,WY,7.0
2022-01-29,WY,WY,2.0
2022-02-05,WY,WY,0.0
2022-02-12,WY,WY,2.0
2022-02-19,WY,WY,2.0
2022-02-26,WY,WY,4.0
2022-03-05,WY,WY,4.0
2022-03-12,WY,WY,6.0
2022-03-19,WY,WY,3.0
2022-03-26,WY,WY,7.0
2022-04-02,WY,WY,2.0
2022-04-09,WY,WY,10.0
2022-04-16,WY,WY,8.0
2022-04-23,WY,WY,1.0
2022-04-30,WY,WY,5.0
2022-05-07,WY,WY,4.0
2022-05-14,WY,WY,4.0
2022-05-21,WY,WY,6.0
2022-05-28,WY,WY,6.0
2022-06-04,WY,WY,7.0
2022-06-11,WY,WY,7.0
2022-06-18,WY,WY,4.0
2022-06-25,WY,WY,0.0
2022-07-02,WY,WY,1.0
2022-07-09,WY,WY,2.0
2022-07-16,WY,WY,3.0
2022-07-23,WY,WY,0.0
2022-07-30,WY,WY,2.0
2022-08-06,WY,WY,0.0
2022-08-13,WY,WY,0.0
2022-08-20,WY,WY,0.0
2022-08-27,WY,WY,0.0
2022-09-03,WY,WY,0.0
2022-09-10,WY,WY,0.0
2022-09-17,WY,WY,0.0
2022-09-24,WY,WY,0.0
2022-10-01,WY,WY,0.0
2025-10-04,WY,WY,2.0
2025-10-11,WY,WY,0.0
2025-10-18,WY,WY,0.0
2025-10-25,WY,WY,4.0
2025-11-01,WY,WY,5.0
2025-11-08,WY,WY,2.0
2025-11-15,WY,WY,6.0
2025-11-22,WY,WY,2.0
2025-11-29,WY,WY,10.0
2025-12-06,WY,WY,10.0
2025-12-13,WY,WY,21.0
2025-12-20,WY,WY,29.0
2025-12-27,WY,WY,57.0
2026-01-03,WY,WY,58.0
2026-01-10,WY,WY,56.0
2026-01-17,WY,WY,26.0
2026-01-24,WY,WY,18.0
2026-01-31,WY,WY,10.0
2026-02-07,WY,WY,21.0
2026-02-14,WY,WY,29.0
2026-02-21,WY,WY,13.0
2026-02-28,WY,WY,15.0
2026-03-07,WY,WY,10.0
2026-03-14,WY,WY,11.0
2026-03-21,WY,WY,13.0
2026-03-28,WY,WY,4.0
2026-04-04,WY,WY,10.0
2026-04-11,WY,WY,9.0
2026-04-18,WY,WY,6.0
2026-04-25,WY,WY,1.0
2026-05-02,WY,WY,4.0
2026-05-09,WY,WY,5.0
2026-05-16,WY,WY,8.0
2026-05-23,WY,WY,5.0
2025-10-04,AK,AK,2.0
2025-10-11,AK,AK,0.0
2025-10-18,AK,AK,0.0
2025-10-25,AK,AK,1.0
2025-11-01,AK,AK,0.0
2025-11-08,AK,AK,3.0
2025-11-15,AK,AK,0.0
2025-11-22,AK,AK,3.0
2025-11-29,AK,AK,8.0
2025-12-06,AK,AK,13.0
2025-12-13,AK,AK,13.0
2025-12-20,AK,AK,45.0
2025-12-27,AK,AK,86.0
2026-01-03,AK,AK,75.0
2026-01-10,AK,AK,46.0
2026-01-17,AK,AK,38.0
2026-01-24,AK,AK,26.0
2026-01-31,AK,AK,28.0
2026-02-07,AK,AK,16.0
2026-02-14,AK,AK,15.0
2026-02-21,AK,AK,8.0
2026-02-28,AK,AK,5.0
2026-03-07,AK,AK,16.0
2026-03-14,AK,AK,13.0
2026-03-21,AK,AK,10.0
2026-03-28,AK,AK,9.0
2026-04-04,AK,AK,7.0
2026-04-11,AK,AK,10.0
2026-04-18,AK,AK,3.0
2026-04-25,AK,AK,5.0
2026-05-02,AK,AK,3.0
2026-05-09,AK,AK,4.0
2026-05-16,AK,AK,0.0
2026-05-23,AK,AK,0.0
2021-10-09,AS,AS,0.0
2021-10-16,AS,AS,0.0
2021-10-23,AS,AS,0.0
2021-10-30,AS,AS,0.0
2021-11-06,AS,AS,0.0
2021-11-13,AS,AS,0.0
2021-11-20,AS,AS,0.0
2021-11-27,AS,AS,0.0
2021-12-04,AS,AS,0.0
2021-12-11,AS,AS,0.0
2021-12-18,AS,AS,0.0
2021-12-25,AS,AS,0.0
2022-01-01,AS,AS,0.0
2022-01-08,AS,AS,0.0
2022-01-15,AS,AS,0.0
2022-01-22,AS,AS,0.0
2022-01-29,AS,AS,0.0
2022-02-05,AS,AS,0.0
2022-02-12,AS,AS,0.0
2022-02-19,AS,AS,0.0
2022-02-26,AS,AS,0.0
2022-03-05,AS,AS,0.0
2022-03-12,AS,AS,0.0
2022-03-19,AS,AS,0.0
2022-03-26,AS,AS,0.0
2022-04-02,AS,AS,0.0
2022-04-09,AS,AS,0.0
2022-04-16,AS,AS,0.0
2022-04-23,AS,AS,0.0
2022-04-30,AS,AS,0.0
2022-05-07,AS,AS,0.0
2022-05-14,AS,AS,0.0
2022-05-21,AS,AS,0.0
2022-05-28,AS,AS,0.0
2022-06-04,AS,AS,0.0
2022-06-11,AS,AS,0.0
2022-06-18,AS,AS,0.0
2022-06-25,AS,AS,0.0
2022-07-02,AS,AS,0.0
2022-07-09,AS,AS,0.0
2022-07-16,AS,AS,0.0
2022-07-23,AS,AS,0.0
2022-07-30,AS,AS,1.0
2022-08-06,AS,AS,0.0
2022-08-13,AS,AS,0.0
2022-08-20,AS,AS,0.0
2022-08-27,AS,AS,0.0
2022-09-03,AS,AS,0.0
2022-09-10,AS,AS,0.0
2022-09-17,AS,AS,0.0
2022-09-24,AS,AS,0.0
2022-10-01,AS,AS,0.0
2021-10-09,GA,GA,4.0
2021-10-16,GA,GA,11.0
2021-10-23,GA,GA,13.0
2021-10-30,GA,GA,21.0
2021-11-06,GA,GA,25.0
2021-11-13,GA,GA,36.0
2021-11-20,GA,GA,21.0
2021-11-27,GA,GA,19.0
2021-12-04,GA,GA,49.0
2021-12-11,GA,GA,62.0
2021-12-18,GA,GA,53.0
2021-12-25,GA,GA,52.0
2022-01-01,GA,GA,77.0
2022-01-08,GA,GA,52.0
2022-01-15,GA,GA,38.0
2022-01-22,GA,GA,49.0
2022-01-29,GA,GA,35.0
2022-02-05,GA,GA,53.0
2022-02-12,GA,GA,41.0
2022-02-19,GA,GA,48.0
2022-02-26,GA,GA,44.0
2022-03-05,GA,GA,27.0
2022-03-12,GA,GA,38.0
2022-03-19,GA,GA,35.0
2022-03-26,GA,GA,33.0
2022-04-02,GA,GA,45.0
2022-04-09,GA,GA,33.0
2022-04-16,GA,GA,42.0
2022-04-23,GA,GA,46.0
2022-04-30,GA,GA,36.0
2022-05-07,GA,GA,44.0
2022-05-14,GA,GA,60.0
2022-05-21,GA,GA,55.0
2022-05-28,GA,GA,62.0
2022-06-04,GA,GA,66.0
2022-06-11,GA,GA,48.0
2022-06-18,GA,GA,41.0
2022-06-25,GA,GA,27.0
2022-07-02,GA,GA,35.0
2022-07-09,GA,GA,28.0
2022-07-16,GA,GA,27.0
2022-07-23,GA,GA,28.0
2022-07-30,GA,GA,39.0
2022-08-06,GA,GA,33.0
2022-08-13,GA,GA,19.0
2022-08-20,GA,GA,13.0
2022-08-27,GA,GA,26.0
2022-09-03,GA,GA,20.0
2022-09-10,GA,GA,43.0
2022-09-17,GA,GA,46.0
2022-09-24,GA,GA,55.0
2022-10-01,GA,GA,77.0
2021-10-09,ID,ID,0.0
2021-10-16,ID,ID,0.0
2021-10-23,ID,ID,0.0
2021-10-30,ID,ID,0.0
2021-11-06,ID,ID,0.0
2021-11-13,ID,ID,0.0
2021-11-20,ID,ID,2.0
2021-11-27,ID,ID,2.0
2021-12-04,ID,ID,0.0
2021-12-11,ID,ID,0.0
2021-12-18,ID,ID,2.0
2021-12-25,ID,ID,2.0
2022-01-01,ID,ID,4.0
2022-01-08,ID,ID,4.0
2022-01-15,ID,ID,3.0
2022-01-22,ID,ID,1.0
2022-01-29,ID,ID,2.0
2022-02-05,ID,ID,1.0
2022-02-12,ID,ID,1.0
2022-02-19,ID,ID,1.0
2022-02-26,ID,ID,3.0
2022-03-05,ID,ID,1.0
2022-03-12,ID,ID,13.0
2022-03-19,ID,ID,16.0
2022-03-26,ID,ID,14.0
2022-04-02,ID,ID,19.0
2022-04-09,ID,ID,20.0
2022-04-16,ID,ID,16.0
2022-04-23,ID,ID,17.0
2022-04-30,ID,ID,15.0
2022-05-07,ID,ID,13.0
2022-05-14,ID,ID,16.0
2022-05-21,ID,ID,12.0
2022-05-28,ID,ID,3.0
2022-06-04,ID,ID,10.0
2022-06-11,ID,ID,7.0
2022-06-18,ID,ID,5.0
2022-06-25,ID,ID,2.0
2022-07-02,ID,ID,3.0
2022-07-09,ID,ID,3.0
2022-07-16,ID,ID,4.0
2022-07-23,ID,ID,0.0
2022-07-30,ID,ID,1.0
2022-08-06,ID,ID,2.0
2022-08-13,ID,ID,0.0
2022-08-20,ID,ID,1.0
2022-08-27,ID,ID,0.0
2022-09-03,ID,ID,3.0
2022-09-10,ID,ID,0.0
2022-09-17,ID,ID,0.0
2022-09-24,ID,ID,3.0
2022-10-01,ID,ID,3.0
2023-10-07,MA,MA,15.0
2023-10-14,MA,MA,21.0
2023-10-21,MA,MA,15.0
2023-10-28,MA,MA,28.0
2023-11-04,MA,MA,33.0
2023-11-11,MA,MA,33.0
2023-11-18,MA,MA,41.0
2023-11-25,MA,MA,69.0
2023-12-02,MA,MA,101.0
2023-12-09,MA,MA,149.0
2023-12-16,MA,MA,236.0
2023-12-23,MA,MA,334.0
2023-12-30,MA,MA,571.0
2024-01-06,MA,MA,672.0
2024-01-13,MA,MA,549.0
2024-01-20,MA,MA,419.0
2024-01-27,MA,MA,406.0
2024-02-03,MA,MA,461.0
2024-02-10,MA,MA,445.0
2024-02-17,MA,MA,533.0
2024-02-24,MA,MA,484.0
2024-03-02,MA,MA,537.0
2024-03-09,MA,MA,415.0
2024-03-16,MA,MA,331.0
2024-03-23,MA,MA,247.0
2024-03-30,MA,MA,238.0
2024-04-06,MA,MA,235.0
2024-04-13,MA,MA,185.0
2024-04-20,MA,MA,132.0
2024-04-27,MA,MA,72.0
2024-05-04,MA,MA,60.0
2024-05-11,MA,MA,48.0
2024-06-29,MA,MA,0.0
2024-07-06,MA,MA,0.0
2024-07-13,MA,MA,0.0
2024-07-20,MA,MA,0.0
2025-10-04,MA,MA,17.0
2025-10-11,MA,MA,5.0
2025-10-18,MA,MA,10.0
2025-10-25,MA,MA,13.0
2025-11-01,MA,MA,21.0
2025-11-08,MA,MA,25.0
2025-11-15,MA,MA,39.0
2025-11-22,MA,MA,52.0
2025-11-29,MA,MA,75.0
2025-12-06,MA,MA,139.0
2025-12-13,MA,MA,245.0
2025-12-20,MA,MA,488.0
2025-12-27,MA,MA,957.0
2026-01-03,MA,MA,1281.0
2026-01-10,MA,MA,914.0
2026-01-17,MA,MA,520.0
2026-01-24,MA,MA,269.0
2026-01-31,MA,MA,238.0
2026-02-07,MA,MA,120.0
2026-02-14,MA,MA,84.0
2026-02-21,MA,MA,89.0
2026-02-28,MA,MA,79.0
2026-03-07,MA,MA,83.0
2026-03-14,MA,MA,58.0
2026-03-21,MA,MA,38.0
2026-03-28,MA,MA,46.0
2026-04-04,MA,MA,38.0
2026-04-11,MA,MA,52.0
2026-04-18,MA,MA,45.0
2026-04-25,MA,MA,27.0
2026-05-02,MA,MA,30.0
2026-05-09,MA,MA,19.0
2026-05-16,MA,MA,17.0
2026-05-23,MA,MA,10.0
2023-10-07,MD,MD,3.0
2023-10-14,MD,MD,3.0
2023-10-21,MD,MD,9.0
2023-10-28,MD,MD,10.0
2023-11-04,MD,MD,15.0
2023-11-11,MD,MD,19.0
2023-11-18,MD,MD,27.0
2023-11-25,MD,MD,22.0
2023-12-02,MD,MD,60.0
2023-12-09,MD,MD,78.0
2023-12-16,MD,MD,115.0
2023-12-23,MD,MD,207.0
2023-12-30,MD,MD,328.0
2024-01-06,MD,MD,322.0
2024-01-13,MD,MD,245.0
2024-01-20,MD,MD,198.0
2024-01-27,MD,MD,171.0
2024-02-03,MD,MD,113.0
2024-02-10,MD,MD,111.0
2024-02-17,MD,MD,123.0
2024-02-24,MD,MD,118.0
2024-03-02,MD,MD,176.0
2024-03-09,MD,MD,170.0
2024-03-16,MD,MD,114.0
2024-03-23,MD,MD,75.0
2024-03-30,MD,MD,76.0
2024-04-06,MD,MD,88.0
2024-04-13,MD,MD,55.0
2024-04-20,MD,MD,38.0
2024-04-27,MD,MD,20.0
2024-05-04,MD,MD,10.0
2024-05-11,MD,MD,5.0
2024-05-18,MD,MD,0.0
2024-05-25,MD,MD,0.0
2024-06-01,MD,MD,5.0
2024-06-08,MD,MD,3.0
2024-06-15,MD,MD,0.0
2024-06-22,MD,MD,0.0
2024-06-29,MD,MD,2.0
2024-07-06,MD,MD,1.0
2024-07-13,MD,MD,0.0
2024-07-20,MD,MD,0.0
2024-07-27,MD,MD,0.0
2024-08-03,MD,MD,1.0
2024-08-10,MD,MD,0.0
2024-08-17,MD,MD,2.0
2024-08-24,MD,MD,2.0
2024-08-31,MD,MD,0.0
2024-09-07,MD,MD,0.0
2024-09-14,MD,MD,3.0
2024-09-21,MD,MD,5.0
2024-09-28,MD,MD,1.0
2023-10-07,ME,ME,5.0
2023-10-14,ME,ME,4.0
2023-10-21,ME,ME,2.0
2023-10-28,ME,ME,4.0
2023-11-04,ME,ME,1.0
2023-11-11,ME,ME,4.0
2023-11-18,ME,ME,2.0
2023-11-25,ME,ME,19.0
2023-12-02,ME,ME,9.0
2023-12-09,ME,ME,15.0
2023-12-16,ME,ME,20.0
2023-12-23,ME,ME,16.0
2023-12-30,ME,ME,51.0
2024-01-06,ME,ME,58.0
2024-01-13,ME,ME,47.0
2024-01-20,ME,ME,40.0
2024-01-27,ME,ME,34.0
2024-02-03,ME,ME,64.0
2024-02-10,ME,ME,77.0
2024-02-17,ME,ME,86.0
2024-02-24,ME,ME,67.0
2024-03-02,ME,ME,64.0
2024-03-09,ME,ME,50.0
2024-03-16,ME,ME,33.0
2024-03-23,ME,ME,26.0
2024-03-30,ME,ME,23.0
2024-04-06,ME,ME,24.0
2024-04-13,ME,ME,15.0
2024-04-20,ME,ME,16.0
2024-04-27,ME,ME,14.0
2024-05-04,ME,ME,9.0
2024-05-11,ME,ME,8.0
2024-05-18,ME,ME,3.0
2024-05-25,ME,ME,5.0
2024-06-01,ME,ME,5.0
2024-06-08,ME,ME,1.0
2024-06-15,ME,ME,3.0
2024-06-22,ME,ME,1.0
2024-06-29,ME,ME,1.0
2024-07-06,ME,ME,0.0
2024-07-13,ME,ME,4.0
2024-07-20,ME,ME,2.0
2024-07-27,ME,ME,0.0
2024-08-03,ME,ME,2.0
2024-08-10,ME,ME,3.0
2024-08-17,ME,ME,1.0
2024-08-24,ME,ME,5.0
2024-08-31,ME,ME,3.0
2024-09-07,ME,ME,3.0
2024-09-14,ME,ME,0.0
2024-09-21,ME,ME,1.0
2024-09-28,ME,ME,3.0
2023-10-07,MI,MI,17.0
2023-10-14,MI,MI,20.0
2023-10-21,MI,MI,21.0
2023-10-28,MI,MI,12.0
2023-11-04,MI,MI,34.0
2023-11-11,MI,MI,30.0
2023-11-18,MI,MI,52.0
2023-11-25,MI,MI,88.0
2023-12-02,MI,MI,106.0
2023-12-09,MI,MI,173.0
2023-12-16,MI,MI,247.0
2023-12-23,MI,MI,271.0
2023-12-30,MI,MI,567.0
2024-01-06,MI,MI,497.0
2024-01-13,MI,MI,381.0
2024-01-20,MI,MI,346.0
2024-01-27,MI,MI,388.0
2024-02-03,MI,MI,483.0
2024-02-10,MI,MI,664.0
2024-02-17,MI,MI,770.0
2024-02-24,MI,MI,974.0
2024-03-02,MI,MI,1017.0
2024-03-09,MI,MI,851.0
2024-03-16,MI,MI,599.0
2024-03-23,MI,MI,530.0
2024-03-30,MI,MI,523.0
2024-04-06,MI,MI,457.0
2024-04-13,MI,MI,334.0
2024-04-20,MI,MI,170.0
2024-04-27,MI,MI,123.0
2024-05-04,MI,MI,83.0
2024-05-11,MI,MI,50.0
2024-05-18,MI,MI,31.0
2024-05-25,MI,MI,29.0
2024-06-01,MI,MI,15.0
2024-06-08,MI,MI,9.0
2024-06-15,MI,MI,9.0
2024-06-22,MI,MI,9.0
2024-06-29,MI,MI,11.0
2024-07-06,MI,MI,7.0
2024-07-13,MI,MI,9.0
2024-07-20,MI,MI,8.0
2024-07-27,MI,MI,7.0
2024-08-03,MI,MI,2.0
2024-08-10,MI,MI,5.0
2024-08-17,MI,MI,9.0
2024-08-24,MI,MI,12.0
2024-08-31,MI,MI,10.0
2024-09-07,MI,MI,9.0
2024-09-14,MI,MI,16.0
2024-09-21,MI,MI,11.0
2024-09-28,MI,MI,9.0
2025-10-04,NC,NC,19.0
2025-10-11,NC,NC,22.0
2025-10-18,NC,NC,23.0
2025-10-25,NC,NC,22.0
2025-11-01,NC,NC,27.0
2025-11-08,NC,NC,43.0
2025-11-15,NC,NC,174.0
2025-11-22,NC,NC,115.0
2025-11-29,NC,NC,159.0
2025-12-06,NC,NC,305.0
2025-12-13,NC,NC,525.0
2025-12-20,NC,NC,1201.0
2025-12-27,NC,NC,2461.0
2026-01-03,NC,NC,2374.0
2026-01-10,NC,NC,1360.0
2026-01-17,NC,NC,617.0
2026-01-24,NC,NC,497.0
2026-01-31,NC,NC,418.0
2026-02-07,NC,NC,369.0
2026-02-14,NC,NC,266.0
2026-02-21,NC,NC,298.0
2026-02-28,NC,NC,233.0
2026-03-07,NC,NC,199.0
2026-03-14,NC,NC,137.0
2026-03-21,NC,NC,82.0
2026-03-28,NC,NC,47.0
2026-04-04,NC,NC,35.0
2026-04-11,NC,NC,26.0
2026-04-18,NC,NC,13.0
2026-04-25,NC,NC,19.0
2026-05-02,NC,NC,15.0
2026-05-09,NC,NC,21.0
2026-05-16,NC,NC,15.0
2026-05-23,NC,NC,11.0
2020-10-17,NE,NE,0.0
2020-10-24,NE,NE,0.0
2020-10-31,NE,NE,0.0
2020-11-07,NE,NE,2.0
2020-11-14,NE,NE,3.0
2020-11-21,NE,NE,1.0
2020-11-28,NE,NE,0.0
2020-12-05,NE,NE,2.0
2020-12-12,NE,NE,4.0
2020-12-19,NE,NE,4.0
2020-12-26,NE,NE,2.0
2021-01-02,NE,NE,0.0
2021-01-09,NE,NE,2.0
2021-01-16,NE,NE,4.0
2021-01-23,NE,NE,1.0
2021-01-30,NE,NE,1.0
2021-02-06,NE,NE,0.0
2021-02-13,NE,NE,1.0
2021-02-20,NE,NE,5.0
2021-02-27,NE,NE,7.0
2021-03-06,NE,NE,4.0
2021-03-13,NE,NE,5.0
2021-03-20,NE,NE,0.0
2021-03-27,NE,NE,1.0
2021-04-03,NE,NE,4.0
2021-04-10,NE,NE,1.0
2021-04-17,NE,NE,6.0
2021-04-24,NE,NE,5.0
2021-05-01,NE,NE,0.0
2021-05-08,NE,NE,0.0
2021-05-15,NE,NE,0.0
2021-05-22,NE,NE,5.0
2021-05-29,NE,NE,0.0
2021-06-05,NE,NE,0.0
2021-06-12,NE,NE,0.0
2021-06-19,NE,NE,0.0
2021-06-26,NE,NE,0.0
2021-07-03,NE,NE,0.0
2021-07-10,NE,NE,0.0
2021-07-17,NE,NE,0.0
2021-07-24,NE,NE,0.0
2021-07-31,NE,NE,0.0
2021-08-07,NE,NE,0.0
2021-08-14,NE,NE,0.0
2021-08-21,NE,NE,0.0
2021-08-28,NE,NE,1.0
2021-09-04,NE,NE,0.0
2021-09-11,NE,NE,1.0
2021-09-18,NE,NE,1.0
2021-09-25,NE,NE,2.0
2021-10-02,NE,NE,0.0
2020-10-24,NM,NM,1.0
2020-10-31,NM,NM,5.0
2020-11-07,NM,NM,10.0
2020-11-14,NM,NM,7.0
2020-11-21,NM,NM,0.0
2020-11-28,NM,NM,1.0
2020-12-05,NM,NM,0.0
2020-12-12,NM,NM,1.0
2020-12-19,NM,NM,4.0
2020-12-26,NM,NM,2.0
2021-01-02,NM,NM,1.0
2021-01-09,NM,NM,3.0
2021-01-16,NM,NM,3.0
2021-01-23,NM,NM,10.0
2021-01-30,NM,NM,2.0
2021-02-06,NM,NM,4.0
2021-02-13,NM,NM,4.0
2021-02-20,NM,NM,1.0
2021-02-27,NM,NM,1.0
2021-03-06,NM,NM,1.0
2021-03-13,NM,NM,0.0
2021-03-20,NM,NM,1.0
2021-03-27,NM,NM,0.0
2021-04-03,NM,NM,0.0
2021-04-10,NM,NM,2.0
2021-04-17,NM,NM,1.0
2021-04-24,NM,NM,0.0
2021-05-01,NM,NM,0.0
2021-05-08,NM,NM,0.0
2021-05-15,NM,NM,0.0
2021-05-22,NM,NM,1.0
2021-05-29,NM,NM,0.0
2021-06-05,NM,NM,3.0
2021-06-12,NM,NM,2.0
2021-06-19,NM,NM,0.0
2021-06-26,NM,NM,1.0
2021-07-03,NM,NM,0.0
2021-07-10,NM,NM,0.0
2021-07-17,NM,NM,0.0
2021-07-24,NM,NM,3.0
2021-07-31,NM,NM,1.0
2021-08-07,NM,NM,3.0
2021-08-14,NM,NM,1.0
2021-08-21,NM,NM,1.0
2021-08-28,NM,NM,0.0
2021-09-04,NM,NM,2.0
2021-09-11,NM,NM,0.0
2021-09-18,NM,NM,0.0
2021-09-25,NM,NM,1.0
2021-10-02,NM,NM,2.0
2021-10-09,Region 10,Region 10,4.0
2021-10-16,Region 10,Region 10,1.0
2021-10-23,Region 10,Region 10,2.0
2021-10-30,Region 10,Region 10,3.0
2021-11-06,Region 10,Region 10,0.0
2021-11-13,Region 10,Region 10,0.0
2021-11-20,Region 10,Region 10,4.0
2021-11-27,Region 10,Region 10,8.0
2021-12-04,Region 10,Region 10,5.0
2021-12-11,Region 10,Region 10,6.0
2021-12-18,Region 10,Region 10,11.0
2021-12-25,Region 10,Region 10,18.0
2022-01-01,Region 10,Region 10,23.0
2022-01-08,Region 10,Region 10,12.0
2022-01-15,Region 10,Region 10,25.0
2022-01-22,Region 10,Region 10,24.0
2022-01-29,Region 10,Region 10,10.0
2022-02-05,Region 10,Region 10,10.0
2022-02-12,Region 10,Region 10,11.0
2022-02-19,Region 10,Region 10,12.0
2022-02-26,Region 10,Region 10,13.0
2022-03-05,Region 10,Region 10,16.0
2022-03-12,Region 10,Region 10,34.0
2022-03-19,Region 10,Region 10,56.0
2022-03-26,Region 10,Region 10,65.0
2022-04-02,Region 10,Region 10,49.0
2022-04-09,Region 10,Region 10,60.0
2022-04-16,Region 10,Region 10,63.0
2022-04-23,Region 10,Region 10,80.0
2022-04-30,Region 10,Region 10,81.0
2022-05-07,Region 10,Region 10,106.0
2022-05-14,Region 10,Region 10,102.0
2022-05-21,Region 10,Region 10,126.0
2022-05-28,Region 10,Region 10,107.0
2022-06-04,Region 10,Region 10,105.0
2022-06-11,Region 10,Region 10,88.0
2022-06-18,Region 10,Region 10,62.0
2022-06-25,Region 10,Region 10,77.0
2022-07-02,Region 10,Region 10,63.0
2022-07-09,Region 10,Region 10,37.0
2022-07-16,Region 10,Region 10,41.0
2022-07-23,Region 10,Region 10,24.0
2022-07-30,Region 10,Region 10,15.0
2022-08-06,Region 10,Region 10,20.0
2022-08-13,Region 10,Region 10,18.0
2022-08-20,Region 10,Region 10,14.0
2022-08-27,Region 10,Region 10,8.0
2022-09-03,Region 10,Region 10,20.0
2022-09-10,Region 10,Region 10,16.0
2022-09-17,Region 10,Region 10,16.0
2022-09-24,Region 10,Region 10,12.0
2022-10-01,Region 10,Region 10,17.0
2020-10-03,SC,SC,0.0
2020-10-10,SC,SC,0.0
2020-10-17,SC,SC,0.0
2020-10-24,SC,SC,1.0
2020-10-31,SC,SC,3.0
2020-11-07,SC,SC,3.0
2020-11-14,SC,SC,2.0
2020-11-21,SC,SC,7.0
2020-11-28,SC,SC,6.0
2020-12-05,SC,SC,8.0
2020-12-12,SC,SC,4.0
2020-12-19,SC,SC,7.0
2020-12-26,SC,SC,10.0
2021-01-02,SC,SC,13.0
2021-01-09,SC,SC,5.0
2021-01-16,SC,SC,5.0
2021-01-23,SC,SC,6.0
2021-01-30,SC,SC,9.0
2021-02-06,SC,SC,4.0
2021-02-13,SC,SC,5.0
2021-02-20,SC,SC,7.0
2021-02-27,SC,SC,9.0
2021-03-06,SC,SC,6.0
2021-03-13,SC,SC,7.0
2021-03-20,SC,SC,3.0
2021-03-27,SC,SC,6.0
2021-04-03,SC,SC,2.0
2021-04-10,SC,SC,1.0
2021-04-17,SC,SC,9.0
2021-04-24,SC,SC,7.0
2021-05-01,SC,SC,4.0
2021-05-08,SC,SC,2.0
2021-05-15,SC,SC,3.0
2021-05-22,SC,SC,8.0
2021-05-29,SC,SC,0.0
2021-06-05,SC,SC,2.0
2021-06-12,SC,SC,0.0
2021-06-19,SC,SC,0.0
2021-06-26,SC,SC,0.0
2021-07-03,SC,SC,0.0
2021-07-10,SC,SC,0.0
2021-07-17,SC,SC,0.0
2021-07-24,SC,SC,0.0
2021-07-31,SC,SC,2.0
2021-08-07,SC,SC,1.0
2021-08-14,SC,SC,5.0
2021-08-21,SC,SC,4.0
2021-08-28,SC,SC,1.0
2021-09-04,SC,SC,0.0
2021-09-11,SC,SC,0.0
2021-09-18,SC,SC,2.0
2021-09-25,SC,SC,0.0
2021-10-02,SC,SC,0.0
2022-10-08,SC,SC,33.0
2022-10-15,SC,SC,42.0
2022-10-22,SC,SC,70.0
2022-10-29,SC,SC,156.0
2022-11-05,SC,SC,248.0
2022-11-12,SC,SC,256.0
2022-11-19,SC,SC,228.0
2022-11-26,SC,SC,215.0
2022-12-03,SC,SC,245.0
2022-12-10,SC,SC,160.0
2022-12-17,SC,SC,149.0
2022-12-24,SC,SC,118.0
2022-12-31,SC,SC,157.0
2023-01-07,SC,SC,161.0
2023-01-14,SC,SC,79.0
2023-01-21,SC,SC,58.0
2023-01-28,SC,SC,41.0
2023-02-04,SC,SC,40.0
2023-02-11,SC,SC,46.0
2023-02-18,SC,SC,43.0
2023-02-25,SC,SC,41.0
2023-03-04,SC,SC,29.0
2023-03-11,SC,SC,31.0
2023-03-18,SC,SC,21.0
2023-03-25,SC,SC,24.0
2023-04-01,SC,SC,20.0
2023-04-08,SC,SC,24.0
2023-04-15,SC,SC,22.0
2023-04-22,SC,SC,21.0
2023-04-29,SC,SC,27.0
2023-05-06,SC,SC,17.0
2023-05-13,SC,SC,23.0
2023-05-20,SC,SC,21.0
2023-05-27,SC,SC,17.0
2023-06-03,SC,SC,26.0
2023-06-10,SC,SC,21.0
2023-06-17,SC,SC,23.0
2023-06-24,SC,SC,23.0
2023-07-01,SC,SC,20.0
2023-07-08,SC,SC,14.0
2023-07-15,SC,SC,18.0
2023-07-22,SC,SC,16.0
2023-07-29,SC,SC,20.0
2023-08-05,SC,SC,18.0
2023-08-12,SC,SC,8.0
2023-08-19,SC,SC,15.0
2023-08-26,SC,SC,20.0
2023-09-02,SC,SC,9.0
2023-09-09,SC,SC,22.0
2023-09-16,SC,SC,25.0
2023-09-23,SC,SC,26.0
2023-09-30,SC,SC,28.0
2025-10-04,SD,SD,1.0
2025-10-11,SD,SD,2.0
2025-10-18,SD,SD,2.0
2025-10-25,SD,SD,2.0
2025-11-01,SD,SD,0.0
2025-11-08,SD,SD,0.0
2025-11-15,SD,SD,1.0
2025-11-22,SD,SD,3.0
2025-11-29,SD,SD,1.0
2025-12-06,SD,SD,5.0
2025-12-13,SD,SD,10.0
2025-12-20,SD,SD,26.0
2025-12-27,SD,SD,60.0
2026-01-03,SD,SD,108.0
2026-01-10,SD,SD,64.0
2026-01-17,SD,SD,78.0
2026-01-24,SD,SD,67.0
2026-01-31,SD,SD,61.0
2026-02-07,SD,SD,57.0
2026-02-14,SD,SD,47.0
2026-02-21,SD,SD,55.0
2026-02-28,SD,SD,49.0
2026-03-07,SD,SD,40.0
2026-03-14,SD,SD,20.0
2026-03-21,SD,SD,27.0
2026-03-28,SD,SD,13.0
2026-04-04,SD,SD,11.0
2026-04-11,SD,SD,10.0
2026-04-18,SD,SD,5.0
2026-04-25,SD,SD,8.0
2026-05-02,SD,SD,5.0
2026-05-09,SD,SD,7.0
2026-05-16,SD,SD,2.0
2026-05-23,SD,SD,4.0
2020-10-03,TN,TN,0.0
2020-10-17,TN,TN,0.0
2020-10-24,TN,TN,20.0
2020-10-31,TN,TN,30.0
2020-11-07,TN,TN,28.0
2020-11-14,TN,TN,44.0
2020-11-21,TN,TN,50.0
2020-11-28,TN,TN,38.0
2020-12-05,TN,TN,24.0
2020-12-12,TN,TN,21.0
2020-12-19,TN,TN,23.0
2020-12-26,TN,TN,41.0
2021-01-02,TN,TN,34.0
2021-01-09,TN,TN,26.0
2021-01-16,TN,TN,34.0
2021-01-23,TN,TN,26.0
2021-01-30,TN,TN,39.0
2021-02-06,TN,TN,44.0
2021-02-13,TN,TN,30.0
2021-02-20,TN,TN,29.0
2021-02-27,TN,TN,13.0
2021-03-06,TN,TN,22.0
2021-03-13,TN,TN,32.0
2021-03-20,TN,TN,24.0
2021-03-27,TN,TN,33.0
2021-04-03,TN,TN,25.0
2021-04-10,TN,TN,22.0
2021-04-17,TN,TN,28.0
2021-04-24,TN,TN,22.0
2021-05-01,TN,TN,17.0
2021-05-08,TN,TN,14.0
2021-05-15,TN,TN,24.0
2021-05-22,TN,TN,10.0
2021-05-29,TN,TN,5.0
2021-06-05,TN,TN,34.0
2021-06-12,TN,TN,11.0
2021-06-19,TN,TN,11.0
2021-06-26,TN,TN,10.0
2021-07-03,TN,TN,8.0
2021-07-10,TN,TN,6.0
2021-07-17,TN,TN,15.0
2021-07-24,TN,TN,2.0
2021-07-31,TN,TN,11.0
2021-08-07,TN,TN,8.0
2021-08-14,TN,TN,16.0
2021-08-21,TN,TN,9.0
2021-08-28,TN,TN,10.0
2021-09-04,TN,TN,19.0
2021-09-11,TN,TN,8.0
2021-09-18,TN,TN,14.0
2021-09-25,TN,TN,6.0
2021-10-02,TN,TN,8.0
2020-10-17,VA,VA,0.0
2020-10-24,VA,VA,0.0
2020-10-31,VA,VA,21.0
2020-11-07,VA,VA,19.0
2020-11-14,VA,VA,22.0
2020-11-21,VA,VA,23.0
2020-11-28,VA,VA,33.0
2020-12-05,VA,VA,27.0
2020-12-12,VA,VA,30.0
2020-12-19,VA,VA,24.0
2020-12-26,VA,VA,39.0
2021-01-02,VA,VA,37.0
2021-01-09,VA,VA,30.0
2021-01-16,VA,VA,49.0
2021-01-23,VA,VA,28.0
2021-01-30,VA,VA,18.0
2021-02-06,VA,VA,27.0
2021-02-13,VA,VA,26.0
2021-02-20,VA,VA,23.0
2021-02-27,VA,VA,27.0
2021-03-06,VA,VA,33.0
2021-03-13,VA,VA,12.0
2021-03-20,VA,VA,25.0
2021-03-27,VA,VA,26.0
2021-04-03,VA,VA,14.0
2021-04-10,VA,VA,18.0
2021-04-17,VA,VA,18.0
2021-04-24,VA,VA,32.0
2021-05-01,VA,VA,22.0
2021-05-08,VA,VA,22.0
2021-05-15,VA,VA,20.0
2021-05-22,VA,VA,13.0
2021-05-29,VA,VA,11.0
2021-06-05,VA,VA,16.0
2021-06-12,VA,VA,13.0
2021-06-19,VA,VA,20.0
2021-06-26,VA,VA,18.0
2021-07-03,VA,VA,12.0
2021-07-10,VA,VA,19.0
2021-07-17,VA,VA,15.0
2021-07-24,VA,VA,21.0
2021-07-31,VA,VA,21.0
2021-08-07,VA,VA,16.0
2021-08-14,VA,VA,23.0
2021-08-21,VA,VA,24.0
2021-08-28,VA,VA,7.0
2021-09-04,VA,VA,9.0
2021-09-11,VA,VA,7.0
2021-09-18,VA,VA,17.0
2021-09-25,VA,VA,11.0
2021-10-02,VA,VA,6.0
2022-10-08,VT,VT,1.0
2022-10-15,VT,VT,0.0
2022-10-22,VT,VT,0.0
2022-10-29,VT,VT,1.0
2022-11-05,VT,VT,0.0
2022-11-12,VT,VT,1.0
2022-11-19,VT,VT,2.0
2022-11-26,VT,VT,13.0
2022-12-03,VT,VT,31.0
2022-12-10,VT,VT,45.0
2022-12-17,VT,VT,56.0
2022-12-24,VT,VT,64.0
2022-12-31,VT,VT,81.0
2023-01-07,VT,VT,51.0
2023-01-14,VT,VT,12.0
2023-01-21,VT,VT,10.0
2023-01-28,VT,VT,5.0
2023-02-04,VT,VT,3.0
2023-02-11,VT,VT,0.0
2023-02-18,VT,VT,2.0
2023-02-25,VT,VT,2.0
2023-03-04,VT,VT,1.0
2023-03-11,VT,VT,5.0
2023-03-18,VT,VT,2.0
2023-03-25,VT,VT,4.0
2023-04-01,VT,VT,0.0
2023-04-08,VT,VT,0.0
2023-04-15,VT,VT,1.0
2023-04-22,VT,VT,0.0
2023-04-29,VT,VT,2.0
2023-05-06,VT,VT,0.0
2023-05-13,VT,VT,0.0
2023-05-20,VT,VT,2.0
2023-05-27,VT,VT,0.0
2023-06-03,VT,VT,0.0
2023-06-10,VT,VT,0.0
2023-06-17,VT,VT,0.0
2023-06-24,VT,VT,0.0
2023-07-01,VT,VT,1.0
2023-07-08,VT,VT,0.0
2023-07-15,VT,VT,0.0
2023-07-22,VT,VT,0.0
2023-07-29,VT,VT,0.0
2023-08-05,VT,VT,0.0
2023-08-12,VT,VT,0.0
2023-08-19,VT,VT,0.0
2023-08-26,VT,VT,0.0
2023-09-02,VT,VT,0.0
2023-09-09,VT,VT,1.0
2023-09-16,VT,VT,0.0
2023-09-23,VT,VT,1.0
2023-09-30,VT,VT,1.0
