location,forecast_date,reference_date,horizon,quantile,pred,y_true,model
US,2023-11-04,2023-11-04,1,0.01,483.9651184082031,2010.0,mist+ACI
US,2023-11-04,2023-11-04,1,0.025,883.7372436523438,2010.0,mist+ACI
US,2023-11-04,2023-11-04,1,0.05,896.049560546875,2010.0,mist+ACI
US,2023-11-04,2023-11-04,1,0.1,1030.31591796875,2010.0,mist+ACI
US,2023-11-04,2023-11-04,1,0.15,1089.1502685546875,2010.0,mist+ACI
US,2023-11-04,2023-11-04,1,0.2,1159.3212890625,2010.0,mist+ACI
US,2023-11-04,2023-11-04,1,0.25,1242.804443359375,2010.0,mist+ACI
US,2023-11-04,2023-11-04,1,0.3,1250.927978515625,2010.0,mist+ACI
US,2023-11-04,2023-11-04,1,0.35,1343.384765625,2010.0,mist+ACI
US,2023-11-04,2023-11-04,1,0.4,1367.038818359375,2010.0,mist+ACI
US,2023-11-04,2023-11-04,1,0.45,1384.186767578125,2010.0,mist+ACI
US,2023-11-04,2023-11-04,1,0.5,1501.4501953125,2010.0,mist+ACI
US,2023-11-04,2023-11-04,1,0.55,1564.580810546875,2010.0,mist+ACI
US,2023-11-04,2023-11-04,1,0.6,1616.7510986328125,2010.0,mist+ACI
US,2023-11-04,2023-11-04,1,0.65,1660.219482421875,2010.0,mist+ACI
US,2023-11-04,2023-11-04,1,0.7,1684.275390625,2010.0,mist+ACI
US,2023-11-04,2023-11-04,1,0.75,1790.4931640625,2010.0,mist+ACI
US,2023-11-04,2023-11-04,1,0.8,1950.806640625,2010.0,mist+ACI
US,2023-11-04,2023-11-04,1,0.85,2019.894287109375,2010.0,mist+ACI
US,2023-11-04,2023-11-04,1,0.9,2157.900634765625,2010.0,mist+ACI
US,2023-11-04,2023-11-04,1,0.95,2328.95751953125,2010.0,mist+ACI
US,2023-11-04,2023-11-04,1,0.975,2587.041015625,2010.0,mist+ACI
US,2023-11-04,2023-11-04,1,0.99,2647.59521484375,2010.0,mist+ACI
US,2023-11-04,2023-11-11,2,0.01,529.194580078125,2776.0,mist+ACI
US,2023-11-04,2023-11-11,2,0.025,536.063232421875,2776.0,mist+ACI
US,2023-11-04,2023-11-11,2,0.05,952.3716430664062,2776.0,mist+ACI
US,2023-11-04,2023-11-11,2,0.1,1207.5184326171875,2776.0,mist+ACI
US,2023-11-04,2023-11-11,2,0.15,1231.8653564453125,2776.0,mist+ACI
US,2023-11-04,2023-11-11,2,0.2,1352.7310791015625,2776.0,mist+ACI
US,2023-11-04,2023-11-11,2,0.25,1397.3330078125,2776.0,mist+ACI
US,2023-11-04,2023-11-11,2,0.3,1519.14404296875,2776.0,mist+ACI
US,2023-11-04,2023-11-11,2,0.35,1630.2626953125,2776.0,mist+ACI
US,2023-11-04,2023-11-11,2,0.4,1630.8228759765625,2776.0,mist+ACI
US,2023-11-04,2023-11-11,2,0.45,1708.095458984375,2776.0,mist+ACI
US,2023-11-04,2023-11-11,2,0.5,1789.4422607421875,2776.0,mist+ACI
US,2023-11-04,2023-11-11,2,0.55,1812.81298828125,2776.0,mist+ACI
US,2023-11-04,2023-11-11,2,0.6,1946.3782958984375,2776.0,mist+ACI
US,2023-11-04,2023-11-11,2,0.65,1991.2803955078125,2776.0,mist+ACI
US,2023-11-04,2023-11-11,2,0.7,2074.037109375,2776.0,mist+ACI
US,2023-11-04,2023-11-11,2,0.75,2247.77294921875,2776.0,mist+ACI
US,2023-11-04,2023-11-11,2,0.8,2343.148193359375,2776.0,mist+ACI
US,2023-11-04,2023-11-11,2,0.85,2487.39697265625,2776.0,mist+ACI
US,2023-11-04,2023-11-11,2,0.9,2788.890380859375,2776.0,mist+ACI
US,2023-11-04,2023-11-11,2,0.95,3119.4208984375,2776.0,mist+ACI
US,2023-11-04,2023-11-11,2,0.975,3387.62060546875,2776.0,mist+ACI
US,2023-11-04,2023-11-11,2,0.99,3493.5302734375,2776.0,mist+ACI
US,2023-11-04,2023-11-18,3,0.01,507.45904541015625,3493.0,mist+ACI
US,2023-11-04,2023-11-18,3,0.025,674.4376220703125,3493.0,mist+ACI
US,2023-11-04,2023-11-18,3,0.05,1091.1566162109375,3493.0,mist+ACI
US,2023-11-04,2023-11-18,3,0.1,1297.4844970703125,3493.0,mist+ACI
US,2023-11-04,2023-11-18,3,0.15,1387.71337890625,3493.0,mist+ACI
US,2023-11-04,2023-11-18,3,0.2,1500.7044677734375,3493.0,mist+ACI
US,2023-11-04,2023-11-18,3,0.25,1600.4041748046875,3493.0,mist+ACI
US,2023-11-04,2023-11-18,3,0.3,1670.7774658203125,3493.0,mist+ACI
US,2023-11-04,2023-11-18,3,0.35,1799.526611328125,3493.0,mist+ACI
US,2023-11-04,2023-11-18,3,0.4,1885.979248046875,3493.0,mist+ACI
US,2023-11-04,2023-11-18,3,0.45,1985.0367431640625,3493.0,mist+ACI
US,2023-11-04,2023-11-18,3,0.5,2085.722412109375,3493.0,mist+ACI
US,2023-11-04,2023-11-18,3,0.55,2189.6298828125,3493.0,mist+ACI
US,2023-11-04,2023-11-18,3,0.6,2366.7099609375,3493.0,mist+ACI
US,2023-11-04,2023-11-18,3,0.65,2419.766357421875,3493.0,mist+ACI
US,2023-11-04,2023-11-18,3,0.7,2625.80908203125,3493.0,mist+ACI
US,2023-11-04,2023-11-18,3,0.75,2813.8310546875,3493.0,mist+ACI
US,2023-11-04,2023-11-18,3,0.8,3024.536376953125,3493.0,mist+ACI
US,2023-11-04,2023-11-18,3,0.85,3365.155029296875,3493.0,mist+ACI
US,2023-11-04,2023-11-18,3,0.9,3714.578857421875,3493.0,mist+ACI
US,2023-11-04,2023-11-18,3,0.95,4272.32275390625,3493.0,mist+ACI
US,2023-11-04,2023-11-18,3,0.975,4382.7119140625,3493.0,mist+ACI
US,2023-11-04,2023-11-18,3,0.99,4503.39990234375,3493.0,mist+ACI
US,2023-11-04,2023-11-25,4,0.01,364.0115966796875,4381.0,mist+ACI
US,2023-11-04,2023-11-25,4,0.025,707.2183227539062,4381.0,mist+ACI
US,2023-11-04,2023-11-25,4,0.05,983.3405151367188,4381.0,mist+ACI
US,2023-11-04,2023-11-25,4,0.1,1220.791015625,4381.0,mist+ACI
US,2023-11-04,2023-11-25,4,0.15,1344.1624755859375,4381.0,mist+ACI
US,2023-11-04,2023-11-25,4,0.2,1567.61669921875,4381.0,mist+ACI
US,2023-11-04,2023-11-25,4,0.25,1638.861572265625,4381.0,mist+ACI
US,2023-11-04,2023-11-25,4,0.3,1763.60791015625,4381.0,mist+ACI
US,2023-11-04,2023-11-25,4,0.35,1884.087646484375,4381.0,mist+ACI
US,2023-11-04,2023-11-25,4,0.4,2110.370849609375,4381.0,mist+ACI
US,2023-11-04,2023-11-25,4,0.45,2217.65771484375,4381.0,mist+ACI
US,2023-11-04,2023-11-25,4,0.5,2381.398193359375,4381.0,mist+ACI
US,2023-11-04,2023-11-25,4,0.55,2593.263916015625,4381.0,mist+ACI
US,2023-11-04,2023-11-25,4,0.6,2775.53125,4381.0,mist+ACI
US,2023-11-04,2023-11-25,4,0.65,2950.5302734375,4381.0,mist+ACI
US,2023-11-04,2023-11-25,4,0.7,3234.391357421875,4381.0,mist+ACI
US,2023-11-04,2023-11-25,4,0.75,3422.117919921875,4381.0,mist+ACI
US,2023-11-04,2023-11-25,4,0.8,3932.94921875,4381.0,mist+ACI
US,2023-11-04,2023-11-25,4,0.85,4197.861328125,4381.0,mist+ACI
US,2023-11-04,2023-11-25,4,0.9,4404.9091796875,4381.0,mist+ACI
US,2023-11-04,2023-11-25,4,0.95,4772.4853515625,4381.0,mist+ACI
US,2023-11-04,2023-11-25,4,0.975,5059.3779296875,4381.0,mist+ACI
US,2023-11-04,2023-11-25,4,0.99,5570.548828125,4381.0,mist+ACI
US,2023-11-11,2023-11-11,1,0.01,461.1179942724657,2776.0,mist+ACI
US,2023-11-11,2023-11-11,1,0.025,1055.2945687144138,2776.0,mist+ACI
US,2023-11-11,2023-11-11,1,0.05,1094.5716666258327,2776.0,mist+ACI
US,2023-11-11,2023-11-11,1,0.1,1355.0466872254833,2776.0,mist+ACI
US,2023-11-11,2023-11-11,1,0.15,1430.4158922011611,2776.0,mist+ACI
US,2023-11-11,2023-11-11,1,0.2,1560.1383465791673,2776.0,mist+ACI
US,2023-11-11,2023-11-11,1,0.25,1662.9285184392397,2776.0,mist+ACI
US,2023-11-11,2023-11-11,1,0.3,1694.6441136230746,2776.0,mist+ACI
US,2023-11-11,2023-11-11,1,0.35,1792.0673207404336,2776.0,mist+ACI
US,2023-11-11,2023-11-11,1,0.4,1827.2169949666122,2776.0,mist+ACI
US,2023-11-11,2023-11-11,1,0.45,1838.2949927251184,2776.0,mist+ACI
US,2023-11-11,2023-11-11,1,0.5,1918.2830810546875,2776.0,mist+ACI
US,2023-11-11,2023-11-11,1,0.55,2154.508714897625,2776.0,mist+ACI
US,2023-11-11,2023-11-11,1,0.6,2376.528578121984,2776.0,mist+ACI
US,2023-11-11,2023-11-11,1,0.65,2547.8683024994,2776.0,mist+ACI
US,2023-11-11,2023-11-11,1,0.7,2550.503131075833,2776.0,mist+ACI
US,2023-11-11,2023-11-11,1,0.75,2751.8580284881414,2776.0,mist+ACI
US,2023-11-11,2023-11-11,1,0.8,2773.5516394319548,2776.0,mist+ACI
US,2023-11-11,2023-11-11,1,0.85,3095.0839042355947,2776.0,mist+ACI
US,2023-11-11,2023-11-11,1,0.9,3304.7901303710814,2776.0,mist+ACI
US,2023-11-11,2023-11-11,1,0.95,3522.923946449771,2776.0,mist+ACI
US,2023-11-11,2023-11-11,1,0.975,3619.3040785028707,2776.0,mist+ACI
US,2023-11-11,2023-11-11,1,0.99,4105.044129104992,2776.0,mist+ACI
US,2023-11-11,2023-11-18,2,0.01,470.69010020317614,3493.0,mist+ACI
US,2023-11-11,2023-11-18,2,0.025,561.0175695132855,3493.0,mist+ACI
US,2023-11-11,2023-11-18,2,0.05,1232.2702047812934,3493.0,mist+ACI
US,2023-11-11,2023-11-18,2,0.1,1653.132316654414,3493.0,mist+ACI
US,2023-11-11,2023-11-18,2,0.15,1711.5464204696225,3493.0,mist+ACI
US,2023-11-11,2023-11-18,2,0.2,1920.3944663986374,3493.0,mist+ACI
US,2023-11-11,2023-11-18,2,0.25,2005.8201700301483,3493.0,mist+ACI
US,2023-11-11,2023-11-18,2,0.3,2145.841438499072,3493.0,mist+ACI
US,2023-11-11,2023-11-18,2,0.35,2267.927108840403,3493.0,mist+ACI
US,2023-11-11,2023-11-18,2,0.4,2286.1537300414757,3493.0,mist+ACI
US,2023-11-11,2023-11-18,2,0.45,2354.0984505716356,3493.0,mist+ACI
US,2023-11-11,2023-11-18,2,0.5,2442.8671875,3493.0,mist+ACI
US,2023-11-11,2023-11-18,2,0.55,2464.808005874446,3493.0,mist+ACI
US,2023-11-11,2023-11-18,2,0.6,2941.3535569036044,3493.0,mist+ACI
US,2023-11-11,2023-11-18,2,0.65,3208.1820082023905,3493.0,mist+ACI
US,2023-11-11,2023-11-18,2,0.7,3284.9861738384643,3493.0,mist+ACI
US,2023-11-11,2023-11-18,2,0.75,3647.082484921785,3493.0,mist+ACI
US,2023-11-11,2023-11-18,2,0.8,3734.891774998916,3493.0,mist+ACI
US,2023-11-11,2023-11-18,2,0.85,4319.1192156599445,3493.0,mist+ACI
US,2023-11-11,2023-11-18,2,0.9,4550.056618750385,3493.0,mist+ACI
US,2023-11-11,2023-11-18,2,0.95,4761.621358328338,3493.0,mist+ACI
US,2023-11-11,2023-11-18,2,0.975,5025.102441441692,3493.0,mist+ACI
US,2023-11-11,2023-11-18,2,0.99,5178.7375585837035,3493.0,mist+ACI
US,2023-11-11,2023-11-25,3,0.01,475.1234282675114,4381.0,mist+ACI
US,2023-11-11,2023-11-25,3,0.025,809.9316983417889,4381.0,mist+ACI
US,2023-11-11,2023-11-25,3,0.05,1452.3228707297014,4381.0,mist+ACI
US,2023-11-11,2023-11-25,3,0.1,1842.9045066349756,4381.0,mist+ACI
US,2023-11-11,2023-11-25,3,0.15,2035.374595123121,4381.0,mist+ACI
US,2023-11-11,2023-11-25,3,0.2,2215.062930031004,4381.0,mist+ACI
US,2023-11-11,2023-11-25,3,0.25,2396.2083423497843,4381.0,mist+ACI
US,2023-11-11,2023-11-25,3,0.3,2491.9178265136065,4381.0,mist+ACI
US,2023-11-11,2023-11-25,3,0.35,2636.464086675407,4381.0,mist+ACI
US,2023-11-11,2023-11-25,3,0.4,2735.5373509546293,4381.0,mist+ACI
US,2023-11-11,2023-11-25,3,0.45,2832.625467446493,4381.0,mist+ACI
US,2023-11-11,2023-11-25,3,0.5,2920.7607421875,4381.0,mist+ACI
US,2023-11-11,2023-11-25,3,0.55,3286.627676859995,4381.0,mist+ACI
US,2023-11-11,2023-11-25,3,0.6,3957.666602697601,4381.0,mist+ACI
US,2023-11-11,2023-11-25,3,0.65,4270.133006981841,4381.0,mist+ACI
US,2023-11-11,2023-11-25,3,0.7,4473.335945187025,4381.0,mist+ACI
US,2023-11-11,2023-11-25,3,0.75,5037.922489674631,4381.0,mist+ACI
US,2023-11-11,2023-11-25,3,0.8,5337.020575519084,4381.0,mist+ACI
US,2023-11-11,2023-11-25,3,0.85,6052.116525423717,4381.0,mist+ACI
US,2023-11-11,2023-11-25,3,0.9,6289.517054829141,4381.0,mist+ACI
US,2023-11-11,2023-11-25,3,0.95,6296.877105291422,4381.0,mist+ACI
US,2023-11-11,2023-11-25,3,0.975,6573.4591308861145,4381.0,mist+ACI
US,2023-11-11,2023-11-25,3,0.99,7739.266858655651,4381.0,mist+ACI
US,2023-11-11,2023-12-02,4,0.01,293.3562441298627,5948.0,mist+ACI
US,2023-11-11,2023-12-02,4,0.025,834.9105812901003,5948.0,mist+ACI
US,2023-11-11,2023-12-02,4,0.05,1368.4685725961772,5948.0,mist+ACI
US,2023-11-11,2023-12-02,4,0.1,1801.791862206228,5948.0,mist+ACI
US,2023-11-11,2023-12-02,4,0.15,2077.3550409287427,5948.0,mist+ACI
US,2023-11-11,2023-12-02,4,0.2,2398.6550018949856,5948.0,mist+ACI
US,2023-11-11,2023-12-02,4,0.25,2565.2882323618614,5948.0,mist+ACI
US,2023-11-11,2023-12-02,4,0.3,2757.788766310013,5948.0,mist+ACI
US,2023-11-11,2023-12-02,4,0.35,2902.3013740763777,5948.0,mist+ACI
US,2023-11-11,2023-12-02,4,0.4,3136.365336381414,5948.0,mist+ACI
US,2023-11-11,2023-12-02,4,0.45,3229.9303579978105,5948.0,mist+ACI
US,2023-11-11,2023-12-02,4,0.5,3340.257568359375,5948.0,mist+ACI
US,2023-11-11,2023-12-02,4,0.55,4200.796253189895,5948.0,mist+ACI
US,2023-11-11,2023-12-02,4,0.6,5031.491716589244,5948.0,mist+ACI
US,2023-11-11,2023-12-02,4,0.65,5624.678149508584,5948.0,mist+ACI
US,2023-11-11,2023-12-02,4,0.7,5896.049427281454,5948.0,mist+ACI
US,2023-11-11,2023-12-02,4,0.75,6085.363571438996,5948.0,mist+ACI
US,2023-11-11,2023-12-02,4,0.8,6726.290037086635,5948.0,mist+ACI
US,2023-11-11,2023-12-02,4,0.85,7331.872231077387,5948.0,mist+ACI
US,2023-11-11,2023-12-02,4,0.9,7342.0611216436155,5948.0,mist+ACI
US,2023-11-11,2023-12-02,4,0.95,8170.462711625146,5948.0,mist+ACI
US,2023-11-11,2023-12-02,4,0.975,8506.362524684419,5948.0,mist+ACI
US,2023-11-11,2023-12-02,4,0.99,11488.46566191255,5948.0,mist+ACI
US,2023-11-18,2023-11-18,1,0.01,384.66625260302635,3493.0,mist+ACI
US,2023-11-18,2023-11-18,1,0.025,1308.6650508783164,3493.0,mist+ACI
US,2023-11-18,2023-11-18,1,0.05,1406.9446424246937,3493.0,mist+ACI
US,2023-11-18,2023-11-18,1,0.1,1870.719101851676,3493.0,mist+ACI
US,2023-11-18,2023-11-18,1,0.15,1997.6288756312042,3493.0,mist+ACI
US,2023-11-18,2023-11-18,1,0.2,2202.253809176072,3493.0,mist+ACI
US,2023-11-18,2023-11-18,1,0.25,2345.6529665640805,3493.0,mist+ACI
US,2023-11-18,2023-11-18,1,0.3,2397.826627994773,3493.0,mist+ACI
US,2023-11-18,2023-11-18,1,0.35,2500.5338497150165,3493.0,mist+ACI
US,2023-11-18,2023-11-18,1,0.4,2548.033925461683,3493.0,mist+ACI
US,2023-11-18,2023-11-18,1,0.45,2558.5403997246194,3493.0,mist+ACI
US,2023-11-18,2023-11-18,1,0.5,2618.49072265625,3493.0,mist+ACI
US,2023-11-18,2023-11-18,1,0.55,3517.508333442771,3493.0,mist+ACI
US,2023-11-18,2023-11-18,1,0.6,4110.651155264076,3493.0,mist+ACI
US,2023-11-18,2023-11-18,1,0.65,4369.056013659132,3493.0,mist+ACI
US,2023-11-18,2023-11-18,1,0.7,4396.511060955589,3493.0,mist+ACI
US,2023-11-18,2023-11-18,1,0.75,5098.053489040677,3493.0,mist+ACI
US,2023-11-18,2023-11-18,1,0.8,5109.523659425339,3493.0,mist+ACI
US,2023-11-18,2023-11-18,1,0.85,5231.044973222761,3493.0,mist+ACI
US,2023-11-18,2023-11-18,1,0.9,5287.805883610579,3493.0,mist+ACI
US,2023-11-18,2023-11-18,1,0.95,6222.562963898686,3493.0,mist+ACI
US,2023-11-18,2023-11-18,1,0.975,6372.28524442368,3493.0,mist+ACI
US,2023-11-18,2023-11-18,1,0.99,7856.97217604048,3493.0,mist+ACI
US,2023-11-18,2023-11-25,2,0.01,316.30437066118384,4381.0,mist+ACI
US,2023-11-18,2023-11-25,2,0.025,586.2949442882341,4381.0,mist+ACI
US,2023-11-18,2023-11-25,2,0.05,1721.1930875055325,4381.0,mist+ACI
US,2023-11-18,2023-11-25,2,0.1,2398.830558878377,4381.0,mist+ACI
US,2023-11-18,2023-11-25,2,0.15,2566.629359255273,4381.0,mist+ACI
US,2023-11-18,2023-11-25,2,0.2,2871.2457287563047,4381.0,mist+ACI
US,2023-11-18,2023-11-25,2,0.25,3013.565955507418,4381.0,mist+ACI
US,2023-11-18,2023-11-25,2,0.3,3184.1700052171363,4381.0,mist+ACI
US,2023-11-18,2023-11-25,2,0.35,3318.7721066406325,4381.0,mist+ACI
US,2023-11-18,2023-11-25,2,0.4,3353.578083011012,4381.0,mist+ACI
US,2023-11-18,2023-11-25,2,0.45,3420.651633516953,4381.0,mist+ACI
US,2023-11-18,2023-11-25,2,0.5,3491.282958984375,4381.0,mist+ACI
US,2023-11-18,2023-11-25,2,0.55,3769.055501493594,4381.0,mist+ACI
US,2023-11-18,2023-11-25,2,0.6,5530.590170729604,4381.0,mist+ACI
US,2023-11-18,2023-11-25,2,0.65,5880.719066846258,4381.0,mist+ACI
US,2023-11-18,2023-11-25,2,0.7,6304.905183449043,4381.0,mist+ACI
US,2023-11-18,2023-11-25,2,0.75,6773.197866441317,4381.0,mist+ACI
US,2023-11-18,2023-11-25,2,0.8,6851.199889516502,4381.0,mist+ACI
US,2023-11-18,2023-11-25,2,0.85,7067.10737362795,4381.0,mist+ACI
US,2023-11-18,2023-11-25,2,0.9,7614.048563660014,4381.0,mist+ACI
US,2023-11-18,2023-11-25,2,0.95,8401.749664506333,4381.0,mist+ACI
US,2023-11-18,2023-11-25,2,0.975,9224.757633157129,4381.0,mist+ACI
US,2023-11-18,2023-11-25,2,0.99,11461.50003823188,4381.0,mist+ACI
US,2023-11-18,2023-12-02,3,0.01,398.9675313861562,5948.0,mist+ACI
US,2023-11-18,2023-12-02,3,0.025,1048.0446114111687,5948.0,mist+ACI
US,2023-11-18,2023-12-02,3,0.05,2069.732463486797,5948.0,mist+ACI
US,2023-11-18,2023-12-02,3,0.1,2773.8554716127082,5948.0,mist+ACI
US,2023-11-18,2023-12-02,3,0.15,3154.1701034368134,5948.0,mist+ACI
US,2023-11-18,2023-12-02,3,0.2,3457.800836347479,5948.0,mist+ACI
US,2023-11-18,2023-12-02,3,0.25,3729.2897389541176,5948.0,mist+ACI
US,2023-11-18,2023-12-02,3,0.3,3857.966736100867,5948.0,mist+ACI
US,2023-11-18,2023-12-02,3,0.35,4036.305885844328,5948.0,mist+ACI
US,2023-11-18,2023-12-02,3,0.4,4145.076664722153,5948.0,mist+ACI
US,2023-11-18,2023-12-02,3,0.45,4239.374795201965,5948.0,mist+ACI
US,2023-11-18,2023-12-02,3,0.5,4312.58447265625,5948.0,mist+ACI
US,2023-11-18,2023-12-02,3,0.55,5652.550390262733,5948.0,mist+ACI
US,2023-11-18,2023-12-02,3,0.6,7971.828304593988,5948.0,mist+ACI
US,2023-11-18,2023-12-02,3,0.65,8344.30526650923,5948.0,mist+ACI
US,2023-11-18,2023-12-02,3,0.7,8985.18441974128,5948.0,mist+ACI
US,2023-11-18,2023-12-02,3,0.75,9508.569964751776,5948.0,mist+ACI
US,2023-11-18,2023-12-02,3,0.8,10058.019178935418,5948.0,mist+ACI
US,2023-11-18,2023-12-02,3,0.85,10095.005507571153,5948.0,mist+ACI
US,2023-11-18,2023-12-02,3,0.9,10101.250947536053,5948.0,mist+ACI
US,2023-11-18,2023-12-02,3,0.95,13184.853060726036,5948.0,mist+ACI
US,2023-11-18,2023-12-02,3,0.975,15397.765377589221,5948.0,mist+ACI
US,2023-11-18,2023-12-02,3,0.99,17257.828971512412,5948.0,mist+ACI
US,2023-11-18,2023-12-09,4,0.01,146.7059470753793,7474.0,mist+ACI
US,2023-11-18,2023-12-09,4,0.025,1062.670312286216,7474.0,mist+ACI
US,2023-11-18,2023-12-09,4,0.05,2050.769029828769,7474.0,mist+ACI
US,2023-11-18,2023-12-09,4,0.1,2831.462592143564,7474.0,mist+ACI
US,2023-11-18,2023-12-09,4,0.15,3341.7617508627304,7474.0,mist+ACI
US,2023-11-18,2023-12-09,4,0.2,3829.1403095830406,7474.0,mist+ACI
US,2023-11-18,2023-12-09,4,0.25,4112.051251075477,7474.0,mist+ACI
US,2023-11-18,2023-12-09,4,0.3,4375.217310446626,7474.0,mist+ACI
US,2023-11-18,2023-12-09,4,0.35,4554.638175975792,7474.0,mist+ACI
US,2023-11-18,2023-12-09,4,0.4,4790.343038736691,7474.0,mist+ACI
US,2023-11-18,2023-12-09,4,0.45,4875.3377995332885,7474.0,mist+ACI
US,2023-11-18,2023-12-09,4,0.5,4963.91796875,7474.0,mist+ACI
US,2023-11-18,2023-12-09,4,0.55,8303.707373527075,7474.0,mist+ACI
US,2023-11-18,2023-12-09,4,0.6,9954.591119613182,7474.0,mist+ACI
US,2023-11-18,2023-12-09,4,0.65,10785.881988557629,7474.0,mist+ACI
US,2023-11-18,2023-12-09,4,0.7,11157.509927492461,7474.0,mist+ACI
US,2023-11-18,2023-12-09,4,0.75,11927.227620337155,7474.0,mist+ACI
US,2023-11-18,2023-12-09,4,0.8,12586.542082003038,7474.0,mist+ACI
US,2023-11-18,2023-12-09,4,0.85,14766.661364353697,7474.0,mist+ACI
US,2023-11-18,2023-12-09,4,0.9,16322.582544878136,7474.0,mist+ACI
US,2023-11-18,2023-12-09,4,0.95,18320.657433474986,7474.0,mist+ACI
US,2023-11-18,2023-12-09,4,0.975,22188.691048510576,7474.0,mist+ACI
US,2023-11-18,2023-12-09,4,0.99,23708.830680491235,7474.0,mist+ACI
US,2023-11-25,2023-11-25,1,0.01,528.1172433304746,4381.0,mist+ACI
US,2023-11-25,2023-11-25,1,0.025,1891.3846705543797,4381.0,mist+ACI
US,2023-11-25,2023-11-25,1,0.05,2128.567470442143,4381.0,mist+ACI
US,2023-11-25,2023-11-25,1,0.1,2863.646129044048,4381.0,mist+ACI
US,2023-11-25,2023-11-25,1,0.15,3082.933959647468,4381.0,mist+ACI
US,2023-11-25,2023-11-25,1,0.2,3377.147543122808,4381.0,mist+ACI
US,2023-11-25,2023-11-25,1,0.25,3547.9672854840396,4381.0,mist+ACI
US,2023-11-25,2023-11-25,1,0.3,3618.661383048082,4381.0,mist+ACI
US,2023-11-25,2023-11-25,1,0.35,3732.0148433492773,4381.0,mist+ACI
US,2023-11-25,2023-11-25,1,0.4,3773.15054966809,4381.0,mist+ACI
US,2023-11-25,2023-11-25,1,0.45,3787.098911610376,4381.0,mist+ACI
US,2023-11-25,2023-11-25,1,0.5,3827.13916015625,4381.0,mist+ACI
US,2023-11-25,2023-11-25,1,0.55,4695.676037044837,4381.0,mist+ACI
US,2023-11-25,2023-11-25,1,0.6,5473.4924949328915,4381.0,mist+ACI
US,2023-11-25,2023-11-25,1,0.65,5606.519186887892,4381.0,mist+ACI
US,2023-11-25,2023-11-25,1,0.7,6278.393288251322,4381.0,mist+ACI
US,2023-11-25,2023-11-25,1,0.75,6398.954813118549,4381.0,mist+ACI
US,2023-11-25,2023-11-25,1,0.8,6644.822568642351,4381.0,mist+ACI
US,2023-11-25,2023-11-25,1,0.85,7618.109842327443,4381.0,mist+ACI
US,2023-11-25,2023-11-25,1,0.9,7902.279714579684,4381.0,mist+ACI
US,2023-11-25,2023-11-25,1,0.95,7943.521010666433,4381.0,mist+ACI
US,2023-11-25,2023-11-25,1,0.975,8408.388053418295,4381.0,mist+ACI
US,2023-11-25,2023-11-25,1,0.99,10908.510257713571,4381.0,mist+ACI
US,2023-11-25,2023-12-02,2,0.01,268.96302104050574,5948.0,mist+ACI
US,2023-11-25,2023-12-02,2,0.025,874.588647429342,5948.0,mist+ACI
US,2023-11-25,2023-12-02,2,0.05,2765.2433430889705,5948.0,mist+ACI
US,2023-11-25,2023-12-02,2,0.1,3845.265917616548,5948.0,mist+ACI
US,2023-11-25,2023-12-02,2,0.15,4213.901731352588,5948.0,mist+ACI
US,2023-11-25,2023-12-02,2,0.2,4658.965885446928,5948.0,mist+ACI
US,2023-11-25,2023-12-02,2,0.25,4872.825805237035,5948.0,mist+ACI
US,2023-11-25,2023-12-02,2,0.3,5071.6334127276505,5948.0,mist+ACI
US,2023-11-25,2023-12-02,2,0.35,5228.612093143835,5948.0,mist+ACI
US,2023-11-25,2023-12-02,2,0.4,5274.8173501292085,5948.0,mist+ACI
US,2023-11-25,2023-12-02,2,0.45,5342.277435146026,5948.0,mist+ACI
US,2023-11-25,2023-12-02,2,0.5,5406.54296875,5948.0,mist+ACI
US,2023-11-25,2023-12-02,2,0.55,5752.660097429122,5948.0,mist+ACI
US,2023-11-25,2023-12-02,2,0.6,7048.8822514241765,5948.0,mist+ACI
US,2023-11-25,2023-12-02,2,0.65,8064.923823126641,5948.0,mist+ACI
US,2023-11-25,2023-12-02,2,0.7,8524.889656124436,5948.0,mist+ACI
US,2023-11-25,2023-12-02,2,0.75,9432.976215858045,5948.0,mist+ACI
US,2023-11-25,2023-12-02,2,0.8,9619.392110168277,5948.0,mist+ACI
US,2023-11-25,2023-12-02,2,0.85,10811.305954462548,5948.0,mist+ACI
US,2023-11-25,2023-12-02,2,0.9,11426.289633446226,5948.0,mist+ACI
US,2023-11-25,2023-12-02,2,0.95,11766.452180810284,5948.0,mist+ACI
US,2023-11-25,2023-12-02,2,0.975,11962.469348400582,5948.0,mist+ACI
US,2023-11-25,2023-12-02,2,0.99,16326.375791747909,5948.0,mist+ACI
US,2023-11-25,2023-12-09,3,0.01,486.0731572886316,7474.0,mist+ACI
US,2023-11-25,2023-12-09,3,0.025,1717.2308022935858,7474.0,mist+ACI
US,2023-11-25,2023-12-09,3,0.05,3393.6760377949436,7474.0,mist+ACI
US,2023-11-25,2023-12-09,3,0.1,4663.235005967883,7474.0,mist+ACI
US,2023-11-25,2023-12-09,3,0.15,5311.888192529044,7474.0,mist+ACI
US,2023-11-25,2023-12-09,3,0.2,5789.377421382047,7474.0,mist+ACI
US,2023-11-25,2023-12-09,3,0.25,6189.180496599952,7474.0,mist+ACI
US,2023-11-25,2023-12-09,3,0.3,6369.582781465327,7474.0,mist+ACI
US,2023-11-25,2023-12-09,3,0.35,6579.075176969288,7474.0,mist+ACI
US,2023-11-25,2023-12-09,3,0.4,6704.2119116654585,7474.0,mist+ACI
US,2023-11-25,2023-12-09,3,0.45,6798.318175177098,7474.0,mist+ACI
US,2023-11-25,2023-12-09,3,0.5,6862.49560546875,7474.0,mist+ACI
US,2023-11-25,2023-12-09,3,0.55,8018.955972949295,7474.0,mist+ACI
US,2023-11-25,2023-12-09,3,0.6,10263.877577571966,7474.0,mist+ACI
US,2023-11-25,2023-12-09,3,0.65,10827.522690224936,7474.0,mist+ACI
US,2023-11-25,2023-12-09,3,0.7,12465.73893183294,7474.0,mist+ACI
US,2023-11-25,2023-12-09,3,0.75,13794.249235651405,7474.0,mist+ACI
US,2023-11-25,2023-12-09,3,0.8,13881.93547527901,7474.0,mist+ACI
US,2023-11-25,2023-12-09,3,0.85,14836.13410968395,7474.0,mist+ACI
US,2023-11-25,2023-12-09,3,0.9,15948.479123499184,7474.0,mist+ACI
US,2023-11-25,2023-12-09,3,0.95,18145.91576999781,7474.0,mist+ACI
US,2023-11-25,2023-12-09,3,0.975,18380.103618364265,7474.0,mist+ACI
US,2023-11-25,2023-12-09,3,0.99,24332.91176090565,7474.0,mist+ACI
US,2023-11-25,2023-12-16,4,0.01,344.22591999202905,10286.0,mist+ACI
US,2023-11-25,2023-12-16,4,0.025,1717.5600344810819,10286.0,mist+ACI
US,2023-11-25,2023-12-16,4,0.05,3512.169692187157,10286.0,mist+ACI
US,2023-11-25,2023-12-16,4,0.1,4822.3530912683,10286.0,mist+ACI
US,2023-11-25,2023-12-16,4,0.15,5726.114778867431,10286.0,mist+ACI
US,2023-11-25,2023-12-16,4,0.2,6447.414310951078,10286.0,mist+ACI
US,2023-11-25,2023-12-16,4,0.25,6896.139465575149,10286.0,mist+ACI
US,2023-11-25,2023-12-16,4,0.3,7243.522239367772,10286.0,mist+ACI
US,2023-11-25,2023-12-16,4,0.35,7435.339192999095,10286.0,mist+ACI
US,2023-11-25,2023-12-16,4,0.4,7687.655211039013,10286.0,mist+ACI
US,2023-11-25,2023-12-16,4,0.45,7757.208031469441,10286.0,mist+ACI
US,2023-11-25,2023-12-16,4,0.5,7822.86865234375,10286.0,mist+ACI
US,2023-11-25,2023-12-16,4,0.55,10861.325049205334,10286.0,mist+ACI
US,2023-11-25,2023-12-16,4,0.6,14478.848735937225,10286.0,mist+ACI
US,2023-11-25,2023-12-16,4,0.65,14646.294573839952,10286.0,mist+ACI
US,2023-11-25,2023-12-16,4,0.7,15149.238193739646,10286.0,mist+ACI
US,2023-11-25,2023-12-16,4,0.75,17504.06609579055,10286.0,mist+ACI
US,2023-11-25,2023-12-16,4,0.8,19695.118080715263,10286.0,mist+ACI
US,2023-11-25,2023-12-16,4,0.85,19822.93601790288,10286.0,mist+ACI
US,2023-11-25,2023-12-16,4,0.9,19864.91460538178,10286.0,mist+ACI
US,2023-11-25,2023-12-16,4,0.95,25556.48607870736,10286.0,mist+ACI
US,2023-11-25,2023-12-16,4,0.975,28159.53941552202,10286.0,mist+ACI
US,2023-11-25,2023-12-16,4,0.99,32094.84888448582,10286.0,mist+ACI
US,2023-12-02,2023-12-02,1,0.01,241.10581636009556,5948.0,mist+ACI
US,2023-12-02,2023-12-02,1,0.025,1644.6847991561729,5948.0,mist+ACI
US,2023-12-02,2023-12-02,1,0.05,2053.4806041391785,5948.0,mist+ACI
US,2023-12-02,2023-12-02,1,0.1,2566.6954486776617,5948.0,mist+ACI
US,2023-12-02,2023-12-02,1,0.15,2987.9760451526017,5948.0,mist+ACI
US,2023-12-02,2023-12-02,1,0.2,3170.5880390693064,5948.0,mist+ACI
US,2023-12-02,2023-12-02,1,0.25,3325.960847925786,5948.0,mist+ACI
US,2023-12-02,2023-12-02,1,0.3,3382.8708806870877,5948.0,mist+ACI
US,2023-12-02,2023-12-02,1,0.35,3454.176584229869,5948.0,mist+ACI
US,2023-12-02,2023-12-02,1,0.4,3474.995191963275,5948.0,mist+ACI
US,2023-12-02,2023-12-02,1,0.45,3490.140395230121,5948.0,mist+ACI
US,2023-12-02,2023-12-02,1,0.5,3521.08544921875,5948.0,mist+ACI
US,2023-12-02,2023-12-02,1,0.55,3914.0413439196996,5948.0,mist+ACI
US,2023-12-02,2023-12-02,1,0.6,4370.2381852294475,5948.0,mist+ACI
US,2023-12-02,2023-12-02,1,0.65,4485.17822265625,5948.0,mist+ACI
US,2023-12-02,2023-12-02,1,0.7,4848.583569291776,5948.0,mist+ACI
US,2023-12-02,2023-12-02,1,0.75,5428.963565650259,5948.0,mist+ACI
US,2023-12-02,2023-12-02,1,0.8,5461.093036254888,5948.0,mist+ACI
US,2023-12-02,2023-12-02,1,0.85,5667.4578425442405,5948.0,mist+ACI
US,2023-12-02,2023-12-02,1,0.9,6484.13864006997,5948.0,mist+ACI
US,2023-12-02,2023-12-02,1,0.95,6821.555604466913,5948.0,mist+ACI
US,2023-12-02,2023-12-02,1,0.975,7090.386826881962,5948.0,mist+ACI
US,2023-12-02,2023-12-02,1,0.99,8929.625386976233,5948.0,mist+ACI
US,2023-12-02,2023-12-09,2,0.01,423.4318035858437,7474.0,mist+ACI
US,2023-12-02,2023-12-09,2,0.025,807.0751870725367,7474.0,mist+ACI
US,2023-12-02,2023-12-09,2,0.05,2318.7701814246084,7474.0,mist+ACI
US,2023-12-02,2023-12-09,2,0.1,3320.9137345515155,7474.0,mist+ACI
US,2023-12-02,2023-12-09,2,0.15,3672.75868710254,7474.0,mist+ACI
US,2023-12-02,2023-12-09,2,0.2,3940.955644498488,7474.0,mist+ACI
US,2023-12-02,2023-12-09,2,0.25,4044.1084947644063,7474.0,mist+ACI
US,2023-12-02,2023-12-09,2,0.3,4194.405533720643,7474.0,mist+ACI
US,2023-12-02,2023-12-09,2,0.35,4277.571569024264,7474.0,mist+ACI
US,2023-12-02,2023-12-09,2,0.4,4300.017734889683,7474.0,mist+ACI
US,2023-12-02,2023-12-09,2,0.45,4320.738116926591,7474.0,mist+ACI
US,2023-12-02,2023-12-09,2,0.5,4330.798828125,7474.0,mist+ACI
US,2023-12-02,2023-12-09,2,0.55,4673.347251202025,7474.0,mist+ACI
US,2023-12-02,2023-12-09,2,0.6,5497.639934337963,7474.0,mist+ACI
US,2023-12-02,2023-12-09,2,0.65,5958.5888671875,7474.0,mist+ACI
US,2023-12-02,2023-12-09,2,0.7,6057.183202847713,7474.0,mist+ACI
US,2023-12-02,2023-12-09,2,0.75,6950.716587051009,7474.0,mist+ACI
US,2023-12-02,2023-12-09,2,0.8,7514.045227642406,7474.0,mist+ACI
US,2023-12-02,2023-12-09,2,0.85,7602.382312608321,7474.0,mist+ACI
US,2023-12-02,2023-12-09,2,0.9,8508.375406195126,7474.0,mist+ACI
US,2023-12-02,2023-12-09,2,0.95,8943.249660808695,7474.0,mist+ACI
US,2023-12-02,2023-12-09,2,0.975,9639.75910568895,7474.0,mist+ACI
US,2023-12-02,2023-12-09,2,0.99,12612.91181590522,7474.0,mist+ACI
US,2023-12-02,2023-12-16,3,0.01,512.2464586828546,10286.0,mist+ACI
US,2023-12-02,2023-12-16,3,0.025,1290.2155783435637,10286.0,mist+ACI
US,2023-12-02,2023-12-16,3,0.05,2940.784911119049,10286.0,mist+ACI
US,2023-12-02,2023-12-16,3,0.1,3953.5137178161117,10286.0,mist+ACI
US,2023-12-02,2023-12-16,3,0.15,4439.728275792164,10286.0,mist+ACI
US,2023-12-02,2023-12-16,3,0.2,4804.038348602171,10286.0,mist+ACI
US,2023-12-02,2023-12-16,3,0.25,5011.4208339711295,10286.0,mist+ACI
US,2023-12-02,2023-12-16,3,0.3,5149.319699571495,10286.0,mist+ACI
US,2023-12-02,2023-12-16,3,0.35,5264.774180437326,10286.0,mist+ACI
US,2023-12-02,2023-12-16,3,0.4,5322.8722301952785,10286.0,mist+ACI
US,2023-12-02,2023-12-16,3,0.45,5357.001763638874,10286.0,mist+ACI
US,2023-12-02,2023-12-16,3,0.5,5383.45556640625,10286.0,mist+ACI
US,2023-12-02,2023-12-16,3,0.55,5777.411991219456,10286.0,mist+ACI
US,2023-12-02,2023-12-16,3,0.6,7125.76236039645,10286.0,mist+ACI
US,2023-12-02,2023-12-16,3,0.65,7759.22314453125,10286.0,mist+ACI
US,2023-12-02,2023-12-16,3,0.7,8044.76054441505,10286.0,mist+ACI
US,2023-12-02,2023-12-16,3,0.75,9421.080333979095,10286.0,mist+ACI
US,2023-12-02,2023-12-16,3,0.8,10676.59415689654,10286.0,mist+ACI
US,2023-12-02,2023-12-16,3,0.85,10936.244123727607,10286.0,mist+ACI
US,2023-12-02,2023-12-16,3,0.9,11958.504242265688,10286.0,mist+ACI
US,2023-12-02,2023-12-16,3,0.95,12767.089542700953,10286.0,mist+ACI
US,2023-12-02,2023-12-16,3,0.975,13073.724867876856,10286.0,mist+ACI
US,2023-12-02,2023-12-16,3,0.99,18675.975851040483,10286.0,mist+ACI
US,2023-12-02,2023-12-23,4,0.01,367.6142252780637,15727.0,mist+ACI
US,2023-12-02,2023-12-23,4,0.025,1626.322860928327,15727.0,mist+ACI
US,2023-12-02,2023-12-23,4,0.05,2837.4419056853963,15727.0,mist+ACI
US,2023-12-02,2023-12-23,4,0.1,4217.251923228202,15727.0,mist+ACI
US,2023-12-02,2023-12-23,4,0.15,4919.931609113571,15727.0,mist+ACI
US,2023-12-02,2023-12-23,4,0.2,5533.561325566803,15727.0,mist+ACI
US,2023-12-02,2023-12-23,4,0.25,5767.496866770509,15727.0,mist+ACI
US,2023-12-02,2023-12-23,4,0.3,5967.112409394725,15727.0,mist+ACI
US,2023-12-02,2023-12-23,4,0.35,6101.488596781422,15727.0,mist+ACI
US,2023-12-02,2023-12-23,4,0.4,6221.317264157662,15727.0,mist+ACI
US,2023-12-02,2023-12-23,4,0.45,6268.423880514891,15727.0,mist+ACI
US,2023-12-02,2023-12-23,4,0.5,6312.548828125,15727.0,mist+ACI
US,2023-12-02,2023-12-23,4,0.55,7226.57856431236,15727.0,mist+ACI
US,2023-12-02,2023-12-23,4,0.6,8453.105131544888,15727.0,mist+ACI
US,2023-12-02,2023-12-23,4,0.65,9692.7236328125,15727.0,mist+ACI
US,2023-12-02,2023-12-23,4,0.7,10877.369237136507,15727.0,mist+ACI
US,2023-12-02,2023-12-23,4,0.75,12227.091746802053,15727.0,mist+ACI
US,2023-12-02,2023-12-23,4,0.8,13218.342121508358,15727.0,mist+ACI
US,2023-12-02,2023-12-23,4,0.85,13940.083237209403,15727.0,mist+ACI
US,2023-12-02,2023-12-23,4,0.9,15365.583620448091,15727.0,mist+ACI
US,2023-12-02,2023-12-23,4,0.95,16224.867021535742,15727.0,mist+ACI
US,2023-12-02,2023-12-23,4,0.975,17328.8050657008,15727.0,mist+ACI
US,2023-12-02,2023-12-23,4,0.99,22603.999053963344,15727.0,mist+ACI
US,2023-12-09,2023-12-09,1,0.01,329.3322762851576,7474.0,mist+ACI
US,2023-12-09,2023-12-09,1,0.025,2032.6166086571484,7474.0,mist+ACI
US,2023-12-09,2023-12-09,1,0.05,2650.6043632101505,7474.0,mist+ACI
US,2023-12-09,2023-12-09,1,0.1,3399.1498429337835,7474.0,mist+ACI
US,2023-12-09,2023-12-09,1,0.15,3946.3120521887604,7474.0,mist+ACI
US,2023-12-09,2023-12-09,1,0.2,4189.570780952338,7474.0,mist+ACI
US,2023-12-09,2023-12-09,1,0.25,4373.43212168712,7474.0,mist+ACI
US,2023-12-09,2023-12-09,1,0.3,4433.761486896767,7474.0,mist+ACI
US,2023-12-09,2023-12-09,1,0.35,4501.700674187746,7474.0,mist+ACI
US,2023-12-09,2023-12-09,1,0.4,4520.4438784312,7474.0,mist+ACI
US,2023-12-09,2023-12-09,1,0.45,4534.596509829474,7474.0,mist+ACI
US,2023-12-09,2023-12-09,1,0.5,4557.8212890625,7474.0,mist+ACI
US,2023-12-09,2023-12-09,1,0.55,5684.2271120740115,7474.0,mist+ACI
US,2023-12-09,2023-12-09,1,0.6,7257.658185436183,7474.0,mist+ACI
US,2023-12-09,2023-12-09,1,0.65,8196.440800320834,7474.0,mist+ACI
US,2023-12-09,2023-12-09,1,0.7,8487.105184923286,7474.0,mist+ACI
US,2023-12-09,2023-12-09,1,0.75,8616.112268361334,7474.0,mist+ACI
US,2023-12-09,2023-12-09,1,0.8,9384.33865191196,7474.0,mist+ACI
US,2023-12-09,2023-12-09,1,0.85,9429.477533732095,7474.0,mist+ACI
US,2023-12-09,2023-12-09,1,0.9,11004.751003227531,7474.0,mist+ACI
US,2023-12-09,2023-12-09,1,0.95,11793.836670832205,7474.0,mist+ACI
US,2023-12-09,2023-12-09,1,0.975,14510.245621474638,7474.0,mist+ACI
US,2023-12-09,2023-12-09,1,0.99,15750.718689104518,7474.0,mist+ACI
US,2023-12-09,2023-12-16,2,0.01,403.0173026431494,10286.0,mist+ACI
US,2023-12-09,2023-12-16,2,0.025,953.6057044596082,10286.0,mist+ACI
US,2023-12-09,2023-12-16,2,0.05,3045.2178333826137,10286.0,mist+ACI
US,2023-12-09,2023-12-16,2,0.1,4400.463315720106,10286.0,mist+ACI
US,2023-12-09,2023-12-16,2,0.15,4876.9543484754,10286.0,mist+ACI
US,2023-12-09,2023-12-16,2,0.2,5188.684155476918,10286.0,mist+ACI
US,2023-12-09,2023-12-16,2,0.25,5316.183615219493,10286.0,mist+ACI
US,2023-12-09,2023-12-16,2,0.3,5465.712141764401,10286.0,mist+ACI
US,2023-12-09,2023-12-16,2,0.35,5537.257113622295,10286.0,mist+ACI
US,2023-12-09,2023-12-16,2,0.4,5556.396968175605,10286.0,mist+ACI
US,2023-12-09,2023-12-16,2,0.45,5572.451790664309,10286.0,mist+ACI
US,2023-12-09,2023-12-16,2,0.5,5577.59130859375,10286.0,mist+ACI
US,2023-12-09,2023-12-16,2,0.55,6779.47447650082,10286.0,mist+ACI
US,2023-12-09,2023-12-16,2,0.6,9781.422221545077,10286.0,mist+ACI
US,2023-12-09,2023-12-16,2,0.65,10253.076208029459,10286.0,mist+ACI
US,2023-12-09,2023-12-16,2,0.7,11761.875290642012,10286.0,mist+ACI
US,2023-12-09,2023-12-16,2,0.75,12232.577555922142,10286.0,mist+ACI
US,2023-12-09,2023-12-16,2,0.8,12637.720552509996,10286.0,mist+ACI
US,2023-12-09,2023-12-16,2,0.85,12838.036181642892,10286.0,mist+ACI
US,2023-12-09,2023-12-16,2,0.9,15531.885608875775,10286.0,mist+ACI
US,2023-12-09,2023-12-16,2,0.95,17755.953308036667,10286.0,mist+ACI
US,2023-12-09,2023-12-16,2,0.975,18507.726018219484,10286.0,mist+ACI
US,2023-12-09,2023-12-16,2,0.99,24465.63593940884,10286.0,mist+ACI
US,2023-12-09,2023-12-23,3,0.01,507.2180752500353,15727.0,mist+ACI
US,2023-12-09,2023-12-23,3,0.025,1624.3309179721855,15727.0,mist+ACI
US,2023-12-09,2023-12-23,3,0.05,3937.918480085513,15727.0,mist+ACI
US,2023-12-09,2023-12-23,3,0.1,5343.420695705337,15727.0,mist+ACI
US,2023-12-09,2023-12-23,3,0.15,6002.586486154258,15727.0,mist+ACI
US,2023-12-09,2023-12-23,3,0.2,6445.9463208137295,15727.0,mist+ACI
US,2023-12-09,2023-12-23,3,0.25,6671.265536372921,15727.0,mist+ACI
US,2023-12-09,2023-12-23,3,0.3,6820.776983329633,15727.0,mist+ACI
US,2023-12-09,2023-12-23,3,0.35,6927.612550343107,15727.0,mist+ACI
US,2023-12-09,2023-12-23,3,0.4,6976.080879396867,15727.0,mist+ACI
US,2023-12-09,2023-12-23,3,0.45,7000.630072405838,15727.0,mist+ACI
US,2023-12-09,2023-12-23,3,0.5,7019.6865234375,15727.0,mist+ACI
US,2023-12-09,2023-12-23,3,0.55,8316.812763695441,15727.0,mist+ACI
US,2023-12-09,2023-12-23,3,0.6,12862.557349406266,15727.0,mist+ACI
US,2023-12-09,2023-12-23,3,0.65,15539.724081786966,15727.0,mist+ACI
US,2023-12-09,2023-12-23,3,0.7,15737.27825736239,15727.0,mist+ACI
US,2023-12-09,2023-12-23,3,0.75,16776.64680386668,15727.0,mist+ACI
US,2023-12-09,2023-12-23,3,0.8,17101.29469546971,15727.0,mist+ACI
US,2023-12-09,2023-12-23,3,0.85,17177.24603513695,15727.0,mist+ACI
US,2023-12-09,2023-12-23,3,0.9,22890.215433134108,15727.0,mist+ACI
US,2023-12-09,2023-12-23,3,0.95,25634.775975540102,15727.0,mist+ACI
US,2023-12-09,2023-12-23,3,0.975,28828.905844005516,15727.0,mist+ACI
US,2023-12-09,2023-12-23,3,0.99,37291.07409066876,15727.0,mist+ACI
US,2023-12-09,2023-12-30,4,0.01,601.9287944858961,21684.0,mist+ACI
US,2023-12-09,2023-12-30,4,0.025,2123.236094770021,21684.0,mist+ACI
US,2023-12-09,2023-12-30,4,0.05,3885.604323389497,21684.0,mist+ACI
US,2023-12-09,2023-12-30,4,0.1,5857.177872797617,21684.0,mist+ACI
US,2023-12-09,2023-12-30,4,0.15,6810.205710282664,21684.0,mist+ACI
US,2023-12-09,2023-12-30,4,0.2,7540.081468041739,21684.0,mist+ACI
US,2023-12-09,2023-12-30,4,0.25,7811.38981189619,21684.0,mist+ACI
US,2023-12-09,2023-12-30,4,0.3,8027.060337503814,21684.0,mist+ACI
US,2023-12-09,2023-12-30,4,0.35,8159.594298522643,21684.0,mist+ACI
US,2023-12-09,2023-12-30,4,0.4,8261.232114246352,21684.0,mist+ACI
US,2023-12-09,2023-12-30,4,0.45,8299.696492060557,21684.0,mist+ACI
US,2023-12-09,2023-12-30,4,0.5,8330.443359375,21684.0,mist+ACI
US,2023-12-09,2023-12-30,4,0.55,11060.977387309904,21684.0,mist+ACI
US,2023-12-09,2023-12-30,4,0.6,15424.436336431707,21684.0,mist+ACI
US,2023-12-09,2023-12-30,4,0.65,18434.765214779967,21684.0,mist+ACI
US,2023-12-09,2023-12-30,4,0.7,20345.01507312405,21684.0,mist+ACI
US,2023-12-09,2023-12-30,4,0.75,21807.81647324581,21684.0,mist+ACI
US,2023-12-09,2023-12-30,4,0.8,22549.136433305146,21684.0,mist+ACI
US,2023-12-09,2023-12-30,4,0.85,24817.334731104413,21684.0,mist+ACI
US,2023-12-09,2023-12-30,4,0.9,27608.27139151274,21684.0,mist+ACI
US,2023-12-09,2023-12-30,4,0.95,39743.11412136398,21684.0,mist+ACI
US,2023-12-09,2023-12-30,4,0.975,42289.90029523015,21684.0,mist+ACI
US,2023-12-09,2023-12-30,4,0.99,43276.266828413885,21684.0,mist+ACI
US,2023-12-16,2023-12-16,1,0.01,403.3803698053998,10286.0,mist+ACI
US,2023-12-16,2023-12-16,1,0.025,1847.1862067609668,10286.0,mist+ACI
US,2023-12-16,2023-12-16,1,0.05,2733.074528360257,10286.0,mist+ACI
US,2023-12-16,2023-12-16,1,0.1,3465.1147868371854,10286.0,mist+ACI
US,2023-12-16,2023-12-16,1,0.15,4140.837603717126,10286.0,mist+ACI
US,2023-12-16,2023-12-16,1,0.2,4359.818329502732,10286.0,mist+ACI
US,2023-12-16,2023-12-16,1,0.25,4534.235586298559,10286.0,mist+ACI
US,2023-12-16,2023-12-16,1,0.3,4594.238956206733,10286.0,mist+ACI
US,2023-12-16,2023-12-16,1,0.35,4641.663595626859,10286.0,mist+ACI
US,2023-12-16,2023-12-16,1,0.4,4658.075465176546,10286.0,mist+ACI
US,2023-12-16,2023-12-16,1,0.45,4670.42581310155,10286.0,mist+ACI
US,2023-12-16,2023-12-16,1,0.5,4686.71923828125,10286.0,mist+ACI
US,2023-12-16,2023-12-16,1,0.55,7129.747584682336,10286.0,mist+ACI
US,2023-12-16,2023-12-16,1,0.6,7373.259789201222,10286.0,mist+ACI
US,2023-12-16,2023-12-16,1,0.65,7632.410021650792,10286.0,mist+ACI
US,2023-12-16,2023-12-16,1,0.7,7782.523586651613,10286.0,mist+ACI
US,2023-12-16,2023-12-16,1,0.75,8552.799065185856,10286.0,mist+ACI
US,2023-12-16,2023-12-16,1,0.8,9623.913926939615,10286.0,mist+ACI
US,2023-12-16,2023-12-16,1,0.85,9797.048910496633,10286.0,mist+ACI
US,2023-12-16,2023-12-16,1,0.9,10679.062082676248,10286.0,mist+ACI
US,2023-12-16,2023-12-16,1,0.95,10790.711658085718,10286.0,mist+ACI
US,2023-12-16,2023-12-16,1,0.975,13103.562563698411,10286.0,mist+ACI
US,2023-12-16,2023-12-16,1,0.99,15442.844093785618,10286.0,mist+ACI
US,2023-12-16,2023-12-23,2,0.01,449.6643792352579,15727.0,mist+ACI
US,2023-12-16,2023-12-23,2,0.025,1052.6469976732542,15727.0,mist+ACI
US,2023-12-16,2023-12-23,2,0.05,2816.273279930177,15727.0,mist+ACI
US,2023-12-16,2023-12-23,2,0.1,4202.678392298131,15727.0,mist+ACI
US,2023-12-16,2023-12-23,2,0.15,4722.476206314368,15727.0,mist+ACI
US,2023-12-16,2023-12-23,2,0.2,4934.517441134735,15727.0,mist+ACI
US,2023-12-16,2023-12-23,2,0.25,5045.712557566026,15727.0,mist+ACI
US,2023-12-16,2023-12-23,2,0.3,5162.535274663465,15727.0,mist+ACI
US,2023-12-16,2023-12-23,2,0.35,5204.882699329171,15727.0,mist+ACI
US,2023-12-16,2023-12-23,2,0.4,5217.435943735719,15727.0,mist+ACI
US,2023-12-16,2023-12-23,2,0.45,5221.083851148114,15727.0,mist+ACI
US,2023-12-16,2023-12-23,2,0.5,5224.47509765625,15727.0,mist+ACI
US,2023-12-16,2023-12-23,2,0.55,8529.90419112804,15727.0,mist+ACI
US,2023-12-16,2023-12-23,2,0.6,8786.822836103425,15727.0,mist+ACI
US,2023-12-16,2023-12-23,2,0.65,9306.780249355197,15727.0,mist+ACI
US,2023-12-16,2023-12-23,2,0.7,10029.92248595184,15727.0,mist+ACI
US,2023-12-16,2023-12-23,2,0.75,11357.958883349995,15727.0,mist+ACI
US,2023-12-16,2023-12-23,2,0.8,12436.49484669175,15727.0,mist+ACI
US,2023-12-16,2023-12-23,2,0.85,12730.971015669693,15727.0,mist+ACI
US,2023-12-16,2023-12-23,2,0.9,14021.695805667221,15727.0,mist+ACI
US,2023-12-16,2023-12-23,2,0.95,14178.086330040618,15727.0,mist+ACI
US,2023-12-16,2023-12-23,2,0.975,16069.079250377657,15727.0,mist+ACI
US,2023-12-16,2023-12-23,2,0.99,22605.338494910866,15727.0,mist+ACI
US,2023-12-16,2023-12-30,3,0.01,543.4947267023999,21684.0,mist+ACI
US,2023-12-16,2023-12-30,3,0.025,1272.3002282002171,21684.0,mist+ACI
US,2023-12-16,2023-12-30,3,0.05,3660.2808017925927,21684.0,mist+ACI
US,2023-12-16,2023-12-30,3,0.1,4961.6501406601665,21684.0,mist+ACI
US,2023-12-16,2023-12-30,3,0.15,5571.812252154598,21684.0,mist+ACI
US,2023-12-16,2023-12-30,3,0.2,5943.469016946584,21684.0,mist+ACI
US,2023-12-16,2023-12-30,3,0.25,6081.866781395995,21684.0,mist+ACI
US,2023-12-16,2023-12-30,3,0.3,6202.893440363172,21684.0,mist+ACI
US,2023-12-16,2023-12-30,3,0.35,6268.923781930566,21684.0,mist+ACI
US,2023-12-16,2023-12-30,3,0.4,6294.387977119746,21684.0,mist+ACI
US,2023-12-16,2023-12-30,3,0.45,6305.065348586213,21684.0,mist+ACI
US,2023-12-16,2023-12-30,3,0.5,6314.6533203125,21684.0,mist+ACI
US,2023-12-16,2023-12-30,3,0.55,8582.444953888933,21684.0,mist+ACI
US,2023-12-16,2023-12-30,3,0.6,11845.43305983952,21684.0,mist+ACI
US,2023-12-16,2023-12-30,3,0.65,13283.314685329195,21684.0,mist+ACI
US,2023-12-16,2023-12-30,3,0.7,13580.34416150804,21684.0,mist+ACI
US,2023-12-16,2023-12-30,3,0.75,14894.267943717909,21684.0,mist+ACI
US,2023-12-16,2023-12-30,3,0.8,16371.151345632616,21684.0,mist+ACI
US,2023-12-16,2023-12-30,3,0.85,18838.587419841133,21684.0,mist+ACI
US,2023-12-16,2023-12-30,3,0.9,19334.611797986123,21684.0,mist+ACI
US,2023-12-16,2023-12-30,3,0.95,20739.673891976672,21684.0,mist+ACI
US,2023-12-16,2023-12-30,3,0.975,21486.268648032077,21684.0,mist+ACI
US,2023-12-16,2023-12-30,3,0.99,33919.284053310665,21684.0,mist+ACI
US,2023-12-16,2024-01-06,4,0.01,672.9608414787526,19540.0,mist+ACI
US,2023-12-16,2024-01-06,4,0.025,2009.640645926811,19540.0,mist+ACI
US,2023-12-16,2024-01-06,4,0.05,3509.012134395596,19540.0,mist+ACI
US,2023-12-16,2024-01-06,4,0.1,5731.862003190496,19540.0,mist+ACI
US,2023-12-16,2024-01-06,4,0.15,6608.056472602142,19540.0,mist+ACI
US,2023-12-16,2024-01-06,4,0.2,7234.184458247386,19540.0,mist+ACI
US,2023-12-16,2024-01-06,4,0.25,7462.77783407934,19540.0,mist+ACI
US,2023-12-16,2024-01-06,4,0.3,7605.915934159221,19540.0,mist+ACI
US,2023-12-16,2024-01-06,4,0.35,7710.366348843809,19540.0,mist+ACI
US,2023-12-16,2024-01-06,4,0.4,7769.088074689713,19540.0,mist+ACI
US,2023-12-16,2024-01-06,4,0.45,7797.700899270058,19540.0,mist+ACI
US,2023-12-16,2024-01-06,4,0.5,7818.86962890625,19540.0,mist+ACI
US,2023-12-16,2024-01-06,4,0.55,11402.494725933982,19540.0,mist+ACI
US,2023-12-16,2024-01-06,4,0.6,15030.88229356942,19540.0,mist+ACI
US,2023-12-16,2024-01-06,4,0.65,16081.567209859166,19540.0,mist+ACI
US,2023-12-16,2024-01-06,4,0.7,16682.264232590387,19540.0,mist+ACI
US,2023-12-16,2024-01-06,4,0.75,17412.464554663457,19540.0,mist+ACI
US,2023-12-16,2024-01-06,4,0.8,18865.68017336005,19540.0,mist+ACI
US,2023-12-16,2024-01-06,4,0.85,21340.531049350306,19540.0,mist+ACI
US,2023-12-16,2024-01-06,4,0.9,23518.13755859097,19540.0,mist+ACI
US,2023-12-16,2024-01-06,4,0.95,25988.64608638654,19540.0,mist+ACI
US,2023-12-16,2024-01-06,4,0.975,29275.165770862222,19540.0,mist+ACI
US,2023-12-16,2024-01-06,4,0.99,40795.20214384522,19540.0,mist+ACI
US,2023-12-23,2023-12-23,1,0.01,637.9150249528939,15727.0,mist+ACI
US,2023-12-23,2023-12-23,1,0.025,2584.9714536419033,15727.0,mist+ACI
US,2023-12-23,2023-12-23,1,0.05,3862.7991333569594,15727.0,mist+ACI
US,2023-12-23,2023-12-23,1,0.1,4942.184538114401,15727.0,mist+ACI
US,2023-12-23,2023-12-23,1,0.15,5792.139901792837,15727.0,mist+ACI
US,2023-12-23,2023-12-23,1,0.2,6065.2738190060545,15727.0,mist+ACI
US,2023-12-23,2023-12-23,1,0.25,6254.220621628672,15727.0,mist+ACI
US,2023-12-23,2023-12-23,1,0.3,6318.124536709014,15727.0,mist+ACI
US,2023-12-23,2023-12-23,1,0.35,6362.2111036464285,15727.0,mist+ACI
US,2023-12-23,2023-12-23,1,0.4,6378.661497410977,15727.0,mist+ACI
US,2023-12-23,2023-12-23,1,0.45,6388.492611342746,15727.0,mist+ACI
US,2023-12-23,2023-12-23,1,0.5,6399.91943359375,15727.0,mist+ACI
US,2023-12-23,2023-12-23,1,0.55,11281.713175867804,15727.0,mist+ACI
US,2023-12-23,2023-12-23,1,0.6,13645.67565182263,15727.0,mist+ACI
US,2023-12-23,2023-12-23,1,0.65,14420.29016513468,15727.0,mist+ACI
US,2023-12-23,2023-12-23,1,0.7,15208.741775695635,15727.0,mist+ACI
US,2023-12-23,2023-12-23,1,0.75,16444.686455163384,15727.0,mist+ACI
US,2023-12-23,2023-12-23,1,0.8,19413.17237031953,15727.0,mist+ACI
US,2023-12-23,2023-12-23,1,0.85,20407.619001353058,15727.0,mist+ACI
US,2023-12-23,2023-12-23,1,0.9,22137.11292843359,15727.0,mist+ACI
US,2023-12-23,2023-12-23,1,0.95,26655.29084093023,15727.0,mist+ACI
US,2023-12-23,2023-12-23,1,0.975,29835.69423927763,15727.0,mist+ACI
US,2023-12-23,2023-12-23,1,0.99,38163.012696075224,15727.0,mist+ACI
US,2023-12-23,2023-12-30,2,0.01,719.460564822004,21684.0,mist+ACI
US,2023-12-23,2023-12-30,2,0.025,1666.4527785949704,21684.0,mist+ACI
US,2023-12-23,2023-12-30,2,0.05,4065.0113862326357,21684.0,mist+ACI
US,2023-12-23,2023-12-30,2,0.1,5975.676704515633,21684.0,mist+ACI
US,2023-12-23,2023-12-30,2,0.15,6655.70498794553,21684.0,mist+ACI
US,2023-12-23,2023-12-30,2,0.2,6916.567351311643,21684.0,mist+ACI
US,2023-12-23,2023-12-30,2,0.25,7044.214125250075,21684.0,mist+ACI
US,2023-12-23,2023-12-30,2,0.3,7162.403769867608,21684.0,mist+ACI
US,2023-12-23,2023-12-30,2,0.35,7201.160399418126,21684.0,mist+ACI
US,2023-12-23,2023-12-30,2,0.4,7213.8344430480665,21684.0,mist+ACI
US,2023-12-23,2023-12-30,2,0.45,7215.8858834707735,21684.0,mist+ACI
US,2023-12-23,2023-12-30,2,0.5,7218.02978515625,21684.0,mist+ACI
US,2023-12-23,2023-12-30,2,0.55,15904.18628122423,21684.0,mist+ACI
US,2023-12-23,2023-12-30,2,0.6,16742.805602791006,21684.0,mist+ACI
US,2023-12-23,2023-12-30,2,0.65,17972.3025275693,21684.0,mist+ACI
US,2023-12-23,2023-12-30,2,0.7,18722.361506657304,21684.0,mist+ACI
US,2023-12-23,2023-12-30,2,0.75,23035.493059859717,21684.0,mist+ACI
US,2023-12-23,2023-12-30,2,0.8,25374.081442467694,21684.0,mist+ACI
US,2023-12-23,2023-12-30,2,0.85,28682.066894219766,21684.0,mist+ACI
US,2023-12-23,2023-12-30,2,0.9,30120.473016676588,21684.0,mist+ACI
US,2023-12-23,2023-12-30,2,0.95,38070.68484126478,21684.0,mist+ACI
US,2023-12-23,2023-12-30,2,0.975,45116.43897228502,21684.0,mist+ACI
US,2023-12-23,2023-12-30,2,0.99,52256.7607503018,21684.0,mist+ACI
US,2023-12-23,2024-01-06,3,0.01,885.944942392628,19540.0,mist+ACI
US,2023-12-23,2024-01-06,3,0.025,2052.0727377151197,19540.0,mist+ACI
US,2023-12-23,2024-01-06,3,0.05,5349.633152147026,19540.0,mist+ACI
US,2023-12-23,2024-01-06,3,0.1,7219.357948801245,19540.0,mist+ACI
US,2023-12-23,2024-01-06,3,0.15,8031.1804874489735,19540.0,mist+ACI
US,2023-12-23,2024-01-06,3,0.2,8489.454733735629,19540.0,mist+ACI
US,2023-12-23,2024-01-06,3,0.25,8659.142941550084,19540.0,mist+ACI
US,2023-12-23,2024-01-06,3,0.3,8785.397786539828,19540.0,mist+ACI
US,2023-12-23,2024-01-06,3,0.35,8848.528946799916,19540.0,mist+ACI
US,2023-12-23,2024-01-06,3,0.4,8871.830281019533,19540.0,mist+ACI
US,2023-12-23,2024-01-06,3,0.45,8880.922745891225,19540.0,mist+ACI
US,2023-12-23,2024-01-06,3,0.5,8888.2939453125,19540.0,mist+ACI
US,2023-12-23,2024-01-06,3,0.55,16309.683043180226,19540.0,mist+ACI
US,2023-12-23,2024-01-06,3,0.6,20611.68363110551,19540.0,mist+ACI
US,2023-12-23,2024-01-06,3,0.65,22627.99961961587,19540.0,mist+ACI
US,2023-12-23,2024-01-06,3,0.7,26409.243353713766,19540.0,mist+ACI
US,2023-12-23,2024-01-06,3,0.75,29372.144404298728,19540.0,mist+ACI
US,2023-12-23,2024-01-06,3,0.8,40500.212530672754,19540.0,mist+ACI
US,2023-12-23,2024-01-06,3,0.85,44127.80799037802,19540.0,mist+ACI
US,2023-12-23,2024-01-06,3,0.9,45332.22484809209,19540.0,mist+ACI
US,2023-12-23,2024-01-06,3,0.95,60196.40453618279,19540.0,mist+ACI
US,2023-12-23,2024-01-06,3,0.975,61359.322935385244,19540.0,mist+ACI
US,2023-12-23,2024-01-06,3,0.99,71754.77788926949,19540.0,mist+ACI
US,2023-12-23,2024-01-13,4,0.01,1092.030319002195,15919.0,mist+ACI
US,2023-12-23,2024-01-13,4,0.025,2972.5217968201578,15919.0,mist+ACI
US,2023-12-23,2024-01-13,4,0.05,5303.723844112021,15919.0,mist+ACI
US,2023-12-23,2024-01-13,4,0.1,8398.470232398433,15919.0,mist+ACI
US,2023-12-23,2024-01-13,4,0.15,9582.206447703602,15919.0,mist+ACI
US,2023-12-23,2024-01-13,4,0.2,10342.60615278337,15919.0,mist+ACI
US,2023-12-23,2024-01-13,4,0.25,10608.500651571489,15919.0,mist+ACI
US,2023-12-23,2024-01-13,4,0.3,10765.771706107611,15919.0,mist+ACI
US,2023-12-23,2024-01-13,4,0.35,10865.429804534617,15919.0,mist+ACI
US,2023-12-23,2024-01-13,4,0.4,10918.609463429428,15919.0,mist+ACI
US,2023-12-23,2024-01-13,4,0.45,10941.139166274312,15919.0,mist+ACI
US,2023-12-23,2024-01-13,4,0.5,10955.857421875,15919.0,mist+ACI
US,2023-12-23,2024-01-13,4,0.55,20349.311641488603,15919.0,mist+ACI
US,2023-12-23,2024-01-13,4,0.6,24158.623356417957,15919.0,mist+ACI
US,2023-12-23,2024-01-13,4,0.65,30308.639878019974,15919.0,mist+ACI
US,2023-12-23,2024-01-13,4,0.7,33892.71329412538,15919.0,mist+ACI
US,2023-12-23,2024-01-13,4,0.75,39879.205712714356,15919.0,mist+ACI
US,2023-12-23,2024-01-13,4,0.8,48094.78790649498,15919.0,mist+ACI
US,2023-12-23,2024-01-13,4,0.85,54244.47292900517,15919.0,mist+ACI
US,2023-12-23,2024-01-13,4,0.9,56615.90117514653,15919.0,mist+ACI
US,2023-12-23,2024-01-13,4,0.95,70026.23050466541,15919.0,mist+ACI
US,2023-12-23,2024-01-13,4,0.975,87414.85431406298,15919.0,mist+ACI
US,2023-12-23,2024-01-13,4,0.99,95563.58426536008,15919.0,mist+ACI
US,2023-12-30,2023-12-30,1,0.01,893.7536473747459,21684.0,mist+ACI
US,2023-12-30,2023-12-30,1,0.025,2724.4476958433224,21684.0,mist+ACI
US,2023-12-30,2023-12-30,1,0.05,4563.437955282307,21684.0,mist+ACI
US,2023-12-30,2023-12-30,1,0.1,6152.090877758939,21684.0,mist+ACI
US,2023-12-30,2023-12-30,1,0.15,7204.913795239549,21684.0,mist+ACI
US,2023-12-30,2023-12-30,1,0.2,7543.29715982035,21684.0,mist+ACI
US,2023-12-30,2023-12-30,1,0.25,7760.1706008203455,21684.0,mist+ACI
US,2023-12-30,2023-12-30,1,0.3,7828.915145445724,21684.0,mist+ACI
US,2023-12-30,2023-12-30,1,0.35,7870.701462344476,21684.0,mist+ACI
US,2023-12-30,2023-12-30,1,0.4,7885.984398021329,21684.0,mist+ACI
US,2023-12-30,2023-12-30,1,0.45,7895.409638675132,21684.0,mist+ACI
US,2023-12-30,2023-12-30,1,0.5,7903.75927734375,21684.0,mist+ACI
US,2023-12-30,2023-12-30,1,0.55,15230.79512094046,21684.0,mist+ACI
US,2023-12-30,2023-12-30,1,0.6,20452.29829003783,21684.0,mist+ACI
US,2023-12-30,2023-12-30,1,0.65,21058.786238522487,21684.0,mist+ACI
US,2023-12-30,2023-12-30,1,0.7,25104.10323507858,21684.0,mist+ACI
US,2023-12-30,2023-12-30,1,0.75,25846.341792288596,21684.0,mist+ACI
US,2023-12-30,2023-12-30,1,0.8,26304.104949753917,21684.0,mist+ACI
US,2023-12-30,2023-12-30,1,0.85,30020.83362352717,21684.0,mist+ACI
US,2023-12-30,2023-12-30,1,0.9,39158.083596083685,21684.0,mist+ACI
US,2023-12-30,2023-12-30,1,0.95,46279.24010878625,21684.0,mist+ACI
US,2023-12-30,2023-12-30,1,0.975,48098.831841134575,21684.0,mist+ACI
US,2023-12-30,2023-12-30,1,0.99,50961.45610666477,21684.0,mist+ACI
US,2023-12-30,2024-01-06,2,0.01,978.1980750560597,19540.0,mist+ACI
US,2023-12-30,2024-01-06,2,0.025,2242.0595752089903,19540.0,mist+ACI
US,2023-12-30,2024-01-06,2,0.05,4689.212267036952,19540.0,mist+ACI
US,2023-12-30,2024-01-06,2,0.1,7189.3694062501345,19540.0,mist+ACI
US,2023-12-30,2024-01-06,2,0.15,8048.127685169492,19540.0,mist+ACI
US,2023-12-30,2024-01-06,2,0.2,8337.172476597127,19540.0,mist+ACI
US,2023-12-30,2024-01-06,2,0.25,8481.1398335351,19540.0,mist+ACI
US,2023-12-30,2024-01-06,2,0.3,8603.891491689295,19540.0,mist+ACI
US,2023-12-30,2024-01-06,2,0.35,8635.64062211584,19540.0,mist+ACI
US,2023-12-30,2024-01-06,2,0.4,8645.41466982128,19540.0,mist+ACI
US,2023-12-30,2024-01-06,2,0.45,8649.031944435159,19540.0,mist+ACI
US,2023-12-30,2024-01-06,2,0.5,8650.529296875,19540.0,mist+ACI
US,2023-12-30,2024-01-06,2,0.55,21400.834824034417,19540.0,mist+ACI
US,2023-12-30,2024-01-06,2,0.6,26902.953137161225,19540.0,mist+ACI
US,2023-12-30,2024-01-06,2,0.65,27479.20362038538,19540.0,mist+ACI
US,2023-12-30,2024-01-06,2,0.7,31964.42892890445,19540.0,mist+ACI
US,2023-12-30,2024-01-06,2,0.75,34011.69517102357,19540.0,mist+ACI
US,2023-12-30,2024-01-06,2,0.8,36137.732591275286,19540.0,mist+ACI
US,2023-12-30,2024-01-06,2,0.85,38067.75410905083,19540.0,mist+ACI
US,2023-12-30,2024-01-06,2,0.9,49554.491599711735,19540.0,mist+ACI
US,2023-12-30,2024-01-06,2,0.95,56577.11092913708,19540.0,mist+ACI
US,2023-12-30,2024-01-06,2,0.975,62942.913230483435,19540.0,mist+ACI
US,2023-12-30,2024-01-06,2,0.99,69347.39360091591,19540.0,mist+ACI
US,2023-12-30,2024-01-13,3,0.01,1176.5846841926614,15919.0,mist+ACI
US,2023-12-30,2024-01-13,3,0.025,2696.767683873454,15919.0,mist+ACI
US,2023-12-30,2024-01-13,3,0.05,6185.087463081567,15919.0,mist+ACI
US,2023-12-30,2024-01-13,3,0.1,8512.59788760629,15919.0,mist+ACI
US,2023-12-30,2024-01-13,3,0.15,9546.377415804245,15919.0,mist+ACI
US,2023-12-30,2024-01-13,3,0.2,10037.839396816169,15919.0,mist+ACI
US,2023-12-30,2024-01-13,3,0.25,10204.893285120725,15919.0,mist+ACI
US,2023-12-30,2024-01-13,3,0.3,10324.173353231676,15919.0,mist+ACI
US,2023-12-30,2024-01-13,3,0.35,10376.963180222507,15919.0,mist+ACI
US,2023-12-30,2024-01-13,3,0.4,10393.740944376292,15919.0,mist+ACI
US,2023-12-30,2024-01-13,3,0.45,10399.911885987838,15919.0,mist+ACI
US,2023-12-30,2024-01-13,3,0.5,10404.927734375,15919.0,mist+ACI
US,2023-12-30,2024-01-13,3,0.55,25693.940643824593,15919.0,mist+ACI
US,2023-12-30,2024-01-13,3,0.6,27383.113172225825,15919.0,mist+ACI
US,2023-12-30,2024-01-13,3,0.65,39311.88351114828,15919.0,mist+ACI
US,2023-12-30,2024-01-13,3,0.7,47379.76781275085,15919.0,mist+ACI
US,2023-12-30,2024-01-13,3,0.75,47487.85835110213,15919.0,mist+ACI
US,2023-12-30,2024-01-13,3,0.8,50770.604745188575,15919.0,mist+ACI
US,2023-12-30,2024-01-13,3,0.85,54424.11794871272,15919.0,mist+ACI
US,2023-12-30,2024-01-13,3,0.9,67908.08179361105,15919.0,mist+ACI
US,2023-12-30,2024-01-13,3,0.95,77383.4945286983,15919.0,mist+ACI
US,2023-12-30,2024-01-13,3,0.975,93735.23126195936,15919.0,mist+ACI
US,2023-12-30,2024-01-13,3,0.99,101615.84065829554,15919.0,mist+ACI
US,2023-12-30,2024-01-20,4,0.01,1501.0493744973191,13308.0,mist+ACI
US,2023-12-30,2024-01-20,4,0.025,3440.4505680102775,13308.0,mist+ACI
US,2023-12-30,2024-01-20,4,0.05,6245.315197269819,13308.0,mist+ACI
US,2023-12-30,2024-01-20,4,0.1,10419.095467107998,13308.0,mist+ACI
US,2023-12-30,2024-01-20,4,0.15,11841.726627815458,13308.0,mist+ACI
US,2023-12-30,2024-01-20,4,0.2,12662.893972145914,13308.0,mist+ACI
US,2023-12-30,2024-01-20,4,0.25,12962.53130811952,13308.0,mist+ACI
US,2023-12-30,2024-01-20,4,0.3,13108.83820545803,13308.0,mist+ACI
US,2023-12-30,2024-01-20,4,0.35,13202.626095303931,13308.0,mist+ACI
US,2023-12-30,2024-01-20,4,0.4,13244.12383578728,13308.0,mist+ACI
US,2023-12-30,2024-01-20,4,0.45,13263.196307579832,13308.0,mist+ACI
US,2023-12-30,2024-01-20,4,0.5,13274.2763671875,13308.0,mist+ACI
US,2023-12-30,2024-01-20,4,0.55,31997.72849448576,13308.0,mist+ACI
US,2023-12-30,2024-01-20,4,0.6,36947.9731344242,13308.0,mist+ACI
US,2023-12-30,2024-01-20,4,0.65,38848.50786046052,13308.0,mist+ACI
US,2023-12-30,2024-01-20,4,0.7,43420.75617391942,13308.0,mist+ACI
US,2023-12-30,2024-01-20,4,0.75,59016.503144535294,13308.0,mist+ACI
US,2023-12-30,2024-01-20,4,0.8,67423.24831853475,13308.0,mist+ACI
US,2023-12-30,2024-01-20,4,0.85,69613.1172538677,13308.0,mist+ACI
US,2023-12-30,2024-01-20,4,0.9,87542.35116117816,13308.0,mist+ACI
US,2023-12-30,2024-01-20,4,0.95,109218.72629157446,13308.0,mist+ACI
US,2023-12-30,2024-01-20,4,0.975,109436.5835185171,13308.0,mist+ACI
US,2023-12-30,2024-01-20,4,0.99,124687.65194874919,13308.0,mist+ACI
US,2024-01-06,2024-01-06,1,0.01,1339.0337218514342,19540.0,mist+ACI
US,2024-01-06,2024-01-06,1,0.025,3679.9655842823495,19540.0,mist+ACI
US,2024-01-06,2024-01-06,1,0.05,6332.81824528353,19540.0,mist+ACI
US,2024-01-06,2024-01-06,1,0.1,8496.968937974681,19540.0,mist+ACI
US,2024-01-06,2024-01-06,1,0.15,9835.082038501509,19540.0,mist+ACI
US,2024-01-06,2024-01-06,1,0.2,10234.49872239231,19540.0,mist+ACI
US,2024-01-06,2024-01-06,1,0.25,10465.851983089175,19540.0,mist+ACI
US,2024-01-06,2024-01-06,1,0.3,10536.552608039361,19540.0,mist+ACI
US,2024-01-06,2024-01-06,1,0.35,10575.452871734722,19540.0,mist+ACI
US,2024-01-06,2024-01-06,1,0.4,10589.580441729164,19540.0,mist+ACI
US,2024-01-06,2024-01-06,1,0.45,10597.169819478786,19540.0,mist+ACI
US,2024-01-06,2024-01-06,1,0.5,10603.3447265625,19540.0,mist+ACI
US,2024-01-06,2024-01-06,1,0.55,26216.751642930914,19540.0,mist+ACI
US,2024-01-06,2024-01-06,1,0.6,26679.037727899242,19540.0,mist+ACI
US,2024-01-06,2024-01-06,1,0.65,29514.51138610383,19540.0,mist+ACI
US,2024-01-06,2024-01-06,1,0.7,33295.38097862622,19540.0,mist+ACI
US,2024-01-06,2024-01-06,1,0.75,36079.52900503589,19540.0,mist+ACI
US,2024-01-06,2024-01-06,1,0.8,51486.41958559654,19540.0,mist+ACI
US,2024-01-06,2024-01-06,1,0.85,51879.421788201784,19540.0,mist+ACI
US,2024-01-06,2024-01-06,1,0.9,56129.957567619786,19540.0,mist+ACI
US,2024-01-06,2024-01-06,1,0.95,56563.15020959735,19540.0,mist+ACI
US,2024-01-06,2024-01-06,1,0.975,64449.35355608819,19540.0,mist+ACI
US,2024-01-06,2024-01-06,1,0.99,68533.77139724829,19540.0,mist+ACI
US,2024-01-06,2024-01-13,2,0.01,1450.4879391637878,15919.0,mist+ACI
US,2024-01-06,2024-01-13,2,0.025,3290.116842425139,15919.0,mist+ACI
US,2024-01-06,2024-01-13,2,0.05,6418.588522261871,15919.0,mist+ACI
US,2024-01-06,2024-01-13,2,0.1,9741.88819257447,15919.0,mist+ACI
US,2024-01-06,2024-01-13,2,0.15,10840.761715888315,15919.0,mist+ACI
US,2024-01-06,2024-01-13,2,0.2,11159.278419362754,15919.0,mist+ACI
US,2024-01-06,2024-01-13,2,0.25,11324.05394373944,15919.0,mist+ACI
US,2024-01-06,2024-01-13,2,0.3,11444.343463425697,15919.0,mist+ACI
US,2024-01-06,2024-01-13,2,0.35,11472.614822595951,15919.0,mist+ACI
US,2024-01-06,2024-01-13,2,0.4,11481.08631906676,15919.0,mist+ACI
US,2024-01-06,2024-01-13,2,0.45,11485.101484094392,15919.0,mist+ACI
US,2024-01-06,2024-01-13,2,0.5,11485.912109375,15919.0,mist+ACI
US,2024-01-06,2024-01-13,2,0.55,30559.962443471555,15919.0,mist+ACI
US,2024-01-06,2024-01-13,2,0.6,31614.940787984684,15919.0,mist+ACI
US,2024-01-06,2024-01-13,2,0.65,31828.554575305872,15919.0,mist+ACI
US,2024-01-06,2024-01-13,2,0.7,45655.810839444304,15919.0,mist+ACI
US,2024-01-06,2024-01-13,2,0.75,51635.921734535346,15919.0,mist+ACI
US,2024-01-06,2024-01-13,2,0.8,54157.133450245536,15919.0,mist+ACI
US,2024-01-06,2024-01-13,2,0.85,73760.53873054829,15919.0,mist+ACI
US,2024-01-06,2024-01-13,2,0.9,74380.58413693399,15919.0,mist+ACI
US,2024-01-06,2024-01-13,2,0.95,89587.31272147137,15919.0,mist+ACI
US,2024-01-06,2024-01-13,2,0.975,91116.8795707867,15919.0,mist+ACI
US,2024-01-06,2024-01-13,2,0.99,93400.83460815724,15919.0,mist+ACI
US,2024-01-06,2024-01-20,3,0.01,1728.4001237337416,13308.0,mist+ACI
US,2024-01-06,2024-01-20,3,0.025,3920.5002702914226,13308.0,mist+ACI
US,2024-01-06,2024-01-20,3,0.05,8391.455071823175,13308.0,mist+ACI
US,2024-01-06,2024-01-20,3,0.1,11487.635762274233,13308.0,mist+ACI
US,2024-01-06,2024-01-20,3,0.15,12765.251226148273,13308.0,mist+ACI
US,2024-01-06,2024-01-20,3,0.2,13317.02537960454,13308.0,mist+ACI
US,2024-01-06,2024-01-20,3,0.25,13500.090169059187,13308.0,mist+ACI
US,2024-01-06,2024-01-20,3,0.3,13617.902934233922,13308.0,mist+ACI
US,2024-01-06,2024-01-20,3,0.35,13664.421691431406,13308.0,mist+ACI
US,2024-01-06,2024-01-20,3,0.4,13678.119116531712,13308.0,mist+ACI
US,2024-01-06,2024-01-20,3,0.45,13682.836091403833,13308.0,mist+ACI
US,2024-01-06,2024-01-20,3,0.5,13686.6025390625,13308.0,mist+ACI
US,2024-01-06,2024-01-20,3,0.55,23773.360052834694,13308.0,mist+ACI
US,2024-01-06,2024-01-20,3,0.6,47707.255648678816,13308.0,mist+ACI
US,2024-01-06,2024-01-20,3,0.65,53737.69497930995,13308.0,mist+ACI
US,2024-01-06,2024-01-20,3,0.7,68666.25329770104,13308.0,mist+ACI
US,2024-01-06,2024-01-20,3,0.75,68668.94239493625,13308.0,mist+ACI
US,2024-01-06,2024-01-20,3,0.8,70063.99392656557,13308.0,mist+ACI
US,2024-01-06,2024-01-20,3,0.85,101263.23513210792,13308.0,mist+ACI
US,2024-01-06,2024-01-20,3,0.9,121036.84623482829,13308.0,mist+ACI
US,2024-01-06,2024-01-20,3,0.95,124679.94062647832,13308.0,mist+ACI
US,2024-01-06,2024-01-20,3,0.975,130192.04248518261,13308.0,mist+ACI
US,2024-01-06,2024-01-20,3,0.99,134221.92957721074,13308.0,mist+ACI
US,2024-01-06,2024-01-27,4,0.01,2213.1700846336735,12993.0,mist+ACI
US,2024-01-06,2024-01-27,4,0.025,5020.095634026844,12993.0,mist+ACI
US,2024-01-06,2024-01-27,4,0.05,8616.168743977145,12993.0,mist+ACI
US,2024-01-06,2024-01-27,4,0.1,14203.99722200811,12993.0,mist+ACI
US,2024-01-06,2024-01-27,4,0.15,15986.85061923138,12993.0,mist+ACI
US,2024-01-06,2024-01-27,4,0.2,16906.822993331294,12993.0,mist+ACI
US,2024-01-06,2024-01-27,4,0.25,17238.766621895607,12993.0,mist+ACI
US,2024-01-06,2024-01-27,4,0.3,17381.680424914884,12993.0,mist+ACI
US,2024-01-06,2024-01-27,4,0.35,17467.36581478732,12993.0,mist+ACI
US,2024-01-06,2024-01-27,4,0.4,17502.319616336845,12993.0,mist+ACI
US,2024-01-06,2024-01-27,4,0.45,17517.414431630026,12993.0,mist+ACI
US,2024-01-06,2024-01-27,4,0.5,17525.328125,12993.0,mist+ACI
US,2024-01-06,2024-01-27,4,0.55,32000.664243359934,12993.0,mist+ACI
US,2024-01-06,2024-01-27,4,0.6,64469.91874785044,12993.0,mist+ACI
US,2024-01-06,2024-01-27,4,0.65,66295.01954033738,12993.0,mist+ACI
US,2024-01-06,2024-01-27,4,0.7,82820.45815091534,12993.0,mist+ACI
US,2024-01-06,2024-01-27,4,0.75,86351.79905352226,12993.0,mist+ACI
US,2024-01-06,2024-01-27,4,0.8,90655.89159798664,12993.0,mist+ACI
US,2024-01-06,2024-01-27,4,0.85,113158.06071669827,12993.0,mist+ACI
US,2024-01-06,2024-01-27,4,0.9,114629.43625041044,12993.0,mist+ACI
US,2024-01-06,2024-01-27,4,0.95,128810.60953174355,12993.0,mist+ACI
US,2024-01-06,2024-01-27,4,0.975,139430.3142771426,12993.0,mist+ACI
US,2024-01-06,2024-01-27,4,0.99,167201.33327734162,12993.0,mist+ACI
US,2024-01-13,2024-01-13,1,0.01,979.5682312023955,15919.0,mist+ACI
US,2024-01-13,2024-01-13,1,0.025,3810.804468945141,15919.0,mist+ACI
US,2024-01-13,2024-01-13,1,0.05,5216.73818686353,15919.0,mist+ACI
US,2024-01-13,2024-01-13,1,0.1,6174.953082213661,15919.0,mist+ACI
US,2024-01-13,2024-01-13,1,0.15,6732.537976926627,15919.0,mist+ACI
US,2024-01-13,2024-01-13,1,0.2,6898.060288557115,15919.0,mist+ACI
US,2024-01-13,2024-01-13,1,0.25,6971.736076892658,15919.0,mist+ACI
US,2024-01-13,2024-01-13,1,0.3,7009.845247955418,15919.0,mist+ACI
US,2024-01-13,2024-01-13,1,0.35,7022.780342081584,15919.0,mist+ACI
US,2024-01-13,2024-01-13,1,0.4,7029.035693975228,15919.0,mist+ACI
US,2024-01-13,2024-01-13,1,0.45,7031.074671585285,15919.0,mist+ACI
US,2024-01-13,2024-01-13,1,0.5,7032.47900390625,15919.0,mist+ACI
US,2024-01-13,2024-01-13,1,0.55,10032.855012383276,15919.0,mist+ACI
US,2024-01-13,2024-01-13,1,0.6,13100.044825994763,15919.0,mist+ACI
US,2024-01-13,2024-01-13,1,0.65,14495.469491669583,15919.0,mist+ACI
US,2024-01-13,2024-01-13,1,0.7,17012.836799509987,15919.0,mist+ACI
US,2024-01-13,2024-01-13,1,0.75,19804.856941834973,15919.0,mist+ACI
US,2024-01-13,2024-01-13,1,0.8,20699.995989855546,15919.0,mist+ACI
US,2024-01-13,2024-01-13,1,0.85,24669.66682373103,15919.0,mist+ACI
US,2024-01-13,2024-01-13,1,0.9,26307.670432066898,15919.0,mist+ACI
US,2024-01-13,2024-01-13,1,0.95,27901.61077769313,15919.0,mist+ACI
US,2024-01-13,2024-01-13,1,0.975,28555.912711188575,15919.0,mist+ACI
US,2024-01-13,2024-01-13,1,0.99,32430.685966683806,15919.0,mist+ACI
US,2024-01-13,2024-01-20,2,0.01,901.3396407221026,13308.0,mist+ACI
US,2024-01-13,2024-01-20,2,0.025,2533.1702386997067,13308.0,mist+ACI
US,2024-01-13,2024-01-20,2,0.05,4133.850289211874,13308.0,mist+ACI
US,2024-01-13,2024-01-20,2,0.1,5799.36096317813,13308.0,mist+ACI
US,2024-01-13,2024-01-20,2,0.15,6173.721612386011,13308.0,mist+ACI
US,2024-01-13,2024-01-20,2,0.2,6376.445995705062,13308.0,mist+ACI
US,2024-01-13,2024-01-20,2,0.25,6431.228426837575,13308.0,mist+ACI
US,2024-01-13,2024-01-20,2,0.3,6456.90632421056,13308.0,mist+ACI
US,2024-01-13,2024-01-20,2,0.35,6466.319845044858,13308.0,mist+ACI
US,2024-01-13,2024-01-20,2,0.4,6468.983717788586,13308.0,mist+ACI
US,2024-01-13,2024-01-20,2,0.45,6470.747997059993,13308.0,mist+ACI
US,2024-01-13,2024-01-20,2,0.5,6470.86328125,13308.0,mist+ACI
US,2024-01-13,2024-01-20,2,0.55,10840.17352061529,13308.0,mist+ACI
US,2024-01-13,2024-01-20,2,0.6,13314.555226966073,13308.0,mist+ACI
US,2024-01-13,2024-01-20,2,0.65,14236.383095043278,13308.0,mist+ACI
US,2024-01-13,2024-01-20,2,0.7,14989.712695755978,13308.0,mist+ACI
US,2024-01-13,2024-01-20,2,0.75,15040.294825334142,13308.0,mist+ACI
US,2024-01-13,2024-01-20,2,0.8,16582.019338066915,13308.0,mist+ACI
US,2024-01-13,2024-01-20,2,0.85,21270.63918330992,13308.0,mist+ACI
US,2024-01-13,2024-01-20,2,0.9,21378.68615989288,13308.0,mist+ACI
US,2024-01-13,2024-01-20,2,0.95,23674.72265533576,13308.0,mist+ACI
US,2024-01-13,2024-01-20,2,0.975,26191.44630837091,13308.0,mist+ACI
US,2024-01-13,2024-01-20,2,0.99,48437.99556770036,13308.0,mist+ACI
US,2024-01-13,2024-01-27,3,0.01,1016.7017906586007,12993.0,mist+ACI
US,2024-01-13,2024-01-27,3,0.025,3156.9723072027305,12993.0,mist+ACI
US,2024-01-13,2024-01-27,3,0.05,4641.305316650086,12993.0,mist+ACI
US,2024-01-13,2024-01-27,3,0.1,5693.190551114914,12993.0,mist+ACI
US,2024-01-13,2024-01-27,3,0.15,5993.131541322965,12993.0,mist+ACI
US,2024-01-13,2024-01-27,3,0.2,6150.151058631239,12993.0,mist+ACI
US,2024-01-13,2024-01-27,3,0.25,6210.832022041782,12993.0,mist+ACI
US,2024-01-13,2024-01-27,3,0.3,6236.841266685428,12993.0,mist+ACI
US,2024-01-13,2024-01-27,3,0.35,6244.842214843231,12993.0,mist+ACI
US,2024-01-13,2024-01-27,3,0.4,6248.581406629744,12993.0,mist+ACI
US,2024-01-13,2024-01-27,3,0.45,6249.723490088183,12993.0,mist+ACI
US,2024-01-13,2024-01-27,3,0.5,6250.61572265625,12993.0,mist+ACI
US,2024-01-13,2024-01-27,3,0.55,7659.576923140089,12993.0,mist+ACI
US,2024-01-13,2024-01-27,3,0.6,12551.708619520705,12993.0,mist+ACI
US,2024-01-13,2024-01-27,3,0.65,16363.335636486167,12993.0,mist+ACI
US,2024-01-13,2024-01-27,3,0.7,17146.195682635185,12993.0,mist+ACI
US,2024-01-13,2024-01-27,3,0.75,18097.64292479513,12993.0,mist+ACI
US,2024-01-13,2024-01-27,3,0.8,19483.938443370167,12993.0,mist+ACI
US,2024-01-13,2024-01-27,3,0.85,21361.51670617273,12993.0,mist+ACI
US,2024-01-13,2024-01-27,3,0.9,25463.94451161206,12993.0,mist+ACI
US,2024-01-13,2024-01-27,3,0.95,34808.79660499937,12993.0,mist+ACI
US,2024-01-13,2024-01-27,3,0.975,37498.569093037135,12993.0,mist+ACI
US,2024-01-13,2024-01-27,3,0.99,46773.29847907107,12993.0,mist+ACI
US,2024-01-13,2024-02-03,4,0.01,860.4670217322146,11965.0,mist+ACI
US,2024-01-13,2024-02-03,4,0.025,1931.749256250093,11965.0,mist+ACI
US,2024-01-13,2024-02-03,4,0.05,3635.655155686819,11965.0,mist+ACI
US,2024-01-13,2024-02-03,4,0.1,5369.263568295928,11965.0,mist+ACI
US,2024-01-13,2024-02-03,4,0.15,5928.188540656604,11965.0,mist+ACI
US,2024-01-13,2024-02-03,4,0.2,6061.599815928205,11965.0,mist+ACI
US,2024-01-13,2024-02-03,4,0.25,6129.682572745714,11965.0,mist+ACI
US,2024-01-13,2024-02-03,4,0.3,6159.5399129051175,11965.0,mist+ACI
US,2024-01-13,2024-02-03,4,0.35,6169.151685796908,11965.0,mist+ACI
US,2024-01-13,2024-02-03,4,0.4,6174.24748305857,11965.0,mist+ACI
US,2024-01-13,2024-02-03,4,0.45,6176.293697744325,11965.0,mist+ACI
US,2024-01-13,2024-02-03,4,0.5,6177.43212890625,11965.0,mist+ACI
US,2024-01-13,2024-02-03,4,0.55,11283.580530551862,11965.0,mist+ACI
US,2024-01-13,2024-02-03,4,0.6,17226.994953654656,11965.0,mist+ACI
US,2024-01-13,2024-02-03,4,0.65,19756.38604747571,11965.0,mist+ACI
US,2024-01-13,2024-02-03,4,0.7,19918.203065151967,11965.0,mist+ACI
US,2024-01-13,2024-02-03,4,0.75,23891.14959432842,11965.0,mist+ACI
US,2024-01-13,2024-02-03,4,0.8,29857.98347762958,11965.0,mist+ACI
US,2024-01-13,2024-02-03,4,0.85,31705.172158217316,11965.0,mist+ACI
US,2024-01-13,2024-02-03,4,0.9,32416.84829135705,11965.0,mist+ACI
US,2024-01-13,2024-02-03,4,0.95,40293.60085456125,11965.0,mist+ACI
US,2024-01-13,2024-02-03,4,0.975,53997.39412909481,11965.0,mist+ACI
US,2024-01-13,2024-02-03,4,0.99,74495.34453125761,11965.0,mist+ACI
US,2024-01-20,2024-01-20,1,0.01,1855.6819620095202,13308.0,mist+ACI
US,2024-01-20,2024-01-20,1,0.025,4489.214462721349,13308.0,mist+ACI
US,2024-01-20,2024-01-20,1,0.05,5244.889659627693,13308.0,mist+ACI
US,2024-01-20,2024-01-20,1,0.1,5889.294646320298,13308.0,mist+ACI
US,2024-01-20,2024-01-20,1,0.15,6183.674799129175,13308.0,mist+ACI
US,2024-01-20,2024-01-20,1,0.2,6274.448061735144,13308.0,mist+ACI
US,2024-01-20,2024-01-20,1,0.25,6318.229917613198,13308.0,mist+ACI
US,2024-01-20,2024-01-20,1,0.3,6332.877677826298,13308.0,mist+ACI
US,2024-01-20,2024-01-20,1,0.35,6341.248880001727,13308.0,mist+ACI
US,2024-01-20,2024-01-20,1,0.4,6343.080117192774,13308.0,mist+ACI
US,2024-01-20,2024-01-20,1,0.45,6343.794582064882,13308.0,mist+ACI
US,2024-01-20,2024-01-20,1,0.5,6343.9716796875,13308.0,mist+ACI
US,2024-01-20,2024-01-20,1,0.55,12511.16465228744,13308.0,mist+ACI
US,2024-01-20,2024-01-20,1,0.6,13059.15457085003,13308.0,mist+ACI
US,2024-01-20,2024-01-20,1,0.65,13420.02190792768,13308.0,mist+ACI
US,2024-01-20,2024-01-20,1,0.7,13477.20911906032,13308.0,mist+ACI
US,2024-01-20,2024-01-20,1,0.75,18072.195780645012,13308.0,mist+ACI
US,2024-01-20,2024-01-20,1,0.8,18154.092096794127,13308.0,mist+ACI
US,2024-01-20,2024-01-20,1,0.85,18314.71601864724,13308.0,mist+ACI
US,2024-01-20,2024-01-20,1,0.9,19810.635977131104,13308.0,mist+ACI
US,2024-01-20,2024-01-20,1,0.95,22904.419849343645,13308.0,mist+ACI
US,2024-01-20,2024-01-20,1,0.975,28214.332144755437,13308.0,mist+ACI
US,2024-01-20,2024-01-20,1,0.99,29374.036370572103,13308.0,mist+ACI
US,2024-01-20,2024-01-27,2,0.01,1927.1705970142189,12993.0,mist+ACI
US,2024-01-20,2024-01-27,2,0.025,3213.5910255219196,12993.0,mist+ACI
US,2024-01-20,2024-01-27,2,0.05,4161.668555472145,12993.0,mist+ACI
US,2024-01-20,2024-01-27,2,0.1,5401.012295771773,12993.0,mist+ACI
US,2024-01-20,2024-01-27,2,0.15,5653.292710292507,12993.0,mist+ACI
US,2024-01-20,2024-01-27,2,0.2,5739.04949249019,12993.0,mist+ACI
US,2024-01-20,2024-01-27,2,0.25,5775.627214325629,12993.0,mist+ACI
US,2024-01-20,2024-01-27,2,0.3,5783.180687970052,12993.0,mist+ACI
US,2024-01-20,2024-01-27,2,0.35,5787.220480237188,12993.0,mist+ACI
US,2024-01-20,2024-01-27,2,0.4,5787.928612176149,12993.0,mist+ACI
US,2024-01-20,2024-01-27,2,0.45,5788.07893604374,12993.0,mist+ACI
US,2024-01-20,2024-01-27,2,0.5,5788.08935546875,12993.0,mist+ACI
US,2024-01-20,2024-01-27,2,0.55,9368.459135630806,12993.0,mist+ACI
US,2024-01-20,2024-01-27,2,0.6,10402.8686880275,12993.0,mist+ACI
US,2024-01-20,2024-01-27,2,0.65,11089.912950250095,12993.0,mist+ACI
US,2024-01-20,2024-01-27,2,0.7,11500.288639486364,12993.0,mist+ACI
US,2024-01-20,2024-01-27,2,0.75,14361.342661910188,12993.0,mist+ACI
US,2024-01-20,2024-01-27,2,0.8,14958.301004504474,12993.0,mist+ACI
US,2024-01-20,2024-01-27,2,0.85,16842.75356366272,12993.0,mist+ACI
US,2024-01-20,2024-01-27,2,0.9,16885.575187463626,12993.0,mist+ACI
US,2024-01-20,2024-01-27,2,0.95,20796.582944430367,12993.0,mist+ACI
US,2024-01-20,2024-01-27,2,0.975,21371.818124122212,12993.0,mist+ACI
US,2024-01-20,2024-01-27,2,0.99,37147.798969440744,12993.0,mist+ACI
US,2024-01-20,2024-02-03,3,0.01,2151.2749429864125,11965.0,mist+ACI
US,2024-01-20,2024-02-03,3,0.025,3739.340831541431,11965.0,mist+ACI
US,2024-01-20,2024-02-03,3,0.05,4444.0288127669755,11965.0,mist+ACI
US,2024-01-20,2024-02-03,3,0.1,4928.426562889065,11965.0,mist+ACI
US,2024-01-20,2024-02-03,3,0.15,5141.533129675836,11965.0,mist+ACI
US,2024-01-20,2024-02-03,3,0.2,5197.916517018825,11965.0,mist+ACI
US,2024-01-20,2024-02-03,3,0.25,5211.9267810959955,11965.0,mist+ACI
US,2024-01-20,2024-02-03,3,0.3,5217.96006054085,11965.0,mist+ACI
US,2024-01-20,2024-02-03,3,0.35,5220.479279871772,11965.0,mist+ACI
US,2024-01-20,2024-02-03,3,0.4,5221.621985957074,11965.0,mist+ACI
US,2024-01-20,2024-02-03,3,0.45,5221.939274598457,11965.0,mist+ACI
US,2024-01-20,2024-02-03,3,0.5,5222.0478515625,11965.0,mist+ACI
US,2024-01-20,2024-02-03,3,0.55,7385.784328060576,11965.0,mist+ACI
US,2024-01-20,2024-02-03,3,0.6,7707.634182728284,11965.0,mist+ACI
US,2024-01-20,2024-02-03,3,0.65,9740.868711632127,11965.0,mist+ACI
US,2024-01-20,2024-02-03,3,0.7,10285.125647383584,11965.0,mist+ACI
US,2024-01-20,2024-02-03,3,0.75,12528.50468413137,11965.0,mist+ACI
US,2024-01-20,2024-02-03,3,0.8,15941.515428294415,11965.0,mist+ACI
US,2024-01-20,2024-02-03,3,0.85,17641.986883545724,11965.0,mist+ACI
US,2024-01-20,2024-02-03,3,0.9,18322.188917281735,11965.0,mist+ACI
US,2024-01-20,2024-02-03,3,0.95,22752.80597854113,11965.0,mist+ACI
US,2024-01-20,2024-02-03,3,0.975,23964.08117725466,11965.0,mist+ACI
US,2024-01-20,2024-02-03,3,0.99,30034.91181255145,11965.0,mist+ACI
US,2024-01-20,2024-02-10,4,0.01,691.2437938637654,11638.0,mist+ACI
US,2024-01-20,2024-02-10,4,0.025,1639.3698577771106,11638.0,mist+ACI
US,2024-01-20,2024-02-10,4,0.05,3356.351339142141,11638.0,mist+ACI
US,2024-01-20,2024-02-10,4,0.1,4196.932510238874,11638.0,mist+ACI
US,2024-01-20,2024-02-10,4,0.15,4484.854790357108,11638.0,mist+ACI
US,2024-01-20,2024-02-10,4,0.2,4522.4721143641655,11638.0,mist+ACI
US,2024-01-20,2024-02-10,4,0.25,4535.510660775673,11638.0,mist+ACI
US,2024-01-20,2024-02-10,4,0.3,4541.07158097035,11638.0,mist+ACI
US,2024-01-20,2024-02-10,4,0.35,4543.939132483101,11638.0,mist+ACI
US,2024-01-20,2024-02-10,4,0.4,4544.270059150512,11638.0,mist+ACI
US,2024-01-20,2024-02-10,4,0.45,4544.442593439049,11638.0,mist+ACI
US,2024-01-20,2024-02-10,4,0.5,4544.478515625,11638.0,mist+ACI
US,2024-01-20,2024-02-10,4,0.55,9606.873826812007,11638.0,mist+ACI
US,2024-01-20,2024-02-10,4,0.6,12580.662654326381,11638.0,mist+ACI
US,2024-01-20,2024-02-10,4,0.65,13683.827423759063,11638.0,mist+ACI
US,2024-01-20,2024-02-10,4,0.7,16916.828542237436,11638.0,mist+ACI
US,2024-01-20,2024-02-10,4,0.75,17568.489312572634,11638.0,mist+ACI
US,2024-01-20,2024-02-10,4,0.8,19382.43309692089,11638.0,mist+ACI
US,2024-01-20,2024-02-10,4,0.85,20733.196917885693,11638.0,mist+ACI
US,2024-01-20,2024-02-10,4,0.9,26953.677091996407,11638.0,mist+ACI
US,2024-01-20,2024-02-10,4,0.95,36272.32852917108,11638.0,mist+ACI
US,2024-01-20,2024-02-10,4,0.975,38831.42153625349,11638.0,mist+ACI
US,2024-01-20,2024-02-10,4,0.99,52679.34630920246,11638.0,mist+ACI
US,2024-01-27,2024-01-27,1,0.01,1184.0920216349887,12993.0,mist+ACI
US,2024-01-27,2024-01-27,1,0.025,3029.605763777594,12993.0,mist+ACI
US,2024-01-27,2024-01-27,1,0.05,3917.977586506068,12993.0,mist+ACI
US,2024-01-27,2024-01-27,1,0.1,4435.655693943272,12993.0,mist+ACI
US,2024-01-27,2024-01-27,1,0.15,4581.083033718474,12993.0,mist+ACI
US,2024-01-27,2024-01-27,1,0.2,4639.886652025557,12993.0,mist+ACI
US,2024-01-27,2024-01-27,1,0.25,4661.970954209265,12993.0,mist+ACI
US,2024-01-27,2024-01-27,1,0.3,4671.222115629393,12993.0,mist+ACI
US,2024-01-27,2024-01-27,1,0.35,4676.274423208178,12993.0,mist+ACI
US,2024-01-27,2024-01-27,1,0.4,4677.01680035653,12993.0,mist+ACI
US,2024-01-27,2024-01-27,1,0.45,4677.045634959845,12993.0,mist+ACI
US,2024-01-27,2024-01-27,1,0.5,4677.056640625,12993.0,mist+ACI
US,2024-01-27,2024-01-27,1,0.55,8166.702170276263,12993.0,mist+ACI
US,2024-01-27,2024-01-27,1,0.6,9459.911470705181,12993.0,mist+ACI
US,2024-01-27,2024-01-27,1,0.65,11567.443931787147,12993.0,mist+ACI
US,2024-01-27,2024-01-27,1,0.7,11862.959365497867,12993.0,mist+ACI
US,2024-01-27,2024-01-27,1,0.75,12144.058323148216,12993.0,mist+ACI
US,2024-01-27,2024-01-27,1,0.8,14515.438504147633,12993.0,mist+ACI
US,2024-01-27,2024-01-27,1,0.85,14578.067147870262,12993.0,mist+ACI
US,2024-01-27,2024-01-27,1,0.9,18240.493274804132,12993.0,mist+ACI
US,2024-01-27,2024-01-27,1,0.95,18424.96500888407,12993.0,mist+ACI
US,2024-01-27,2024-01-27,1,0.975,23253.993813949473,12993.0,mist+ACI
US,2024-01-27,2024-01-27,1,0.99,36843.87441008434,12993.0,mist+ACI
US,2024-01-27,2024-02-03,2,0.01,1191.3632811411057,11965.0,mist+ACI
US,2024-01-27,2024-02-03,2,0.025,2036.6416143607148,11965.0,mist+ACI
US,2024-01-27,2024-02-03,2,0.05,3154.506634573862,11965.0,mist+ACI
US,2024-01-27,2024-02-03,2,0.1,4218.132302779719,11965.0,mist+ACI
US,2024-01-27,2024-02-03,2,0.15,4422.6187629621845,11965.0,mist+ACI
US,2024-01-27,2024-02-03,2,0.2,4503.934261149261,11965.0,mist+ACI
US,2024-01-27,2024-02-03,2,0.25,4523.185760681263,11965.0,mist+ACI
US,2024-01-27,2024-02-03,2,0.3,4531.308691786773,11965.0,mist+ACI
US,2024-01-27,2024-02-03,2,0.35,4533.889850781435,11965.0,mist+ACI
US,2024-01-27,2024-02-03,2,0.4,4534.403337770745,11965.0,mist+ACI
US,2024-01-27,2024-02-03,2,0.45,4534.569384175928,11965.0,mist+ACI
US,2024-01-27,2024-02-03,2,0.5,4534.56982421875,11965.0,mist+ACI
US,2024-01-27,2024-02-03,2,0.55,5894.4057401580685,11965.0,mist+ACI
US,2024-01-27,2024-02-03,2,0.6,6201.421982500648,11965.0,mist+ACI
US,2024-01-27,2024-02-03,2,0.65,7487.69502431669,11965.0,mist+ACI
US,2024-01-27,2024-02-03,2,0.7,7748.078752109849,11965.0,mist+ACI
US,2024-01-27,2024-02-03,2,0.75,8630.585878660022,11965.0,mist+ACI
US,2024-01-27,2024-02-03,2,0.8,8833.745132167427,11965.0,mist+ACI
US,2024-01-27,2024-02-03,2,0.85,12010.454171590729,11965.0,mist+ACI
US,2024-01-27,2024-02-03,2,0.9,13172.181205082,11965.0,mist+ACI
US,2024-01-27,2024-02-03,2,0.95,13484.494079336497,11965.0,mist+ACI
US,2024-01-27,2024-02-03,2,0.975,14449.15270422747,11965.0,mist+ACI
US,2024-01-27,2024-02-03,2,0.99,34211.50240975066,11965.0,mist+ACI
US,2024-01-27,2024-02-10,3,0.01,1453.5320083381334,11638.0,mist+ACI
US,2024-01-27,2024-02-10,3,0.025,2131.103135256703,11638.0,mist+ACI
US,2024-01-27,2024-02-10,3,0.05,2995.11711852652,11638.0,mist+ACI
US,2024-01-27,2024-02-10,3,0.1,3614.815741244526,11638.0,mist+ACI
US,2024-01-27,2024-02-10,3,0.15,3720.149101940122,11638.0,mist+ACI
US,2024-01-27,2024-02-10,3,0.2,3759.626657888881,11638.0,mist+ACI
US,2024-01-27,2024-02-10,3,0.25,3770.4150537479777,11638.0,mist+ACI
US,2024-01-27,2024-02-10,3,0.3,3774.172455759327,11638.0,mist+ACI
US,2024-01-27,2024-02-10,3,0.35,3775.0412326646474,11638.0,mist+ACI
US,2024-01-27,2024-02-10,3,0.4,3775.4374871957384,11638.0,mist+ACI
US,2024-01-27,2024-02-10,3,0.45,3775.535097094298,11638.0,mist+ACI
US,2024-01-27,2024-02-10,3,0.5,3775.537109375,11638.0,mist+ACI
US,2024-01-27,2024-02-10,3,0.55,4593.366441146759,11638.0,mist+ACI
US,2024-01-27,2024-02-10,3,0.6,5574.683828313151,11638.0,mist+ACI
US,2024-01-27,2024-02-10,3,0.65,6686.1731397606945,11638.0,mist+ACI
US,2024-01-27,2024-02-10,3,0.7,8051.840120914052,11638.0,mist+ACI
US,2024-01-27,2024-02-10,3,0.75,8490.611046436281,11638.0,mist+ACI
US,2024-01-27,2024-02-10,3,0.8,10602.702188062976,11638.0,mist+ACI
US,2024-01-27,2024-02-10,3,0.85,11844.910187368328,11638.0,mist+ACI
US,2024-01-27,2024-02-10,3,0.9,12017.330188112395,11638.0,mist+ACI
US,2024-01-27,2024-02-10,3,0.95,13117.049349958734,11638.0,mist+ACI
US,2024-01-27,2024-02-10,3,0.975,18628.672744969124,11638.0,mist+ACI
US,2024-01-27,2024-02-10,3,0.99,27794.030557388938,11638.0,mist+ACI
US,2024-01-27,2024-02-17,4,0.01,557.9105962384701,11135.0,mist+ACI
US,2024-01-27,2024-02-17,4,0.025,1272.1479809067641,11135.0,mist+ACI
US,2024-01-27,2024-02-17,4,0.05,2190.6523315962895,11135.0,mist+ACI
US,2024-01-27,2024-02-17,4,0.1,3119.0869016835904,11135.0,mist+ACI
US,2024-01-27,2024-02-17,4,0.15,3327.7071047625477,11135.0,mist+ACI
US,2024-01-27,2024-02-17,4,0.2,3368.6926235378064,11135.0,mist+ACI
US,2024-01-27,2024-02-17,4,0.25,3380.6228001561353,11135.0,mist+ACI
US,2024-01-27,2024-02-17,4,0.3,3384.413325580862,11135.0,mist+ACI
US,2024-01-27,2024-02-17,4,0.35,3386.310958370208,11135.0,mist+ACI
US,2024-01-27,2024-02-17,4,0.4,3386.6971608939025,11135.0,mist+ACI
US,2024-01-27,2024-02-17,4,0.45,3386.815769690037,11135.0,mist+ACI
US,2024-01-27,2024-02-17,4,0.5,3386.82275390625,11135.0,mist+ACI
US,2024-01-27,2024-02-17,4,0.55,4746.011830659938,11135.0,mist+ACI
US,2024-01-27,2024-02-17,4,0.6,4872.7792280703825,11135.0,mist+ACI
US,2024-01-27,2024-02-17,4,0.65,8076.09193256176,11135.0,mist+ACI
US,2024-01-27,2024-02-17,4,0.7,10506.516824110844,11135.0,mist+ACI
US,2024-01-27,2024-02-17,4,0.75,10754.414616957589,11135.0,mist+ACI
US,2024-01-27,2024-02-17,4,0.8,11568.487601705609,11135.0,mist+ACI
US,2024-01-27,2024-02-17,4,0.85,13513.890619327107,11135.0,mist+ACI
US,2024-01-27,2024-02-17,4,0.9,15406.331730565524,11135.0,mist+ACI
US,2024-01-27,2024-02-17,4,0.95,16341.879899227653,11135.0,mist+ACI
US,2024-01-27,2024-02-17,4,0.975,31783.730282700108,11135.0,mist+ACI
US,2024-01-27,2024-02-17,4,0.99,46144.66975891915,11135.0,mist+ACI
US,2024-02-03,2024-02-03,1,0.01,863.7727388824092,11965.0,mist+ACI
US,2024-02-03,2024-02-03,1,0.025,2333.471165559933,11965.0,mist+ACI
US,2024-02-03,2024-02-03,1,0.05,3666.2108978565275,11965.0,mist+ACI
US,2024-02-03,2024-02-03,1,0.1,4526.341785282607,11965.0,mist+ACI
US,2024-02-03,2024-02-03,1,0.15,4749.865789751547,11965.0,mist+ACI
US,2024-02-03,2024-02-03,1,0.2,4833.831970811263,11965.0,mist+ACI
US,2024-02-03,2024-02-03,1,0.25,4862.623130525478,11965.0,mist+ACI
US,2024-02-03,2024-02-03,1,0.3,4870.808431144449,11965.0,mist+ACI
US,2024-02-03,2024-02-03,1,0.35,4874.395356421547,11965.0,mist+ACI
US,2024-02-03,2024-02-03,1,0.4,4875.243469825513,11965.0,mist+ACI
US,2024-02-03,2024-02-03,1,0.45,4875.432375949738,11965.0,mist+ACI
US,2024-02-03,2024-02-03,1,0.5,4875.517578125,11965.0,mist+ACI
US,2024-02-03,2024-02-03,1,0.55,9935.23242212618,11965.0,mist+ACI
US,2024-02-03,2024-02-03,1,0.6,12947.959433852113,11965.0,mist+ACI
US,2024-02-03,2024-02-03,1,0.65,16469.5749485353,11965.0,mist+ACI
US,2024-02-03,2024-02-03,1,0.7,16771.83209046604,11965.0,mist+ACI
US,2024-02-03,2024-02-03,1,0.75,16943.06848478963,11965.0,mist+ACI
US,2024-02-03,2024-02-03,1,0.8,18786.945466345358,11965.0,mist+ACI
US,2024-02-03,2024-02-03,1,0.85,23114.642128294247,11965.0,mist+ACI
US,2024-02-03,2024-02-03,1,0.9,24991.78007282557,11965.0,mist+ACI
US,2024-02-03,2024-02-03,1,0.95,31694.61695818168,11965.0,mist+ACI
US,2024-02-03,2024-02-03,1,0.975,46546.77166539752,11965.0,mist+ACI
US,2024-02-03,2024-02-03,1,0.99,49689.87108992108,11965.0,mist+ACI
US,2024-02-03,2024-02-10,2,0.01,782.8740955781509,11638.0,mist+ACI
US,2024-02-03,2024-02-10,2,0.025,1704.9849289067688,11638.0,mist+ACI
US,2024-02-03,2024-02-10,2,0.05,2948.537128054517,11638.0,mist+ACI
US,2024-02-03,2024-02-10,2,0.1,4088.1901723076517,11638.0,mist+ACI
US,2024-02-03,2024-02-10,2,0.15,4298.085002825135,11638.0,mist+ACI
US,2024-02-03,2024-02-10,2,0.2,4380.42675505435,11638.0,mist+ACI
US,2024-02-03,2024-02-10,2,0.25,4406.227802790371,11638.0,mist+ACI
US,2024-02-03,2024-02-10,2,0.3,4415.562854459032,11638.0,mist+ACI
US,2024-02-03,2024-02-10,2,0.35,4418.18691595113,11638.0,mist+ACI
US,2024-02-03,2024-02-10,2,0.4,4418.77470977326,11638.0,mist+ACI
US,2024-02-03,2024-02-10,2,0.45,4418.872736124091,11638.0,mist+ACI
US,2024-02-03,2024-02-10,2,0.5,4418.8896484375,11638.0,mist+ACI
US,2024-02-03,2024-02-10,2,0.55,7218.3799279529485,11638.0,mist+ACI
US,2024-02-03,2024-02-10,2,0.6,7707.956988600952,11638.0,mist+ACI
US,2024-02-03,2024-02-10,2,0.65,8809.944889592492,11638.0,mist+ACI
US,2024-02-03,2024-02-10,2,0.7,11900.041672331989,11638.0,mist+ACI
US,2024-02-03,2024-02-10,2,0.75,13880.170723730938,11638.0,mist+ACI
US,2024-02-03,2024-02-10,2,0.8,15026.124979822585,11638.0,mist+ACI
US,2024-02-03,2024-02-10,2,0.85,18979.218451197463,11638.0,mist+ACI
US,2024-02-03,2024-02-10,2,0.9,22038.717718839296,11638.0,mist+ACI
US,2024-02-03,2024-02-10,2,0.95,27258.53067722655,11638.0,mist+ACI
US,2024-02-03,2024-02-10,2,0.975,37017.06760238628,11638.0,mist+ACI
US,2024-02-03,2024-02-10,2,0.99,47126.58964279732,11638.0,mist+ACI
US,2024-02-03,2024-02-17,3,0.01,679.1181819416215,11135.0,mist+ACI
US,2024-02-03,2024-02-17,3,0.025,1479.0197704803777,11135.0,mist+ACI
US,2024-02-03,2024-02-17,3,0.05,2613.7557167804534,11135.0,mist+ACI
US,2024-02-03,2024-02-17,3,0.1,3516.7534577435554,11135.0,mist+ACI
US,2024-02-03,2024-02-17,3,0.15,3731.835619688663,11135.0,mist+ACI
US,2024-02-03,2024-02-17,3,0.2,3803.5986140323093,11135.0,mist+ACI
US,2024-02-03,2024-02-17,3,0.25,3827.136296197742,11135.0,mist+ACI
US,2024-02-03,2024-02-17,3,0.3,3831.0318753108877,11135.0,mist+ACI
US,2024-02-03,2024-02-17,3,0.35,3832.427426155012,11135.0,mist+ACI
US,2024-02-03,2024-02-17,3,0.4,3833.0045403342756,11135.0,mist+ACI
US,2024-02-03,2024-02-17,3,0.45,3833.2178539463494,11135.0,mist+ACI
US,2024-02-03,2024-02-17,3,0.5,3833.2451171875,11135.0,mist+ACI
US,2024-02-03,2024-02-17,3,0.55,8910.081709019596,11135.0,mist+ACI
US,2024-02-03,2024-02-17,3,0.6,9610.076511557436,11135.0,mist+ACI
US,2024-02-03,2024-02-17,3,0.65,13498.646093223091,11135.0,mist+ACI
US,2024-02-03,2024-02-17,3,0.7,18611.03567695687,11135.0,mist+ACI
US,2024-02-03,2024-02-17,3,0.75,19060.668863724757,11135.0,mist+ACI
US,2024-02-03,2024-02-17,3,0.8,20185.039601688284,11135.0,mist+ACI
US,2024-02-03,2024-02-17,3,0.85,20436.61964323441,11135.0,mist+ACI
US,2024-02-03,2024-02-17,3,0.9,28175.546453285348,11135.0,mist+ACI
US,2024-02-03,2024-02-17,3,0.95,35931.71329192128,11135.0,mist+ACI
US,2024-02-03,2024-02-17,3,0.975,44178.324817912995,11135.0,mist+ACI
US,2024-02-03,2024-02-17,3,0.99,51569.73569422255,11135.0,mist+ACI
US,2024-02-03,2024-02-24,4,0.01,654.8059585399387,10874.0,mist+ACI
US,2024-02-03,2024-02-24,4,0.025,1426.071314627497,10874.0,mist+ACI
US,2024-02-03,2024-02-24,4,0.05,2301.9070967053435,10874.0,mist+ACI
US,2024-02-03,2024-02-24,4,0.1,3381.3631794851335,10874.0,mist+ACI
US,2024-02-03,2024-02-24,4,0.15,3595.901538509436,10874.0,mist+ACI
US,2024-02-03,2024-02-24,4,0.2,3658.2776589319533,10874.0,mist+ACI
US,2024-02-03,2024-02-24,4,0.25,3687.0898418667525,10874.0,mist+ACI
US,2024-02-03,2024-02-24,4,0.3,3693.208916108695,10874.0,mist+ACI
US,2024-02-03,2024-02-24,4,0.35,3695.150472288967,10874.0,mist+ACI
US,2024-02-03,2024-02-24,4,0.4,3695.7298811878213,10874.0,mist+ACI
US,2024-02-03,2024-02-24,4,0.45,3695.98130551816,10874.0,mist+ACI
US,2024-02-03,2024-02-24,4,0.5,3696.01611328125,10874.0,mist+ACI
US,2024-02-03,2024-02-24,4,0.55,10943.127756821195,10874.0,mist+ACI
US,2024-02-03,2024-02-24,4,0.6,11507.780817417397,10874.0,mist+ACI
US,2024-02-03,2024-02-24,4,0.65,11821.82551425358,10874.0,mist+ACI
US,2024-02-03,2024-02-24,4,0.7,18165.62789928459,10874.0,mist+ACI
US,2024-02-03,2024-02-24,4,0.75,20251.08557657295,10874.0,mist+ACI
US,2024-02-03,2024-02-24,4,0.8,25165.229609395657,10874.0,mist+ACI
US,2024-02-03,2024-02-24,4,0.85,27825.074448030624,10874.0,mist+ACI
US,2024-02-03,2024-02-24,4,0.9,43131.09654653596,10874.0,mist+ACI
US,2024-02-03,2024-02-24,4,0.95,57125.923851686035,10874.0,mist+ACI
US,2024-02-03,2024-02-24,4,0.975,67498.75443285095,10874.0,mist+ACI
US,2024-02-03,2024-02-24,4,0.99,68107.45659327648,10874.0,mist+ACI
US,2024-02-10,2024-02-10,1,0.01,680.5592432089743,11638.0,mist+ACI
US,2024-02-10,2024-02-10,1,0.025,1598.3249039842756,11638.0,mist+ACI
US,2024-02-10,2024-02-10,1,0.05,2827.5343766075857,11638.0,mist+ACI
US,2024-02-10,2024-02-10,1,0.1,3432.480145298689,11638.0,mist+ACI
US,2024-02-10,2024-02-10,1,0.15,3544.2319987523797,11638.0,mist+ACI
US,2024-02-10,2024-02-10,1,0.2,3575.897824402014,11638.0,mist+ACI
US,2024-02-10,2024-02-10,1,0.25,3587.4670484141175,11638.0,mist+ACI
US,2024-02-10,2024-02-10,1,0.3,3591.3365504213634,11638.0,mist+ACI
US,2024-02-10,2024-02-10,1,0.35,3592.6191072797697,11638.0,mist+ACI
US,2024-02-10,2024-02-10,1,0.4,3592.873005482167,11638.0,mist+ACI
US,2024-02-10,2024-02-10,1,0.45,3592.923788170188,11638.0,mist+ACI
US,2024-02-10,2024-02-10,1,0.5,3592.93896484375,11638.0,mist+ACI
US,2024-02-10,2024-02-10,1,0.55,6850.441308045303,11638.0,mist+ACI
US,2024-02-10,2024-02-10,1,0.6,7375.039951557132,11638.0,mist+ACI
US,2024-02-10,2024-02-10,1,0.65,10507.370907407078,11638.0,mist+ACI
US,2024-02-10,2024-02-10,1,0.7,11540.746031240189,11638.0,mist+ACI
US,2024-02-10,2024-02-10,1,0.75,11717.002979472436,11638.0,mist+ACI
US,2024-02-10,2024-02-10,1,0.8,13585.365397941123,11638.0,mist+ACI
US,2024-02-10,2024-02-10,1,0.85,14498.917725388781,11638.0,mist+ACI
US,2024-02-10,2024-02-10,1,0.9,15305.034626958313,11638.0,mist+ACI
US,2024-02-10,2024-02-10,1,0.95,21554.515264790793,11638.0,mist+ACI
US,2024-02-10,2024-02-10,1,0.975,35645.490912367924,11638.0,mist+ACI
US,2024-02-10,2024-02-10,1,0.99,47439.66338831229,11638.0,mist+ACI
US,2024-02-10,2024-02-17,2,0.01,651.5122263427093,11135.0,mist+ACI
US,2024-02-10,2024-02-17,2,0.025,1404.8814221505004,11135.0,mist+ACI
US,2024-02-10,2024-02-17,2,0.05,2483.4824120560797,11135.0,mist+ACI
US,2024-02-10,2024-02-17,2,0.1,3238.871709607132,11135.0,mist+ACI
US,2024-02-10,2024-02-17,2,0.15,3371.1499333904944,11135.0,mist+ACI
US,2024-02-10,2024-02-17,2,0.2,3417.1370496162203,11135.0,mist+ACI
US,2024-02-10,2024-02-17,2,0.25,3434.2848622089173,11135.0,mist+ACI
US,2024-02-10,2024-02-17,2,0.3,3437.9499153463826,11135.0,mist+ACI
US,2024-02-10,2024-02-17,2,0.35,3439.161459744497,11135.0,mist+ACI
US,2024-02-10,2024-02-17,2,0.4,3439.4506234047226,11135.0,mist+ACI
US,2024-02-10,2024-02-17,2,0.45,3439.574050758254,11135.0,mist+ACI
US,2024-02-10,2024-02-17,2,0.5,3439.58837890625,11135.0,mist+ACI
US,2024-02-10,2024-02-17,2,0.55,4574.725236055171,11135.0,mist+ACI
US,2024-02-10,2024-02-17,2,0.6,4622.177781977369,11135.0,mist+ACI
US,2024-02-10,2024-02-17,2,0.65,5218.08688099241,11135.0,mist+ACI
US,2024-02-10,2024-02-17,2,0.7,7526.2777960195235,11135.0,mist+ACI
US,2024-02-10,2024-02-17,2,0.75,7777.051973188697,11135.0,mist+ACI
US,2024-02-10,2024-02-17,2,0.8,8816.477935054325,11135.0,mist+ACI
US,2024-02-10,2024-02-17,2,0.85,11546.42614380933,11135.0,mist+ACI
US,2024-02-10,2024-02-17,2,0.9,14582.595932812828,11135.0,mist+ACI
US,2024-02-10,2024-02-17,2,0.95,17013.236986781532,11135.0,mist+ACI
US,2024-02-10,2024-02-17,2,0.975,25282.271492447504,11135.0,mist+ACI
US,2024-02-10,2024-02-17,2,0.99,38578.75757268128,11135.0,mist+ACI
US,2024-02-10,2024-02-24,3,0.01,580.2156925827139,10874.0,mist+ACI
US,2024-02-10,2024-02-24,3,0.025,1251.1419040060548,10874.0,mist+ACI
US,2024-02-10,2024-02-24,3,0.05,2082.972296322636,10874.0,mist+ACI
US,2024-02-10,2024-02-24,3,0.1,2850.4794584535316,10874.0,mist+ACI
US,2024-02-10,2024-02-24,3,0.15,2998.8739900015535,10874.0,mist+ACI
US,2024-02-10,2024-02-24,3,0.2,3048.422692080897,10874.0,mist+ACI
US,2024-02-10,2024-02-24,3,0.25,3058.352027868813,10874.0,mist+ACI
US,2024-02-10,2024-02-24,3,0.3,3062.058845291907,10874.0,mist+ACI
US,2024-02-10,2024-02-24,3,0.35,3062.821722312293,10874.0,mist+ACI
US,2024-02-10,2024-02-24,3,0.4,3063.118996695028,10874.0,mist+ACI
US,2024-02-10,2024-02-24,3,0.45,3063.176118849388,10874.0,mist+ACI
US,2024-02-10,2024-02-24,3,0.5,3063.18603515625,10874.0,mist+ACI
US,2024-02-10,2024-02-24,3,0.55,4642.7178807642795,10874.0,mist+ACI
US,2024-02-10,2024-02-24,3,0.6,4666.579876041022,10874.0,mist+ACI
US,2024-02-10,2024-02-24,3,0.65,6354.838212411759,10874.0,mist+ACI
US,2024-02-10,2024-02-24,3,0.7,6593.562906527459,10874.0,mist+ACI
US,2024-02-10,2024-02-24,3,0.75,7832.64710438533,10874.0,mist+ACI
US,2024-02-10,2024-02-24,3,0.8,7902.014700002348,10874.0,mist+ACI
US,2024-02-10,2024-02-24,3,0.85,8839.197515783304,10874.0,mist+ACI
US,2024-02-10,2024-02-24,3,0.9,9994.343803754566,10874.0,mist+ACI
US,2024-02-10,2024-02-24,3,0.95,17712.903025093892,10874.0,mist+ACI
US,2024-02-10,2024-02-24,3,0.975,22929.685682282943,10874.0,mist+ACI
US,2024-02-10,2024-02-24,3,0.99,38996.927953994826,10874.0,mist+ACI
US,2024-02-10,2024-03-02,4,0.01,499.2474868352165,10826.0,mist+ACI
US,2024-02-10,2024-03-02,4,0.025,1076.5469793980187,10826.0,mist+ACI
US,2024-02-10,2024-03-02,4,0.05,1855.2913955122099,10826.0,mist+ACI
US,2024-02-10,2024-03-02,4,0.1,2437.45536462448,10826.0,mist+ACI
US,2024-02-10,2024-03-02,4,0.15,2567.130929347357,10826.0,mist+ACI
US,2024-02-10,2024-03-02,4,0.2,2623.7597494932866,10826.0,mist+ACI
US,2024-02-10,2024-03-02,4,0.25,2632.1940116115265,10826.0,mist+ACI
US,2024-02-10,2024-03-02,4,0.3,2634.654788150427,10826.0,mist+ACI
US,2024-02-10,2024-03-02,4,0.35,2635.4936803843984,10826.0,mist+ACI
US,2024-02-10,2024-03-02,4,0.4,2635.6502351443323,10826.0,mist+ACI
US,2024-02-10,2024-03-02,4,0.45,2635.7009391658594,10826.0,mist+ACI
US,2024-02-10,2024-03-02,4,0.5,2635.72314453125,10826.0,mist+ACI
US,2024-02-10,2024-03-02,4,0.55,3839.720275918129,10826.0,mist+ACI
US,2024-02-10,2024-03-02,4,0.6,4490.954934604448,10826.0,mist+ACI
US,2024-02-10,2024-03-02,4,0.65,7259.571626254361,10826.0,mist+ACI
US,2024-02-10,2024-03-02,4,0.7,8474.052405668235,10826.0,mist+ACI
US,2024-02-10,2024-03-02,4,0.75,8601.55757473498,10826.0,mist+ACI
US,2024-02-10,2024-03-02,4,0.8,8963.473127310184,10826.0,mist+ACI
US,2024-02-10,2024-03-02,4,0.85,9876.376426809318,10826.0,mist+ACI
US,2024-02-10,2024-03-02,4,0.9,10910.485833780325,10826.0,mist+ACI
US,2024-02-10,2024-03-02,4,0.95,28078.14791607604,10826.0,mist+ACI
US,2024-02-10,2024-03-02,4,0.975,29973.24290218506,10826.0,mist+ACI
US,2024-02-10,2024-03-02,4,0.99,48779.344273093804,10826.0,mist+ACI
US,2024-02-17,2024-02-17,1,0.01,2636.042200575058,11135.0,mist+ACI
US,2024-02-17,2024-02-17,1,0.025,3405.672224774248,11135.0,mist+ACI
US,2024-02-17,2024-02-17,1,0.05,4468.024340430443,11135.0,mist+ACI
US,2024-02-17,2024-02-17,1,0.1,4933.183655438967,11135.0,mist+ACI
US,2024-02-17,2024-02-17,1,0.15,5018.1481183947,11135.0,mist+ACI
US,2024-02-17,2024-02-17,1,0.2,5044.9658392768715,11135.0,mist+ACI
US,2024-02-17,2024-02-17,1,0.25,5053.304466855539,11135.0,mist+ACI
US,2024-02-17,2024-02-17,1,0.3,5055.898143031536,11135.0,mist+ACI
US,2024-02-17,2024-02-17,1,0.35,5056.685647052157,11135.0,mist+ACI
US,2024-02-17,2024-02-17,1,0.4,5056.7914473116025,11135.0,mist+ACI
US,2024-02-17,2024-02-17,1,0.45,5056.824456024335,11135.0,mist+ACI
US,2024-02-17,2024-02-17,1,0.5,5056.8369140625,11135.0,mist+ACI
US,2024-02-17,2024-02-17,1,0.55,6215.719608752655,11135.0,mist+ACI
US,2024-02-17,2024-02-17,1,0.6,10151.456925699722,11135.0,mist+ACI
US,2024-02-17,2024-02-17,1,0.65,10248.840327404672,11135.0,mist+ACI
US,2024-02-17,2024-02-17,1,0.7,10989.37729895866,11135.0,mist+ACI
US,2024-02-17,2024-02-17,1,0.75,12381.289679086498,11135.0,mist+ACI
US,2024-02-17,2024-02-17,1,0.8,13516.149209298484,11135.0,mist+ACI
US,2024-02-17,2024-02-17,1,0.85,19310.63910784926,11135.0,mist+ACI
US,2024-02-17,2024-02-17,1,0.9,27063.204714245818,11135.0,mist+ACI
US,2024-02-17,2024-02-17,1,0.95,28652.968702388236,11135.0,mist+ACI
US,2024-02-17,2024-02-17,1,0.975,29262.945327092762,11135.0,mist+ACI
US,2024-02-17,2024-02-17,1,0.99,42232.48851214001,11135.0,mist+ACI
US,2024-02-17,2024-02-24,2,0.01,1625.0840664333532,10874.0,mist+ACI
US,2024-02-17,2024-02-24,2,0.025,3081.0800130794364,10874.0,mist+ACI
US,2024-02-17,2024-02-24,2,0.05,4097.697907083255,10874.0,mist+ACI
US,2024-02-17,2024-02-24,2,0.1,4772.1325495713545,10874.0,mist+ACI
US,2024-02-17,2024-02-24,2,0.15,4884.800868696822,10874.0,mist+ACI
US,2024-02-17,2024-02-24,2,0.2,4919.701433491043,10874.0,mist+ACI
US,2024-02-17,2024-02-24,2,0.25,4931.616392106714,10874.0,mist+ACI
US,2024-02-17,2024-02-24,2,0.3,4933.48313101253,10874.0,mist+ACI
US,2024-02-17,2024-02-24,2,0.35,4934.138025043156,10874.0,mist+ACI
US,2024-02-17,2024-02-24,2,0.4,4934.287762951002,10874.0,mist+ACI
US,2024-02-17,2024-02-24,2,0.45,4934.345516304726,10874.0,mist+ACI
US,2024-02-17,2024-02-24,2,0.5,4934.35791015625,10874.0,mist+ACI
US,2024-02-17,2024-02-24,2,0.55,6227.375501107933,10874.0,mist+ACI
US,2024-02-17,2024-02-24,2,0.6,7248.378692639279,10874.0,mist+ACI
US,2024-02-17,2024-02-24,2,0.65,7595.269834662354,10874.0,mist+ACI
US,2024-02-17,2024-02-24,2,0.7,8217.514348340428,10874.0,mist+ACI
US,2024-02-17,2024-02-24,2,0.75,8497.355133790315,10874.0,mist+ACI
US,2024-02-17,2024-02-24,2,0.8,10274.221027065014,10874.0,mist+ACI
US,2024-02-17,2024-02-24,2,0.85,15156.664537718083,10874.0,mist+ACI
US,2024-02-17,2024-02-24,2,0.9,18819.747327653728,10874.0,mist+ACI
US,2024-02-17,2024-02-24,2,0.95,20147.553093641138,10874.0,mist+ACI
US,2024-02-17,2024-02-24,2,0.975,22392.37707545084,10874.0,mist+ACI
US,2024-02-17,2024-02-24,2,0.99,33960.41696431833,10874.0,mist+ACI
US,2024-02-17,2024-03-02,3,0.01,1784.7949620724635,10826.0,mist+ACI
US,2024-02-17,2024-03-02,3,0.025,3063.727854834509,10826.0,mist+ACI
US,2024-02-17,2024-03-02,3,0.05,3750.453803067811,10826.0,mist+ACI
US,2024-02-17,2024-03-02,3,0.1,4381.6415178359575,10826.0,mist+ACI
US,2024-02-17,2024-03-02,3,0.15,4469.527834044571,10826.0,mist+ACI
US,2024-02-17,2024-03-02,3,0.2,4499.063789233599,10826.0,mist+ACI
US,2024-02-17,2024-03-02,3,0.25,4505.843522311249,10826.0,mist+ACI
US,2024-02-17,2024-03-02,3,0.3,4507.7517649179335,10826.0,mist+ACI
US,2024-02-17,2024-03-02,3,0.35,4508.229961673887,10826.0,mist+ACI
US,2024-02-17,2024-03-02,3,0.4,4508.341332307909,10826.0,mist+ACI
US,2024-02-17,2024-03-02,3,0.45,4508.370212064579,10826.0,mist+ACI
US,2024-02-17,2024-03-02,3,0.5,4508.37353515625,10826.0,mist+ACI
US,2024-02-17,2024-03-02,3,0.55,6510.856452399109,10826.0,mist+ACI
US,2024-02-17,2024-03-02,3,0.6,6578.225113192368,10826.0,mist+ACI
US,2024-02-17,2024-03-02,3,0.65,6725.808643364131,10826.0,mist+ACI
US,2024-02-17,2024-03-02,3,0.7,6885.94311073146,10826.0,mist+ACI
US,2024-02-17,2024-03-02,3,0.75,7443.048826039894,10826.0,mist+ACI
US,2024-02-17,2024-03-02,3,0.8,8286.492711161274,10826.0,mist+ACI
US,2024-02-17,2024-03-02,3,0.85,12062.32036345061,10826.0,mist+ACI
US,2024-02-17,2024-03-02,3,0.9,15721.191079859816,10826.0,mist+ACI
US,2024-02-17,2024-03-02,3,0.95,18207.102868513808,10826.0,mist+ACI
US,2024-02-17,2024-03-02,3,0.975,18499.481884459812,10826.0,mist+ACI
US,2024-02-17,2024-03-02,3,0.99,33869.030686686034,10826.0,mist+ACI
US,2024-02-17,2024-03-09,4,0.01,1194.3634215284064,9421.0,mist+ACI
US,2024-02-17,2024-03-09,4,0.025,2327.1327918024576,9421.0,mist+ACI
US,2024-02-17,2024-03-09,4,0.05,3431.9991241956827,9421.0,mist+ACI
US,2024-02-17,2024-03-09,4,0.1,3920.1649762458255,9421.0,mist+ACI
US,2024-02-17,2024-03-09,4,0.15,4016.983284498854,9421.0,mist+ACI
US,2024-02-17,2024-03-09,4,0.2,4052.972338581605,9421.0,mist+ACI
US,2024-02-17,2024-03-09,4,0.25,4057.039127910186,9421.0,mist+ACI
US,2024-02-17,2024-03-09,4,0.3,4058.155253893932,9421.0,mist+ACI
US,2024-02-17,2024-03-09,4,0.35,4058.608267660158,9421.0,mist+ACI
US,2024-02-17,2024-03-09,4,0.4,4058.672971488274,9421.0,mist+ACI
US,2024-02-17,2024-03-09,4,0.45,4058.683452230734,9421.0,mist+ACI
US,2024-02-17,2024-03-09,4,0.5,4058.685546875,9421.0,mist+ACI
US,2024-02-17,2024-03-09,4,0.55,7624.770507418649,9421.0,mist+ACI
US,2024-02-17,2024-03-09,4,0.6,7959.643863488856,9421.0,mist+ACI
US,2024-02-17,2024-03-09,4,0.65,8413.037435210008,9421.0,mist+ACI
US,2024-02-17,2024-03-09,4,0.7,8616.238224973105,9421.0,mist+ACI
US,2024-02-17,2024-03-09,4,0.75,8763.66372678525,9421.0,mist+ACI
US,2024-02-17,2024-03-09,4,0.8,9474.453331783261,9421.0,mist+ACI
US,2024-02-17,2024-03-09,4,0.85,17121.277943528665,9421.0,mist+ACI
US,2024-02-17,2024-03-09,4,0.9,20267.83153258037,9421.0,mist+ACI
US,2024-02-17,2024-03-09,4,0.95,21549.155816374154,9421.0,mist+ACI
US,2024-02-17,2024-03-09,4,0.975,26482.734617829665,9421.0,mist+ACI
US,2024-02-17,2024-03-09,4,0.99,41902.159873228775,9421.0,mist+ACI
US,2024-02-24,2024-02-24,1,0.01,3094.232208155398,10874.0,mist+ACI
US,2024-02-24,2024-02-24,1,0.025,3973.0477584394275,10874.0,mist+ACI
US,2024-02-24,2024-02-24,1,0.05,4984.256181345838,10874.0,mist+ACI
US,2024-02-24,2024-02-24,1,0.1,5391.912613926335,10874.0,mist+ACI
US,2024-02-24,2024-02-24,1,0.15,5469.8149354176285,10874.0,mist+ACI
US,2024-02-24,2024-02-24,1,0.2,5489.733133738555,10874.0,mist+ACI
US,2024-02-24,2024-02-24,1,0.25,5495.570148989174,10874.0,mist+ACI
US,2024-02-24,2024-02-24,1,0.3,5497.379805084367,10874.0,mist+ACI
US,2024-02-24,2024-02-24,1,0.35,5497.817054230502,10874.0,mist+ACI
US,2024-02-24,2024-02-24,1,0.4,5497.856185582999,10874.0,mist+ACI
US,2024-02-24,2024-02-24,1,0.45,5497.869803967503,10874.0,mist+ACI
US,2024-02-24,2024-02-24,1,0.5,5497.87158203125,10874.0,mist+ACI
US,2024-02-24,2024-02-24,1,0.55,10849.673582736277,10874.0,mist+ACI
US,2024-02-24,2024-02-24,1,0.6,11515.609115653187,10874.0,mist+ACI
US,2024-02-24,2024-02-24,1,0.65,16983.22451305733,10874.0,mist+ACI
US,2024-02-24,2024-02-24,1,0.7,20370.70848318928,10874.0,mist+ACI
US,2024-02-24,2024-02-24,1,0.75,26004.60490137417,10874.0,mist+ACI
US,2024-02-24,2024-02-24,1,0.8,26230.26494818816,10874.0,mist+ACI
US,2024-02-24,2024-02-24,1,0.85,27343.261298208618,10874.0,mist+ACI
US,2024-02-24,2024-02-24,1,0.9,27533.84096650782,10874.0,mist+ACI
US,2024-02-24,2024-02-24,1,0.95,27822.78526378318,10874.0,mist+ACI
US,2024-02-24,2024-02-24,1,0.975,31390.40703866005,10874.0,mist+ACI
US,2024-02-24,2024-02-24,1,0.99,43075.60258963211,10874.0,mist+ACI
US,2024-02-24,2024-03-02,2,0.01,2294.6962462304054,10826.0,mist+ACI
US,2024-02-24,2024-03-02,2,0.025,3779.197180898077,10826.0,mist+ACI
US,2024-02-24,2024-03-02,2,0.05,4715.726205263606,10826.0,mist+ACI
US,2024-02-24,2024-03-02,2,0.1,5310.83771749704,10826.0,mist+ACI
US,2024-02-24,2024-03-02,2,0.15,5418.959051636768,10826.0,mist+ACI
US,2024-02-24,2024-03-02,2,0.2,5446.748710280672,10826.0,mist+ACI
US,2024-02-24,2024-03-02,2,0.25,5455.170343528562,10826.0,mist+ACI
US,2024-02-24,2024-03-02,2,0.3,5456.4177589615165,10826.0,mist+ACI
US,2024-02-24,2024-03-02,2,0.35,5456.827726126178,10826.0,mist+ACI
US,2024-02-24,2024-03-02,2,0.4,5456.914175646836,10826.0,mist+ACI
US,2024-02-24,2024-03-02,2,0.45,5456.943027610226,10826.0,mist+ACI
US,2024-02-24,2024-03-02,2,0.5,5456.94677734375,10826.0,mist+ACI
US,2024-02-24,2024-03-02,2,0.55,8321.027517406574,10826.0,mist+ACI
US,2024-02-24,2024-03-02,2,0.6,10605.764151688221,10826.0,mist+ACI
US,2024-02-24,2024-03-02,2,0.65,12631.374028573075,10826.0,mist+ACI
US,2024-02-24,2024-03-02,2,0.7,15032.166138290355,10826.0,mist+ACI
US,2024-02-24,2024-03-02,2,0.75,15561.051521510068,10826.0,mist+ACI
US,2024-02-24,2024-03-02,2,0.8,16449.17369334786,10826.0,mist+ACI
US,2024-02-24,2024-03-02,2,0.85,17814.838022790893,10826.0,mist+ACI
US,2024-02-24,2024-03-02,2,0.9,21495.566145380762,10826.0,mist+ACI
US,2024-02-24,2024-03-02,2,0.95,22858.607058326867,10826.0,mist+ACI
US,2024-02-24,2024-03-02,2,0.975,23326.196789994912,10826.0,mist+ACI
US,2024-02-24,2024-03-02,2,0.99,35194.93912534973,10826.0,mist+ACI
US,2024-02-24,2024-03-09,3,0.01,2294.9028785798055,9421.0,mist+ACI
US,2024-02-24,2024-03-09,3,0.025,3727.976098636978,9421.0,mist+ACI
US,2024-02-24,2024-03-09,3,0.05,4389.332380313039,9421.0,mist+ACI
US,2024-02-24,2024-03-09,3,0.1,5013.705811356478,9421.0,mist+ACI
US,2024-02-24,2024-03-09,3,0.15,5106.651651455248,9421.0,mist+ACI
US,2024-02-24,2024-03-09,3,0.2,5133.727682474152,9421.0,mist+ACI
US,2024-02-24,2024-03-09,3,0.25,5138.374248208737,9421.0,mist+ACI
US,2024-02-24,2024-03-09,3,0.3,5139.805069960971,9421.0,mist+ACI
US,2024-02-24,2024-03-09,3,0.35,5140.160276202863,9421.0,mist+ACI
US,2024-02-24,2024-03-09,3,0.4,5140.23372976985,9421.0,mist+ACI
US,2024-02-24,2024-03-09,3,0.45,5140.2495721622845,9421.0,mist+ACI
US,2024-02-24,2024-03-09,3,0.5,5140.25146484375,9421.0,mist+ACI
US,2024-02-24,2024-03-09,3,0.55,7205.86978963219,9421.0,mist+ACI
US,2024-02-24,2024-03-09,3,0.6,7482.489838579699,9421.0,mist+ACI
US,2024-02-24,2024-03-09,3,0.65,10221.795476521365,9421.0,mist+ACI
US,2024-02-24,2024-03-09,3,0.7,11459.977750884042,9421.0,mist+ACI
US,2024-02-24,2024-03-09,3,0.75,16912.01347586602,9421.0,mist+ACI
US,2024-02-24,2024-03-09,3,0.8,17009.692854574318,9421.0,mist+ACI
US,2024-02-24,2024-03-09,3,0.85,17035.021566943222,9421.0,mist+ACI
US,2024-02-24,2024-03-09,3,0.9,17149.40657145926,9421.0,mist+ACI
US,2024-02-24,2024-03-09,3,0.95,19834.82763509216,9421.0,mist+ACI
US,2024-02-24,2024-03-09,3,0.975,20697.64363229101,9421.0,mist+ACI
US,2024-02-24,2024-03-09,3,0.99,35971.62023632966,9421.0,mist+ACI
US,2024-02-24,2024-03-16,4,0.01,1828.0482295642337,7326.0,mist+ACI
US,2024-02-24,2024-03-16,4,0.025,3012.591233438572,7326.0,mist+ACI
US,2024-02-24,2024-03-16,4,0.05,4150.138901727942,7326.0,mist+ACI
US,2024-02-24,2024-03-16,4,0.1,4666.904914666475,7326.0,mist+ACI
US,2024-02-24,2024-03-16,4,0.15,4771.271376494502,7326.0,mist+ACI
US,2024-02-24,2024-03-16,4,0.2,4801.668914168473,7326.0,mist+ACI
US,2024-02-24,2024-03-16,4,0.25,4806.17932856944,7326.0,mist+ACI
US,2024-02-24,2024-03-16,4,0.3,4807.099419479969,7326.0,mist+ACI
US,2024-02-24,2024-03-16,4,0.35,4807.3823921709645,7326.0,mist+ACI
US,2024-02-24,2024-03-16,4,0.4,4807.459582570971,7326.0,mist+ACI
US,2024-02-24,2024-03-16,4,0.45,4807.467435664389,7326.0,mist+ACI
US,2024-02-24,2024-03-16,4,0.5,4807.46923828125,7326.0,mist+ACI
US,2024-02-24,2024-03-16,4,0.55,8012.499534356732,7326.0,mist+ACI
US,2024-02-24,2024-03-16,4,0.6,8916.346552379531,7326.0,mist+ACI
US,2024-02-24,2024-03-16,4,0.65,12762.158656237247,7326.0,mist+ACI
US,2024-02-24,2024-03-16,4,0.7,15946.877231442208,7326.0,mist+ACI
US,2024-02-24,2024-03-16,4,0.75,19179.20456505983,7326.0,mist+ACI
US,2024-02-24,2024-03-16,4,0.8,19344.000822779188,7326.0,mist+ACI
US,2024-02-24,2024-03-16,4,0.85,19351.84450304308,7326.0,mist+ACI
US,2024-02-24,2024-03-16,4,0.9,19752.517127700514,7326.0,mist+ACI
US,2024-02-24,2024-03-16,4,0.95,25250.140784725227,7326.0,mist+ACI
US,2024-02-24,2024-03-16,4,0.975,27492.60851147072,7326.0,mist+ACI
US,2024-02-24,2024-03-16,4,0.99,44334.283222765036,7326.0,mist+ACI
US,2024-03-02,2024-03-02,1,0.01,2799.01237188189,10826.0,mist+ACI
US,2024-03-02,2024-03-02,1,0.025,4635.240757567788,10826.0,mist+ACI
US,2024-03-02,2024-03-02,1,0.05,5777.970985291725,10826.0,mist+ACI
US,2024-03-02,2024-03-02,1,0.1,6387.227820407828,10826.0,mist+ACI
US,2024-03-02,2024-03-02,1,0.15,6498.397962535167,10826.0,mist+ACI
US,2024-03-02,2024-03-02,1,0.2,6526.895046339829,10826.0,mist+ACI
US,2024-03-02,2024-03-02,1,0.25,6534.089782487108,10826.0,mist+ACI
US,2024-03-02,2024-03-02,1,0.3,6535.65313804366,10826.0,mist+ACI
US,2024-03-02,2024-03-02,1,0.35,6536.066888128071,10826.0,mist+ACI
US,2024-03-02,2024-03-02,1,0.4,6536.167668123927,10826.0,mist+ACI
US,2024-03-02,2024-03-02,1,0.45,6536.186492910915,10826.0,mist+ACI
US,2024-03-02,2024-03-02,1,0.5,6536.189453125,10826.0,mist+ACI
US,2024-03-02,2024-03-02,1,0.55,8823.476791708188,10826.0,mist+ACI
US,2024-03-02,2024-03-02,1,0.6,9392.266366889366,10826.0,mist+ACI
US,2024-03-02,2024-03-02,1,0.65,18770.60890295318,10826.0,mist+ACI
US,2024-03-02,2024-03-02,1,0.7,19189.165941774856,10826.0,mist+ACI
US,2024-03-02,2024-03-02,1,0.75,22021.93301323084,10826.0,mist+ACI
US,2024-03-02,2024-03-02,1,0.8,23342.67824596719,10826.0,mist+ACI
US,2024-03-02,2024-03-02,1,0.85,23573.757166686468,10826.0,mist+ACI
US,2024-03-02,2024-03-02,1,0.9,26376.907834525526,10826.0,mist+ACI
US,2024-03-02,2024-03-02,1,0.95,31223.49362656476,10826.0,mist+ACI
US,2024-03-02,2024-03-02,1,0.975,36747.84205820646,10826.0,mist+ACI
US,2024-03-02,2024-03-02,1,0.99,45483.043691119965,10826.0,mist+ACI
US,2024-03-02,2024-03-09,2,0.01,2740.3904462328037,9421.0,mist+ACI
US,2024-03-02,2024-03-09,2,0.025,4267.761546557205,9421.0,mist+ACI
US,2024-03-02,2024-03-09,2,0.05,5380.3885812922235,9421.0,mist+ACI
US,2024-03-02,2024-03-09,2,0.1,6011.169543389626,9421.0,mist+ACI
US,2024-03-02,2024-03-09,2,0.15,6124.484146653001,9421.0,mist+ACI
US,2024-03-02,2024-03-09,2,0.2,6152.7334155170265,9421.0,mist+ACI
US,2024-03-02,2024-03-09,2,0.25,6159.088145788616,9421.0,mist+ACI
US,2024-03-02,2024-03-09,2,0.3,6160.874172670904,9421.0,mist+ACI
US,2024-03-02,2024-03-09,2,0.35,6161.294278737614,9421.0,mist+ACI
US,2024-03-02,2024-03-09,2,0.4,6161.358426542337,9421.0,mist+ACI
US,2024-03-02,2024-03-09,2,0.45,6161.3744227228535,9421.0,mist+ACI
US,2024-03-02,2024-03-09,2,0.5,6161.37548828125,9421.0,mist+ACI
US,2024-03-02,2024-03-09,2,0.55,8017.38274287178,9421.0,mist+ACI
US,2024-03-02,2024-03-09,2,0.6,9331.974889608606,9421.0,mist+ACI
US,2024-03-02,2024-03-09,2,0.65,14008.20512315795,9421.0,mist+ACI
US,2024-03-02,2024-03-09,2,0.7,15088.556056331643,9421.0,mist+ACI
US,2024-03-02,2024-03-09,2,0.75,20802.791417497334,9421.0,mist+ACI
US,2024-03-02,2024-03-09,2,0.8,23963.06854571541,9421.0,mist+ACI
US,2024-03-02,2024-03-09,2,0.85,24438.39399252268,9421.0,mist+ACI
US,2024-03-02,2024-03-09,2,0.9,24743.141204496274,9421.0,mist+ACI
US,2024-03-02,2024-03-09,2,0.95,25154.49206399259,9421.0,mist+ACI
US,2024-03-02,2024-03-09,2,0.975,31005.89865085794,9421.0,mist+ACI
US,2024-03-02,2024-03-09,2,0.99,42568.359569309454,9421.0,mist+ACI
US,2024-03-02,2024-03-16,3,0.01,2649.2015011139733,7326.0,mist+ACI
US,2024-03-02,2024-03-16,3,0.025,3934.059663980929,7326.0,mist+ACI
US,2024-03-02,2024-03-16,3,0.05,4932.3796135841585,7326.0,mist+ACI
US,2024-03-02,2024-03-16,3,0.1,5618.845009160851,7326.0,mist+ACI
US,2024-03-02,2024-03-16,3,0.15,5754.269376231835,7326.0,mist+ACI
US,2024-03-02,2024-03-16,3,0.2,5784.514479470023,7326.0,mist+ACI
US,2024-03-02,2024-03-16,3,0.25,5790.707116504786,7326.0,mist+ACI
US,2024-03-02,2024-03-16,3,0.3,5791.687511272333,7326.0,mist+ACI
US,2024-03-02,2024-03-16,3,0.35,5791.943437966784,7326.0,mist+ACI
US,2024-03-02,2024-03-16,3,0.4,5792.015932706976,7326.0,mist+ACI
US,2024-03-02,2024-03-16,3,0.45,5792.030589841171,7326.0,mist+ACI
US,2024-03-02,2024-03-16,3,0.5,5792.03125,7326.0,mist+ACI
US,2024-03-02,2024-03-16,3,0.55,9906.924420858235,7326.0,mist+ACI
US,2024-03-02,2024-03-16,3,0.6,11782.269391677006,7326.0,mist+ACI
US,2024-03-02,2024-03-16,3,0.65,18308.551882816602,7326.0,mist+ACI
US,2024-03-02,2024-03-16,3,0.7,23005.35629279225,7326.0,mist+ACI
US,2024-03-02,2024-03-16,3,0.75,23537.475037857683,7326.0,mist+ACI
US,2024-03-02,2024-03-16,3,0.8,23673.525288517572,7326.0,mist+ACI
US,2024-03-02,2024-03-16,3,0.85,26128.64279498615,7326.0,mist+ACI
US,2024-03-02,2024-03-16,3,0.9,28076.671173045568,7326.0,mist+ACI
US,2024-03-02,2024-03-16,3,0.95,31660.694254590137,7326.0,mist+ACI
US,2024-03-02,2024-03-16,3,0.975,35811.995199670695,7326.0,mist+ACI
US,2024-03-02,2024-03-16,3,0.99,43699.60296621764,7326.0,mist+ACI
US,2024-03-02,2024-03-23,4,0.01,1351.3646058275153,6043.0,mist+ACI
US,2024-03-02,2024-03-23,4,0.025,3506.2946500024714,6043.0,mist+ACI
US,2024-03-02,2024-03-23,4,0.05,4925.946250865404,6043.0,mist+ACI
US,2024-03-02,2024-03-23,4,0.1,5695.1741187749,6043.0,mist+ACI
US,2024-03-02,2024-03-23,4,0.15,5811.384254825626,6043.0,mist+ACI
US,2024-03-02,2024-03-23,4,0.2,5842.99874595916,6043.0,mist+ACI
US,2024-03-02,2024-03-23,4,0.25,5851.0928899182645,6043.0,mist+ACI
US,2024-03-02,2024-03-23,4,0.3,5852.39603218872,6043.0,mist+ACI
US,2024-03-02,2024-03-23,4,0.35,5852.760889779841,6043.0,mist+ACI
US,2024-03-02,2024-03-23,4,0.4,5852.841685963851,6043.0,mist+ACI
US,2024-03-02,2024-03-23,4,0.45,5852.863837359348,6043.0,mist+ACI
US,2024-03-02,2024-03-23,4,0.5,5852.8681640625,6043.0,mist+ACI
US,2024-03-02,2024-03-23,4,0.55,8544.678633966116,6043.0,mist+ACI
US,2024-03-02,2024-03-23,4,0.6,11549.74105957764,6043.0,mist+ACI
US,2024-03-02,2024-03-23,4,0.65,16314.335493689867,6043.0,mist+ACI
US,2024-03-02,2024-03-23,4,0.7,20120.414604997768,6043.0,mist+ACI
US,2024-03-02,2024-03-23,4,0.75,23158.478029653204,6043.0,mist+ACI
US,2024-03-02,2024-03-23,4,0.8,27060.280511593002,6043.0,mist+ACI
US,2024-03-02,2024-03-23,4,0.85,29234.876816561053,6043.0,mist+ACI
US,2024-03-02,2024-03-23,4,0.9,33316.600027173045,6043.0,mist+ACI
US,2024-03-02,2024-03-23,4,0.95,34289.28284690493,6043.0,mist+ACI
US,2024-03-02,2024-03-23,4,0.975,42584.71908899565,6043.0,mist+ACI
US,2024-03-02,2024-03-23,4,0.99,57630.089991350025,6043.0,mist+ACI
US,2024-03-09,2024-03-09,1,0.01,4352.949966842995,9421.0,mist+ACI
US,2024-03-09,2024-03-09,1,0.025,5130.748853518155,9421.0,mist+ACI
US,2024-03-09,2024-03-09,1,0.05,6027.456864399467,9421.0,mist+ACI
US,2024-03-09,2024-03-09,1,0.1,6462.828450472951,9421.0,mist+ACI
US,2024-03-09,2024-03-09,1,0.15,6512.705989700511,9421.0,mist+ACI
US,2024-03-09,2024-03-09,1,0.2,6524.366596661061,9421.0,mist+ACI
US,2024-03-09,2024-03-09,1,0.25,6526.987367078137,9421.0,mist+ACI
US,2024-03-09,2024-03-09,1,0.3,6527.6721447808695,9421.0,mist+ACI
US,2024-03-09,2024-03-09,1,0.35,6527.810225216155,9421.0,mist+ACI
US,2024-03-09,2024-03-09,1,0.4,6527.843045288807,9421.0,mist+ACI
US,2024-03-09,2024-03-09,1,0.45,6527.844052077858,9421.0,mist+ACI
US,2024-03-09,2024-03-09,1,0.5,6527.84423828125,9421.0,mist+ACI
US,2024-03-09,2024-03-09,1,0.55,12497.304892737571,9421.0,mist+ACI
US,2024-03-09,2024-03-09,1,0.6,13451.92235259193,9421.0,mist+ACI
US,2024-03-09,2024-03-09,1,0.65,14755.396687230825,9421.0,mist+ACI
US,2024-03-09,2024-03-09,1,0.7,15088.861225762048,9421.0,mist+ACI
US,2024-03-09,2024-03-09,1,0.75,15265.001957093324,9421.0,mist+ACI
US,2024-03-09,2024-03-09,1,0.8,20428.307547543274,9421.0,mist+ACI
US,2024-03-09,2024-03-09,1,0.85,21016.16237476834,9421.0,mist+ACI
US,2024-03-09,2024-03-09,1,0.9,21566.337347042667,9421.0,mist+ACI
US,2024-03-09,2024-03-09,1,0.95,28098.325143321756,9421.0,mist+ACI
US,2024-03-09,2024-03-09,1,0.975,35220.41163511736,9421.0,mist+ACI
US,2024-03-09,2024-03-09,1,0.99,42181.444468329755,9421.0,mist+ACI
US,2024-03-09,2024-03-16,2,0.01,3552.227846111582,7326.0,mist+ACI
US,2024-03-09,2024-03-16,2,0.025,4986.204551115003,7326.0,mist+ACI
US,2024-03-09,2024-03-16,2,0.05,5905.069727533582,7326.0,mist+ACI
US,2024-03-09,2024-03-16,2,0.1,6322.3988165144,7326.0,mist+ACI
US,2024-03-09,2024-03-16,2,0.15,6390.243353067682,7326.0,mist+ACI
US,2024-03-09,2024-03-16,2,0.2,6405.193484481543,7326.0,mist+ACI
US,2024-03-09,2024-03-16,2,0.25,6409.31874053579,7326.0,mist+ACI
US,2024-03-09,2024-03-16,2,0.3,6410.141896807388,7326.0,mist+ACI
US,2024-03-09,2024-03-16,2,0.35,6410.322565694934,7326.0,mist+ACI
US,2024-03-09,2024-03-16,2,0.4,6410.35407446204,7326.0,mist+ACI
US,2024-03-09,2024-03-16,2,0.45,6410.362733136289,7326.0,mist+ACI
US,2024-03-09,2024-03-16,2,0.5,6410.36279296875,7326.0,mist+ACI
US,2024-03-09,2024-03-16,2,0.55,9798.429569535652,7326.0,mist+ACI
US,2024-03-09,2024-03-16,2,0.6,9885.95200558988,7326.0,mist+ACI
US,2024-03-09,2024-03-16,2,0.65,9915.600376301214,7326.0,mist+ACI
US,2024-03-09,2024-03-16,2,0.7,16065.510934537804,7326.0,mist+ACI
US,2024-03-09,2024-03-16,2,0.75,16330.04429800188,7326.0,mist+ACI
US,2024-03-09,2024-03-16,2,0.8,16481.439561114563,7326.0,mist+ACI
US,2024-03-09,2024-03-16,2,0.85,17177.562427548553,7326.0,mist+ACI
US,2024-03-09,2024-03-16,2,0.9,17588.094440956753,7326.0,mist+ACI
US,2024-03-09,2024-03-16,2,0.95,17665.17514341954,7326.0,mist+ACI
US,2024-03-09,2024-03-16,2,0.975,22939.34311352073,7326.0,mist+ACI
US,2024-03-09,2024-03-16,2,0.99,35543.22982758342,7326.0,mist+ACI
US,2024-03-09,2024-03-23,3,0.01,3501.958577882963,6043.0,mist+ACI
US,2024-03-09,2024-03-23,3,0.025,4853.170512135909,6043.0,mist+ACI
US,2024-03-09,2024-03-23,3,0.05,5607.142872719009,6043.0,mist+ACI
US,2024-03-09,2024-03-23,3,0.1,6113.670427002464,6043.0,mist+ACI
US,2024-03-09,2024-03-23,3,0.15,6207.8374325968925,6043.0,mist+ACI
US,2024-03-09,2024-03-23,3,0.2,6226.729808998931,6043.0,mist+ACI
US,2024-03-09,2024-03-23,3,0.25,6230.057919825424,6043.0,mist+ACI
US,2024-03-09,2024-03-23,3,0.3,6230.863083442585,6043.0,mist+ACI
US,2024-03-09,2024-03-23,3,0.35,6231.003064892563,6043.0,mist+ACI
US,2024-03-09,2024-03-23,3,0.4,6231.036930425228,6043.0,mist+ACI
US,2024-03-09,2024-03-23,3,0.45,6231.040581407779,6043.0,mist+ACI
US,2024-03-09,2024-03-23,3,0.5,6231.041015625,6043.0,mist+ACI
US,2024-03-09,2024-03-23,3,0.55,8596.155483009117,6043.0,mist+ACI
US,2024-03-09,2024-03-23,3,0.6,11009.053760729475,6043.0,mist+ACI
US,2024-03-09,2024-03-23,3,0.65,11403.86029901338,6043.0,mist+ACI
US,2024-03-09,2024-03-23,3,0.7,12009.14163022005,6043.0,mist+ACI
US,2024-03-09,2024-03-23,3,0.75,12909.15773011106,6043.0,mist+ACI
US,2024-03-09,2024-03-23,3,0.8,12990.047326001823,6043.0,mist+ACI
US,2024-03-09,2024-03-23,3,0.85,15549.528590020276,6043.0,mist+ACI
US,2024-03-09,2024-03-23,3,0.9,16048.850828716466,6043.0,mist+ACI
US,2024-03-09,2024-03-23,3,0.95,17734.690528998144,6043.0,mist+ACI
US,2024-03-09,2024-03-23,3,0.975,20496.035151719283,6043.0,mist+ACI
US,2024-03-09,2024-03-23,3,0.99,37193.13490860188,6043.0,mist+ACI
US,2024-03-09,2024-03-30,4,0.01,2950.410563401729,5581.0,mist+ACI
US,2024-03-09,2024-03-30,4,0.025,4378.234545553435,5581.0,mist+ACI
US,2024-03-09,2024-03-30,4,0.05,5505.995743054866,5581.0,mist+ACI
US,2024-03-09,2024-03-30,4,0.1,5884.8983345991355,5581.0,mist+ACI
US,2024-03-09,2024-03-30,4,0.15,5959.881968552038,5581.0,mist+ACI
US,2024-03-09,2024-03-30,4,0.2,5982.145288983929,5581.0,mist+ACI
US,2024-03-09,2024-03-30,4,0.25,5984.852100331836,5581.0,mist+ACI
US,2024-03-09,2024-03-30,4,0.3,5985.446694801521,5581.0,mist+ACI
US,2024-03-09,2024-03-30,4,0.35,5985.5713189698345,5581.0,mist+ACI
US,2024-03-09,2024-03-30,4,0.4,5985.604967155488,5581.0,mist+ACI
US,2024-03-09,2024-03-30,4,0.45,5985.612178043551,5581.0,mist+ACI
US,2024-03-09,2024-03-30,4,0.5,5985.61376953125,5581.0,mist+ACI
US,2024-03-09,2024-03-30,4,0.55,8129.20332466372,5581.0,mist+ACI
US,2024-03-09,2024-03-30,4,0.6,8318.213854915704,5581.0,mist+ACI
US,2024-03-09,2024-03-30,4,0.65,9544.646489686113,5581.0,mist+ACI
US,2024-03-09,2024-03-30,4,0.7,11370.784066532346,5581.0,mist+ACI
US,2024-03-09,2024-03-30,4,0.75,12068.013590690769,5581.0,mist+ACI
US,2024-03-09,2024-03-30,4,0.8,12428.059924196801,5581.0,mist+ACI
US,2024-03-09,2024-03-30,4,0.85,16920.648911969125,5581.0,mist+ACI
US,2024-03-09,2024-03-30,4,0.9,17468.586093272956,5581.0,mist+ACI
US,2024-03-09,2024-03-30,4,0.95,24052.087092530255,5581.0,mist+ACI
US,2024-03-09,2024-03-30,4,0.975,26162.871458055455,5581.0,mist+ACI
US,2024-03-09,2024-03-30,4,0.99,43907.21521649335,5581.0,mist+ACI
US,2024-03-16,2024-03-16,1,0.01,5773.969150327166,7326.0,mist+ACI
US,2024-03-16,2024-03-16,1,0.025,6519.644158307702,7326.0,mist+ACI
US,2024-03-16,2024-03-16,1,0.05,7090.101719093892,7326.0,mist+ACI
US,2024-03-16,2024-03-16,1,0.1,7396.46734395185,7326.0,mist+ACI
US,2024-03-16,2024-03-16,1,0.15,7435.656768014746,7326.0,mist+ACI
US,2024-03-16,2024-03-16,1,0.2,7443.451815824471,7326.0,mist+ACI
US,2024-03-16,2024-03-16,1,0.25,7445.383128201517,7326.0,mist+ACI
US,2024-03-16,2024-03-16,1,0.3,7445.720400197531,7326.0,mist+ACI
US,2024-03-16,2024-03-16,1,0.35,7445.797709301431,7326.0,mist+ACI
US,2024-03-16,2024-03-16,1,0.4,7445.807952144946,7326.0,mist+ACI
US,2024-03-16,2024-03-16,1,0.45,7445.810301279659,7326.0,mist+ACI
US,2024-03-16,2024-03-16,1,0.5,7445.81103515625,7326.0,mist+ACI
US,2024-03-16,2024-03-16,1,0.55,8651.764531590225,7326.0,mist+ACI
US,2024-03-16,2024-03-16,1,0.6,9859.66800088688,7326.0,mist+ACI
US,2024-03-16,2024-03-16,1,0.65,11182.138488243907,7326.0,mist+ACI
US,2024-03-16,2024-03-16,1,0.7,12050.682755532696,7326.0,mist+ACI
US,2024-03-16,2024-03-16,1,0.75,12257.73816607652,7326.0,mist+ACI
US,2024-03-16,2024-03-16,1,0.8,12344.942558581024,7326.0,mist+ACI
US,2024-03-16,2024-03-16,1,0.85,15830.75028370199,7326.0,mist+ACI
US,2024-03-16,2024-03-16,1,0.9,16041.48468946465,7326.0,mist+ACI
US,2024-03-16,2024-03-16,1,0.95,17894.271370031856,7326.0,mist+ACI
US,2024-03-16,2024-03-16,1,0.975,21663.280383675396,7326.0,mist+ACI
US,2024-03-16,2024-03-16,1,0.99,37270.35122517489,7326.0,mist+ACI
US,2024-03-16,2024-03-23,2,0.01,4880.143925514329,6043.0,mist+ACI
US,2024-03-16,2024-03-23,2,0.025,6192.666652250485,6043.0,mist+ACI
US,2024-03-16,2024-03-23,2,0.05,6936.633786145625,6043.0,mist+ACI
US,2024-03-16,2024-03-23,2,0.1,7265.699725573354,6043.0,mist+ACI
US,2024-03-16,2024-03-23,2,0.15,7318.056665034461,6043.0,mist+ACI
US,2024-03-16,2024-03-23,2,0.2,7328.8652071185115,6043.0,mist+ACI
US,2024-03-16,2024-03-23,2,0.25,7331.49146281592,6043.0,mist+ACI
US,2024-03-16,2024-03-23,2,0.3,7331.818397683214,6043.0,mist+ACI
US,2024-03-16,2024-03-23,2,0.35,7331.893455207073,6043.0,mist+ACI
US,2024-03-16,2024-03-23,2,0.4,7331.908460939488,6043.0,mist+ACI
US,2024-03-16,2024-03-23,2,0.45,7331.912213455976,6043.0,mist+ACI
US,2024-03-16,2024-03-23,2,0.5,7331.9130859375,6043.0,mist+ACI
US,2024-03-16,2024-03-23,2,0.55,8433.277979385262,6043.0,mist+ACI
US,2024-03-16,2024-03-23,2,0.6,9272.586618631058,6043.0,mist+ACI
US,2024-03-16,2024-03-23,2,0.65,9298.758144682732,6043.0,mist+ACI
US,2024-03-16,2024-03-23,2,0.7,9397.897824611608,6043.0,mist+ACI
US,2024-03-16,2024-03-23,2,0.75,12584.767626985831,6043.0,mist+ACI
US,2024-03-16,2024-03-23,2,0.8,12877.564084381997,6043.0,mist+ACI
US,2024-03-16,2024-03-23,2,0.85,12914.00920915035,6043.0,mist+ACI
US,2024-03-16,2024-03-23,2,0.9,13178.817513030543,6043.0,mist+ACI
US,2024-03-16,2024-03-23,2,0.95,15334.368691485031,6043.0,mist+ACI
US,2024-03-16,2024-03-23,2,0.975,17645.91440724964,6043.0,mist+ACI
US,2024-03-16,2024-03-23,2,0.99,29833.65507595835,6043.0,mist+ACI
US,2024-03-16,2024-03-30,3,0.01,4851.031049981988,5581.0,mist+ACI
US,2024-03-16,2024-03-30,3,0.025,6101.923998173032,5581.0,mist+ACI
US,2024-03-16,2024-03-30,3,0.05,6714.298940056512,5581.0,mist+ACI
US,2024-03-16,2024-03-30,3,0.1,7059.950476495502,5581.0,mist+ACI
US,2024-03-16,2024-03-30,3,0.15,7107.693759639828,5581.0,mist+ACI
US,2024-03-16,2024-03-30,3,0.2,7117.6152362547755,5581.0,mist+ACI
US,2024-03-16,2024-03-30,3,0.25,7119.172221947536,5581.0,mist+ACI
US,2024-03-16,2024-03-30,3,0.3,7119.542347238012,5581.0,mist+ACI
US,2024-03-16,2024-03-30,3,0.35,7119.614579076229,5581.0,mist+ACI
US,2024-03-16,2024-03-30,3,0.4,7119.620610746409,5581.0,mist+ACI
US,2024-03-16,2024-03-30,3,0.45,7119.621568252665,5581.0,mist+ACI
US,2024-03-16,2024-03-30,3,0.5,7119.62158203125,5581.0,mist+ACI
US,2024-03-16,2024-03-30,3,0.55,8336.47659630749,5581.0,mist+ACI
US,2024-03-16,2024-03-30,3,0.6,8555.17267676853,5581.0,mist+ACI
US,2024-03-16,2024-03-30,3,0.65,8603.300070751142,5581.0,mist+ACI
US,2024-03-16,2024-03-30,3,0.7,8679.014341978944,5581.0,mist+ACI
US,2024-03-16,2024-03-30,3,0.75,9106.048434202588,5581.0,mist+ACI
US,2024-03-16,2024-03-30,3,0.8,9259.368302118753,5581.0,mist+ACI
US,2024-03-16,2024-03-30,3,0.85,10448.02834584823,5581.0,mist+ACI
US,2024-03-16,2024-03-30,3,0.9,12847.266069880876,5581.0,mist+ACI
US,2024-03-16,2024-03-30,3,0.95,14486.184792413169,5581.0,mist+ACI
US,2024-03-16,2024-03-30,3,0.975,15171.564454128245,5581.0,mist+ACI
US,2024-03-16,2024-03-30,3,0.99,32034.604380750083,5581.0,mist+ACI
US,2024-03-16,2024-04-06,4,0.01,4862.287890648579,5074.0,mist+ACI
US,2024-03-16,2024-04-06,4,0.025,5682.648381266023,5074.0,mist+ACI
US,2024-03-16,2024-04-06,4,0.05,6568.682093387036,5074.0,mist+ACI
US,2024-03-16,2024-04-06,4,0.1,6784.103695870461,5074.0,mist+ACI
US,2024-03-16,2024-04-06,4,0.15,6837.256043658056,5074.0,mist+ACI
US,2024-03-16,2024-04-06,4,0.2,6850.525844531246,5074.0,mist+ACI
US,2024-03-16,2024-04-06,4,0.25,6851.759655337427,5074.0,mist+ACI
US,2024-03-16,2024-04-06,4,0.3,6851.947641496169,5074.0,mist+ACI
US,2024-03-16,2024-04-06,4,0.35,6851.992675523313,5074.0,mist+ACI
US,2024-03-16,2024-04-06,4,0.4,6852.00443122212,5074.0,mist+ACI
US,2024-03-16,2024-04-06,4,0.45,6852.0059196734355,5074.0,mist+ACI
US,2024-03-16,2024-04-06,4,0.5,6852.00634765625,5074.0,mist+ACI
US,2024-03-16,2024-04-06,4,0.55,7768.513448204328,5074.0,mist+ACI
US,2024-03-16,2024-04-06,4,0.6,8248.94427639294,5074.0,mist+ACI
US,2024-03-16,2024-04-06,4,0.65,8253.187350938473,5074.0,mist+ACI
US,2024-03-16,2024-04-06,4,0.7,8355.56250893124,5074.0,mist+ACI
US,2024-03-16,2024-04-06,4,0.75,8619.539960492175,5074.0,mist+ACI
US,2024-03-16,2024-04-06,4,0.8,10019.947960551599,5074.0,mist+ACI
US,2024-03-16,2024-04-06,4,0.85,11363.363357572009,5074.0,mist+ACI
US,2024-03-16,2024-04-06,4,0.9,11429.172980573647,5074.0,mist+ACI
US,2024-03-16,2024-04-06,4,0.95,14662.355528594395,5074.0,mist+ACI
US,2024-03-16,2024-04-06,4,0.975,21758.50567343947,5074.0,mist+ACI
US,2024-03-16,2024-04-06,4,0.99,34677.958866229375,5074.0,mist+ACI
US,2024-03-23,2024-03-23,1,0.01,6085.702437225248,6043.0,mist+ACI
US,2024-03-23,2024-03-23,1,0.025,6682.706105770514,6043.0,mist+ACI
US,2024-03-23,2024-03-23,1,0.05,7284.085490307022,6043.0,mist+ACI
US,2024-03-23,2024-03-23,1,0.1,7384.945661257515,6043.0,mist+ACI
US,2024-03-23,2024-03-23,1,0.15,7544.540736863793,6043.0,mist+ACI
US,2024-03-23,2024-03-23,1,0.2,7572.278305166507,6043.0,mist+ACI
US,2024-03-23,2024-03-23,1,0.25,7577.34798780568,6043.0,mist+ACI
US,2024-03-23,2024-03-23,1,0.3,7578.286124955197,6043.0,mist+ACI
US,2024-03-23,2024-03-23,1,0.35,7578.450263300768,6043.0,mist+ACI
US,2024-03-23,2024-03-23,1,0.4,7578.4675247154355,6043.0,mist+ACI
US,2024-03-23,2024-03-23,1,0.45,7578.468929813589,6043.0,mist+ACI
US,2024-03-23,2024-03-23,1,0.5,7578.46923828125,6043.0,mist+ACI
US,2024-03-23,2024-03-23,1,0.55,9089.630018386899,6043.0,mist+ACI
US,2024-03-23,2024-03-23,1,0.6,9904.301741431107,6043.0,mist+ACI
US,2024-03-23,2024-03-23,1,0.65,10756.015237372572,6043.0,mist+ACI
US,2024-03-23,2024-03-23,1,0.7,11334.5557791986,6043.0,mist+ACI
US,2024-03-23,2024-03-23,1,0.75,12456.391704566051,6043.0,mist+ACI
US,2024-03-23,2024-03-23,1,0.8,13175.959235651371,6043.0,mist+ACI
US,2024-03-23,2024-03-23,1,0.85,15171.376184799525,6043.0,mist+ACI
US,2024-03-23,2024-03-23,1,0.9,16649.882783114386,6043.0,mist+ACI
US,2024-03-23,2024-03-23,1,0.95,18304.893812200506,6043.0,mist+ACI
US,2024-03-23,2024-03-23,1,0.975,22838.714620746243,6043.0,mist+ACI
US,2024-03-23,2024-03-23,1,0.99,37245.4566800866,6043.0,mist+ACI
US,2024-03-23,2024-03-30,2,0.01,5231.301161862677,5581.0,mist+ACI
US,2024-03-23,2024-03-30,2,0.025,6562.913824035404,5581.0,mist+ACI
US,2024-03-23,2024-03-30,2,0.05,7210.568317573145,5581.0,mist+ACI
US,2024-03-23,2024-03-30,2,0.1,7300.7780545366695,5581.0,mist+ACI
US,2024-03-23,2024-03-30,2,0.15,7522.458822834751,5581.0,mist+ACI
US,2024-03-23,2024-03-30,2,0.2,7556.081514396312,5581.0,mist+ACI
US,2024-03-23,2024-03-30,2,0.25,7564.304176508048,5581.0,mist+ACI
US,2024-03-23,2024-03-30,2,0.3,7565.196609932546,5581.0,mist+ACI
US,2024-03-23,2024-03-30,2,0.35,7565.410406386844,5581.0,mist+ACI
US,2024-03-23,2024-03-30,2,0.4,7565.442219651617,5581.0,mist+ACI
US,2024-03-23,2024-03-30,2,0.45,7565.449625771565,5581.0,mist+ACI
US,2024-03-23,2024-03-30,2,0.5,7565.451171875,5581.0,mist+ACI
US,2024-03-23,2024-03-30,2,0.55,8314.23462528111,5581.0,mist+ACI
US,2024-03-23,2024-03-30,2,0.6,9208.530732365023,5581.0,mist+ACI
US,2024-03-23,2024-03-30,2,0.65,9740.553979442588,5581.0,mist+ACI
US,2024-03-23,2024-03-30,2,0.7,9915.784158829296,5581.0,mist+ACI
US,2024-03-23,2024-03-30,2,0.75,11334.394120647932,5581.0,mist+ACI
US,2024-03-23,2024-03-30,2,0.8,12778.110732224382,5581.0,mist+ACI
US,2024-03-23,2024-03-30,2,0.85,12815.347266023622,5581.0,mist+ACI
US,2024-03-23,2024-03-30,2,0.9,14071.541953862088,5581.0,mist+ACI
US,2024-03-23,2024-03-30,2,0.95,15904.392797859813,5581.0,mist+ACI
US,2024-03-23,2024-03-30,2,0.975,18682.792978838053,5581.0,mist+ACI
US,2024-03-23,2024-03-30,2,0.99,30369.709921009508,5581.0,mist+ACI
US,2024-03-23,2024-04-06,3,0.01,5143.8933770943195,5074.0,mist+ACI
US,2024-03-23,2024-04-06,3,0.025,6462.337379503559,5074.0,mist+ACI
US,2024-03-23,2024-04-06,3,0.05,7000.914584156242,5074.0,mist+ACI
US,2024-03-23,2024-04-06,3,0.1,7163.119424507073,5074.0,mist+ACI
US,2024-03-23,2024-04-06,3,0.15,7358.947665866593,5074.0,mist+ACI
US,2024-03-23,2024-04-06,3,0.2,7395.72270043612,5074.0,mist+ACI
US,2024-03-23,2024-04-06,3,0.25,7400.978350779391,5074.0,mist+ACI
US,2024-03-23,2024-04-06,3,0.3,7401.88219969169,5074.0,mist+ACI
US,2024-03-23,2024-04-06,3,0.35,7402.089591609116,5074.0,mist+ACI
US,2024-03-23,2024-04-06,3,0.4,7402.110324456379,5074.0,mist+ACI
US,2024-03-23,2024-04-06,3,0.45,7402.111326888958,5074.0,mist+ACI
US,2024-03-23,2024-04-06,3,0.5,7402.111328125,5074.0,mist+ACI
US,2024-03-23,2024-04-06,3,0.55,8159.0025246979085,5074.0,mist+ACI
US,2024-03-23,2024-04-06,3,0.6,8718.867903181032,5074.0,mist+ACI
US,2024-03-23,2024-04-06,3,0.65,9011.643870329724,5074.0,mist+ACI
US,2024-03-23,2024-04-06,3,0.7,9204.6387942459,5074.0,mist+ACI
US,2024-03-23,2024-04-06,3,0.75,9731.709967309274,5074.0,mist+ACI
US,2024-03-23,2024-04-06,3,0.8,10806.628181067108,5074.0,mist+ACI
US,2024-03-23,2024-04-06,3,0.85,10810.61968539537,5074.0,mist+ACI
US,2024-03-23,2024-04-06,3,0.9,11941.580924934362,5074.0,mist+ACI
US,2024-03-23,2024-04-06,3,0.95,15285.27773568947,5074.0,mist+ACI
US,2024-03-23,2024-04-06,3,0.975,16153.681517083347,5074.0,mist+ACI
US,2024-03-23,2024-04-06,3,0.99,32812.2760277075,5074.0,mist+ACI
US,2024-03-23,2024-04-13,4,0.01,5201.584115443458,4077.0,mist+ACI
US,2024-03-23,2024-04-13,4,0.025,6042.573580094383,4077.0,mist+ACI
US,2024-03-23,2024-04-13,4,0.05,6922.571866714485,4077.0,mist+ACI
US,2024-03-23,2024-04-13,4,0.1,6940.77865587101,4077.0,mist+ACI
US,2024-03-23,2024-04-13,4,0.15,7195.482207179258,4077.0,mist+ACI
US,2024-03-23,2024-04-13,4,0.2,7243.295986893185,4077.0,mist+ACI
US,2024-03-23,2024-04-13,4,0.25,7247.546784493986,4077.0,mist+ACI
US,2024-03-23,2024-04-13,4,0.3,7248.462994433623,4077.0,mist+ACI
US,2024-03-23,2024-04-13,4,0.35,7248.627882808814,4077.0,mist+ACI
US,2024-03-23,2024-04-13,4,0.4,7248.655941210418,4077.0,mist+ACI
US,2024-03-23,2024-04-13,4,0.45,7248.661733949773,4077.0,mist+ACI
US,2024-03-23,2024-04-13,4,0.5,7248.6630859375,4077.0,mist+ACI
US,2024-03-23,2024-04-13,4,0.55,7769.80386979723,4077.0,mist+ACI
US,2024-03-23,2024-04-13,4,0.6,7882.583422902385,4077.0,mist+ACI
US,2024-03-23,2024-04-13,4,0.65,8634.581664444722,4077.0,mist+ACI
US,2024-03-23,2024-04-13,4,0.7,9067.824008417598,4077.0,mist+ACI
US,2024-03-23,2024-04-13,4,0.75,9105.255303118836,4077.0,mist+ACI
US,2024-03-23,2024-04-13,4,0.8,10645.509860661085,4077.0,mist+ACI
US,2024-03-23,2024-04-13,4,0.85,11334.265378086502,4077.0,mist+ACI
US,2024-03-23,2024-04-13,4,0.9,12358.987828081175,4077.0,mist+ACI
US,2024-03-23,2024-04-13,4,0.95,17071.52327538699,4077.0,mist+ACI
US,2024-03-23,2024-04-13,4,0.975,22421.23735050862,4077.0,mist+ACI
US,2024-03-23,2024-04-13,4,0.99,36216.34927974062,4077.0,mist+ACI
US,2024-03-30,2024-03-30,1,0.01,0.0,5581.0,mist+ACI
US,2024-03-30,2024-03-30,1,0.025,1084.189065585565,5581.0,mist+ACI
US,2024-03-30,2024-03-30,1,0.05,5428.870944780259,5581.0,mist+ACI
US,2024-03-30,2024-03-30,1,0.1,6280.253824355117,5581.0,mist+ACI
US,2024-03-30,2024-03-30,1,0.15,8114.756384077869,5581.0,mist+ACI
US,2024-03-30,2024-03-30,1,0.2,8395.678163191658,5581.0,mist+ACI
US,2024-03-30,2024-03-30,1,0.25,8456.947582683833,5581.0,mist+ACI
US,2024-03-30,2024-03-30,1,0.3,8465.182727755431,5581.0,mist+ACI
US,2024-03-30,2024-03-30,1,0.35,8466.85003284363,5581.0,mist+ACI
US,2024-03-30,2024-03-30,1,0.4,8467.177017871329,5581.0,mist+ACI
US,2024-03-30,2024-03-30,1,0.45,8467.236365675588,5581.0,mist+ACI
US,2024-03-30,2024-03-30,1,0.5,8467.2421875,5581.0,mist+ACI
US,2024-03-30,2024-03-30,1,0.55,8988.972650743954,5581.0,mist+ACI
US,2024-03-30,2024-03-30,1,0.6,9265.40741663206,5581.0,mist+ACI
US,2024-03-30,2024-03-30,1,0.65,9504.816864393524,5581.0,mist+ACI
US,2024-03-30,2024-03-30,1,0.7,10502.540010817327,5581.0,mist+ACI
US,2024-03-30,2024-03-30,1,0.75,12040.925417340884,5581.0,mist+ACI
US,2024-03-30,2024-03-30,1,0.8,14119.170603362883,5581.0,mist+ACI
US,2024-03-30,2024-03-30,1,0.85,17347.167657711005,5581.0,mist+ACI
US,2024-03-30,2024-03-30,1,0.9,22687.181830325797,5581.0,mist+ACI
US,2024-03-30,2024-03-30,1,0.95,23036.118963523364,5581.0,mist+ACI
US,2024-03-30,2024-03-30,1,0.975,31087.795733674746,5581.0,mist+ACI
US,2024-03-30,2024-03-30,1,0.99,42480.7625634556,5581.0,mist+ACI
US,2024-03-30,2024-04-06,2,0.01,0.0,5074.0,mist+ACI
US,2024-03-30,2024-04-06,2,0.025,476.81169239822066,5074.0,mist+ACI
US,2024-03-30,2024-04-06,2,0.05,5320.9145502331885,5074.0,mist+ACI
US,2024-03-30,2024-04-06,2,0.1,6043.004826595989,5074.0,mist+ACI
US,2024-03-30,2024-04-06,2,0.15,7528.0533470574455,5074.0,mist+ACI
US,2024-03-30,2024-04-06,2,0.2,7755.146656205799,5074.0,mist+ACI
US,2024-03-30,2024-04-06,2,0.25,7799.255475464261,5074.0,mist+ACI
US,2024-03-30,2024-04-06,2,0.3,7806.187340191531,5074.0,mist+ACI
US,2024-03-30,2024-04-06,2,0.35,7807.45560366275,5074.0,mist+ACI
US,2024-03-30,2024-04-06,2,0.4,7807.6505103658865,5074.0,mist+ACI
US,2024-03-30,2024-04-06,2,0.45,7807.661248492037,5074.0,mist+ACI
US,2024-03-30,2024-04-06,2,0.5,7807.662109375,5074.0,mist+ACI
US,2024-03-30,2024-04-06,2,0.55,9234.279952969293,5074.0,mist+ACI
US,2024-03-30,2024-04-06,2,0.6,9242.228633694653,5074.0,mist+ACI
US,2024-03-30,2024-04-06,2,0.65,9537.929302021637,5074.0,mist+ACI
US,2024-03-30,2024-04-06,2,0.7,10742.450272901426,5074.0,mist+ACI
US,2024-03-30,2024-04-06,2,0.75,12041.883403949878,5074.0,mist+ACI
US,2024-03-30,2024-04-06,2,0.8,13741.476233502255,5074.0,mist+ACI
US,2024-03-30,2024-04-06,2,0.85,17457.15866025846,5074.0,mist+ACI
US,2024-03-30,2024-04-06,2,0.9,22418.817988647825,5074.0,mist+ACI
US,2024-03-30,2024-04-06,2,0.95,22627.864629192958,5074.0,mist+ACI
US,2024-03-30,2024-04-06,2,0.975,29472.85036638336,5074.0,mist+ACI
US,2024-03-30,2024-04-06,2,0.99,43778.77798082075,5074.0,mist+ACI
US,2024-03-30,2024-04-13,3,0.01,0.0,4077.0,mist+ACI
US,2024-03-30,2024-04-13,3,0.025,0.0,4077.0,mist+ACI
US,2024-03-30,2024-04-13,3,0.05,4870.84144053436,4077.0,mist+ACI
US,2024-03-30,2024-04-13,3,0.1,5582.397429247638,4077.0,mist+ACI
US,2024-03-30,2024-04-13,3,0.15,7430.653899474162,4077.0,mist+ACI
US,2024-03-30,2024-04-13,3,0.2,7716.143741427397,4077.0,mist+ACI
US,2024-03-30,2024-04-13,3,0.25,7763.007066329249,4077.0,mist+ACI
US,2024-03-30,2024-04-13,3,0.3,7768.529049317168,4077.0,mist+ACI
US,2024-03-30,2024-04-13,3,0.35,7769.5715340127435,4077.0,mist+ACI
US,2024-03-30,2024-04-13,3,0.4,7769.783568103878,4077.0,mist+ACI
US,2024-03-30,2024-04-13,3,0.45,7769.8105579015855,4077.0,mist+ACI
US,2024-03-30,2024-04-13,3,0.5,7769.8115234375,4077.0,mist+ACI
US,2024-03-30,2024-04-13,3,0.55,8405.733256311272,4077.0,mist+ACI
US,2024-03-30,2024-04-13,3,0.6,9880.01167935269,4077.0,mist+ACI
US,2024-03-30,2024-04-13,3,0.65,10516.324959887745,4077.0,mist+ACI
US,2024-03-30,2024-04-13,3,0.7,11229.64005708455,4077.0,mist+ACI
US,2024-03-30,2024-04-13,3,0.75,14191.134173933238,4077.0,mist+ACI
US,2024-03-30,2024-04-13,3,0.8,14713.926851788103,4077.0,mist+ACI
US,2024-03-30,2024-04-13,3,0.85,19949.25426102941,4077.0,mist+ACI
US,2024-03-30,2024-04-13,3,0.9,25122.43828706568,4077.0,mist+ACI
US,2024-03-30,2024-04-13,3,0.95,28186.321045581775,4077.0,mist+ACI
US,2024-03-30,2024-04-13,3,0.975,31329.127350263952,4077.0,mist+ACI
US,2024-03-30,2024-04-13,3,0.99,46707.79487929387,4077.0,mist+ACI
US,2024-03-30,2024-04-20,4,0.01,0.0,2943.0,mist+ACI
US,2024-03-30,2024-04-20,4,0.025,0.0,2943.0,mist+ACI
US,2024-03-30,2024-04-20,4,0.05,4441.084214036276,2943.0,mist+ACI
US,2024-03-30,2024-04-20,4,0.1,6054.558170572152,2943.0,mist+ACI
US,2024-03-30,2024-04-20,4,0.15,7811.01265488895,2943.0,mist+ACI
US,2024-03-30,2024-04-20,4,0.2,8119.673172405784,2943.0,mist+ACI
US,2024-03-30,2024-04-20,4,0.25,8184.808164999629,2943.0,mist+ACI
US,2024-03-30,2024-04-20,4,0.3,8195.775329589951,2943.0,mist+ACI
US,2024-03-30,2024-04-20,4,0.35,8197.467661672177,2943.0,mist+ACI
US,2024-03-30,2024-04-20,4,0.4,8197.77843231393,2943.0,mist+ACI
US,2024-03-30,2024-04-20,4,0.45,8197.835230830842,2943.0,mist+ACI
US,2024-03-30,2024-04-20,4,0.5,8197.84375,2943.0,mist+ACI
US,2024-03-30,2024-04-20,4,0.55,8593.40853988087,2943.0,mist+ACI
US,2024-03-30,2024-04-20,4,0.6,9553.099475984456,2943.0,mist+ACI
US,2024-03-30,2024-04-20,4,0.65,9888.012038580524,2943.0,mist+ACI
US,2024-03-30,2024-04-20,4,0.7,11925.766841860031,2943.0,mist+ACI
US,2024-03-30,2024-04-20,4,0.75,12234.455898410013,2943.0,mist+ACI
US,2024-03-30,2024-04-20,4,0.8,17434.45442127664,2943.0,mist+ACI
US,2024-03-30,2024-04-20,4,0.85,18973.904321341528,2943.0,mist+ACI
US,2024-03-30,2024-04-20,4,0.9,28372.92137791781,2943.0,mist+ACI
US,2024-03-30,2024-04-20,4,0.95,34538.34635739447,2943.0,mist+ACI
US,2024-03-30,2024-04-20,4,0.975,41228.05323162401,2943.0,mist+ACI
US,2024-03-30,2024-04-20,4,0.99,60368.86947803277,2943.0,mist+ACI
US,2024-04-06,2024-04-06,1,0.01,0.0,5074.0,mist+ACI
US,2024-04-06,2024-04-06,1,0.025,1155.241064400856,5074.0,mist+ACI
US,2024-04-06,2024-04-06,1,0.05,2476.499222167391,5074.0,mist+ACI
US,2024-04-06,2024-04-06,1,0.1,4882.22140378258,5074.0,mist+ACI
US,2024-04-06,2024-04-06,1,0.15,6184.5809956764115,5074.0,mist+ACI
US,2024-04-06,2024-04-06,1,0.2,6713.226906026257,5074.0,mist+ACI
US,2024-04-06,2024-04-06,1,0.25,6807.843339793693,5074.0,mist+ACI
US,2024-04-06,2024-04-06,1,0.3,6820.4272895401455,5074.0,mist+ACI
US,2024-04-06,2024-04-06,1,0.35,6822.923860918256,5074.0,mist+ACI
US,2024-04-06,2024-04-06,1,0.4,6823.349941524306,5074.0,mist+ACI
US,2024-04-06,2024-04-06,1,0.45,6823.400797583504,5074.0,mist+ACI
US,2024-04-06,2024-04-06,1,0.5,6823.40283203125,5074.0,mist+ACI
US,2024-04-06,2024-04-06,1,0.55,7394.994216636147,5074.0,mist+ACI
US,2024-04-06,2024-04-06,1,0.6,7738.86295255225,5074.0,mist+ACI
US,2024-04-06,2024-04-06,1,0.65,8208.35636306576,5074.0,mist+ACI
US,2024-04-06,2024-04-06,1,0.7,8297.567976306698,5074.0,mist+ACI
US,2024-04-06,2024-04-06,1,0.75,8880.737146515556,5074.0,mist+ACI
US,2024-04-06,2024-04-06,1,0.8,9563.75258443801,5074.0,mist+ACI
US,2024-04-06,2024-04-06,1,0.85,13563.729733629749,5074.0,mist+ACI
US,2024-04-06,2024-04-06,1,0.9,15945.90555904976,5074.0,mist+ACI
US,2024-04-06,2024-04-06,1,0.95,19797.23406600451,5074.0,mist+ACI
US,2024-04-06,2024-04-06,1,0.975,24349.259747635133,5074.0,mist+ACI
US,2024-04-06,2024-04-06,1,0.99,41573.15193826169,5074.0,mist+ACI
US,2024-04-06,2024-04-13,2,0.01,0.0,4077.0,mist+ACI
US,2024-04-06,2024-04-13,2,0.025,1325.093845510005,4077.0,mist+ACI
US,2024-04-06,2024-04-13,2,0.05,1924.1823647488964,4077.0,mist+ACI
US,2024-04-06,2024-04-13,2,0.1,4971.015648263113,4077.0,mist+ACI
US,2024-04-06,2024-04-13,2,0.15,5871.6897525855165,4077.0,mist+ACI
US,2024-04-06,2024-04-13,2,0.2,6444.091184317732,4077.0,mist+ACI
US,2024-04-06,2024-04-13,2,0.25,6545.377521902544,4077.0,mist+ACI
US,2024-04-06,2024-04-13,2,0.3,6564.3853165384435,4077.0,mist+ACI
US,2024-04-06,2024-04-13,2,0.35,6567.364878253541,4077.0,mist+ACI
US,2024-04-06,2024-04-13,2,0.4,6567.800117279329,4077.0,mist+ACI
US,2024-04-06,2024-04-13,2,0.45,6567.854712217375,4077.0,mist+ACI
US,2024-04-06,2024-04-13,2,0.5,6567.85546875,4077.0,mist+ACI
US,2024-04-06,2024-04-13,2,0.55,7006.3110964610005,4077.0,mist+ACI
US,2024-04-06,2024-04-13,2,0.6,7238.977451747211,4077.0,mist+ACI
US,2024-04-06,2024-04-13,2,0.65,7400.581554657371,4077.0,mist+ACI
US,2024-04-06,2024-04-13,2,0.7,7719.968402220251,4077.0,mist+ACI
US,2024-04-06,2024-04-13,2,0.75,8920.004776758737,4077.0,mist+ACI
US,2024-04-06,2024-04-13,2,0.8,10117.496311236948,4077.0,mist+ACI
US,2024-04-06,2024-04-13,2,0.85,12033.46485708571,4077.0,mist+ACI
US,2024-04-06,2024-04-13,2,0.9,14691.455303109495,4077.0,mist+ACI
US,2024-04-06,2024-04-13,2,0.95,18058.0372044662,4077.0,mist+ACI
US,2024-04-06,2024-04-13,2,0.975,21426.048356221338,4077.0,mist+ACI
US,2024-04-06,2024-04-13,2,0.99,36793.082081361965,4077.0,mist+ACI
US,2024-04-06,2024-04-20,3,0.01,0.0,2943.0,mist+ACI
US,2024-04-06,2024-04-20,3,0.025,0.0,2943.0,mist+ACI
US,2024-04-06,2024-04-20,3,0.05,1085.7763661513636,2943.0,mist+ACI
US,2024-04-06,2024-04-20,3,0.1,4117.6787733560905,2943.0,mist+ACI
US,2024-04-06,2024-04-20,3,0.15,5539.429165419195,2943.0,mist+ACI
US,2024-04-06,2024-04-20,3,0.2,6338.290339635376,2943.0,mist+ACI
US,2024-04-06,2024-04-20,3,0.25,6452.307037264164,2943.0,mist+ACI
US,2024-04-06,2024-04-20,3,0.3,6466.324999661192,2943.0,mist+ACI
US,2024-04-06,2024-04-20,3,0.35,6468.695007241537,2943.0,mist+ACI
US,2024-04-06,2024-04-20,3,0.4,6468.947539043503,2943.0,mist+ACI
US,2024-04-06,2024-04-20,3,0.45,6468.99378679983,2943.0,mist+ACI
US,2024-04-06,2024-04-20,3,0.5,6468.9951171875,2943.0,mist+ACI
US,2024-04-06,2024-04-20,3,0.55,7116.189799899333,2943.0,mist+ACI
US,2024-04-06,2024-04-20,3,0.6,7335.077563578863,2943.0,mist+ACI
US,2024-04-06,2024-04-20,3,0.65,7344.582738258255,2943.0,mist+ACI
US,2024-04-06,2024-04-20,3,0.7,7747.134940907127,2943.0,mist+ACI
US,2024-04-06,2024-04-20,3,0.75,8562.688493480562,2943.0,mist+ACI
US,2024-04-06,2024-04-20,3,0.8,9875.428931265962,2943.0,mist+ACI
US,2024-04-06,2024-04-20,3,0.85,10743.37003249173,2943.0,mist+ACI
US,2024-04-06,2024-04-20,3,0.9,13530.164020874663,2943.0,mist+ACI
US,2024-04-06,2024-04-20,3,0.95,18020.545211398945,2943.0,mist+ACI
US,2024-04-06,2024-04-20,3,0.975,19409.994777662763,2943.0,mist+ACI
US,2024-04-06,2024-04-20,3,0.99,39657.07050728382,2943.0,mist+ACI
US,2024-04-06,2024-04-27,4,0.01,0.0,2417.0,mist+ACI
US,2024-04-06,2024-04-27,4,0.025,0.0,2417.0,mist+ACI
US,2024-04-06,2024-04-27,4,0.05,850.6198099549065,2417.0,mist+ACI
US,2024-04-06,2024-04-27,4,0.1,4528.123678905169,2417.0,mist+ACI
US,2024-04-06,2024-04-27,4,0.15,5316.464185642267,2417.0,mist+ACI
US,2024-04-06,2024-04-27,4,0.2,6138.529939712735,2417.0,mist+ACI
US,2024-04-06,2024-04-27,4,0.25,6231.451629888837,2417.0,mist+ACI
US,2024-04-06,2024-04-27,4,0.3,6241.248318207991,2417.0,mist+ACI
US,2024-04-06,2024-04-27,4,0.35,6243.043366484378,2417.0,mist+ACI
US,2024-04-06,2024-04-27,4,0.4,6243.3812903359185,2417.0,mist+ACI
US,2024-04-06,2024-04-27,4,0.45,6243.445048591829,2417.0,mist+ACI
US,2024-04-06,2024-04-27,4,0.5,6243.45751953125,2417.0,mist+ACI
US,2024-04-06,2024-04-27,4,0.55,6666.265199024154,2417.0,mist+ACI
US,2024-04-06,2024-04-27,4,0.6,7063.971959080481,2417.0,mist+ACI
US,2024-04-06,2024-04-27,4,0.65,7264.854411080212,2417.0,mist+ACI
US,2024-04-06,2024-04-27,4,0.7,7352.584258330866,2417.0,mist+ACI
US,2024-04-06,2024-04-27,4,0.75,8255.181234048261,2417.0,mist+ACI
US,2024-04-06,2024-04-27,4,0.8,9331.759445657168,2417.0,mist+ACI
US,2024-04-06,2024-04-27,4,0.85,11921.54191958721,2417.0,mist+ACI
US,2024-04-06,2024-04-27,4,0.9,15269.96866294181,2417.0,mist+ACI
US,2024-04-06,2024-04-27,4,0.95,23835.448187690716,2417.0,mist+ACI
US,2024-04-06,2024-04-27,4,0.975,25917.58341502373,2417.0,mist+ACI
US,2024-04-06,2024-04-27,4,0.99,46608.57972177776,2417.0,mist+ACI
US,2024-04-13,2024-04-13,1,0.01,0.0,4077.0,mist+ACI
US,2024-04-13,2024-04-13,1,0.025,2129.9889546839313,4077.0,mist+ACI
US,2024-04-13,2024-04-13,1,0.05,3028.6491254347566,4077.0,mist+ACI
US,2024-04-13,2024-04-13,1,0.1,4414.3443792828,4077.0,mist+ACI
US,2024-04-13,2024-04-13,1,0.15,4510.505540029666,4077.0,mist+ACI
US,2024-04-13,2024-04-13,1,0.2,5620.519257313353,4077.0,mist+ACI
US,2024-04-13,2024-04-13,1,0.25,5767.622267422763,4077.0,mist+ACI
US,2024-04-13,2024-04-13,1,0.3,5787.389868683295,4077.0,mist+ACI
US,2024-04-13,2024-04-13,1,0.35,5789.991973862034,4077.0,mist+ACI
US,2024-04-13,2024-04-13,1,0.4,5790.082160547229,4077.0,mist+ACI
US,2024-04-13,2024-04-13,1,0.45,5790.100009360232,4077.0,mist+ACI
US,2024-04-13,2024-04-13,1,0.5,5790.10009765625,4077.0,mist+ACI
US,2024-04-13,2024-04-13,1,0.55,6144.132350515104,4077.0,mist+ACI
US,2024-04-13,2024-04-13,1,0.6,6295.357444906216,4077.0,mist+ACI
US,2024-04-13,2024-04-13,1,0.65,6745.3672465707095,4077.0,mist+ACI
US,2024-04-13,2024-04-13,1,0.7,7041.539048276346,4077.0,mist+ACI
US,2024-04-13,2024-04-13,1,0.75,7237.418705986425,4077.0,mist+ACI
US,2024-04-13,2024-04-13,1,0.8,8039.802028984688,4077.0,mist+ACI
US,2024-04-13,2024-04-13,1,0.85,11000.055052348987,4077.0,mist+ACI
US,2024-04-13,2024-04-13,1,0.9,12708.106480735201,4077.0,mist+ACI
US,2024-04-13,2024-04-13,1,0.95,17909.639400760483,4077.0,mist+ACI
US,2024-04-13,2024-04-13,1,0.975,20400.461391286775,4077.0,mist+ACI
US,2024-04-13,2024-04-13,1,0.99,41077.396881170585,4077.0,mist+ACI
US,2024-04-13,2024-04-20,2,0.01,0.0,2943.0,mist+ACI
US,2024-04-13,2024-04-20,2,0.025,1498.8556630057992,2943.0,mist+ACI
US,2024-04-13,2024-04-20,2,0.05,2235.7599035735475,2943.0,mist+ACI
US,2024-04-13,2024-04-20,2,0.1,3573.0119521487577,2943.0,mist+ACI
US,2024-04-13,2024-04-20,2,0.15,4498.367483680998,2943.0,mist+ACI
US,2024-04-13,2024-04-20,2,0.2,5458.293575565202,2943.0,mist+ACI
US,2024-04-13,2024-04-20,2,0.25,5752.225225990084,2943.0,mist+ACI
US,2024-04-13,2024-04-20,2,0.3,5788.370008312789,2943.0,mist+ACI
US,2024-04-13,2024-04-20,2,0.35,5794.325797441236,2943.0,mist+ACI
US,2024-04-13,2024-04-20,2,0.4,5795.102555602427,2943.0,mist+ACI
US,2024-04-13,2024-04-20,2,0.45,5795.244253891153,2943.0,mist+ACI
US,2024-04-13,2024-04-20,2,0.5,5795.2685546875,2943.0,mist+ACI
US,2024-04-13,2024-04-20,2,0.55,6012.751514694019,2943.0,mist+ACI
US,2024-04-13,2024-04-20,2,0.6,6203.025321021969,2943.0,mist+ACI
US,2024-04-13,2024-04-20,2,0.65,6242.678739966185,2943.0,mist+ACI
US,2024-04-13,2024-04-20,2,0.7,6492.799115146729,2943.0,mist+ACI
US,2024-04-13,2024-04-20,2,0.75,7253.973465460101,2943.0,mist+ACI
US,2024-04-13,2024-04-20,2,0.8,8372.03191362158,2943.0,mist+ACI
US,2024-04-13,2024-04-20,2,0.85,9267.188021922175,2943.0,mist+ACI
US,2024-04-13,2024-04-20,2,0.9,11400.348898836706,2943.0,mist+ACI
US,2024-04-13,2024-04-20,2,0.95,15394.698821773329,2943.0,mist+ACI
US,2024-04-13,2024-04-20,2,0.975,17396.778973152792,2943.0,mist+ACI
US,2024-04-13,2024-04-20,2,0.99,32685.96070458612,2943.0,mist+ACI
US,2024-04-13,2024-04-27,3,0.01,0.0,2417.0,mist+ACI
US,2024-04-13,2024-04-27,3,0.025,1085.5223043366677,2417.0,mist+ACI
US,2024-04-13,2024-04-27,3,0.05,1629.868778177466,2417.0,mist+ACI
US,2024-04-13,2024-04-27,3,0.1,3281.870545064707,2417.0,mist+ACI
US,2024-04-13,2024-04-27,3,0.15,4058.2343271570426,2417.0,mist+ACI
US,2024-04-13,2024-04-27,3,0.2,5433.130726658233,2417.0,mist+ACI
US,2024-04-13,2024-04-27,3,0.25,5688.180584634579,2417.0,mist+ACI
US,2024-04-13,2024-04-27,3,0.3,5728.044918988125,2417.0,mist+ACI
US,2024-04-13,2024-04-27,3,0.35,5735.081592100124,2417.0,mist+ACI
US,2024-04-13,2024-04-27,3,0.4,5735.717912000326,2417.0,mist+ACI
US,2024-04-13,2024-04-27,3,0.45,5735.76338399505,2417.0,mist+ACI
US,2024-04-13,2024-04-27,3,0.5,5735.763671875,2417.0,mist+ACI
US,2024-04-13,2024-04-27,3,0.55,5867.222371553677,2417.0,mist+ACI
US,2024-04-13,2024-04-27,3,0.6,5998.345732133856,2417.0,mist+ACI
US,2024-04-13,2024-04-27,3,0.65,6107.351665134788,2417.0,mist+ACI
US,2024-04-13,2024-04-27,3,0.7,6222.092849492649,2417.0,mist+ACI
US,2024-04-13,2024-04-27,3,0.75,6370.51220184251,2417.0,mist+ACI
US,2024-04-13,2024-04-27,3,0.8,6674.9253398579185,2417.0,mist+ACI
US,2024-04-13,2024-04-27,3,0.85,7596.888130909345,2417.0,mist+ACI
US,2024-04-13,2024-04-27,3,0.9,9590.263406080736,2417.0,mist+ACI
US,2024-04-13,2024-04-27,3,0.95,13957.124206813029,2417.0,mist+ACI
US,2024-04-13,2024-04-27,3,0.975,14214.94985854775,2417.0,mist+ACI
US,2024-04-13,2024-04-27,3,0.99,36597.252106067965,2417.0,mist+ACI
US,2024-04-13,2024-05-04,4,0.01,0.0,1486.0,mist+ACI
US,2024-04-13,2024-05-04,4,0.025,0.0,1486.0,mist+ACI
US,2024-04-13,2024-05-04,4,0.05,1543.2376896043015,1486.0,mist+ACI
US,2024-04-13,2024-05-04,4,0.1,2542.2716990492463,1486.0,mist+ACI
US,2024-04-13,2024-05-04,4,0.15,4229.661248886161,1486.0,mist+ACI
US,2024-04-13,2024-05-04,4,0.2,5256.158094902004,1486.0,mist+ACI
US,2024-04-13,2024-05-04,4,0.25,5426.49635759342,1486.0,mist+ACI
US,2024-04-13,2024-05-04,4,0.3,5453.8133149576925,1486.0,mist+ACI
US,2024-04-13,2024-05-04,4,0.35,5457.475283448673,1486.0,mist+ACI
US,2024-04-13,2024-05-04,4,0.4,5458.133696245267,1486.0,mist+ACI
US,2024-04-13,2024-05-04,4,0.45,5458.228546710646,1486.0,mist+ACI
US,2024-04-13,2024-05-04,4,0.5,5458.2490234375,1486.0,mist+ACI
US,2024-04-13,2024-05-04,4,0.55,5629.352869765057,1486.0,mist+ACI
US,2024-04-13,2024-05-04,4,0.6,5677.344203565884,1486.0,mist+ACI
US,2024-04-13,2024-05-04,4,0.65,5797.518655591263,1486.0,mist+ACI
US,2024-04-13,2024-05-04,4,0.7,5909.648857227501,1486.0,mist+ACI
US,2024-04-13,2024-05-04,4,0.75,6377.81070192647,1486.0,mist+ACI
US,2024-04-13,2024-05-04,4,0.8,7105.832331000762,1486.0,mist+ACI
US,2024-04-13,2024-05-04,4,0.85,8363.96234118014,1486.0,mist+ACI
US,2024-04-13,2024-05-04,4,0.9,9506.428573777397,1486.0,mist+ACI
US,2024-04-13,2024-05-04,4,0.95,14578.580051558165,1486.0,mist+ACI
US,2024-04-13,2024-05-04,4,0.975,21758.9312841394,1486.0,mist+ACI
US,2024-04-13,2024-05-04,4,0.99,38979.612476370006,1486.0,mist+ACI
US,2024-04-20,2024-04-20,1,0.01,0.0,2943.0,mist+ACI
US,2024-04-20,2024-04-20,1,0.025,0.0,2943.0,mist+ACI
US,2024-04-20,2024-04-20,1,0.05,252.50660854912985,2943.0,mist+ACI
US,2024-04-20,2024-04-20,1,0.1,2220.0072924926067,2943.0,mist+ACI
US,2024-04-20,2024-04-20,1,0.15,3014.61591992803,2943.0,mist+ACI
US,2024-04-20,2024-04-20,1,0.2,4540.902491971167,2943.0,mist+ACI
US,2024-04-20,2024-04-20,1,0.25,5254.84904450655,2943.0,mist+ACI
US,2024-04-20,2024-04-20,1,0.3,5315.779247330487,2943.0,mist+ACI
US,2024-04-20,2024-04-20,1,0.35,5325.841775089804,2943.0,mist+ACI
US,2024-04-20,2024-04-20,1,0.4,5327.26647012,2943.0,mist+ACI
US,2024-04-20,2024-04-20,1,0.45,5327.471857235391,2943.0,mist+ACI
US,2024-04-20,2024-04-20,1,0.5,5327.50634765625,2943.0,mist+ACI
US,2024-04-20,2024-04-20,1,0.55,5458.091638764525,2943.0,mist+ACI
US,2024-04-20,2024-04-20,1,0.6,5588.021711036792,2943.0,mist+ACI
US,2024-04-20,2024-04-20,1,0.65,5590.582492547985,2943.0,mist+ACI
US,2024-04-20,2024-04-20,1,0.7,5771.8833358565325,2943.0,mist+ACI
US,2024-04-20,2024-04-20,1,0.75,6167.96875,2943.0,mist+ACI
US,2024-04-20,2024-04-20,1,0.8,6667.416537633841,2943.0,mist+ACI
US,2024-04-20,2024-04-20,1,0.85,8845.328228715052,2943.0,mist+ACI
US,2024-04-20,2024-04-20,1,0.9,10154.53630122777,2943.0,mist+ACI
US,2024-04-20,2024-04-20,1,0.95,15845.725380287615,2943.0,mist+ACI
US,2024-04-20,2024-04-20,1,0.975,16841.36543819762,2943.0,mist+ACI
US,2024-04-20,2024-04-20,1,0.99,38420.99524017407,2943.0,mist+ACI
US,2024-04-20,2024-04-27,2,0.01,0.0,2417.0,mist+ACI
US,2024-04-20,2024-04-27,2,0.025,0.0,2417.0,mist+ACI
US,2024-04-20,2024-04-27,2,0.05,0.0,2417.0,mist+ACI
US,2024-04-20,2024-04-27,2,0.1,1101.8078425016975,2417.0,mist+ACI
US,2024-04-20,2024-04-27,2,0.15,2265.859964718934,2417.0,mist+ACI
US,2024-04-20,2024-04-27,2,0.2,4185.734620981276,2417.0,mist+ACI
US,2024-04-20,2024-04-27,2,0.25,5094.087346160149,2417.0,mist+ACI
US,2024-04-20,2024-04-27,2,0.3,5219.082829082857,2417.0,mist+ACI
US,2024-04-20,2024-04-27,2,0.35,5233.999336871741,2417.0,mist+ACI
US,2024-04-20,2024-04-27,2,0.4,5236.362304921247,2417.0,mist+ACI
US,2024-04-20,2024-04-27,2,0.45,5236.744828400312,2417.0,mist+ACI
US,2024-04-20,2024-04-27,2,0.5,5236.79150390625,2417.0,mist+ACI
US,2024-04-20,2024-04-27,2,0.55,5273.664136363391,2417.0,mist+ACI
US,2024-04-20,2024-04-27,2,0.6,5391.312789650387,2417.0,mist+ACI
US,2024-04-20,2024-04-27,2,0.65,5513.747098670761,2417.0,mist+ACI
US,2024-04-20,2024-04-27,2,0.7,5628.913677974961,2417.0,mist+ACI
US,2024-04-20,2024-04-27,2,0.75,6207.9873046875,2417.0,mist+ACI
US,2024-04-20,2024-04-27,2,0.8,6779.307064283452,2417.0,mist+ACI
US,2024-04-20,2024-04-27,2,0.85,7857.679854005053,2417.0,mist+ACI
US,2024-04-20,2024-04-27,2,0.9,8809.901860064208,2417.0,mist+ACI
US,2024-04-20,2024-04-27,2,0.95,13268.092403589788,2417.0,mist+ACI
US,2024-04-20,2024-04-27,2,0.975,14285.243302801331,2417.0,mist+ACI
US,2024-04-20,2024-04-27,2,0.99,29525.728167922265,2417.0,mist+ACI
US,2024-04-20,2024-05-04,3,0.01,0.0,1486.0,mist+ACI
US,2024-04-20,2024-05-04,3,0.025,0.0,1486.0,mist+ACI
US,2024-04-20,2024-05-04,3,0.05,0.0,1486.0,mist+ACI
US,2024-04-20,2024-05-04,3,0.1,936.6801180478587,1486.0,mist+ACI
US,2024-04-20,2024-05-04,3,0.15,2250.481395136339,1486.0,mist+ACI
US,2024-04-20,2024-05-04,3,0.2,4247.364096604241,1486.0,mist+ACI
US,2024-04-20,2024-05-04,3,0.25,4968.712272721575,1486.0,mist+ACI
US,2024-04-20,2024-05-04,3,0.3,5069.7244738592535,1486.0,mist+ACI
US,2024-04-20,2024-05-04,3,0.35,5087.414345228141,1486.0,mist+ACI
US,2024-04-20,2024-05-04,3,0.4,5088.525388482301,1486.0,mist+ACI
US,2024-04-20,2024-05-04,3,0.45,5088.658902279916,1486.0,mist+ACI
US,2024-04-20,2024-05-04,3,0.5,5088.66162109375,1486.0,mist+ACI
US,2024-04-20,2024-05-04,3,0.55,5148.618139123963,1486.0,mist+ACI
US,2024-04-20,2024-05-04,3,0.6,5224.850246893323,1486.0,mist+ACI
US,2024-04-20,2024-05-04,3,0.65,5264.142606967885,1486.0,mist+ACI
US,2024-04-20,2024-05-04,3,0.7,5305.718104204671,1486.0,mist+ACI
US,2024-04-20,2024-05-04,3,0.75,5410.06689453125,1486.0,mist+ACI
US,2024-04-20,2024-05-04,3,0.8,5588.2227469451645,1486.0,mist+ACI
US,2024-04-20,2024-05-04,3,0.85,6012.20627183875,1486.0,mist+ACI
US,2024-04-20,2024-05-04,3,0.9,7760.482363185214,1486.0,mist+ACI
US,2024-04-20,2024-05-04,3,0.95,11280.905021964338,1486.0,mist+ACI
US,2024-04-20,2024-05-04,3,0.975,11929.748826240955,1486.0,mist+ACI
US,2024-04-20,2024-05-04,3,0.99,33307.23160472157,1486.0,mist+ACI
US,2024-04-20,2024-05-11,4,0.01,0.0,852.0,mist+ACI
US,2024-04-20,2024-05-11,4,0.025,0.0,852.0,mist+ACI
US,2024-04-20,2024-05-11,4,0.05,0.0,852.0,mist+ACI
US,2024-04-20,2024-05-11,4,0.1,541.0030100155236,852.0,mist+ACI
US,2024-04-20,2024-05-11,4,0.15,1984.8514498687296,852.0,mist+ACI
US,2024-04-20,2024-05-11,4,0.2,4193.343445238758,852.0,mist+ACI
US,2024-04-20,2024-05-11,4,0.25,4699.728807195985,852.0,mist+ACI
US,2024-04-20,2024-05-11,4,0.3,4759.201724250585,852.0,mist+ACI
US,2024-04-20,2024-05-11,4,0.35,4765.446847198484,852.0,mist+ACI
US,2024-04-20,2024-05-11,4,0.4,4766.319695037338,852.0,mist+ACI
US,2024-04-20,2024-05-11,4,0.45,4766.461024708449,852.0,mist+ACI
US,2024-04-20,2024-05-11,4,0.5,4766.482421875,852.0,mist+ACI
US,2024-04-20,2024-05-11,4,0.55,4844.179908758913,852.0,mist+ACI
US,2024-04-20,2024-05-11,4,0.6,4910.972020477541,852.0,mist+ACI
US,2024-04-20,2024-05-11,4,0.65,4931.069906046986,852.0,mist+ACI
US,2024-04-20,2024-05-11,4,0.7,5062.5706081731405,852.0,mist+ACI
US,2024-04-20,2024-05-11,4,0.75,5379.50390625,852.0,mist+ACI
US,2024-04-20,2024-05-11,4,0.8,5822.87085162345,852.0,mist+ACI
US,2024-04-20,2024-05-11,4,0.85,6398.547469615791,852.0,mist+ACI
US,2024-04-20,2024-05-11,4,0.9,7381.5269251578975,852.0,mist+ACI
US,2024-04-20,2024-05-11,4,0.95,10217.665350225407,852.0,mist+ACI
US,2024-04-20,2024-05-11,4,0.975,18841.837683979065,852.0,mist+ACI
US,2024-04-20,2024-05-11,4,0.99,34022.44483496818,852.0,mist+ACI
US,2024-04-27,2024-04-27,1,0.01,0.0,2417.0,mist+ACI
US,2024-04-27,2024-04-27,1,0.025,0.0,2417.0,mist+ACI
US,2024-04-27,2024-04-27,1,0.05,0.0,2417.0,mist+ACI
US,2024-04-27,2024-04-27,1,0.1,456.4305395122433,2417.0,mist+ACI
US,2024-04-27,2024-04-27,1,0.15,1385.1224154051597,2417.0,mist+ACI
US,2024-04-27,2024-04-27,1,0.2,1927.6788655272235,2417.0,mist+ACI
US,2024-04-27,2024-04-27,1,0.25,4102.367486118917,2417.0,mist+ACI
US,2024-04-27,2024-04-27,1,0.3,4287.5486285358775,2417.0,mist+ACI
US,2024-04-27,2024-04-27,1,0.35,4315.499604382004,2417.0,mist+ACI
US,2024-04-27,2024-04-27,1,0.4,4319.1284516174055,2417.0,mist+ACI
US,2024-04-27,2024-04-27,1,0.45,4319.570170175252,2417.0,mist+ACI
US,2024-04-27,2024-04-27,1,0.5,4319.6337890625,2417.0,mist+ACI
US,2024-04-27,2024-04-27,1,0.55,4392.863516949221,2417.0,mist+ACI
US,2024-04-27,2024-04-27,1,0.6,4449.484789137948,2417.0,mist+ACI
US,2024-04-27,2024-04-27,1,0.65,4462.824201197798,2417.0,mist+ACI
US,2024-04-27,2024-04-27,1,0.7,4599.51904423213,2417.0,mist+ACI
US,2024-04-27,2024-04-27,1,0.75,4855.4006155747065,2417.0,mist+ACI
US,2024-04-27,2024-04-27,1,0.8,5271.910644531251,2417.0,mist+ACI
US,2024-04-27,2024-04-27,1,0.85,7038.295193506979,2417.0,mist+ACI
US,2024-04-27,2024-04-27,1,0.9,8355.621962335565,2417.0,mist+ACI
US,2024-04-27,2024-04-27,1,0.95,14268.298225687024,2417.0,mist+ACI
US,2024-04-27,2024-04-27,1,0.975,14933.71512764339,2417.0,mist+ACI
US,2024-04-27,2024-04-27,1,0.99,35802.1120864807,2417.0,mist+ACI
US,2024-04-27,2024-05-04,2,0.01,0.0,1486.0,mist+ACI
US,2024-04-27,2024-05-04,2,0.025,0.0,1486.0,mist+ACI
US,2024-04-27,2024-05-04,2,0.05,0.0,1486.0,mist+ACI
US,2024-04-27,2024-05-04,2,0.1,0.0,1486.0,mist+ACI
US,2024-04-27,2024-05-04,2,0.15,625.1299350117224,1486.0,mist+ACI
US,2024-04-27,2024-05-04,2,0.2,822.0918078305826,1486.0,mist+ACI
US,2024-04-27,2024-05-04,2,0.25,3798.5252792380084,1486.0,mist+ACI
US,2024-04-27,2024-05-04,2,0.3,4165.231417719229,1486.0,mist+ACI
US,2024-04-27,2024-05-04,2,0.35,4207.249010995492,1486.0,mist+ACI
US,2024-04-27,2024-05-04,2,0.4,4212.620466088228,1486.0,mist+ACI
US,2024-04-27,2024-05-04,2,0.45,4213.426063384643,1486.0,mist+ACI
US,2024-04-27,2024-05-04,2,0.5,4213.52685546875,1486.0,mist+ACI
US,2024-04-27,2024-05-04,2,0.55,4235.3694322698575,1486.0,mist+ACI
US,2024-04-27,2024-05-04,2,0.6,4298.679120735941,1486.0,mist+ACI
US,2024-04-27,2024-05-04,2,0.65,4369.71132391583,1486.0,mist+ACI
US,2024-04-27,2024-05-04,2,0.7,4457.635418518326,1486.0,mist+ACI
US,2024-04-27,2024-05-04,2,0.75,4841.926383316598,1486.0,mist+ACI
US,2024-04-27,2024-05-04,2,0.8,5405.169921875002,1486.0,mist+ACI
US,2024-04-27,2024-05-04,2,0.85,6190.251336547028,1486.0,mist+ACI
US,2024-04-27,2024-05-04,2,0.9,7562.153653230715,1486.0,mist+ACI
US,2024-04-27,2024-05-04,2,0.95,11946.608750618087,1486.0,mist+ACI
US,2024-04-27,2024-05-04,2,0.975,12769.077315340573,1486.0,mist+ACI
US,2024-04-27,2024-05-04,2,0.99,27326.22425566695,1486.0,mist+ACI
US,2024-04-27,2024-05-11,3,0.01,0.0,852.0,mist+ACI
US,2024-04-27,2024-05-11,3,0.025,0.0,852.0,mist+ACI
US,2024-04-27,2024-05-11,3,0.05,0.0,852.0,mist+ACI
US,2024-04-27,2024-05-11,3,0.1,0.0,852.0,mist+ACI
US,2024-04-27,2024-05-11,3,0.15,271.6536059213804,852.0,mist+ACI
US,2024-04-27,2024-05-11,3,0.2,1348.0568939790442,852.0,mist+ACI
US,2024-04-27,2024-05-11,3,0.25,3753.516487398607,852.0,mist+ACI
US,2024-04-27,2024-05-11,3,0.3,4065.156384561001,852.0,mist+ACI
US,2024-04-27,2024-05-11,3,0.35,4115.727233763906,852.0,mist+ACI
US,2024-04-27,2024-05-11,3,0.4,4118.738470172203,852.0,mist+ACI
US,2024-04-27,2024-05-11,3,0.45,4118.937126632985,852.0,mist+ACI
US,2024-04-27,2024-05-11,3,0.5,4118.93994140625,852.0,mist+ACI
US,2024-04-27,2024-05-11,3,0.55,4158.876208912699,852.0,mist+ACI
US,2024-04-27,2024-05-11,3,0.6,4176.0970387622665,852.0,mist+ACI
US,2024-04-27,2024-05-11,3,0.65,4186.652807977077,852.0,mist+ACI
US,2024-04-27,2024-05-11,3,0.7,4248.186395797663,852.0,mist+ACI
US,2024-04-27,2024-05-11,3,0.75,4355.147977144168,852.0,mist+ACI
US,2024-04-27,2024-05-11,3,0.8,4477.64990234375,852.0,mist+ACI
US,2024-04-27,2024-05-11,3,0.85,4900.24546548029,852.0,mist+ACI
US,2024-04-27,2024-05-11,3,0.9,6517.561948021861,852.0,mist+ACI
US,2024-04-27,2024-05-11,3,0.95,9964.835069777095,852.0,mist+ACI
US,2024-04-27,2024-05-11,3,0.975,10705.396125211479,852.0,mist+ACI
US,2024-04-27,2024-05-11,3,0.99,31479.322552796286,852.0,mist+ACI
US,2024-04-27,2024-05-18,4,0.01,0.0,681.0,mist+ACI
US,2024-04-27,2024-05-18,4,0.025,0.0,681.0,mist+ACI
US,2024-04-27,2024-05-18,4,0.05,0.0,681.0,mist+ACI
US,2024-04-27,2024-05-18,4,0.1,0.0,681.0,mist+ACI
US,2024-04-27,2024-05-18,4,0.15,0.0,681.0,mist+ACI
US,2024-04-27,2024-05-18,4,0.2,1897.870679730483,681.0,mist+ACI
US,2024-04-27,2024-05-18,4,0.25,3623.23171414259,681.0,mist+ACI
US,2024-04-27,2024-05-18,4,0.3,3800.6081175888926,681.0,mist+ACI
US,2024-04-27,2024-05-18,4,0.35,3818.22767980995,681.0,mist+ACI
US,2024-04-27,2024-05-18,4,0.4,3820.6779228948685,681.0,mist+ACI
US,2024-04-27,2024-05-18,4,0.45,3821.034920010561,681.0,mist+ACI
US,2024-04-27,2024-05-18,4,0.5,3821.0908203125,681.0,mist+ACI
US,2024-04-27,2024-05-18,4,0.55,3862.297774858896,681.0,mist+ACI
US,2024-04-27,2024-05-18,4,0.6,3892.4759467470813,681.0,mist+ACI
US,2024-04-27,2024-05-18,4,0.65,3915.3598782611302,681.0,mist+ACI
US,2024-04-27,2024-05-18,4,0.7,4003.3359715896236,681.0,mist+ACI
US,2024-04-27,2024-05-18,4,0.75,4216.591570028952,681.0,mist+ACI
US,2024-04-27,2024-05-18,4,0.8,4620.340820312501,681.0,mist+ACI
US,2024-04-27,2024-05-18,4,0.85,5123.150417599868,681.0,mist+ACI
US,2024-04-27,2024-05-18,4,0.9,5990.351173761061,681.0,mist+ACI
US,2024-04-27,2024-05-18,4,0.95,9225.620052068774,681.0,mist+ACI
US,2024-04-27,2024-05-18,4,0.975,16977.571831481277,681.0,mist+ACI
US,2024-04-27,2024-05-18,4,0.99,32054.07871123843,681.0,mist+ACI
06,2023-11-04,2023-11-04,1,0.01,25.518789291381836,97.0,mist+ACI
06,2023-11-04,2023-11-04,1,0.025,46.378318786621094,97.0,mist+ACI
06,2023-11-04,2023-11-04,1,0.05,47.203826904296875,97.0,mist+ACI
06,2023-11-04,2023-11-04,1,0.1,56.86826705932617,97.0,mist+ACI
06,2023-11-04,2023-11-04,1,0.15,58.23930358886719,97.0,mist+ACI
06,2023-11-04,2023-11-04,1,0.2,62.94850158691406,97.0,mist+ACI
06,2023-11-04,2023-11-04,1,0.25,67.55823516845703,97.0,mist+ACI
06,2023-11-04,2023-11-04,1,0.3,68.85736846923828,97.0,mist+ACI
06,2023-11-04,2023-11-04,1,0.35,72.84640502929688,97.0,mist+ACI
06,2023-11-04,2023-11-04,1,0.4,76.40476989746094,97.0,mist+ACI
06,2023-11-04,2023-11-04,1,0.45,77.62649536132812,97.0,mist+ACI
06,2023-11-04,2023-11-04,1,0.5,81.75743865966797,97.0,mist+ACI
06,2023-11-04,2023-11-04,1,0.55,85.32072448730469,97.0,mist+ACI
06,2023-11-04,2023-11-04,1,0.6,88.55705261230469,97.0,mist+ACI
06,2023-11-04,2023-11-04,1,0.65,90.48033142089844,97.0,mist+ACI
06,2023-11-04,2023-11-04,1,0.7,94.28040313720703,97.0,mist+ACI
06,2023-11-04,2023-11-04,1,0.75,98.22456359863281,97.0,mist+ACI
06,2023-11-04,2023-11-04,1,0.8,105.26742553710938,97.0,mist+ACI
06,2023-11-04,2023-11-04,1,0.85,112.4720230102539,97.0,mist+ACI
06,2023-11-04,2023-11-04,1,0.9,122.38140869140625,97.0,mist+ACI
06,2023-11-04,2023-11-04,1,0.95,135.74798583984375,97.0,mist+ACI
06,2023-11-04,2023-11-04,1,0.975,151.7398681640625,97.0,mist+ACI
06,2023-11-04,2023-11-04,1,0.99,152.555908203125,97.0,mist+ACI
06,2023-11-04,2023-11-11,2,0.01,20.893049240112305,231.0,mist+ACI
06,2023-11-04,2023-11-11,2,0.025,26.851999282836914,231.0,mist+ACI
06,2023-11-04,2023-11-11,2,0.05,54.358253479003906,231.0,mist+ACI
06,2023-11-04,2023-11-11,2,0.1,65.53526306152344,231.0,mist+ACI
06,2023-11-04,2023-11-11,2,0.15,69.26573181152344,231.0,mist+ACI
06,2023-11-04,2023-11-11,2,0.2,76.93376922607422,231.0,mist+ACI
06,2023-11-04,2023-11-11,2,0.25,80.55268859863281,231.0,mist+ACI
06,2023-11-04,2023-11-11,2,0.3,85.8559799194336,231.0,mist+ACI
06,2023-11-04,2023-11-11,2,0.35,90.77544403076172,231.0,mist+ACI
06,2023-11-04,2023-11-11,2,0.4,95.35453796386719,231.0,mist+ACI
06,2023-11-04,2023-11-11,2,0.45,98.47895812988281,231.0,mist+ACI
06,2023-11-04,2023-11-11,2,0.5,103.90150451660156,231.0,mist+ACI
06,2023-11-04,2023-11-11,2,0.55,108.71041870117188,231.0,mist+ACI
06,2023-11-04,2023-11-11,2,0.6,113.2950439453125,231.0,mist+ACI
06,2023-11-04,2023-11-11,2,0.65,118.41449737548828,231.0,mist+ACI
06,2023-11-04,2023-11-11,2,0.7,125.8466567993164,231.0,mist+ACI
06,2023-11-04,2023-11-11,2,0.75,134.39590454101562,231.0,mist+ACI
06,2023-11-04,2023-11-11,2,0.8,141.9769287109375,231.0,mist+ACI
06,2023-11-04,2023-11-11,2,0.85,152.43212890625,231.0,mist+ACI
06,2023-11-04,2023-11-11,2,0.9,167.72488403320312,231.0,mist+ACI
06,2023-11-04,2023-11-11,2,0.95,191.7370147705078,231.0,mist+ACI
06,2023-11-04,2023-11-11,2,0.975,204.84503173828125,231.0,mist+ACI
06,2023-11-04,2023-11-11,2,0.99,216.11643981933594,231.0,mist+ACI
06,2023-11-04,2023-11-18,3,0.01,23.147388458251953,372.0,mist+ACI
06,2023-11-04,2023-11-18,3,0.025,37.84729766845703,372.0,mist+ACI
06,2023-11-04,2023-11-18,3,0.05,60.018218994140625,372.0,mist+ACI
06,2023-11-04,2023-11-18,3,0.1,73.48442840576172,372.0,mist+ACI
06,2023-11-04,2023-11-18,3,0.15,79.62161254882812,372.0,mist+ACI
06,2023-11-04,2023-11-18,3,0.2,87.0523452758789,372.0,mist+ACI
06,2023-11-04,2023-11-18,3,0.25,96.38336181640625,372.0,mist+ACI
06,2023-11-04,2023-11-18,3,0.3,98.36808776855469,372.0,mist+ACI
06,2023-11-04,2023-11-18,3,0.35,106.84101867675781,372.0,mist+ACI
06,2023-11-04,2023-11-18,3,0.4,113.63220977783203,372.0,mist+ACI
06,2023-11-04,2023-11-18,3,0.45,121.84676361083984,372.0,mist+ACI
06,2023-11-04,2023-11-18,3,0.5,127.4775390625,372.0,mist+ACI
06,2023-11-04,2023-11-18,3,0.55,135.447265625,372.0,mist+ACI
06,2023-11-04,2023-11-18,3,0.6,145.0860595703125,372.0,mist+ACI
06,2023-11-04,2023-11-18,3,0.65,150.69801330566406,372.0,mist+ACI
06,2023-11-04,2023-11-18,3,0.7,164.38079833984375,372.0,mist+ACI
06,2023-11-04,2023-11-18,3,0.75,172.5044708251953,372.0,mist+ACI
06,2023-11-04,2023-11-18,3,0.8,189.6612091064453,372.0,mist+ACI
06,2023-11-04,2023-11-18,3,0.85,208.6426239013672,372.0,mist+ACI
06,2023-11-04,2023-11-18,3,0.9,227.40673828125,372.0,mist+ACI
06,2023-11-04,2023-11-18,3,0.95,269.1990966796875,372.0,mist+ACI
06,2023-11-04,2023-11-18,3,0.975,271.4867858886719,372.0,mist+ACI
06,2023-11-04,2023-11-18,3,0.99,282.981689453125,372.0,mist+ACI
06,2023-11-04,2023-11-25,4,0.01,17.545286178588867,459.0,mist+ACI
06,2023-11-04,2023-11-25,4,0.025,35.43622589111328,459.0,mist+ACI
06,2023-11-04,2023-11-25,4,0.05,59.16693878173828,459.0,mist+ACI
06,2023-11-04,2023-11-25,4,0.1,70.91242218017578,459.0,mist+ACI
06,2023-11-04,2023-11-25,4,0.15,79.17292022705078,459.0,mist+ACI
06,2023-11-04,2023-11-25,4,0.2,89.42066192626953,459.0,mist+ACI
06,2023-11-04,2023-11-25,4,0.25,98.58302307128906,459.0,mist+ACI
06,2023-11-04,2023-11-25,4,0.3,108.27072143554688,459.0,mist+ACI
06,2023-11-04,2023-11-25,4,0.35,116.78121185302734,459.0,mist+ACI
06,2023-11-04,2023-11-25,4,0.4,130.94403076171875,459.0,mist+ACI
06,2023-11-04,2023-11-25,4,0.45,137.59201049804688,459.0,mist+ACI
06,2023-11-04,2023-11-25,4,0.5,145.05523681640625,459.0,mist+ACI
06,2023-11-04,2023-11-25,4,0.55,162.92611694335938,459.0,mist+ACI
06,2023-11-04,2023-11-25,4,0.6,177.14239501953125,459.0,mist+ACI
06,2023-11-04,2023-11-25,4,0.65,187.5677947998047,459.0,mist+ACI
06,2023-11-04,2023-11-25,4,0.7,207.0267791748047,459.0,mist+ACI
06,2023-11-04,2023-11-25,4,0.75,217.6822052001953,459.0,mist+ACI
06,2023-11-04,2023-11-25,4,0.8,248.2837677001953,459.0,mist+ACI
06,2023-11-04,2023-11-25,4,0.85,266.85284423828125,459.0,mist+ACI
06,2023-11-04,2023-11-25,4,0.9,281.15960693359375,459.0,mist+ACI
06,2023-11-04,2023-11-25,4,0.95,293.14404296875,459.0,mist+ACI
06,2023-11-04,2023-11-25,4,0.975,317.3679504394531,459.0,mist+ACI
06,2023-11-04,2023-11-25,4,0.99,347.5332336425781,459.0,mist+ACI
06,2023-11-11,2023-11-11,1,0.01,21.93386303122233,231.0,mist+ACI
06,2023-11-11,2023-11-11,1,0.025,50.72805782731462,231.0,mist+ACI
06,2023-11-11,2023-11-11,1,0.05,54.760551429891635,231.0,mist+ACI
06,2023-11-11,2023-11-11,1,0.1,69.0791166994698,231.0,mist+ACI
06,2023-11-11,2023-11-11,1,0.15,72.7509489602925,231.0,mist+ACI
06,2023-11-11,2023-11-11,1,0.2,79.32949221309025,231.0,mist+ACI
06,2023-11-11,2023-11-11,1,0.25,84.94926846901302,231.0,mist+ACI
06,2023-11-11,2023-11-11,1,0.3,86.478706322065,231.0,mist+ACI
06,2023-11-11,2023-11-11,1,0.35,90.43051496816638,231.0,mist+ACI
06,2023-11-11,2023-11-11,1,0.4,94.5541876491619,231.0,mist+ACI
06,2023-11-11,2023-11-11,1,0.45,95.31810182749057,231.0,mist+ACI
06,2023-11-11,2023-11-11,1,0.5,98.19734191894531,231.0,mist+ACI
06,2023-11-11,2023-11-11,1,0.55,111.13704665771044,231.0,mist+ACI
06,2023-11-11,2023-11-11,1,0.6,115.60908106373337,231.0,mist+ACI
06,2023-11-11,2023-11-11,1,0.65,120.46771650602349,231.0,mist+ACI
06,2023-11-11,2023-11-11,1,0.7,122.35635147463066,231.0,mist+ACI
06,2023-11-11,2023-11-11,1,0.75,132.87200951054905,231.0,mist+ACI
06,2023-11-11,2023-11-11,1,0.8,134.7576683504339,231.0,mist+ACI
06,2023-11-11,2023-11-11,1,0.85,144.0074698486051,231.0,mist+ACI
06,2023-11-11,2023-11-11,1,0.9,145.28803382406932,231.0,mist+ACI
06,2023-11-11,2023-11-11,1,0.95,164.81983100026804,231.0,mist+ACI
06,2023-11-11,2023-11-11,1,0.975,190.04757687787054,231.0,mist+ACI
06,2023-11-11,2023-11-11,1,0.99,192.84213385775467,231.0,mist+ACI
06,2023-11-11,2023-11-18,2,0.01,15.810702906703682,372.0,mist+ACI
06,2023-11-11,2023-11-18,2,0.025,26.02588959198573,372.0,mist+ACI
06,2023-11-11,2023-11-18,2,0.05,64.52320989175635,372.0,mist+ACI
06,2023-11-11,2023-11-18,2,0.1,83.51444112512564,372.0,mist+ACI
06,2023-11-11,2023-11-18,2,0.15,90.62046122252502,372.0,mist+ACI
06,2023-11-11,2023-11-18,2,0.2,100.02843701266904,372.0,mist+ACI
06,2023-11-11,2023-11-18,2,0.25,105.35097886041669,372.0,mist+ACI
06,2023-11-11,2023-11-18,2,0.3,112.47472895638579,372.0,mist+ACI
06,2023-11-11,2023-11-18,2,0.35,117.97371878490793,372.0,mist+ACI
06,2023-11-11,2023-11-18,2,0.4,120.24510099287116,372.0,mist+ACI
06,2023-11-11,2023-11-18,2,0.45,124.03788725384166,372.0,mist+ACI
06,2023-11-11,2023-11-18,2,0.5,128.5942840576172,372.0,mist+ACI
06,2023-11-11,2023-11-18,2,0.55,142.04688620564872,372.0,mist+ACI
06,2023-11-11,2023-11-18,2,0.6,156.44079456534556,372.0,mist+ACI
06,2023-11-11,2023-11-18,2,0.65,160.51035163778826,372.0,mist+ACI
06,2023-11-11,2023-11-18,2,0.7,165.72757128950903,372.0,mist+ACI
06,2023-11-11,2023-11-18,2,0.75,178.77267478848637,372.0,mist+ACI
06,2023-11-11,2023-11-18,2,0.8,178.96836238554508,372.0,mist+ACI
06,2023-11-11,2023-11-18,2,0.85,202.65451758109637,372.0,mist+ACI
06,2023-11-11,2023-11-18,2,0.9,205.01355921060383,372.0,mist+ACI
06,2023-11-11,2023-11-18,2,0.95,237.40789571613038,372.0,mist+ACI
06,2023-11-11,2023-11-18,2,0.975,259.76304812492106,372.0,mist+ACI
06,2023-11-11,2023-11-18,2,0.99,277.7242170305916,372.0,mist+ACI
06,2023-11-11,2023-11-25,3,0.01,19.97278822737823,459.0,mist+ACI
06,2023-11-11,2023-11-25,3,0.025,42.94082187377224,459.0,mist+ACI
06,2023-11-11,2023-11-25,3,0.05,74.94492311030774,459.0,mist+ACI
06,2023-11-11,2023-11-25,3,0.1,95.53113783141076,459.0,mist+ACI
06,2023-11-11,2023-11-25,3,0.15,108.75727540824869,459.0,mist+ACI
06,2023-11-11,2023-11-25,3,0.2,119.40568638761249,459.0,mist+ACI
06,2023-11-11,2023-11-25,3,0.25,129.97548778657722,459.0,mist+ACI
06,2023-11-11,2023-11-25,3,0.3,134.94873855538896,459.0,mist+ACI
06,2023-11-11,2023-11-25,3,0.35,142.77196073504962,459.0,mist+ACI
06,2023-11-11,2023-11-25,3,0.4,148.86511776547226,459.0,mist+ACI
06,2023-11-11,2023-11-25,3,0.45,155.2953231104117,459.0,mist+ACI
06,2023-11-11,2023-11-25,3,0.5,159.93927001953125,459.0,mist+ACI
06,2023-11-11,2023-11-25,3,0.55,180.95627765689014,459.0,mist+ACI
06,2023-11-11,2023-11-25,3,0.6,201.55498402543532,459.0,mist+ACI
06,2023-11-11,2023-11-25,3,0.65,214.94601774709176,459.0,mist+ACI
06,2023-11-11,2023-11-25,3,0.7,221.15798914294803,459.0,mist+ACI
06,2023-11-11,2023-11-25,3,0.75,240.1192785672087,459.0,mist+ACI
06,2023-11-11,2023-11-25,3,0.8,246.50985221762275,459.0,mist+ACI
06,2023-11-11,2023-11-25,3,0.85,276.5636773551976,459.0,mist+ACI
06,2023-11-11,2023-11-25,3,0.9,297.66365577176043,459.0,mist+ACI
06,2023-11-11,2023-11-25,3,0.95,337.77199424490874,459.0,mist+ACI
06,2023-11-11,2023-11-25,3,0.975,347.85318641641425,459.0,mist+ACI
06,2023-11-11,2023-11-25,3,0.99,367.60861117605396,459.0,mist+ACI
06,2023-11-11,2023-12-02,4,0.01,10.487089869417218,683.0,mist+ACI
06,2023-11-11,2023-12-02,4,0.025,40.222483324661454,683.0,mist+ACI
06,2023-11-11,2023-12-02,4,0.05,74.76039909805358,683.0,mist+ACI
06,2023-11-11,2023-12-02,4,0.1,97.02142615648418,683.0,mist+ACI
06,2023-11-11,2023-12-02,4,0.15,111.39450024133205,683.0,mist+ACI
06,2023-11-11,2023-12-02,4,0.2,127.32039891233276,683.0,mist+ACI
06,2023-11-11,2023-12-02,4,0.25,140.73362860102523,683.0,mist+ACI
06,2023-11-11,2023-12-02,4,0.3,151.46575640144934,683.0,mist+ACI
06,2023-11-11,2023-12-02,4,0.35,159.52538128420437,683.0,mist+ACI
06,2023-11-11,2023-12-02,4,0.4,172.06708270181997,683.0,mist+ACI
06,2023-11-11,2023-12-02,4,0.45,177.7486747999153,683.0,mist+ACI
06,2023-11-11,2023-12-02,4,0.5,183.14492797851562,683.0,mist+ACI
06,2023-11-11,2023-12-02,4,0.55,238.05000285148267,683.0,mist+ACI
06,2023-11-11,2023-12-02,4,0.6,249.94943329235556,683.0,mist+ACI
06,2023-11-11,2023-12-02,4,0.65,286.53901078685396,683.0,mist+ACI
06,2023-11-11,2023-12-02,4,0.7,287.43914062557377,683.0,mist+ACI
06,2023-11-11,2023-12-02,4,0.75,315.08389342079414,683.0,mist+ACI
06,2023-11-11,2023-12-02,4,0.8,336.7631501589184,683.0,mist+ACI
06,2023-11-11,2023-12-02,4,0.85,341.4951803978663,683.0,mist+ACI
06,2023-11-11,2023-12-02,4,0.9,369.3956899180082,683.0,mist+ACI
06,2023-11-11,2023-12-02,4,0.95,408.1879198155295,683.0,mist+ACI
06,2023-11-11,2023-12-02,4,0.975,419.44576287107964,683.0,mist+ACI
06,2023-11-11,2023-12-02,4,0.99,452.575628897783,683.0,mist+ACI
06,2023-11-18,2023-11-18,1,0.01,30.825389265303215,372.0,mist+ACI
06,2023-11-18,2023-11-18,1,0.025,116.79256030705241,372.0,mist+ACI
06,2023-11-18,2023-11-18,1,0.05,147.79836970822916,372.0,mist+ACI
06,2023-11-18,2023-11-18,1,0.1,193.19057696868208,372.0,mist+ACI
06,2023-11-18,2023-11-18,1,0.15,216.55543051786177,372.0,mist+ACI
06,2023-11-18,2023-11-18,1,0.2,235.40339797998456,372.0,mist+ACI
06,2023-11-18,2023-11-18,1,0.25,251.01579377413205,372.0,mist+ACI
06,2023-11-18,2023-11-18,1,0.3,258.58154322572335,372.0,mist+ACI
06,2023-11-18,2023-11-18,1,0.35,269.3655352080902,372.0,mist+ACI
06,2023-11-18,2023-11-18,1,0.4,277.3239289087545,372.0,mist+ACI
06,2023-11-18,2023-11-18,1,0.45,280.03871850851067,372.0,mist+ACI
06,2023-11-18,2023-11-18,1,0.5,281.9458923339844,372.0,mist+ACI
06,2023-11-18,2023-11-18,1,0.55,416.3229330418444,372.0,mist+ACI
06,2023-11-18,2023-11-18,1,0.6,493.06379651753946,372.0,mist+ACI
06,2023-11-18,2023-11-18,1,0.65,513.2688441650605,372.0,mist+ACI
06,2023-11-18,2023-11-18,1,0.7,560.9492388371903,372.0,mist+ACI
06,2023-11-18,2023-11-18,1,0.75,633.8852008850772,372.0,mist+ACI
06,2023-11-18,2023-11-18,1,0.8,751.3572974340237,372.0,mist+ACI
06,2023-11-18,2023-11-18,1,0.85,858.3200361913273,372.0,mist+ACI
06,2023-11-18,2023-11-18,1,0.9,959.4949436369686,372.0,mist+ACI
06,2023-11-18,2023-11-18,1,0.95,1357.0823613100765,372.0,mist+ACI
06,2023-11-18,2023-11-18,1,0.975,1754.6133845149532,372.0,mist+ACI
06,2023-11-18,2023-11-18,1,0.99,1890.261537842538,372.0,mist+ACI
06,2023-11-18,2023-11-25,2,0.01,12.826148691556227,459.0,mist+ACI
06,2023-11-18,2023-11-25,2,0.025,36.486946719946786,459.0,mist+ACI
06,2023-11-18,2023-11-25,2,0.05,200.05709043291813,459.0,mist+ACI
06,2023-11-18,2023-11-25,2,0.1,264.61966219805845,459.0,mist+ACI
06,2023-11-18,2023-11-25,2,0.15,312.47021879418315,459.0,mist+ACI
06,2023-11-18,2023-11-25,2,0.2,348.3508091922811,459.0,mist+ACI
06,2023-11-18,2023-11-25,2,0.25,369.91779264865465,459.0,mist+ACI
06,2023-11-18,2023-11-25,2,0.3,388.1811010979174,459.0,mist+ACI
06,2023-11-18,2023-11-25,2,0.35,403.24258095685093,459.0,mist+ACI
06,2023-11-18,2023-11-25,2,0.4,413.5969523896519,459.0,mist+ACI
06,2023-11-18,2023-11-25,2,0.45,422.54061543239806,459.0,mist+ACI
06,2023-11-18,2023-11-25,2,0.5,433.9834289550781,459.0,mist+ACI
06,2023-11-18,2023-11-25,2,0.55,616.3570710991013,459.0,mist+ACI
06,2023-11-18,2023-11-25,2,0.6,690.1993286795011,459.0,mist+ACI
06,2023-11-18,2023-11-25,2,0.65,772.821078617203,459.0,mist+ACI
06,2023-11-18,2023-11-25,2,0.7,924.0001256214505,459.0,mist+ACI
06,2023-11-18,2023-11-25,2,0.75,959.6092695097509,459.0,mist+ACI
06,2023-11-18,2023-11-25,2,0.8,1168.2301455873308,459.0,mist+ACI
06,2023-11-18,2023-11-25,2,0.85,1375.779720543039,459.0,mist+ACI
06,2023-11-18,2023-11-25,2,0.9,1529.007293323549,459.0,mist+ACI
06,2023-11-18,2023-11-25,2,0.95,2233.680684440372,459.0,mist+ACI
06,2023-11-18,2023-11-25,2,0.975,2580.4215827794333,459.0,mist+ACI
06,2023-11-18,2023-11-25,2,0.99,3073.4938601709778,459.0,mist+ACI
06,2023-11-18,2023-12-02,3,0.01,17.19425968929272,683.0,mist+ACI
06,2023-11-18,2023-12-02,3,0.025,122.19953282808984,683.0,mist+ACI
06,2023-11-18,2023-12-02,3,0.05,245.57263474429766,683.0,mist+ACI
06,2023-11-18,2023-12-02,3,0.1,347.36685420197614,683.0,mist+ACI
06,2023-11-18,2023-12-02,3,0.15,407.0226821790164,683.0,mist+ACI
06,2023-11-18,2023-12-02,3,0.2,448.427743766151,683.0,mist+ACI
06,2023-11-18,2023-12-02,3,0.25,496.1551723361258,683.0,mist+ACI
06,2023-11-18,2023-12-02,3,0.3,512.1779817501348,683.0,mist+ACI
06,2023-11-18,2023-12-02,3,0.35,535.7401408442037,683.0,mist+ACI
06,2023-11-18,2023-12-02,3,0.4,554.796351340144,683.0,mist+ACI
06,2023-11-18,2023-12-02,3,0.45,571.2548359879171,683.0,mist+ACI
06,2023-11-18,2023-12-02,3,0.5,581.7821044921875,683.0,mist+ACI
06,2023-11-18,2023-12-02,3,0.55,804.3795386776441,683.0,mist+ACI
06,2023-11-18,2023-12-02,3,0.6,1057.8517711895406,683.0,mist+ACI
06,2023-11-18,2023-12-02,3,0.65,1071.6454938953607,683.0,mist+ACI
06,2023-11-18,2023-12-02,3,0.7,1411.286406297333,683.0,mist+ACI
06,2023-11-18,2023-12-02,3,0.75,1458.1226815338177,683.0,mist+ACI
06,2023-11-18,2023-12-02,3,0.8,1776.5574207455807,683.0,mist+ACI
06,2023-11-18,2023-12-02,3,0.85,2193.7757714036616,683.0,mist+ACI
06,2023-11-18,2023-12-02,3,0.9,2262.80407267547,683.0,mist+ACI
06,2023-11-18,2023-12-02,3,0.95,3490.7753756346824,683.0,mist+ACI
06,2023-11-18,2023-12-02,3,0.975,3766.194676139105,683.0,mist+ACI
06,2023-11-18,2023-12-02,3,0.99,4169.385048925942,683.0,mist+ACI
06,2023-11-18,2023-12-09,4,0.01,19.40375730140852,868.0,mist+ACI
06,2023-11-18,2023-12-09,4,0.025,99.38061045318591,868.0,mist+ACI
06,2023-11-18,2023-12-09,4,0.05,268.8217614446235,868.0,mist+ACI
06,2023-11-18,2023-12-09,4,0.1,356.6721015658095,868.0,mist+ACI
06,2023-11-18,2023-12-09,4,0.15,433.3507671178985,868.0,mist+ACI
06,2023-11-18,2023-12-09,4,0.2,485.5474942844648,868.0,mist+ACI
06,2023-11-18,2023-12-09,4,0.25,545.9545380373863,868.0,mist+ACI
06,2023-11-18,2023-12-09,4,0.3,585.8266716357383,868.0,mist+ACI
06,2023-11-18,2023-12-09,4,0.35,603.3456402866473,868.0,mist+ACI
06,2023-11-18,2023-12-09,4,0.4,640.387448731048,868.0,mist+ACI
06,2023-11-18,2023-12-09,4,0.45,649.774629726399,868.0,mist+ACI
06,2023-11-18,2023-12-09,4,0.5,656.5422973632812,868.0,mist+ACI
06,2023-11-18,2023-12-09,4,0.55,1267.9998071849159,868.0,mist+ACI
06,2023-11-18,2023-12-09,4,0.6,1577.4849836062822,868.0,mist+ACI
06,2023-11-18,2023-12-09,4,0.65,1891.1341470234013,868.0,mist+ACI
06,2023-11-18,2023-12-09,4,0.7,2105.351964072004,868.0,mist+ACI
06,2023-11-18,2023-12-09,4,0.75,2619.3929646251872,868.0,mist+ACI
06,2023-11-18,2023-12-09,4,0.8,2648.794134457046,868.0,mist+ACI
06,2023-11-18,2023-12-09,4,0.85,3187.772568682433,868.0,mist+ACI
06,2023-11-18,2023-12-09,4,0.9,3622.886285207925,868.0,mist+ACI
06,2023-11-18,2023-12-09,4,0.95,3657.4337967517195,868.0,mist+ACI
06,2023-11-18,2023-12-09,4,0.975,4564.757878640343,868.0,mist+ACI
06,2023-11-18,2023-12-09,4,0.99,5309.903492611006,868.0,mist+ACI
06,2023-11-25,2023-11-25,1,0.01,42.31862287619987,459.0,mist+ACI
06,2023-11-25,2023-11-25,1,0.025,197.73535035961038,459.0,mist+ACI
06,2023-11-25,2023-11-25,1,0.05,247.13912880238172,459.0,mist+ACI
06,2023-11-25,2023-11-25,1,0.1,338.60392000833735,459.0,mist+ACI
06,2023-11-25,2023-11-25,1,0.15,376.19290543163436,459.0,mist+ACI
06,2023-11-25,2023-11-25,1,0.2,413.21717686074624,459.0,mist+ACI
06,2023-11-25,2023-11-25,1,0.25,435.8129731852204,459.0,mist+ACI
06,2023-11-25,2023-11-25,1,0.3,445.87109647543855,459.0,mist+ACI
06,2023-11-25,2023-11-25,1,0.35,459.9852887906813,459.0,mist+ACI
06,2023-11-25,2023-11-25,1,0.4,466.4189646999346,459.0,mist+ACI
06,2023-11-25,2023-11-25,1,0.45,469.1288461624299,459.0,mist+ACI
06,2023-11-25,2023-11-25,1,0.5,471.834228515625,459.0,mist+ACI
06,2023-11-25,2023-11-25,1,0.55,604.9584540389257,459.0,mist+ACI
06,2023-11-25,2023-11-25,1,0.6,721.7824546333297,459.0,mist+ACI
06,2023-11-25,2023-11-25,1,0.65,725.3592004513232,459.0,mist+ACI
06,2023-11-25,2023-11-25,1,0.7,831.3465638567818,459.0,mist+ACI
06,2023-11-25,2023-11-25,1,0.75,844.7088652663388,459.0,mist+ACI
06,2023-11-25,2023-11-25,1,0.8,1117.8680675168162,459.0,mist+ACI
06,2023-11-25,2023-11-25,1,0.85,1139.1546873968753,459.0,mist+ACI
06,2023-11-25,2023-11-25,1,0.9,1477.4865519448279,459.0,mist+ACI
06,2023-11-25,2023-11-25,1,0.95,2169.095623837224,459.0,mist+ACI
06,2023-11-25,2023-11-25,1,0.975,2930.184019949661,459.0,mist+ACI
06,2023-11-25,2023-11-25,1,0.99,3177.2318780491214,459.0,mist+ACI
06,2023-11-25,2023-12-02,2,0.01,32.652411838281296,683.0,mist+ACI
06,2023-11-25,2023-12-02,2,0.025,78.95691854999109,683.0,mist+ACI
06,2023-11-25,2023-12-02,2,0.05,357.29170755241984,683.0,mist+ACI
06,2023-11-25,2023-12-02,2,0.1,492.85042656122266,683.0,mist+ACI
06,2023-11-25,2023-12-02,2,0.15,566.923995971441,683.0,mist+ACI
06,2023-11-25,2023-12-02,2,0.2,628.9749434403557,683.0,mist+ACI
06,2023-11-25,2023-12-02,2,0.25,662.0478298363109,683.0,mist+ACI
06,2023-11-25,2023-12-02,2,0.3,689.8734035458369,683.0,mist+ACI
06,2023-11-25,2023-12-02,2,0.35,710.7594940049864,683.0,mist+ACI
06,2023-11-25,2023-12-02,2,0.4,720.6474678494939,683.0,mist+ACI
06,2023-11-25,2023-12-02,2,0.45,730.3795273954588,683.0,mist+ACI
06,2023-11-25,2023-12-02,2,0.5,742.0578002929688,683.0,mist+ACI
06,2023-11-25,2023-12-02,2,0.55,863.8870567207489,683.0,mist+ACI
06,2023-11-25,2023-12-02,2,0.6,977.9853007168736,683.0,mist+ACI
06,2023-11-25,2023-12-02,2,0.65,1139.7888149363212,683.0,mist+ACI
06,2023-11-25,2023-12-02,2,0.7,1231.5963288298879,683.0,mist+ACI
06,2023-11-25,2023-12-02,2,0.75,1354.4130527801876,683.0,mist+ACI
06,2023-11-25,2023-12-02,2,0.8,1703.2292834428658,683.0,mist+ACI
06,2023-11-25,2023-12-02,2,0.85,1720.84746279442,683.0,mist+ACI
06,2023-11-25,2023-12-02,2,0.9,2341.929580937366,683.0,mist+ACI
06,2023-11-25,2023-12-02,2,0.95,3573.531205035852,683.0,mist+ACI
06,2023-11-25,2023-12-02,2,0.975,4287.055530338186,683.0,mist+ACI
06,2023-11-25,2023-12-02,2,0.99,5194.287004802706,683.0,mist+ACI
06,2023-11-25,2023-12-09,3,0.01,43.721070175487625,868.0,mist+ACI
06,2023-11-25,2023-12-09,3,0.025,216.06523800194987,868.0,mist+ACI
06,2023-11-25,2023-12-09,3,0.05,448.98383650365815,868.0,mist+ACI
06,2023-11-25,2023-12-09,3,0.1,644.6084586126387,868.0,mist+ACI
06,2023-11-25,2023-12-09,3,0.15,750.4438720840262,868.0,mist+ACI
06,2023-11-25,2023-12-09,3,0.2,821.9572522275919,868.0,mist+ACI
06,2023-11-25,2023-12-09,3,0.25,888.7978840627792,868.0,mist+ACI
06,2023-11-25,2023-12-09,3,0.3,915.2646228913113,868.0,mist+ACI
06,2023-11-25,2023-12-09,3,0.35,946.2114606456154,868.0,mist+ACI
06,2023-11-25,2023-12-09,3,0.4,968.066918242197,868.0,mist+ACI
06,2023-11-25,2023-12-09,3,0.45,982.814049184012,868.0,mist+ACI
06,2023-11-25,2023-12-09,3,0.5,993.6038208007812,868.0,mist+ACI
06,2023-11-25,2023-12-09,3,0.55,1169.1997968246328,868.0,mist+ACI
06,2023-11-25,2023-12-09,3,0.6,1437.16183635965,868.0,mist+ACI
06,2023-11-25,2023-12-09,3,0.65,1568.7619092382306,868.0,mist+ACI
06,2023-11-25,2023-12-09,3,0.7,1857.3051444726989,868.0,mist+ACI
06,2023-11-25,2023-12-09,3,0.75,2040.1838628416083,868.0,mist+ACI
06,2023-11-25,2023-12-09,3,0.8,2623.4311686144265,868.0,mist+ACI
06,2023-11-25,2023-12-09,3,0.85,2717.9369506513003,868.0,mist+ACI
06,2023-11-25,2023-12-09,3,0.9,3482.1046348657032,868.0,mist+ACI
06,2023-11-25,2023-12-09,3,0.95,5649.138538411963,868.0,mist+ACI
06,2023-11-25,2023-12-09,3,0.975,6272.284236593597,868.0,mist+ACI
06,2023-11-25,2023-12-09,3,0.99,7074.688305073804,868.0,mist+ACI
06,2023-11-25,2023-12-16,4,0.01,49.06223301617115,1077.0,mist+ACI
06,2023-11-25,2023-12-16,4,0.025,188.01669747598532,1077.0,mist+ACI
06,2023-11-25,2023-12-16,4,0.05,489.44783347907014,1077.0,mist+ACI
06,2023-11-25,2023-12-16,4,0.1,666.1380892859312,1077.0,mist+ACI
06,2023-11-25,2023-12-16,4,0.15,805.9719388101922,1077.0,mist+ACI
06,2023-11-25,2023-12-16,4,0.2,900.4150360602613,1077.0,mist+ACI
06,2023-11-25,2023-12-16,4,0.25,982.2704999245674,1077.0,mist+ACI
06,2023-11-25,2023-12-16,4,0.3,1037.0782781337537,1077.0,mist+ACI
06,2023-11-25,2023-12-16,4,0.35,1059.7024153754276,1077.0,mist+ACI
06,2023-11-25,2023-12-16,4,0.4,1100.1720256197027,1077.0,mist+ACI
06,2023-11-25,2023-12-16,4,0.45,1107.7879085504403,1077.0,mist+ACI
06,2023-11-25,2023-12-16,4,0.5,1114.9869384765625,1077.0,mist+ACI
06,2023-11-25,2023-12-16,4,0.55,1656.1337914016917,1077.0,mist+ACI
06,2023-11-25,2023-12-16,4,0.6,2211.234518985557,1077.0,mist+ACI
06,2023-11-25,2023-12-16,4,0.65,2261.19489174397,1077.0,mist+ACI
06,2023-11-25,2023-12-16,4,0.7,2979.435079998165,1077.0,mist+ACI
06,2023-11-25,2023-12-16,4,0.75,3135.397259044216,1077.0,mist+ACI
06,2023-11-25,2023-12-16,4,0.8,3879.783812613891,1077.0,mist+ACI
06,2023-11-25,2023-12-16,4,0.85,4404.4150852376315,1077.0,mist+ACI
06,2023-11-25,2023-12-16,4,0.9,4872.67432253005,1077.0,mist+ACI
06,2023-11-25,2023-12-16,4,0.95,5902.092884279113,1077.0,mist+ACI
06,2023-11-25,2023-12-16,4,0.975,7632.782205277303,1077.0,mist+ACI
06,2023-11-25,2023-12-16,4,0.99,9065.427071050983,1077.0,mist+ACI
06,2023-12-02,2023-12-02,1,0.01,24.9575512934436,683.0,mist+ACI
06,2023-12-02,2023-12-02,1,0.025,182.42277346459522,683.0,mist+ACI
06,2023-12-02,2023-12-02,1,0.05,225.63839499140462,683.0,mist+ACI
06,2023-12-02,2023-12-02,1,0.1,309.91259268808227,683.0,mist+ACI
06,2023-12-02,2023-12-02,1,0.15,356.3089207682145,683.0,mist+ACI
06,2023-12-02,2023-12-02,1,0.2,385.1505270926152,683.0,mist+ACI
06,2023-12-02,2023-12-02,1,0.25,393.41505019659905,683.0,mist+ACI
06,2023-12-02,2023-12-02,1,0.3,403.751552829335,683.0,mist+ACI
06,2023-12-02,2023-12-02,1,0.35,407.2225890849223,683.0,mist+ACI
06,2023-12-02,2023-12-02,1,0.4,411.5517895477033,683.0,mist+ACI
06,2023-12-02,2023-12-02,1,0.45,414.46049803103926,683.0,mist+ACI
06,2023-12-02,2023-12-02,1,0.5,428.562744140625,683.0,mist+ACI
06,2023-12-02,2023-12-02,1,0.55,500.1988134736475,683.0,mist+ACI
06,2023-12-02,2023-12-02,1,0.6,568.3175545669999,683.0,mist+ACI
06,2023-12-02,2023-12-02,1,0.65,576.7049560546875,683.0,mist+ACI
06,2023-12-02,2023-12-02,1,0.7,622.9906620577549,683.0,mist+ACI
06,2023-12-02,2023-12-02,1,0.75,713.071110767514,683.0,mist+ACI
06,2023-12-02,2023-12-02,1,0.8,736.9060394207627,683.0,mist+ACI
06,2023-12-02,2023-12-02,1,0.85,912.9928899208376,683.0,mist+ACI
06,2023-12-02,2023-12-02,1,0.9,1192.878105797719,683.0,mist+ACI
06,2023-12-02,2023-12-02,1,0.95,1684.9214124628456,683.0,mist+ACI
06,2023-12-02,2023-12-02,1,0.975,2379.3591764769235,683.0,mist+ACI
06,2023-12-02,2023-12-02,1,0.99,2683.042880838749,683.0,mist+ACI
06,2023-12-02,2023-12-09,2,0.01,35.81605233505343,868.0,mist+ACI
06,2023-12-02,2023-12-09,2,0.025,85.66756159552722,868.0,mist+ACI
06,2023-12-02,2023-12-09,2,0.05,302.0317976174572,868.0,mist+ACI
06,2023-12-02,2023-12-09,2,0.1,452.87918427709735,868.0,mist+ACI
06,2023-12-02,2023-12-09,2,0.15,498.1681833104815,868.0,mist+ACI
06,2023-12-02,2023-12-09,2,0.2,547.7045787415119,868.0,mist+ACI
06,2023-12-02,2023-12-09,2,0.25,557.0238797424479,868.0,mist+ACI
06,2023-12-02,2023-12-09,2,0.3,565.4809922498648,868.0,mist+ACI
06,2023-12-02,2023-12-09,2,0.35,576.8075995855348,868.0,mist+ACI
06,2023-12-02,2023-12-09,2,0.4,587.8861227114719,868.0,mist+ACI
06,2023-12-02,2023-12-09,2,0.45,595.9626970377745,868.0,mist+ACI
06,2023-12-02,2023-12-09,2,0.5,615.0213012695312,868.0,mist+ACI
06,2023-12-02,2023-12-09,2,0.55,633.4185651864078,868.0,mist+ACI
06,2023-12-02,2023-12-09,2,0.6,736.3077521201097,868.0,mist+ACI
06,2023-12-02,2023-12-09,2,0.65,816.940695276414,868.0,mist+ACI
06,2023-12-02,2023-12-09,2,0.7,834.7470703125,868.0,mist+ACI
06,2023-12-02,2023-12-09,2,0.75,977.6094922421826,868.0,mist+ACI
06,2023-12-02,2023-12-09,2,0.8,1040.9371427992592,868.0,mist+ACI
06,2023-12-02,2023-12-09,2,0.85,1207.884308882138,868.0,mist+ACI
06,2023-12-02,2023-12-09,2,0.9,1762.2029208233275,868.0,mist+ACI
06,2023-12-02,2023-12-09,2,0.95,2737.219409138278,868.0,mist+ACI
06,2023-12-02,2023-12-09,2,0.975,3515.9604543712776,868.0,mist+ACI
06,2023-12-02,2023-12-09,2,0.99,4123.878375316448,868.0,mist+ACI
06,2023-12-02,2023-12-16,3,0.01,45.93338052949866,1077.0,mist+ACI
06,2023-12-02,2023-12-16,3,0.025,161.77811528083816,1077.0,mist+ACI
06,2023-12-02,2023-12-16,3,0.05,392.9294950597535,1077.0,mist+ACI
06,2023-12-02,2023-12-16,3,0.1,555.1262618550061,1077.0,mist+ACI
06,2023-12-02,2023-12-16,3,0.15,636.0102785468385,1077.0,mist+ACI
06,2023-12-02,2023-12-16,3,0.2,689.5111137908441,1077.0,mist+ACI
06,2023-12-02,2023-12-16,3,0.25,691.3150383901968,1077.0,mist+ACI
06,2023-12-02,2023-12-16,3,0.3,728.6234109226768,1077.0,mist+ACI
06,2023-12-02,2023-12-16,3,0.35,740.834416220501,1077.0,mist+ACI
06,2023-12-02,2023-12-16,3,0.4,748.9123543682578,1077.0,mist+ACI
06,2023-12-02,2023-12-16,3,0.45,767.4055273941619,1077.0,mist+ACI
06,2023-12-02,2023-12-16,3,0.5,788.752685546875,1077.0,mist+ACI
06,2023-12-02,2023-12-16,3,0.55,845.848483464685,1077.0,mist+ACI
06,2023-12-02,2023-12-16,3,0.6,1020.4276842103693,1077.0,mist+ACI
06,2023-12-02,2023-12-16,3,0.65,1123.7265625,1077.0,mist+ACI
06,2023-12-02,2023-12-16,3,0.7,1188.545378403664,1077.0,mist+ACI
06,2023-12-02,2023-12-16,3,0.75,1396.8858290144785,1077.0,mist+ACI
06,2023-12-02,2023-12-16,3,0.8,1636.6826638193206,1077.0,mist+ACI
06,2023-12-02,2023-12-16,3,0.85,1891.4197106989166,1077.0,mist+ACI
06,2023-12-02,2023-12-16,3,0.9,2661.6689964970365,1077.0,mist+ACI
06,2023-12-02,2023-12-16,3,0.95,4348.389376327526,1077.0,mist+ACI
06,2023-12-02,2023-12-16,3,0.975,5083.942804861137,1077.0,mist+ACI
06,2023-12-02,2023-12-16,3,0.99,5665.114946689847,1077.0,mist+ACI
06,2023-12-02,2023-12-23,4,0.01,52.191905300563576,1763.0,mist+ACI
06,2023-12-02,2023-12-23,4,0.025,182.07934102173476,1763.0,mist+ACI
06,2023-12-02,2023-12-23,4,0.05,395.9495633260444,1763.0,mist+ACI
06,2023-12-02,2023-12-23,4,0.1,581.1211006650951,1763.0,mist+ACI
06,2023-12-02,2023-12-23,4,0.15,690.9614061075515,1763.0,mist+ACI
06,2023-12-02,2023-12-23,4,0.2,761.5973918342465,1763.0,mist+ACI
06,2023-12-02,2023-12-23,4,0.25,774.9275608133153,1763.0,mist+ACI
06,2023-12-02,2023-12-23,4,0.3,819.1469524045145,1763.0,mist+ACI
06,2023-12-02,2023-12-23,4,0.35,849.8432407865597,1763.0,mist+ACI
06,2023-12-02,2023-12-23,4,0.4,850.3931304189766,1763.0,mist+ACI
06,2023-12-02,2023-12-23,4,0.45,873.6144032027962,1763.0,mist+ACI
06,2023-12-02,2023-12-23,4,0.5,896.2219848632812,1763.0,mist+ACI
06,2023-12-02,2023-12-23,4,0.55,1082.8682243838937,1763.0,mist+ACI
06,2023-12-02,2023-12-23,4,0.6,1311.6000115684897,1763.0,mist+ACI
06,2023-12-02,2023-12-23,4,0.65,1463.3125,1763.0,mist+ACI
06,2023-12-02,2023-12-23,4,0.7,1751.6235775314315,1763.0,mist+ACI
06,2023-12-02,2023-12-23,4,0.75,1999.3195334516415,1763.0,mist+ACI
06,2023-12-02,2023-12-23,4,0.8,2448.5904355097973,1763.0,mist+ACI
06,2023-12-02,2023-12-23,4,0.85,2657.7432128904857,1763.0,mist+ACI
06,2023-12-02,2023-12-23,4,0.9,3458.640979709946,1763.0,mist+ACI
06,2023-12-02,2023-12-23,4,0.95,4741.257620424996,1763.0,mist+ACI
06,2023-12-02,2023-12-23,4,0.975,6092.130618576656,1763.0,mist+ACI
06,2023-12-02,2023-12-23,4,0.99,7457.337683836126,1763.0,mist+ACI
06,2023-12-09,2023-12-09,1,0.01,38.23896380167372,868.0,mist+ACI
06,2023-12-09,2023-12-09,1,0.025,205.5573416848465,868.0,mist+ACI
06,2023-12-09,2023-12-09,1,0.05,287.0866716857371,868.0,mist+ACI
06,2023-12-09,2023-12-09,1,0.1,383.88733300973206,868.0,mist+ACI
06,2023-12-09,2023-12-09,1,0.15,451.8789433166373,868.0,mist+ACI
06,2023-12-09,2023-12-09,1,0.2,484.55243679257245,868.0,mist+ACI
06,2023-12-09,2023-12-09,1,0.25,500.4992170420831,868.0,mist+ACI
06,2023-12-09,2023-12-09,1,0.3,506.26215974061694,868.0,mist+ACI
06,2023-12-09,2023-12-09,1,0.35,509.78356331432246,868.0,mist+ACI
06,2023-12-09,2023-12-09,1,0.4,514.2662417646186,868.0,mist+ACI
06,2023-12-09,2023-12-09,1,0.45,516.0271383429468,868.0,mist+ACI
06,2023-12-09,2023-12-09,1,0.5,529.2113037109375,868.0,mist+ACI
06,2023-12-09,2023-12-09,1,0.55,707.3716929775737,868.0,mist+ACI
06,2023-12-09,2023-12-09,1,0.6,759.2714738512432,868.0,mist+ACI
06,2023-12-09,2023-12-09,1,0.65,816.5045166015625,868.0,mist+ACI
06,2023-12-09,2023-12-09,1,0.7,954.5964676999074,868.0,mist+ACI
06,2023-12-09,2023-12-09,1,0.75,1017.9799873504578,868.0,mist+ACI
06,2023-12-09,2023-12-09,1,0.8,1078.4359264501682,868.0,mist+ACI
06,2023-12-09,2023-12-09,1,0.85,1167.6772646376494,868.0,mist+ACI
06,2023-12-09,2023-12-09,1,0.9,1376.939048400397,868.0,mist+ACI
06,2023-12-09,2023-12-09,1,0.95,1990.8563551853226,868.0,mist+ACI
06,2023-12-09,2023-12-09,1,0.975,2836.5021300562685,868.0,mist+ACI
06,2023-12-09,2023-12-09,1,0.99,3359.7476401650015,868.0,mist+ACI
06,2023-12-09,2023-12-16,2,0.01,50.66432337572371,1077.0,mist+ACI
06,2023-12-09,2023-12-16,2,0.025,119.88018248054186,1077.0,mist+ACI
06,2023-12-09,2023-12-16,2,0.05,355.75621353248994,1077.0,mist+ACI
06,2023-12-09,2023-12-16,2,0.1,538.5893372548555,1077.0,mist+ACI
06,2023-12-09,2023-12-16,2,0.15,602.3010031559594,1077.0,mist+ACI
06,2023-12-09,2023-12-16,2,0.2,646.4163837756428,1077.0,mist+ACI
06,2023-12-09,2023-12-16,2,0.25,663.7215832370262,1077.0,mist+ACI
06,2023-12-09,2023-12-16,2,0.3,670.2782641281512,1077.0,mist+ACI
06,2023-12-09,2023-12-16,2,0.35,683.8437751506987,1077.0,mist+ACI
06,2023-12-09,2023-12-16,2,0.4,685.5305057087935,1077.0,mist+ACI
06,2023-12-09,2023-12-16,2,0.45,694.8109612289978,1077.0,mist+ACI
06,2023-12-09,2023-12-16,2,0.5,701.173095703125,1077.0,mist+ACI
06,2023-12-09,2023-12-16,2,0.55,840.9868156171117,1077.0,mist+ACI
06,2023-12-09,2023-12-16,2,0.6,1057.27001953125,1077.0,mist+ACI
06,2023-12-09,2023-12-16,2,0.65,1076.0615733153868,1077.0,mist+ACI
06,2023-12-09,2023-12-16,2,0.7,1219.176916046093,1077.0,mist+ACI
06,2023-12-09,2023-12-16,2,0.75,1309.4948467911136,1077.0,mist+ACI
06,2023-12-09,2023-12-16,2,0.8,1506.321525405067,1077.0,mist+ACI
06,2023-12-09,2023-12-16,2,0.85,1622.5181444355321,1077.0,mist+ACI
06,2023-12-09,2023-12-16,2,0.9,1989.2955058357861,1077.0,mist+ACI
06,2023-12-09,2023-12-16,2,0.95,3183.987677220217,1077.0,mist+ACI
06,2023-12-09,2023-12-16,2,0.975,4317.351180693631,1077.0,mist+ACI
06,2023-12-09,2023-12-16,2,0.99,5022.945551012081,1077.0,mist+ACI
06,2023-12-09,2023-12-23,3,0.01,65.74445270924684,1763.0,mist+ACI
06,2023-12-09,2023-12-23,3,0.025,173.00688073132517,1763.0,mist+ACI
06,2023-12-09,2023-12-23,3,0.05,478.1045517883092,1763.0,mist+ACI
06,2023-12-09,2023-12-23,3,0.1,676.0981008416709,1763.0,mist+ACI
06,2023-12-09,2023-12-23,3,0.15,767.9208184797073,1763.0,mist+ACI
06,2023-12-09,2023-12-23,3,0.2,826.6781778093139,1763.0,mist+ACI
06,2023-12-09,2023-12-23,3,0.25,847.6331545133942,1763.0,mist+ACI
06,2023-12-09,2023-12-23,3,0.3,860.4984799871161,1763.0,mist+ACI
06,2023-12-09,2023-12-23,3,0.35,880.7985893892827,1763.0,mist+ACI
06,2023-12-09,2023-12-23,3,0.4,881.1944432925516,1763.0,mist+ACI
06,2023-12-09,2023-12-23,3,0.45,896.5162863779867,1763.0,mist+ACI
06,2023-12-09,2023-12-23,3,0.5,909.8757934570312,1763.0,mist+ACI
06,2023-12-09,2023-12-23,3,0.55,1071.4937412714492,1763.0,mist+ACI
06,2023-12-09,2023-12-23,3,0.6,1461.9644775390625,1763.0,mist+ACI
06,2023-12-09,2023-12-23,3,0.65,1561.600011400878,1763.0,mist+ACI
06,2023-12-09,2023-12-23,3,0.7,1659.0293472850276,1763.0,mist+ACI
06,2023-12-09,2023-12-23,3,0.75,2026.8560247624232,1763.0,mist+ACI
06,2023-12-09,2023-12-23,3,0.8,2196.1165189240655,1763.0,mist+ACI
06,2023-12-09,2023-12-23,3,0.85,2220.7605487085248,1763.0,mist+ACI
06,2023-12-09,2023-12-23,3,0.9,2973.41858778742,1763.0,mist+ACI
06,2023-12-09,2023-12-23,3,0.95,4953.448322018259,1763.0,mist+ACI
06,2023-12-09,2023-12-23,3,0.975,6078.104733951067,1763.0,mist+ACI
06,2023-12-09,2023-12-23,3,0.99,6869.396325048887,1763.0,mist+ACI
06,2023-12-09,2023-12-30,4,0.01,76.62893242684049,1810.0,mist+ACI
06,2023-12-09,2023-12-30,4,0.025,225.16736853202667,1810.0,mist+ACI
06,2023-12-09,2023-12-30,4,0.05,473.01966051713543,1810.0,mist+ACI
06,2023-12-09,2023-12-30,4,0.1,727.4758679806569,1810.0,mist+ACI
06,2023-12-09,2023-12-30,4,0.15,858.8226507438872,1810.0,mist+ACI
06,2023-12-09,2023-12-30,4,0.2,954.5237457091528,1810.0,mist+ACI
06,2023-12-09,2023-12-30,4,0.25,960.4973378161706,1810.0,mist+ACI
06,2023-12-09,2023-12-30,4,0.3,992.2933777590964,1810.0,mist+ACI
06,2023-12-09,2023-12-30,4,0.35,1021.972302210292,1810.0,mist+ACI
06,2023-12-09,2023-12-30,4,0.4,1024.1945720553183,1810.0,mist+ACI
06,2023-12-09,2023-12-30,4,0.45,1043.5197679929408,1810.0,mist+ACI
06,2023-12-09,2023-12-30,4,0.5,1060.512451171875,1810.0,mist+ACI
06,2023-12-09,2023-12-30,4,0.55,1501.3632236308017,1810.0,mist+ACI
06,2023-12-09,2023-12-30,4,0.6,2037.5184326171875,1810.0,mist+ACI
06,2023-12-09,2023-12-30,4,0.65,2140.0026515501377,1810.0,mist+ACI
06,2023-12-09,2023-12-30,4,0.7,2186.920816944701,1810.0,mist+ACI
06,2023-12-09,2023-12-30,4,0.75,2729.3723291708784,1810.0,mist+ACI
06,2023-12-09,2023-12-30,4,0.8,3087.918174786143,1810.0,mist+ACI
06,2023-12-09,2023-12-30,4,0.85,3570.311413913972,1810.0,mist+ACI
06,2023-12-09,2023-12-30,4,0.9,3705.4403806187506,1810.0,mist+ACI
06,2023-12-09,2023-12-30,4,0.95,5564.382817076607,1810.0,mist+ACI
06,2023-12-09,2023-12-30,4,0.975,7193.614966704948,1810.0,mist+ACI
06,2023-12-09,2023-12-30,4,0.99,9112.094532651547,1810.0,mist+ACI
06,2023-12-16,2023-12-16,1,0.01,43.14808186889735,1077.0,mist+ACI
06,2023-12-16,2023-12-16,1,0.025,145.29254341042378,1077.0,mist+ACI
06,2023-12-16,2023-12-16,1,0.05,258.7580728704564,1077.0,mist+ACI
06,2023-12-16,2023-12-16,1,0.1,347.23874539738983,1077.0,mist+ACI
06,2023-12-16,2023-12-16,1,0.15,433.6180982120052,1077.0,mist+ACI
06,2023-12-16,2023-12-16,1,0.2,460.6427707778554,1077.0,mist+ACI
06,2023-12-16,2023-12-16,1,0.25,475.7396544080615,1077.0,mist+ACI
06,2023-12-16,2023-12-16,1,0.3,482.2729853215543,1077.0,mist+ACI
06,2023-12-16,2023-12-16,1,0.35,485.3541076695205,1077.0,mist+ACI
06,2023-12-16,2023-12-16,1,0.4,489.91576447167836,1077.0,mist+ACI
06,2023-12-16,2023-12-16,1,0.45,491.89072486929496,1077.0,mist+ACI
06,2023-12-16,2023-12-16,1,0.5,501.32073974609375,1077.0,mist+ACI
06,2023-12-16,2023-12-16,1,0.55,680.331176601562,1077.0,mist+ACI
06,2023-12-16,2023-12-16,1,0.6,824.2516971306907,1077.0,mist+ACI
06,2023-12-16,2023-12-16,1,0.65,833.7432844318512,1077.0,mist+ACI
06,2023-12-16,2023-12-16,1,0.7,872.6879475553328,1077.0,mist+ACI
06,2023-12-16,2023-12-16,1,0.75,890.1564661448823,1077.0,mist+ACI
06,2023-12-16,2023-12-16,1,0.8,1125.4963662092678,1077.0,mist+ACI
06,2023-12-16,2023-12-16,1,0.85,1248.2198476150286,1077.0,mist+ACI
06,2023-12-16,2023-12-16,1,0.9,1562.1390306191606,1077.0,mist+ACI
06,2023-12-16,2023-12-16,1,0.95,1825.7319757262132,1077.0,mist+ACI
06,2023-12-16,2023-12-16,1,0.975,2622.529817324083,1077.0,mist+ACI
06,2023-12-16,2023-12-16,1,0.99,3331.883171158422,1077.0,mist+ACI
06,2023-12-16,2023-12-23,2,0.01,48.7470148130659,1763.0,mist+ACI
06,2023-12-16,2023-12-23,2,0.025,114.114884696395,1763.0,mist+ACI
06,2023-12-16,2023-12-23,2,0.05,265.9109136762204,1763.0,mist+ACI
06,2023-12-16,2023-12-23,2,0.1,438.96310905886526,1763.0,mist+ACI
06,2023-12-16,2023-12-23,2,0.15,505.30481583502757,1763.0,mist+ACI
06,2023-12-16,2023-12-23,2,0.2,529.7587741403208,1763.0,mist+ACI
06,2023-12-16,2023-12-23,2,0.25,544.2145974677344,1763.0,mist+ACI
06,2023-12-16,2023-12-23,2,0.3,554.9361354021955,1763.0,mist+ACI
06,2023-12-16,2023-12-23,2,0.35,558.6386536885011,1763.0,mist+ACI
06,2023-12-16,2023-12-23,2,0.4,561.9756373633803,1763.0,mist+ACI
06,2023-12-16,2023-12-23,2,0.45,564.8794230633653,1763.0,mist+ACI
06,2023-12-16,2023-12-23,2,0.5,566.37255859375,1763.0,mist+ACI
06,2023-12-16,2023-12-23,2,0.55,861.6465309633478,1763.0,mist+ACI
06,2023-12-16,2023-12-23,2,0.6,1002.3459651988549,1763.0,mist+ACI
06,2023-12-16,2023-12-23,2,0.65,1006.5741481212845,1763.0,mist+ACI
06,2023-12-16,2023-12-23,2,0.7,1087.2728606597948,1763.0,mist+ACI
06,2023-12-16,2023-12-23,2,0.75,1163.7666018558823,1763.0,mist+ACI
06,2023-12-16,2023-12-23,2,0.8,1486.511236034427,1763.0,mist+ACI
06,2023-12-16,2023-12-23,2,0.85,1652.6945642088417,1763.0,mist+ACI
06,2023-12-16,2023-12-23,2,0.9,1678.3462642602503,1763.0,mist+ACI
06,2023-12-16,2023-12-23,2,0.95,2709.384852472604,1763.0,mist+ACI
06,2023-12-16,2023-12-23,2,0.975,3961.570287430136,1763.0,mist+ACI
06,2023-12-16,2023-12-23,2,0.99,4578.962870327086,1763.0,mist+ACI
06,2023-12-16,2023-12-30,3,0.01,60.461340868787715,1810.0,mist+ACI
06,2023-12-16,2023-12-30,3,0.025,141.53767093819704,1810.0,mist+ACI
06,2023-12-16,2023-12-30,3,0.05,372.0922523871215,1810.0,mist+ACI
06,2023-12-16,2023-12-30,3,0.1,534.1984096317912,1810.0,mist+ACI
06,2023-12-16,2023-12-30,3,0.15,610.6086997578584,1810.0,mist+ACI
06,2023-12-16,2023-12-30,3,0.2,656.0630898454368,1810.0,mist+ACI
06,2023-12-16,2023-12-30,3,0.25,673.0313132898002,1810.0,mist+ACI
06,2023-12-16,2023-12-30,3,0.3,676.7623248358838,1810.0,mist+ACI
06,2023-12-16,2023-12-30,3,0.35,688.4516598029262,1810.0,mist+ACI
06,2023-12-16,2023-12-30,3,0.4,691.1485244563388,1810.0,mist+ACI
06,2023-12-16,2023-12-30,3,0.45,696.721830392984,1810.0,mist+ACI
06,2023-12-16,2023-12-30,3,0.5,702.4767456054688,1810.0,mist+ACI
06,2023-12-16,2023-12-30,3,0.55,963.7865674873894,1810.0,mist+ACI
06,2023-12-16,2023-12-30,3,0.6,1117.5871632820144,1810.0,mist+ACI
06,2023-12-16,2023-12-30,3,0.65,1375.9056898002063,1810.0,mist+ACI
06,2023-12-16,2023-12-30,3,0.7,1564.4371311483997,1810.0,mist+ACI
06,2023-12-16,2023-12-30,3,0.75,1598.5317605105913,1810.0,mist+ACI
06,2023-12-16,2023-12-30,3,0.8,2225.7553795845392,1810.0,mist+ACI
06,2023-12-16,2023-12-30,3,0.85,2297.635877992641,1810.0,mist+ACI
06,2023-12-16,2023-12-30,3,0.9,2491.502803542182,1810.0,mist+ACI
06,2023-12-16,2023-12-30,3,0.95,4110.557619794087,1810.0,mist+ACI
06,2023-12-16,2023-12-30,3,0.975,5464.806343773175,1810.0,mist+ACI
06,2023-12-16,2023-12-30,3,0.99,6259.697489717023,1810.0,mist+ACI
06,2023-12-16,2024-01-06,4,0.01,76.1170975193105,1470.0,mist+ACI
06,2023-12-16,2024-01-06,4,0.025,178.18719443948783,1470.0,mist+ACI
06,2023-12-16,2024-01-06,4,0.05,347.74008454696855,1470.0,mist+ACI
06,2023-12-16,2024-01-06,4,0.1,625.8268362792498,1470.0,mist+ACI
06,2023-12-16,2024-01-06,4,0.15,734.9434293567053,1470.0,mist+ACI
06,2023-12-16,2024-01-06,4,0.2,811.828485926309,1470.0,mist+ACI
06,2023-12-16,2024-01-06,4,0.25,823.6642727465696,1470.0,mist+ACI
06,2023-12-16,2024-01-06,4,0.3,840.6857446148587,1470.0,mist+ACI
06,2023-12-16,2024-01-06,4,0.35,856.6267924158215,1470.0,mist+ACI
06,2023-12-16,2024-01-06,4,0.4,858.0229540270527,1470.0,mist+ACI
06,2023-12-16,2024-01-06,4,0.45,872.3468509793902,1470.0,mist+ACI
06,2023-12-16,2024-01-06,4,0.5,884.3748779296875,1470.0,mist+ACI
06,2023-12-16,2024-01-06,4,0.55,1182.992823645295,1470.0,mist+ACI
06,2023-12-16,2024-01-06,4,0.6,1321.5867870526122,1470.0,mist+ACI
06,2023-12-16,2024-01-06,4,0.65,1790.4470299717768,1470.0,mist+ACI
06,2023-12-16,2024-01-06,4,0.7,1907.8221519521676,1470.0,mist+ACI
06,2023-12-16,2024-01-06,4,0.75,1985.5558987244476,1470.0,mist+ACI
06,2023-12-16,2024-01-06,4,0.8,2830.661554707843,1470.0,mist+ACI
06,2023-12-16,2024-01-06,4,0.85,3122.3168584780656,1470.0,mist+ACI
06,2023-12-16,2024-01-06,4,0.9,3558.2402822153613,1470.0,mist+ACI
06,2023-12-16,2024-01-06,4,0.95,4984.0008692538395,1470.0,mist+ACI
06,2023-12-16,2024-01-06,4,0.975,6229.2095560895405,1470.0,mist+ACI
06,2023-12-16,2024-01-06,4,0.99,8396.289589731146,1470.0,mist+ACI
06,2023-12-23,2023-12-23,1,0.01,59.12954462827895,1763.0,mist+ACI
06,2023-12-23,2023-12-23,1,0.025,183.04835215835885,1763.0,mist+ACI
06,2023-12-23,2023-12-23,1,0.05,323.3042017380357,1763.0,mist+ACI
06,2023-12-23,2023-12-23,1,0.1,438.86576099531874,1763.0,mist+ACI
06,2023-12-23,2023-12-23,1,0.15,529.6539174918806,1763.0,mist+ACI
06,2023-12-23,2023-12-23,1,0.2,557.5748631264051,1763.0,mist+ACI
06,2023-12-23,2023-12-23,1,0.25,573.58273839242,1763.0,mist+ACI
06,2023-12-23,2023-12-23,1,0.3,577.3476481676304,1763.0,mist+ACI
06,2023-12-23,2023-12-23,1,0.35,582.6660340353701,1763.0,mist+ACI
06,2023-12-23,2023-12-23,1,0.4,584.4689822558635,1763.0,mist+ACI
06,2023-12-23,2023-12-23,1,0.45,587.1522312810292,1763.0,mist+ACI
06,2023-12-23,2023-12-23,1,0.5,593.2205810546875,1763.0,mist+ACI
06,2023-12-23,2023-12-23,1,0.55,1067.4312957448171,1763.0,mist+ACI
06,2023-12-23,2023-12-23,1,0.6,1135.6399335537549,1763.0,mist+ACI
06,2023-12-23,2023-12-23,1,0.65,1352.0751959254353,1763.0,mist+ACI
06,2023-12-23,2023-12-23,1,0.7,1416.6176908936686,1763.0,mist+ACI
06,2023-12-23,2023-12-23,1,0.75,1538.3370378869445,1763.0,mist+ACI
06,2023-12-23,2023-12-23,1,0.8,1610.8576422771305,1763.0,mist+ACI
06,2023-12-23,2023-12-23,1,0.85,1947.1896287473573,1763.0,mist+ACI
06,2023-12-23,2023-12-23,1,0.9,2020.1427230583697,1763.0,mist+ACI
06,2023-12-23,2023-12-23,1,0.95,2211.4203303339546,1763.0,mist+ACI
06,2023-12-23,2023-12-23,1,0.975,2939.4810043923003,1763.0,mist+ACI
06,2023-12-23,2023-12-23,1,0.99,3811.6826837811823,1763.0,mist+ACI
06,2023-12-23,2023-12-30,2,0.01,64.56565438133043,1810.0,mist+ACI
06,2023-12-23,2023-12-30,2,0.025,149.55039846025483,1810.0,mist+ACI
06,2023-12-23,2023-12-30,2,0.05,321.8027160453155,1810.0,mist+ACI
06,2023-12-23,2023-12-30,2,0.1,519.3168397753248,1810.0,mist+ACI
06,2023-12-23,2023-12-30,2,0.15,593.835221076879,1810.0,mist+ACI
06,2023-12-23,2023-12-30,2,0.2,615.8696796872448,1810.0,mist+ACI
06,2023-12-23,2023-12-30,2,0.25,630.0763937723607,1810.0,mist+ACI
06,2023-12-23,2023-12-30,2,0.3,639.5778952869122,1810.0,mist+ACI
06,2023-12-23,2023-12-30,2,0.35,642.0897496085768,1810.0,mist+ACI
06,2023-12-23,2023-12-30,2,0.4,643.7374482721148,1810.0,mist+ACI
06,2023-12-23,2023-12-30,2,0.45,647.6082797805939,1810.0,mist+ACI
06,2023-12-23,2023-12-30,2,0.5,647.7586669921875,1810.0,mist+ACI
06,2023-12-23,2023-12-30,2,0.55,1267.4904302138625,1810.0,mist+ACI
06,2023-12-23,2023-12-30,2,0.6,1406.0101961712985,1810.0,mist+ACI
06,2023-12-23,2023-12-30,2,0.65,1553.94932248751,1810.0,mist+ACI
06,2023-12-23,2023-12-30,2,0.7,1702.9092268610705,1810.0,mist+ACI
06,2023-12-23,2023-12-30,2,0.75,1812.6148563971262,1810.0,mist+ACI
06,2023-12-23,2023-12-30,2,0.8,2264.3343803338175,1810.0,mist+ACI
06,2023-12-23,2023-12-30,2,0.85,2334.6973179180677,1810.0,mist+ACI
06,2023-12-23,2023-12-30,2,0.9,2718.3109713173058,1810.0,mist+ACI
06,2023-12-23,2023-12-30,2,0.95,2855.702953988426,1810.0,mist+ACI
06,2023-12-23,2023-12-30,2,0.975,4313.159127330048,1810.0,mist+ACI
06,2023-12-23,2023-12-30,2,0.99,5250.783973880198,1810.0,mist+ACI
06,2023-12-23,2024-01-06,3,0.01,78.02867583664852,1470.0,mist+ACI
06,2023-12-23,2024-01-06,3,0.025,180.7341639221588,1470.0,mist+ACI
06,2023-12-23,2024-01-06,3,0.05,440.9983737632701,1470.0,mist+ACI
06,2023-12-23,2024-01-06,3,0.1,623.0386575407061,1470.0,mist+ACI
06,2023-12-23,2024-01-06,3,0.15,701.834904336085,1470.0,mist+ACI
06,2023-12-23,2024-01-06,3,0.2,744.0424244483064,1470.0,mist+ACI
06,2023-12-23,2024-01-06,3,0.25,760.2270332469341,1470.0,mist+ACI
06,2023-12-23,2024-01-06,3,0.3,766.1217143258672,1470.0,mist+ACI
06,2023-12-23,2024-01-06,3,0.35,773.0636777324918,1470.0,mist+ACI
06,2023-12-23,2024-01-06,3,0.4,775.8660367031474,1470.0,mist+ACI
06,2023-12-23,2024-01-06,3,0.45,779.2012827345769,1470.0,mist+ACI
06,2023-12-23,2024-01-06,3,0.5,782.8272094726562,1470.0,mist+ACI
06,2023-12-23,2024-01-06,3,0.55,1327.7401490021207,1470.0,mist+ACI
06,2023-12-23,2024-01-06,3,0.6,1833.4226213866777,1470.0,mist+ACI
06,2023-12-23,2024-01-06,3,0.65,1891.3726750790167,1470.0,mist+ACI
06,2023-12-23,2024-01-06,3,0.7,2063.064890444568,1470.0,mist+ACI
06,2023-12-23,2024-01-06,3,0.75,2561.6363918312636,1470.0,mist+ACI
06,2023-12-23,2024-01-06,3,0.8,2782.3522688954777,1470.0,mist+ACI
06,2023-12-23,2024-01-06,3,0.85,3919.3845882657542,1470.0,mist+ACI
06,2023-12-23,2024-01-06,3,0.9,4280.28785204753,1470.0,mist+ACI
06,2023-12-23,2024-01-06,3,0.95,4318.913225888325,1470.0,mist+ACI
06,2023-12-23,2024-01-06,3,0.975,6008.623220695961,1470.0,mist+ACI
06,2023-12-23,2024-01-06,3,0.99,6970.578682474521,1470.0,mist+ACI
06,2023-12-23,2024-01-13,4,0.01,98.41501213425931,1075.0,mist+ACI
06,2023-12-23,2024-01-13,4,0.025,227.9540789941268,1075.0,mist+ACI
06,2023-12-23,2024-01-13,4,0.05,410.3786054694266,1075.0,mist+ACI
06,2023-12-23,2024-01-13,4,0.1,735.5183742565018,1075.0,mist+ACI
06,2023-12-23,2024-01-13,4,0.15,853.7100043823154,1075.0,mist+ACI
06,2023-12-23,2024-01-13,4,0.2,924.8505158810768,1075.0,mist+ACI
06,2023-12-23,2024-01-13,4,0.25,946.0749348353154,1075.0,mist+ACI
06,2023-12-23,2024-01-13,4,0.3,954.4349316238034,1075.0,mist+ACI
06,2023-12-23,2024-01-13,4,0.35,967.9678096797184,1075.0,mist+ACI
06,2023-12-23,2024-01-13,4,0.4,969.2957357795939,1075.0,mist+ACI
06,2023-12-23,2024-01-13,4,0.45,979.7896918445037,1075.0,mist+ACI
06,2023-12-23,2024-01-13,4,0.5,987.3543090820312,1075.0,mist+ACI
06,2023-12-23,2024-01-13,4,0.55,1678.4316369084002,1075.0,mist+ACI
06,2023-12-23,2024-01-13,4,0.6,1830.501132033644,1075.0,mist+ACI
06,2023-12-23,2024-01-13,4,0.65,2504.4453491862187,1075.0,mist+ACI
06,2023-12-23,2024-01-13,4,0.7,2844.5815894918082,1075.0,mist+ACI
06,2023-12-23,2024-01-13,4,0.75,3189.1261913977773,1075.0,mist+ACI
06,2023-12-23,2024-01-13,4,0.8,3472.941288851928,1075.0,mist+ACI
06,2023-12-23,2024-01-13,4,0.85,4358.171637173931,1075.0,mist+ACI
06,2023-12-23,2024-01-13,4,0.9,5289.971028090645,1075.0,mist+ACI
06,2023-12-23,2024-01-13,4,0.95,5422.595724094181,1075.0,mist+ACI
06,2023-12-23,2024-01-13,4,0.975,6829.436942597813,1075.0,mist+ACI
06,2023-12-23,2024-01-13,4,0.99,9512.268263362126,1075.0,mist+ACI
06,2023-12-30,2023-12-30,1,0.01,87.31699644086996,1810.0,mist+ACI
06,2023-12-30,2023-12-30,1,0.025,200.13319688604213,1810.0,mist+ACI
06,2023-12-30,2023-12-30,1,0.05,402.28601133476525,1810.0,mist+ACI
06,2023-12-30,2023-12-30,1,0.1,576.9211397612238,1810.0,mist+ACI
06,2023-12-30,2023-12-30,1,0.15,693.0854622765681,1810.0,mist+ACI
06,2023-12-30,2023-12-30,1,0.2,731.6586233199085,1810.0,mist+ACI
06,2023-12-30,2023-12-30,1,0.25,755.3312317753445,1810.0,mist+ACI
06,2023-12-30,2023-12-30,1,0.3,756.0415066678719,1810.0,mist+ACI
06,2023-12-30,2023-12-30,1,0.35,763.0204310070548,1810.0,mist+ACI
06,2023-12-30,2023-12-30,1,0.4,763.7340763038553,1810.0,mist+ACI
06,2023-12-30,2023-12-30,1,0.45,767.7392349721791,1810.0,mist+ACI
06,2023-12-30,2023-12-30,1,0.5,772.173095703125,1810.0,mist+ACI
06,2023-12-30,2023-12-30,1,0.55,2151.545296531454,1810.0,mist+ACI
06,2023-12-30,2023-12-30,1,0.6,2167.7914236264933,1810.0,mist+ACI
06,2023-12-30,2023-12-30,1,0.65,2650.0899128633664,1810.0,mist+ACI
06,2023-12-30,2023-12-30,1,0.7,2761.2846365390233,1810.0,mist+ACI
06,2023-12-30,2023-12-30,1,0.75,2805.6477229523416,1810.0,mist+ACI
06,2023-12-30,2023-12-30,1,0.8,2969.9256664166487,1810.0,mist+ACI
06,2023-12-30,2023-12-30,1,0.85,4222.228500661926,1810.0,mist+ACI
06,2023-12-30,2023-12-30,1,0.9,4307.3606948907545,1810.0,mist+ACI
06,2023-12-30,2023-12-30,1,0.95,5027.3232034786,1810.0,mist+ACI
06,2023-12-30,2023-12-30,1,0.975,5241.442527224768,1810.0,mist+ACI
06,2023-12-30,2023-12-30,1,0.99,5482.556225177747,1810.0,mist+ACI
06,2023-12-30,2024-01-06,2,0.01,93.32088352220649,1470.0,mist+ACI
06,2023-12-30,2024-01-06,2,0.025,213.89428767372613,1470.0,mist+ACI
06,2023-12-30,2024-01-06,2,0.05,392.7594365537387,1470.0,mist+ACI
06,2023-12-30,2024-01-06,2,0.1,665.8343241130568,1470.0,mist+ACI
06,2023-12-30,2024-01-06,2,0.15,760.528576275955,1470.0,mist+ACI
06,2023-12-30,2024-01-06,2,0.2,790.8164716713961,1470.0,mist+ACI
06,2023-12-30,2024-01-06,2,0.25,806.6811600402499,1470.0,mist+ACI
06,2023-12-30,2024-01-06,2,0.3,817.7954615006316,1470.0,mist+ACI
06,2023-12-30,2024-01-06,2,0.35,820.2761237412002,1470.0,mist+ACI
06,2023-12-30,2024-01-06,2,0.4,822.0914380453679,1470.0,mist+ACI
06,2023-12-30,2024-01-06,2,0.45,824.7388461477645,1470.0,mist+ACI
06,2023-12-30,2024-01-06,2,0.5,825.2674560546875,1470.0,mist+ACI
06,2023-12-30,2024-01-06,2,0.55,2730.5598368945143,1470.0,mist+ACI
06,2023-12-30,2024-01-06,2,0.6,2807.478266689972,1470.0,mist+ACI
06,2023-12-30,2024-01-06,2,0.65,3368.549189280137,1470.0,mist+ACI
06,2023-12-30,2024-01-06,2,0.7,3389.369273282955,1470.0,mist+ACI
06,2023-12-30,2024-01-06,2,0.75,3734.6023306583324,1470.0,mist+ACI
06,2023-12-30,2024-01-06,2,0.8,3807.259610810897,1470.0,mist+ACI
06,2023-12-30,2024-01-06,2,0.85,5096.174320327571,1470.0,mist+ACI
06,2023-12-30,2024-01-06,2,0.9,5933.890268895585,1470.0,mist+ACI
06,2023-12-30,2024-01-06,2,0.95,6635.279611231843,1470.0,mist+ACI
06,2023-12-30,2024-01-06,2,0.975,6713.1814366985145,1470.0,mist+ACI
06,2023-12-30,2024-01-06,2,0.99,7518.694654088586,1470.0,mist+ACI
06,2023-12-30,2024-01-13,3,0.01,111.4246496717343,1075.0,mist+ACI
06,2023-12-30,2024-01-13,3,0.025,255.3886672660874,1075.0,mist+ACI
06,2023-12-30,2024-01-13,3,0.05,541.8116700175278,1075.0,mist+ACI
06,2023-12-30,2024-01-13,3,0.1,786.0548094063189,1075.0,mist+ACI
06,2023-12-30,2024-01-13,3,0.15,896.9503947812278,1075.0,mist+ACI
06,2023-12-30,2024-01-13,3,0.2,946.5163502057958,1075.0,mist+ACI
06,2023-12-30,2024-01-13,3,0.25,964.5592712064931,1075.0,mist+ACI
06,2023-12-30,2024-01-13,3,0.3,972.6098641656016,1075.0,mist+ACI
06,2023-12-30,2024-01-13,3,0.35,977.1433475211809,1075.0,mist+ACI
06,2023-12-30,2024-01-13,3,0.4,980.1939407028481,1075.0,mist+ACI
06,2023-12-30,2024-01-13,3,0.45,982.8468643313688,1075.0,mist+ACI
06,2023-12-30,2024-01-13,3,0.5,985.3650512695312,1075.0,mist+ACI
06,2023-12-30,2024-01-13,3,0.55,2501.2990369318904,1075.0,mist+ACI
06,2023-12-30,2024-01-13,3,0.6,4083.5511800742634,1075.0,mist+ACI
06,2023-12-30,2024-01-13,3,0.65,4746.6940427753,1075.0,mist+ACI
06,2023-12-30,2024-01-13,3,0.7,4952.962122150711,1075.0,mist+ACI
06,2023-12-30,2024-01-13,3,0.75,5143.453987289622,1075.0,mist+ACI
06,2023-12-30,2024-01-13,3,0.8,5637.110902728322,1075.0,mist+ACI
06,2023-12-30,2024-01-13,3,0.85,6936.001330202789,1075.0,mist+ACI
06,2023-12-30,2024-01-13,3,0.9,8171.037326340023,1075.0,mist+ACI
06,2023-12-30,2024-01-13,3,0.95,8310.11816360015,1075.0,mist+ACI
06,2023-12-30,2024-01-13,3,0.975,9969.878820947712,1075.0,mist+ACI
06,2023-12-30,2024-01-13,3,0.99,10904.653786620027,1075.0,mist+ACI
06,2023-12-30,2024-01-20,4,0.01,146.3217524394288,1096.0,mist+ACI
06,2023-12-30,2024-01-20,4,0.025,335.37388232887247,1096.0,mist+ACI
06,2023-12-30,2024-01-20,4,0.05,583.8249650988677,1096.0,mist+ACI
06,2023-12-30,2024-01-20,4,0.1,991.3085117636914,1096.0,mist+ACI
06,2023-12-30,2024-01-20,4,0.15,1143.4823117290382,1096.0,mist+ACI
06,2023-12-30,2024-01-20,4,0.2,1227.626120032237,1096.0,mist+ACI
06,2023-12-30,2024-01-20,4,0.25,1259.549634628565,1096.0,mist+ACI
06,2023-12-30,2024-01-20,4,0.3,1261.2066653495615,1096.0,mist+ACI
06,2023-12-30,2024-01-20,4,0.35,1276.127808005008,1096.0,mist+ACI
06,2023-12-30,2024-01-20,4,0.4,1278.942567876275,1096.0,mist+ACI
06,2023-12-30,2024-01-20,4,0.45,1288.3865207080908,1096.0,mist+ACI
06,2023-12-30,2024-01-20,4,0.5,1293.9716796875,1096.0,mist+ACI
06,2023-12-30,2024-01-20,4,0.55,3046.259583089796,1096.0,mist+ACI
06,2023-12-30,2024-01-20,4,0.6,3439.584674900723,1096.0,mist+ACI
06,2023-12-30,2024-01-20,4,0.65,4318.122679382592,1096.0,mist+ACI
06,2023-12-30,2024-01-20,4,0.7,5997.761109756652,1096.0,mist+ACI
06,2023-12-30,2024-01-20,4,0.75,6876.987146453271,1096.0,mist+ACI
06,2023-12-30,2024-01-20,4,0.8,7171.409489851723,1096.0,mist+ACI
06,2023-12-30,2024-01-20,4,0.85,9301.872410238226,1096.0,mist+ACI
06,2023-12-30,2024-01-20,4,0.9,9357.820558239577,1096.0,mist+ACI
06,2023-12-30,2024-01-20,4,0.95,11324.19547750978,1096.0,mist+ACI
06,2023-12-30,2024-01-20,4,0.975,11419.752266873082,1096.0,mist+ACI
06,2023-12-30,2024-01-20,4,0.99,13404.674009811437,1096.0,mist+ACI
06,2024-01-06,2024-01-06,1,0.01,100.05974523029465,1470.0,mist+ACI
06,2024-01-06,2024-01-06,1,0.025,226.96379896874635,1470.0,mist+ACI
06,2024-01-06,2024-01-06,1,0.05,439.22680746671097,1470.0,mist+ACI
06,2024-01-06,2024-01-06,1,0.1,615.6214057939625,1470.0,mist+ACI
06,2024-01-06,2024-01-06,1,0.15,724.9490983139902,1470.0,mist+ACI
06,2024-01-06,2024-01-06,1,0.2,760.8562212797109,1470.0,mist+ACI
06,2024-01-06,2024-01-06,1,0.25,780.1654179182365,1470.0,mist+ACI
06,2024-01-06,2024-01-06,1,0.3,781.399924796297,1470.0,mist+ACI
06,2024-01-06,2024-01-06,1,0.35,786.4975148297478,1470.0,mist+ACI
06,2024-01-06,2024-01-06,1,0.4,787.02646942923,1470.0,mist+ACI
06,2024-01-06,2024-01-06,1,0.45,789.6409674441084,1470.0,mist+ACI
06,2024-01-06,2024-01-06,1,0.5,792.3385009765625,1470.0,mist+ACI
06,2024-01-06,2024-01-06,1,0.55,1645.799950990457,1470.0,mist+ACI
06,2024-01-06,2024-01-06,1,0.6,1695.188590077822,1470.0,mist+ACI
06,2024-01-06,2024-01-06,1,0.65,1812.3956260452064,1470.0,mist+ACI
06,2024-01-06,2024-01-06,1,0.7,2136.477189438069,1470.0,mist+ACI
06,2024-01-06,2024-01-06,1,0.75,2297.348067642886,1470.0,mist+ACI
06,2024-01-06,2024-01-06,1,0.8,2740.13515355779,1470.0,mist+ACI
06,2024-01-06,2024-01-06,1,0.85,3078.10911412598,1470.0,mist+ACI
06,2024-01-06,2024-01-06,1,0.9,4217.67001592257,1470.0,mist+ACI
06,2024-01-06,2024-01-06,1,0.95,4316.020679541945,1470.0,mist+ACI
06,2024-01-06,2024-01-06,1,0.975,4656.631331370223,1470.0,mist+ACI
06,2024-01-06,2024-01-06,1,0.99,5514.966744079686,1470.0,mist+ACI
06,2024-01-06,2024-01-13,2,0.01,101.42144595940363,1075.0,mist+ACI
06,2024-01-06,2024-01-13,2,0.025,230.05252130984138,1075.0,mist+ACI
06,2024-01-06,2024-01-13,2,0.05,394.20695217668833,1075.0,mist+ACI
06,2024-01-06,2024-01-13,2,0.1,662.0939398973882,1075.0,mist+ACI
06,2024-01-06,2024-01-13,2,0.15,750.3428134005225,1075.0,mist+ACI
06,2024-01-06,2024-01-13,2,0.2,776.4134511952927,1075.0,mist+ACI
06,2024-01-06,2024-01-13,2,0.25,789.9239981994256,1075.0,mist+ACI
06,2024-01-06,2024-01-13,2,0.3,797.9039739188277,1075.0,mist+ACI
06,2024-01-06,2024-01-13,2,0.35,799.7294863207721,1075.0,mist+ACI
06,2024-01-06,2024-01-13,2,0.4,800.639106784299,1075.0,mist+ACI
06,2024-01-06,2024-01-13,2,0.45,803.004351581828,1075.0,mist+ACI
06,2024-01-06,2024-01-13,2,0.5,803.121337890625,1075.0,mist+ACI
06,2024-01-06,2024-01-13,2,0.55,1903.9074849867243,1075.0,mist+ACI
06,2024-01-06,2024-01-13,2,0.6,2087.5040833434473,1075.0,mist+ACI
06,2024-01-06,2024-01-13,2,0.65,2096.668047474255,1075.0,mist+ACI
06,2024-01-06,2024-01-13,2,0.7,2198.348892393381,1075.0,mist+ACI
06,2024-01-06,2024-01-13,2,0.75,2426.6126059406215,1075.0,mist+ACI
06,2024-01-06,2024-01-13,2,0.8,3355.8762803390564,1075.0,mist+ACI
06,2024-01-06,2024-01-13,2,0.85,3647.691865629485,1075.0,mist+ACI
06,2024-01-06,2024-01-13,2,0.9,3832.039148534672,1075.0,mist+ACI
06,2024-01-06,2024-01-13,2,0.95,5560.281355079995,1075.0,mist+ACI
06,2024-01-06,2024-01-13,2,0.975,5640.139273543393,1075.0,mist+ACI
06,2024-01-06,2024-01-13,2,0.99,7705.172105064918,1075.0,mist+ACI
06,2024-01-06,2024-01-20,3,0.01,114.85221813441729,1096.0,mist+ACI
06,2024-01-06,2024-01-20,3,0.025,260.51731081044375,1096.0,mist+ACI
06,2024-01-06,2024-01-20,3,0.05,512.4261812988907,1096.0,mist+ACI
06,2024-01-06,2024-01-20,3,0.1,745.3559459957366,1096.0,mist+ACI
06,2024-01-06,2024-01-20,3,0.15,843.8591918536126,1096.0,mist+ACI
06,2024-01-06,2024-01-20,3,0.2,881.7530440893548,1096.0,mist+ACI
06,2024-01-06,2024-01-20,3,0.25,895.6908590740438,1096.0,mist+ACI
06,2024-01-06,2024-01-20,3,0.3,902.2211299529994,1096.0,mist+ACI
06,2024-01-06,2024-01-20,3,0.35,904.760545236483,1096.0,mist+ACI
06,2024-01-06,2024-01-20,3,0.4,906.6273769896401,1096.0,mist+ACI
06,2024-01-06,2024-01-20,3,0.45,908.0945498488742,1096.0,mist+ACI
06,2024-01-06,2024-01-20,3,0.5,909.4749755859375,1096.0,mist+ACI
06,2024-01-06,2024-01-20,3,0.55,1228.497383944371,1096.0,mist+ACI
06,2024-01-06,2024-01-20,3,0.6,2684.172500392238,1096.0,mist+ACI
06,2024-01-06,2024-01-20,3,0.65,2902.466269569966,1096.0,mist+ACI
06,2024-01-06,2024-01-20,3,0.7,3277.1602870121337,1096.0,mist+ACI
06,2024-01-06,2024-01-20,3,0.75,3953.2159072849386,1096.0,mist+ACI
06,2024-01-06,2024-01-20,3,0.8,4986.209961479117,1096.0,mist+ACI
06,2024-01-06,2024-01-20,3,0.85,5003.193302427844,1096.0,mist+ACI
06,2024-01-06,2024-01-20,3,0.9,5180.642399113716,1096.0,mist+ACI
06,2024-01-06,2024-01-20,3,0.95,7704.002762917076,1096.0,mist+ACI
06,2024-01-06,2024-01-20,3,0.975,9470.804301158734,1096.0,mist+ACI
06,2024-01-06,2024-01-20,3,0.99,9631.293502046405,1096.0,mist+ACI
06,2024-01-06,2024-01-27,4,0.01,151.42377871569238,732.0,mist+ACI
06,2024-01-06,2024-01-27,4,0.025,343.47195260608135,732.0,mist+ACI
06,2024-01-06,2024-01-27,4,0.05,588.5570426444489,732.0,mist+ACI
06,2024-01-06,2024-01-27,4,0.1,944.6191195831937,732.0,mist+ACI
06,2024-01-06,2024-01-27,4,0.15,1085.8920711368246,732.0,mist+ACI
06,2024-01-06,2024-01-27,4,0.2,1149.8480075206712,732.0,mist+ACI
06,2024-01-06,2024-01-27,4,0.25,1177.366309905269,732.0,mist+ACI
06,2024-01-06,2024-01-27,4,0.3,1179.137644749523,732.0,mist+ACI
06,2024-01-06,2024-01-27,4,0.35,1188.201241482732,732.0,mist+ACI
06,2024-01-06,2024-01-27,4,0.4,1190.6555983054093,732.0,mist+ACI
06,2024-01-06,2024-01-27,4,0.45,1195.9492859439474,732.0,mist+ACI
06,2024-01-06,2024-01-27,4,0.5,1199.072509765625,732.0,mist+ACI
06,2024-01-06,2024-01-27,4,0.55,1211.997274464786,732.0,mist+ACI
06,2024-01-06,2024-01-27,4,0.6,1965.0596463032352,732.0,mist+ACI
06,2024-01-06,2024-01-27,4,0.65,3012.604324002913,732.0,mist+ACI
06,2024-01-06,2024-01-27,4,0.7,4276.608077156421,732.0,mist+ACI
06,2024-01-06,2024-01-27,4,0.75,4569.964303737543,732.0,mist+ACI
06,2024-01-06,2024-01-27,4,0.8,5069.634501000547,732.0,mist+ACI
06,2024-01-06,2024-01-27,4,0.85,6536.898023585634,732.0,mist+ACI
06,2024-01-06,2024-01-27,4,0.9,8165.183963413329,732.0,mist+ACI
06,2024-01-06,2024-01-27,4,0.95,9194.721075866544,732.0,mist+ACI
06,2024-01-06,2024-01-27,4,0.975,9405.960455703438,732.0,mist+ACI
06,2024-01-06,2024-01-27,4,0.99,13375.385218908492,732.0,mist+ACI
06,2024-01-13,2024-01-13,1,0.01,77.38625801497528,1075.0,mist+ACI
06,2024-01-13,2024-01-13,1,0.025,297.4027613757083,1075.0,mist+ACI
06,2024-01-13,2024-01-13,1,0.05,404.7329669836628,1075.0,mist+ACI
06,2024-01-13,2024-01-13,1,0.1,485.6120079101801,1075.0,mist+ACI
06,2024-01-13,2024-01-13,1,0.15,530.054348856376,1075.0,mist+ACI
06,2024-01-13,2024-01-13,1,0.2,544.2738091160121,1075.0,mist+ACI
06,2024-01-13,2024-01-13,1,0.25,550.3870149031305,1075.0,mist+ACI
06,2024-01-13,2024-01-13,1,0.3,552.2302778040809,1075.0,mist+ACI
06,2024-01-13,2024-01-13,1,0.35,553.5079144682805,1075.0,mist+ACI
06,2024-01-13,2024-01-13,1,0.4,554.2864599180856,1075.0,mist+ACI
06,2024-01-13,2024-01-13,1,0.45,555.1501539162291,1075.0,mist+ACI
06,2024-01-13,2024-01-13,1,0.5,555.5684814453125,1075.0,mist+ACI
06,2024-01-13,2024-01-13,1,0.55,687.8246467403719,1075.0,mist+ACI
06,2024-01-13,2024-01-13,1,0.6,956.6456602518539,1075.0,mist+ACI
06,2024-01-13,2024-01-13,1,0.65,1013.1614089778543,1075.0,mist+ACI
06,2024-01-13,2024-01-13,1,0.7,1068.597419029355,1075.0,mist+ACI
06,2024-01-13,2024-01-13,1,0.75,1200.3743319642635,1075.0,mist+ACI
06,2024-01-13,2024-01-13,1,0.8,1470.4107085950316,1075.0,mist+ACI
06,2024-01-13,2024-01-13,1,0.85,1602.810911338861,1075.0,mist+ACI
06,2024-01-13,2024-01-13,1,0.9,1630.8045785263414,1075.0,mist+ACI
06,2024-01-13,2024-01-13,1,0.95,2083.909890976728,1075.0,mist+ACI
06,2024-01-13,2024-01-13,1,0.975,2350.436263890213,1075.0,mist+ACI
06,2024-01-13,2024-01-13,1,0.99,3021.2982607298613,1075.0,mist+ACI
06,2024-01-13,2024-01-20,2,0.01,69.53951086099875,1096.0,mist+ACI
06,2024-01-13,2024-01-20,2,0.025,178.25768603950326,1096.0,mist+ACI
06,2024-01-13,2024-01-20,2,0.05,299.9406513181881,1096.0,mist+ACI
06,2024-01-13,2024-01-20,2,0.1,442.789147494326,1096.0,mist+ACI
06,2024-01-13,2024-01-20,2,0.15,477.3227697107423,1096.0,mist+ACI
06,2024-01-13,2024-01-20,2,0.2,490.24442232051706,1096.0,mist+ACI
06,2024-01-13,2024-01-20,2,0.25,496.1827908123073,1096.0,mist+ACI
06,2024-01-13,2024-01-20,2,0.3,497.7615242877703,1096.0,mist+ACI
06,2024-01-13,2024-01-20,2,0.35,498.14669974709886,1096.0,mist+ACI
06,2024-01-13,2024-01-20,2,0.4,498.7637213093713,1096.0,mist+ACI
06,2024-01-13,2024-01-20,2,0.45,499.20514232108,1096.0,mist+ACI
06,2024-01-13,2024-01-20,2,0.5,499.23541259765625,1096.0,mist+ACI
06,2024-01-13,2024-01-20,2,0.55,827.2865569566308,1096.0,mist+ACI
06,2024-01-13,2024-01-20,2,0.6,837.2026294831753,1096.0,mist+ACI
06,2024-01-13,2024-01-20,2,0.65,873.4271811274684,1096.0,mist+ACI
06,2024-01-13,2024-01-20,2,0.7,1058.5114971233143,1096.0,mist+ACI
06,2024-01-13,2024-01-20,2,0.75,1128.326529490058,1096.0,mist+ACI
06,2024-01-13,2024-01-20,2,0.8,1179.9199168405398,1096.0,mist+ACI
06,2024-01-13,2024-01-20,2,0.85,1200.2953329626548,1096.0,mist+ACI
06,2024-01-13,2024-01-20,2,0.9,1380.2519462454234,1096.0,mist+ACI
06,2024-01-13,2024-01-20,2,0.95,1697.4301944094912,1096.0,mist+ACI
06,2024-01-13,2024-01-20,2,0.975,2144.8117478939976,1096.0,mist+ACI
06,2024-01-13,2024-01-20,2,0.99,4190.187745542642,1096.0,mist+ACI
06,2024-01-13,2024-01-27,3,0.01,66.23161861010345,732.0,mist+ACI
06,2024-01-13,2024-01-27,3,0.025,217.21086461681165,732.0,mist+ACI
06,2024-01-13,2024-01-27,3,0.05,343.2120681785185,732.0,mist+ACI
06,2024-01-13,2024-01-27,3,0.1,428.301985599212,732.0,mist+ACI
06,2024-01-13,2024-01-27,3,0.15,456.5058957236842,732.0,mist+ACI
06,2024-01-13,2024-01-27,3,0.2,466.9591825100969,732.0,mist+ACI
06,2024-01-13,2024-01-27,3,0.25,472.723204223328,732.0,mist+ACI
06,2024-01-13,2024-01-27,3,0.3,473.28828825903304,732.0,mist+ACI
06,2024-01-13,2024-01-27,3,0.35,474.44331908164685,732.0,mist+ACI
06,2024-01-13,2024-01-27,3,0.4,474.7373983039715,732.0,mist+ACI
06,2024-01-13,2024-01-27,3,0.45,475.1925812891001,732.0,mist+ACI
06,2024-01-13,2024-01-27,3,0.5,475.4875183105469,732.0,mist+ACI
06,2024-01-13,2024-01-27,3,0.55,484.877678250395,732.0,mist+ACI
06,2024-01-13,2024-01-27,3,0.6,607.8246790314086,732.0,mist+ACI
06,2024-01-13,2024-01-27,3,0.65,733.1303871231121,732.0,mist+ACI
06,2024-01-13,2024-01-27,3,0.7,963.7715635705911,732.0,mist+ACI
06,2024-01-13,2024-01-27,3,0.75,1246.226249486917,732.0,mist+ACI
06,2024-01-13,2024-01-27,3,0.8,1250.2537451109542,732.0,mist+ACI
06,2024-01-13,2024-01-27,3,0.85,1506.0608648121658,732.0,mist+ACI
06,2024-01-13,2024-01-27,3,0.9,2022.3349429551831,732.0,mist+ACI
06,2024-01-13,2024-01-27,3,0.95,2857.626253649153,732.0,mist+ACI
06,2024-01-13,2024-01-27,3,0.975,2872.573379512863,732.0,mist+ACI
06,2024-01-13,2024-01-27,3,0.99,3753.5388705411983,732.0,mist+ACI
06,2024-01-13,2024-02-03,4,0.01,61.35198964812599,547.0,mist+ACI
06,2024-01-13,2024-02-03,4,0.025,137.73527326316793,547.0,mist+ACI
06,2024-01-13,2024-02-03,4,0.05,242.49147199851066,547.0,mist+ACI
06,2024-01-13,2024-02-03,4,0.1,376.0978759451299,547.0,mist+ACI
06,2024-01-13,2024-02-03,4,0.15,422.14888701881455,547.0,mist+ACI
06,2024-01-13,2024-02-03,4,0.2,432.73623074312917,547.0,mist+ACI
06,2024-01-13,2024-02-03,4,0.25,437.0694776623114,547.0,mist+ACI
06,2024-01-13,2024-02-03,4,0.3,438.1374135638248,547.0,mist+ACI
06,2024-01-13,2024-02-03,4,0.35,439.27982997670466,547.0,mist+ACI
06,2024-01-13,2024-02-03,4,0.4,439.66882928224345,547.0,mist+ACI
06,2024-01-13,2024-02-03,4,0.45,440.1631249767424,547.0,mist+ACI
06,2024-01-13,2024-02-03,4,0.5,440.45587158203125,547.0,mist+ACI
06,2024-01-13,2024-02-03,4,0.55,830.1007688136629,547.0,mist+ACI
06,2024-01-13,2024-02-03,4,0.6,933.9887362947616,547.0,mist+ACI
06,2024-01-13,2024-02-03,4,0.65,999.9323196696631,547.0,mist+ACI
06,2024-01-13,2024-02-03,4,0.7,1383.1916409786686,547.0,mist+ACI
06,2024-01-13,2024-02-03,4,0.75,1532.1651141832397,547.0,mist+ACI
06,2024-01-13,2024-02-03,4,0.8,1532.4742284790327,547.0,mist+ACI
06,2024-01-13,2024-02-03,4,0.85,2157.1435643165323,547.0,mist+ACI
06,2024-01-13,2024-02-03,4,0.9,2572.8613789772185,547.0,mist+ACI
06,2024-01-13,2024-02-03,4,0.95,3122.781519834634,547.0,mist+ACI
06,2024-01-13,2024-02-03,4,0.975,4620.4592207665055,547.0,mist+ACI
06,2024-01-13,2024-02-03,4,0.99,6380.763345711872,547.0,mist+ACI
06,2024-01-20,2024-01-20,1,0.01,56.48091860547868,1096.0,mist+ACI
06,2024-01-20,2024-01-20,1,0.025,215.49701191011778,1096.0,mist+ACI
06,2024-01-20,2024-01-20,1,0.05,287.1958608447226,1096.0,mist+ACI
06,2024-01-20,2024-01-20,1,0.1,341.4783363435176,1096.0,mist+ACI
06,2024-01-20,2024-01-20,1,0.15,359.14865766402306,1096.0,mist+ACI
06,2024-01-20,2024-01-20,1,0.2,366.3782635036462,1096.0,mist+ACI
06,2024-01-20,2024-01-20,1,0.25,369.16317325677767,1096.0,mist+ACI
06,2024-01-20,2024-01-20,1,0.3,370.401194729944,1096.0,mist+ACI
06,2024-01-20,2024-01-20,1,0.35,370.66466107241814,1096.0,mist+ACI
06,2024-01-20,2024-01-20,1,0.4,371.173818775186,1096.0,mist+ACI
06,2024-01-20,2024-01-20,1,0.45,371.2982775605648,1096.0,mist+ACI
06,2024-01-20,2024-01-20,1,0.5,371.3253173828125,1096.0,mist+ACI
06,2024-01-20,2024-01-20,1,0.55,664.795915144514,1096.0,mist+ACI
06,2024-01-20,2024-01-20,1,0.6,745.8950511705102,1096.0,mist+ACI
06,2024-01-20,2024-01-20,1,0.65,911.1697633588686,1096.0,mist+ACI
06,2024-01-20,2024-01-20,1,0.7,946.8656437498644,1096.0,mist+ACI
06,2024-01-20,2024-01-20,1,0.75,1101.7173423301774,1096.0,mist+ACI
06,2024-01-20,2024-01-20,1,0.8,1250.140384394726,1096.0,mist+ACI
06,2024-01-20,2024-01-20,1,0.85,1367.3681000376068,1096.0,mist+ACI
06,2024-01-20,2024-01-20,1,0.9,1478.336048560418,1096.0,mist+ACI
06,2024-01-20,2024-01-20,1,0.95,1659.60558171017,1096.0,mist+ACI
06,2024-01-20,2024-01-20,1,0.975,1773.166946648201,1096.0,mist+ACI
06,2024-01-20,2024-01-20,1,0.99,3214.2844917359544,1096.0,mist+ACI
06,2024-01-20,2024-01-27,2,0.01,52.80252993472317,732.0,mist+ACI
06,2024-01-20,2024-01-27,2,0.025,117.33646028819243,732.0,mist+ACI
06,2024-01-20,2024-01-27,2,0.05,208.5360031978756,732.0,mist+ACI
06,2024-01-20,2024-01-27,2,0.1,312.68637077832364,732.0,mist+ACI
06,2024-01-20,2024-01-27,2,0.15,333.7760684069832,732.0,mist+ACI
06,2024-01-20,2024-01-27,2,0.2,343.31463593401617,732.0,mist+ACI
06,2024-01-20,2024-01-27,2,0.25,345.6148902235184,732.0,mist+ACI
06,2024-01-20,2024-01-27,2,0.3,346.6724649386797,732.0,mist+ACI
06,2024-01-20,2024-01-27,2,0.35,346.8114834564837,732.0,mist+ACI
06,2024-01-20,2024-01-27,2,0.4,347.04327580295484,732.0,mist+ACI
06,2024-01-20,2024-01-27,2,0.45,347.12296987892245,732.0,mist+ACI
06,2024-01-20,2024-01-27,2,0.5,347.1423034667969,732.0,mist+ACI
06,2024-01-20,2024-01-27,2,0.55,532.6657770360545,732.0,mist+ACI
06,2024-01-20,2024-01-27,2,0.6,664.3766605312709,732.0,mist+ACI
06,2024-01-20,2024-01-27,2,0.65,670.8092798038161,732.0,mist+ACI
06,2024-01-20,2024-01-27,2,0.7,697.5561855483234,732.0,mist+ACI
06,2024-01-20,2024-01-27,2,0.75,720.0370375707737,732.0,mist+ACI
06,2024-01-20,2024-01-27,2,0.8,796.7554558380591,732.0,mist+ACI
06,2024-01-20,2024-01-27,2,0.85,883.8133984547932,732.0,mist+ACI
06,2024-01-20,2024-01-27,2,0.9,1025.095194342702,732.0,mist+ACI
06,2024-01-20,2024-01-27,2,0.95,1132.8488184985656,732.0,mist+ACI
06,2024-01-20,2024-01-27,2,0.975,1366.995557702323,732.0,mist+ACI
06,2024-01-20,2024-01-27,2,0.99,3205.463003181341,732.0,mist+ACI
06,2024-01-20,2024-02-03,3,0.01,47.464197977515084,547.0,mist+ACI
06,2024-01-20,2024-02-03,3,0.025,125.44180287386808,547.0,mist+ACI
06,2024-01-20,2024-02-03,3,0.05,210.26903448174988,547.0,mist+ACI
06,2024-01-20,2024-02-03,3,0.1,270.0572414583287,547.0,mist+ACI
06,2024-01-20,2024-02-03,3,0.15,280.97662115903387,547.0,mist+ACI
06,2024-01-20,2024-02-03,3,0.2,287.0333373029059,547.0,mist+ACI
06,2024-01-20,2024-02-03,3,0.25,288.75405791579504,547.0,mist+ACI
06,2024-01-20,2024-02-03,3,0.3,289.0003383187147,547.0,mist+ACI
06,2024-01-20,2024-02-03,3,0.35,289.1889149320616,547.0,mist+ACI
06,2024-01-20,2024-02-03,3,0.4,289.33823298654596,547.0,mist+ACI
06,2024-01-20,2024-02-03,3,0.45,289.47849521386775,547.0,mist+ACI
06,2024-01-20,2024-02-03,3,0.5,289.47869873046875,547.0,mist+ACI
06,2024-01-20,2024-02-03,3,0.55,350.3026268014845,547.0,mist+ACI
06,2024-01-20,2024-02-03,3,0.6,403.83101231685714,547.0,mist+ACI
06,2024-01-20,2024-02-03,3,0.65,490.465632309572,547.0,mist+ACI
06,2024-01-20,2024-02-03,3,0.7,537.0583862917842,547.0,mist+ACI
06,2024-01-20,2024-02-03,3,0.75,605.7015976741618,547.0,mist+ACI
06,2024-01-20,2024-02-03,3,0.8,681.6529951229566,547.0,mist+ACI
06,2024-01-20,2024-02-03,3,0.85,1015.544319938408,547.0,mist+ACI
06,2024-01-20,2024-02-03,3,0.9,1047.586796450541,547.0,mist+ACI
06,2024-01-20,2024-02-03,3,0.95,1259.3071446483932,547.0,mist+ACI
06,2024-01-20,2024-02-03,3,0.975,1799.6713463486456,547.0,mist+ACI
06,2024-01-20,2024-02-03,3,0.99,2531.4883676518493,547.0,mist+ACI
06,2024-01-20,2024-02-10,4,0.01,36.765792519888464,464.0,mist+ACI
06,2024-01-20,2024-02-10,4,0.025,81.70002383042882,464.0,mist+ACI
06,2024-01-20,2024-02-10,4,0.05,135.78488377565174,464.0,mist+ACI
06,2024-01-20,2024-02-10,4,0.1,211.23099503255938,464.0,mist+ACI
06,2024-01-20,2024-02-10,4,0.15,235.85230174984744,464.0,mist+ACI
06,2024-01-20,2024-02-10,4,0.2,239.4564920511797,464.0,mist+ACI
06,2024-01-20,2024-02-10,4,0.25,240.78335078247179,464.0,mist+ACI
06,2024-01-20,2024-02-10,4,0.3,241.3629843617605,464.0,mist+ACI
06,2024-01-20,2024-02-10,4,0.35,241.46886583184838,464.0,mist+ACI
06,2024-01-20,2024-02-10,4,0.4,241.64235062220968,464.0,mist+ACI
06,2024-01-20,2024-02-10,4,0.45,241.7027493183783,464.0,mist+ACI
06,2024-01-20,2024-02-10,4,0.5,241.711181640625,464.0,mist+ACI
06,2024-01-20,2024-02-10,4,0.55,527.9569479380343,464.0,mist+ACI
06,2024-01-20,2024-02-10,4,0.6,648.2049377560893,464.0,mist+ACI
06,2024-01-20,2024-02-10,4,0.65,652.0908254058326,464.0,mist+ACI
06,2024-01-20,2024-02-10,4,0.7,674.5568841382567,464.0,mist+ACI
06,2024-01-20,2024-02-10,4,0.75,896.5408252283495,464.0,mist+ACI
06,2024-01-20,2024-02-10,4,0.8,1020.3478887074966,464.0,mist+ACI
06,2024-01-20,2024-02-10,4,0.85,1203.3681433906622,464.0,mist+ACI
06,2024-01-20,2024-02-10,4,0.9,1213.4405913886803,464.0,mist+ACI
06,2024-01-20,2024-02-10,4,0.95,1560.4156811781816,464.0,mist+ACI
06,2024-01-20,2024-02-10,4,0.975,3125.7308573964615,464.0,mist+ACI
06,2024-01-20,2024-02-10,4,0.99,4434.697309430276,464.0,mist+ACI
06,2024-01-27,2024-01-27,1,0.01,57.843516980177355,732.0,mist+ACI
06,2024-01-27,2024-01-27,1,0.025,157.234303504327,732.0,mist+ACI
06,2024-01-27,2024-01-27,1,0.05,264.59122681220066,732.0,mist+ACI
06,2024-01-27,2024-01-27,1,0.1,323.89812392043996,732.0,mist+ACI
06,2024-01-27,2024-01-27,1,0.15,340.55663723566397,732.0,mist+ACI
06,2024-01-27,2024-01-27,1,0.2,347.1360080481667,732.0,mist+ACI
06,2024-01-27,2024-01-27,1,0.25,349.74601357185804,732.0,mist+ACI
06,2024-01-27,2024-01-27,1,0.3,350.6014714993382,732.0,mist+ACI
06,2024-01-27,2024-01-27,1,0.35,350.69836849649505,732.0,mist+ACI
06,2024-01-27,2024-01-27,1,0.4,351.0042363521375,732.0,mist+ACI
06,2024-01-27,2024-01-27,1,0.45,351.10325563489226,732.0,mist+ACI
06,2024-01-27,2024-01-27,1,0.5,351.1418151855469,732.0,mist+ACI
06,2024-01-27,2024-01-27,1,0.55,545.5946069559656,732.0,mist+ACI
06,2024-01-27,2024-01-27,1,0.6,735.2676591903455,732.0,mist+ACI
06,2024-01-27,2024-01-27,1,0.65,999.0119040757708,732.0,mist+ACI
06,2024-01-27,2024-01-27,1,0.7,1065.6318401895583,732.0,mist+ACI
06,2024-01-27,2024-01-27,1,0.75,1140.3009226894787,732.0,mist+ACI
06,2024-01-27,2024-01-27,1,0.8,1360.6354357412615,732.0,mist+ACI
06,2024-01-27,2024-01-27,1,0.85,1391.0891061634807,732.0,mist+ACI
06,2024-01-27,2024-01-27,1,0.9,1404.016972968067,732.0,mist+ACI
06,2024-01-27,2024-01-27,1,0.95,1919.2285933686503,732.0,mist+ACI
06,2024-01-27,2024-01-27,1,0.975,2261.041346989611,732.0,mist+ACI
06,2024-01-27,2024-01-27,1,0.99,3798.386110399199,732.0,mist+ACI
06,2024-01-27,2024-02-03,2,0.01,53.56082902465937,547.0,mist+ACI
06,2024-01-27,2024-02-03,2,0.025,117.82287090037642,547.0,mist+ACI
06,2024-01-27,2024-02-03,2,0.05,200.8541376949538,547.0,mist+ACI
06,2024-01-27,2024-02-03,2,0.1,295.93448244267665,547.0,mist+ACI
06,2024-01-27,2024-02-03,2,0.15,314.23883265493305,547.0,mist+ACI
06,2024-01-27,2024-02-03,2,0.2,321.6760310528498,547.0,mist+ACI
06,2024-01-27,2024-02-03,2,0.25,323.7869837519549,547.0,mist+ACI
06,2024-01-27,2024-02-03,2,0.3,324.7310926143368,547.0,mist+ACI
06,2024-01-27,2024-02-03,2,0.35,324.74365974245484,547.0,mist+ACI
06,2024-01-27,2024-02-03,2,0.4,325.0699481445307,547.0,mist+ACI
06,2024-01-27,2024-02-03,2,0.45,325.1359941166526,547.0,mist+ACI
06,2024-01-27,2024-02-03,2,0.5,325.1435546875,547.0,mist+ACI
06,2024-01-27,2024-02-03,2,0.55,408.6871405749152,547.0,mist+ACI
06,2024-01-27,2024-02-03,2,0.6,639.0437741085634,547.0,mist+ACI
06,2024-01-27,2024-02-03,2,0.65,702.4837549000736,547.0,mist+ACI
06,2024-01-27,2024-02-03,2,0.7,799.4058599861102,547.0,mist+ACI
06,2024-01-27,2024-02-03,2,0.75,810.8965288435504,547.0,mist+ACI
06,2024-01-27,2024-02-03,2,0.8,817.1441013991937,547.0,mist+ACI
06,2024-01-27,2024-02-03,2,0.85,820.1577085208414,547.0,mist+ACI
06,2024-01-27,2024-02-03,2,0.9,1139.1767179056937,547.0,mist+ACI
06,2024-01-27,2024-02-03,2,0.95,1541.5839268478194,547.0,mist+ACI
06,2024-01-27,2024-02-03,2,0.975,1766.3017530217533,547.0,mist+ACI
06,2024-01-27,2024-02-03,2,0.99,3544.166066699706,547.0,mist+ACI
06,2024-01-27,2024-02-10,3,0.01,44.17312631223257,464.0,mist+ACI
06,2024-01-27,2024-02-10,3,0.025,97.1718446769373,464.0,mist+ACI
06,2024-01-27,2024-02-10,3,0.05,171.8467251622044,464.0,mist+ACI
06,2024-01-27,2024-02-10,3,0.1,246.0469439019459,464.0,mist+ACI
06,2024-01-27,2024-02-10,3,0.15,259.22116282380347,464.0,mist+ACI
06,2024-01-27,2024-02-10,3,0.2,265.68786893230214,464.0,mist+ACI
06,2024-01-27,2024-02-10,3,0.25,267.45731902489285,464.0,mist+ACI
06,2024-01-27,2024-02-10,3,0.3,267.7877083985229,464.0,mist+ACI
06,2024-01-27,2024-02-10,3,0.35,267.9112844979344,464.0,mist+ACI
06,2024-01-27,2024-02-10,3,0.4,268.02341994719785,464.0,mist+ACI
06,2024-01-27,2024-02-10,3,0.45,268.143784261494,464.0,mist+ACI
06,2024-01-27,2024-02-10,3,0.5,268.1550598144531,464.0,mist+ACI
06,2024-01-27,2024-02-10,3,0.55,510.9327960977232,464.0,mist+ACI
06,2024-01-27,2024-02-10,3,0.6,606.4268454175418,464.0,mist+ACI
06,2024-01-27,2024-02-10,3,0.65,767.6764176128818,464.0,mist+ACI
06,2024-01-27,2024-02-10,3,0.7,805.9681745302123,464.0,mist+ACI
06,2024-01-27,2024-02-10,3,0.75,935.3767068545592,464.0,mist+ACI
06,2024-01-27,2024-02-10,3,0.8,1012.1923712947741,464.0,mist+ACI
06,2024-01-27,2024-02-10,3,0.85,1350.7319306682,464.0,mist+ACI
06,2024-01-27,2024-02-10,3,0.9,1376.5356592347264,464.0,mist+ACI
06,2024-01-27,2024-02-10,3,0.95,1458.3519843355389,464.0,mist+ACI
06,2024-01-27,2024-02-10,3,0.975,1986.1084067223385,464.0,mist+ACI
06,2024-01-27,2024-02-10,3,0.99,3160.903921119796,464.0,mist+ACI
06,2024-01-27,2024-02-17,4,0.01,39.816051556124194,342.0,mist+ACI
06,2024-01-27,2024-02-17,4,0.025,87.5871712161159,342.0,mist+ACI
06,2024-01-27,2024-02-17,4,0.05,143.43521730442768,342.0,mist+ACI
06,2024-01-27,2024-02-17,4,0.1,217.4517200625436,342.0,mist+ACI
06,2024-01-27,2024-02-17,4,0.15,233.38037957954597,342.0,mist+ACI
06,2024-01-27,2024-02-17,4,0.2,238.57194237841114,342.0,mist+ACI
06,2024-01-27,2024-02-17,4,0.25,240.94746988099848,342.0,mist+ACI
06,2024-01-27,2024-02-17,4,0.3,241.2917896494321,342.0,mist+ACI
06,2024-01-27,2024-02-17,4,0.35,241.43540152787415,342.0,mist+ACI
06,2024-01-27,2024-02-17,4,0.4,241.59174470961307,342.0,mist+ACI
06,2024-01-27,2024-02-17,4,0.45,241.70350995194127,342.0,mist+ACI
06,2024-01-27,2024-02-17,4,0.5,241.70523071289062,342.0,mist+ACI
06,2024-01-27,2024-02-17,4,0.55,454.6887117027518,342.0,mist+ACI
06,2024-01-27,2024-02-17,4,0.6,708.8082072605639,342.0,mist+ACI
06,2024-01-27,2024-02-17,4,0.65,986.4647614465888,342.0,mist+ACI
06,2024-01-27,2024-02-17,4,0.7,1120.4081527277049,342.0,mist+ACI
06,2024-01-27,2024-02-17,4,0.75,1198.18976122302,342.0,mist+ACI
06,2024-01-27,2024-02-17,4,0.8,1231.9966714254824,342.0,mist+ACI
06,2024-01-27,2024-02-17,4,0.85,1406.3082657090004,342.0,mist+ACI
06,2024-01-27,2024-02-17,4,0.9,1537.8098913602673,342.0,mist+ACI
06,2024-01-27,2024-02-17,4,0.95,2113.621092732684,342.0,mist+ACI
06,2024-01-27,2024-02-17,4,0.975,3212.8666151034263,342.0,mist+ACI
06,2024-01-27,2024-02-17,4,0.99,4890.4363055826325,342.0,mist+ACI
06,2024-02-03,2024-02-03,1,0.01,53.30918547604176,547.0,mist+ACI
06,2024-02-03,2024-02-03,1,0.025,116.0995852619491,547.0,mist+ACI
06,2024-02-03,2024-02-03,1,0.05,197.11122972749948,547.0,mist+ACI
06,2024-02-03,2024-02-03,1,0.1,273.58576763072256,547.0,mist+ACI
06,2024-02-03,2024-02-03,1,0.15,291.41397326062156,547.0,mist+ACI
06,2024-02-03,2024-02-03,1,0.2,297.74968523694974,547.0,mist+ACI
06,2024-02-03,2024-02-03,1,0.25,299.911033515341,547.0,mist+ACI
06,2024-02-03,2024-02-03,1,0.3,300.47424691484645,547.0,mist+ACI
06,2024-02-03,2024-02-03,1,0.35,300.5449497244881,547.0,mist+ACI
06,2024-02-03,2024-02-03,1,0.4,300.8007861017703,547.0,mist+ACI
06,2024-02-03,2024-02-03,1,0.45,300.8756834664898,547.0,mist+ACI
06,2024-02-03,2024-02-03,1,0.5,300.9007568359375,547.0,mist+ACI
06,2024-02-03,2024-02-03,1,0.55,520.8918378814053,547.0,mist+ACI
06,2024-02-03,2024-02-03,1,0.6,703.9130184580913,547.0,mist+ACI
06,2024-02-03,2024-02-03,1,0.65,745.6248305418023,547.0,mist+ACI
06,2024-02-03,2024-02-03,1,0.7,896.9149024985823,547.0,mist+ACI
06,2024-02-03,2024-02-03,1,0.75,1178.3065753224355,547.0,mist+ACI
06,2024-02-03,2024-02-03,1,0.8,1304.4836203947903,547.0,mist+ACI
06,2024-02-03,2024-02-03,1,0.85,1405.1704326290276,547.0,mist+ACI
06,2024-02-03,2024-02-03,1,0.9,1660.2759711328977,547.0,mist+ACI
06,2024-02-03,2024-02-03,1,0.95,1694.3306316967635,547.0,mist+ACI
06,2024-02-03,2024-02-03,1,0.975,2174.4218783862834,547.0,mist+ACI
06,2024-02-03,2024-02-03,1,0.99,4326.939376304634,547.0,mist+ACI
06,2024-02-03,2024-02-10,2,0.01,46.40576015630697,464.0,mist+ACI
06,2024-02-03,2024-02-10,2,0.025,101.06493768009378,464.0,mist+ACI
06,2024-02-03,2024-02-10,2,0.05,163.13496729625996,464.0,mist+ACI
06,2024-02-03,2024-02-10,2,0.1,235.29380325759124,464.0,mist+ACI
06,2024-02-03,2024-02-10,2,0.15,252.34121693501,464.0,mist+ACI
06,2024-02-03,2024-02-10,2,0.2,258.8669968543972,464.0,mist+ACI
06,2024-02-03,2024-02-10,2,0.25,260.8710991407964,464.0,mist+ACI
06,2024-02-03,2024-02-10,2,0.3,261.63833192239827,464.0,mist+ACI
06,2024-02-03,2024-02-10,2,0.35,261.6670924657131,464.0,mist+ACI
06,2024-02-03,2024-02-10,2,0.4,261.8595569390919,464.0,mist+ACI
06,2024-02-03,2024-02-10,2,0.45,261.932974765149,464.0,mist+ACI
06,2024-02-03,2024-02-10,2,0.5,261.93475341796875,464.0,mist+ACI
06,2024-02-03,2024-02-10,2,0.55,324.3411023103521,464.0,mist+ACI
06,2024-02-03,2024-02-10,2,0.6,333.13458382138896,464.0,mist+ACI
06,2024-02-03,2024-02-10,2,0.65,551.0417286369595,464.0,mist+ACI
06,2024-02-03,2024-02-10,2,0.7,589.3528484640171,464.0,mist+ACI
06,2024-02-03,2024-02-10,2,0.75,681.4084374223105,464.0,mist+ACI
06,2024-02-03,2024-02-10,2,0.8,920.3612524422289,464.0,mist+ACI
06,2024-02-03,2024-02-10,2,0.85,925.6668705892599,464.0,mist+ACI
06,2024-02-03,2024-02-10,2,0.9,1116.531393458735,464.0,mist+ACI
06,2024-02-03,2024-02-10,2,0.95,1597.5845127583777,464.0,mist+ACI
06,2024-02-03,2024-02-10,2,0.975,1883.30600830149,464.0,mist+ACI
06,2024-02-03,2024-02-10,2,0.99,4111.826572812041,464.0,mist+ACI
06,2024-02-03,2024-02-17,3,0.01,39.85447041765161,342.0,mist+ACI
06,2024-02-03,2024-02-17,3,0.025,86.79718973390581,342.0,mist+ACI
06,2024-02-03,2024-02-17,3,0.05,140.1045410374497,342.0,mist+ACI
06,2024-02-03,2024-02-17,3,0.1,194.81224067145303,342.0,mist+ACI
06,2024-02-03,2024-02-17,3,0.15,215.8109713791135,342.0,mist+ACI
06,2024-02-03,2024-02-17,3,0.2,222.3204253901912,342.0,mist+ACI
06,2024-02-03,2024-02-17,3,0.25,224.34058466803484,342.0,mist+ACI
06,2024-02-03,2024-02-17,3,0.3,224.63006446050758,342.0,mist+ACI
06,2024-02-03,2024-02-17,3,0.35,224.73842722092493,342.0,mist+ACI
06,2024-02-03,2024-02-17,3,0.4,224.85673494932828,342.0,mist+ACI
06,2024-02-03,2024-02-17,3,0.45,224.94521813986498,342.0,mist+ACI
06,2024-02-03,2024-02-17,3,0.5,224.95635986328125,342.0,mist+ACI
06,2024-02-03,2024-02-17,3,0.55,313.9706115727177,342.0,mist+ACI
06,2024-02-03,2024-02-17,3,0.6,539.2797615926886,342.0,mist+ACI
06,2024-02-03,2024-02-17,3,0.65,675.7108169553105,342.0,mist+ACI
06,2024-02-03,2024-02-17,3,0.7,899.8482166188841,342.0,mist+ACI
06,2024-02-03,2024-02-17,3,0.75,953.1334773832887,342.0,mist+ACI
06,2024-02-03,2024-02-17,3,0.8,1305.4923343672724,342.0,mist+ACI
06,2024-02-03,2024-02-17,3,0.85,1376.503945471073,342.0,mist+ACI
06,2024-02-03,2024-02-17,3,0.9,1405.9707106882022,342.0,mist+ACI
06,2024-02-03,2024-02-17,3,0.95,1426.322727026129,342.0,mist+ACI
06,2024-02-03,2024-02-17,3,0.975,2223.9996184582023,342.0,mist+ACI
06,2024-02-03,2024-02-17,3,0.99,4007.528946688114,342.0,mist+ACI
06,2024-02-03,2024-02-24,4,0.01,36.134582155801695,302.0,mist+ACI
06,2024-02-03,2024-02-24,4,0.025,78.69581882446539,302.0,mist+ACI
06,2024-02-03,2024-02-24,4,0.05,127.02763317302475,302.0,mist+ACI
06,2024-02-03,2024-02-24,4,0.1,176.71184381589057,302.0,mist+ACI
06,2024-02-03,2024-02-24,4,0.15,194.95613282541015,302.0,mist+ACI
06,2024-02-03,2024-02-24,4,0.2,201.06151292475,302.0,mist+ACI
06,2024-02-03,2024-02-24,4,0.25,203.2875293397739,302.0,mist+ACI
06,2024-02-03,2024-02-24,4,0.3,203.6234370526419,302.0,mist+ACI
06,2024-02-03,2024-02-24,4,0.35,203.7250534882188,302.0,mist+ACI
06,2024-02-03,2024-02-24,4,0.4,203.8422118321847,302.0,mist+ACI
06,2024-02-03,2024-02-24,4,0.45,203.93386480966555,302.0,mist+ACI
06,2024-02-03,2024-02-24,4,0.5,203.95965576171875,302.0,mist+ACI
06,2024-02-03,2024-02-24,4,0.55,337.1556379554703,302.0,mist+ACI
06,2024-02-03,2024-02-24,4,0.6,520.5841960550151,302.0,mist+ACI
06,2024-02-03,2024-02-24,4,0.65,717.9712179093349,302.0,mist+ACI
06,2024-02-03,2024-02-24,4,0.7,734.7585564391308,302.0,mist+ACI
06,2024-02-03,2024-02-24,4,0.75,1287.1097193875955,302.0,mist+ACI
06,2024-02-03,2024-02-24,4,0.8,1298.8099264113525,302.0,mist+ACI
06,2024-02-03,2024-02-24,4,0.85,1330.8877328755698,302.0,mist+ACI
06,2024-02-03,2024-02-24,4,0.9,2080.754739836837,302.0,mist+ACI
06,2024-02-03,2024-02-24,4,0.95,2564.178779709389,302.0,mist+ACI
06,2024-02-03,2024-02-24,4,0.975,3547.796603324486,302.0,mist+ACI
06,2024-02-03,2024-02-24,4,0.99,5657.745943425275,302.0,mist+ACI
06,2024-02-10,2024-02-10,1,0.01,63.01592435406235,464.0,mist+ACI
06,2024-02-10,2024-02-10,1,0.025,125.6631510979482,464.0,mist+ACI
06,2024-02-10,2024-02-10,1,0.05,225.1067103622668,464.0,mist+ACI
06,2024-02-10,2024-02-10,1,0.1,274.537794267522,464.0,mist+ACI
06,2024-02-10,2024-02-10,1,0.15,283.2862236182186,464.0,mist+ACI
06,2024-02-10,2024-02-10,1,0.2,286.5594337741775,464.0,mist+ACI
06,2024-02-10,2024-02-10,1,0.25,287.50273233628303,464.0,mist+ACI
06,2024-02-10,2024-02-10,1,0.3,287.8417652761138,464.0,mist+ACI
06,2024-02-10,2024-02-10,1,0.35,287.85690149774905,464.0,mist+ACI
06,2024-02-10,2024-02-10,1,0.4,287.95200432646385,464.0,mist+ACI
06,2024-02-10,2024-02-10,1,0.45,287.98099269381447,464.0,mist+ACI
06,2024-02-10,2024-02-10,1,0.5,287.99505615234375,464.0,mist+ACI
06,2024-02-10,2024-02-10,1,0.55,347.82027428986123,464.0,mist+ACI
06,2024-02-10,2024-02-10,1,0.6,376.2887777912419,464.0,mist+ACI
06,2024-02-10,2024-02-10,1,0.65,475.6727506998475,464.0,mist+ACI
06,2024-02-10,2024-02-10,1,0.7,486.2586629502521,464.0,mist+ACI
06,2024-02-10,2024-02-10,1,0.75,489.73531182480986,464.0,mist+ACI
06,2024-02-10,2024-02-10,1,0.8,744.1293838744136,464.0,mist+ACI
06,2024-02-10,2024-02-10,1,0.85,805.5183585951659,464.0,mist+ACI
06,2024-02-10,2024-02-10,1,0.9,865.4001949109858,464.0,mist+ACI
06,2024-02-10,2024-02-10,1,0.95,875.1502439182294,464.0,mist+ACI
06,2024-02-10,2024-02-10,1,0.975,1656.1444263134824,464.0,mist+ACI
06,2024-02-10,2024-02-10,1,0.99,3851.8750743857568,464.0,mist+ACI
06,2024-02-10,2024-02-17,2,0.01,51.03821018726876,342.0,mist+ACI
06,2024-02-10,2024-02-17,2,0.025,110.05569874630288,342.0,mist+ACI
06,2024-02-10,2024-02-17,2,0.05,187.63400180978192,342.0,mist+ACI
06,2024-02-10,2024-02-17,2,0.1,251.4516184925244,342.0,mist+ACI
06,2024-02-10,2024-02-17,2,0.15,263.493788535081,342.0,mist+ACI
06,2024-02-10,2024-02-17,2,0.2,267.54141263506915,342.0,mist+ACI
06,2024-02-10,2024-02-17,2,0.25,269.0922133844968,342.0,mist+ACI
06,2024-02-10,2024-02-17,2,0.3,269.28816565269835,342.0,mist+ACI
06,2024-02-10,2024-02-17,2,0.35,269.32702260983154,342.0,mist+ACI
06,2024-02-10,2024-02-17,2,0.4,269.3952096091523,342.0,mist+ACI
06,2024-02-10,2024-02-17,2,0.45,269.43783076019065,342.0,mist+ACI
06,2024-02-10,2024-02-17,2,0.5,269.4507141113281,342.0,mist+ACI
06,2024-02-10,2024-02-17,2,0.55,294.22709492607305,342.0,mist+ACI
06,2024-02-10,2024-02-17,2,0.6,332.4351798449645,342.0,mist+ACI
06,2024-02-10,2024-02-17,2,0.65,363.99167168220225,342.0,mist+ACI
06,2024-02-10,2024-02-17,2,0.7,385.51205768964314,342.0,mist+ACI
06,2024-02-10,2024-02-17,2,0.75,423.28654396231855,342.0,mist+ACI
06,2024-02-10,2024-02-17,2,0.8,564.1265993962797,342.0,mist+ACI
06,2024-02-10,2024-02-17,2,0.85,591.1804728966688,342.0,mist+ACI
06,2024-02-10,2024-02-17,2,0.9,661.4524015641784,342.0,mist+ACI
06,2024-02-10,2024-02-17,2,0.95,729.320293354235,342.0,mist+ACI
06,2024-02-10,2024-02-17,2,0.975,1295.8944208087637,342.0,mist+ACI
06,2024-02-10,2024-02-17,2,0.99,3023.1755391920906,342.0,mist+ACI
06,2024-02-10,2024-02-24,3,0.01,43.31524641361091,302.0,mist+ACI
06,2024-02-10,2024-02-24,3,0.025,93.40236840059421,302.0,mist+ACI
06,2024-02-10,2024-02-24,3,0.05,154.6943714014051,302.0,mist+ACI
06,2024-02-10,2024-02-24,3,0.1,215.41501828818764,302.0,mist+ACI
06,2024-02-10,2024-02-24,3,0.15,224.07495549953734,302.0,mist+ACI
06,2024-02-10,2024-02-24,3,0.2,227.59111775970052,302.0,mist+ACI
06,2024-02-10,2024-02-24,3,0.25,228.33903337803523,302.0,mist+ACI
06,2024-02-10,2024-02-24,3,0.3,228.59737907866364,302.0,mist+ACI
06,2024-02-10,2024-02-24,3,0.35,228.61194425115895,302.0,mist+ACI
06,2024-02-10,2024-02-24,3,0.4,228.6583771274215,302.0,mist+ACI
06,2024-02-10,2024-02-24,3,0.45,228.67709059057694,302.0,mist+ACI
06,2024-02-10,2024-02-24,3,0.5,228.67816162109375,302.0,mist+ACI
06,2024-02-10,2024-02-24,3,0.55,284.6162432978481,302.0,mist+ACI
06,2024-02-10,2024-02-24,3,0.6,311.92425731568443,302.0,mist+ACI
06,2024-02-10,2024-02-24,3,0.65,349.9343059877043,302.0,mist+ACI
06,2024-02-10,2024-02-24,3,0.7,358.3570196552307,302.0,mist+ACI
06,2024-02-10,2024-02-24,3,0.75,398.1850012747484,302.0,mist+ACI
06,2024-02-10,2024-02-24,3,0.8,414.1587134491633,302.0,mist+ACI
06,2024-02-10,2024-02-24,3,0.85,452.48102761994795,302.0,mist+ACI
06,2024-02-10,2024-02-24,3,0.9,524.1588408182146,302.0,mist+ACI
06,2024-02-10,2024-02-24,3,0.95,958.1135202743313,302.0,mist+ACI
06,2024-02-10,2024-02-24,3,0.975,1272.84159745607,302.0,mist+ACI
06,2024-02-10,2024-02-24,3,0.99,3108.7191481606023,302.0,mist+ACI
06,2024-02-10,2024-03-02,4,0.01,35.82239896539775,266.0,mist+ACI
06,2024-02-10,2024-03-02,4,0.025,77.24524693244659,266.0,mist+ACI
06,2024-02-10,2024-03-02,4,0.05,131.78626737472482,266.0,mist+ACI
06,2024-02-10,2024-03-02,4,0.1,173.03264307619904,266.0,mist+ACI
06,2024-02-10,2024-03-02,4,0.15,184.0858031242243,266.0,mist+ACI
06,2024-02-10,2024-03-02,4,0.2,188.32681430528658,266.0,mist+ACI
06,2024-02-10,2024-03-02,4,0.25,188.91943752948575,266.0,mist+ACI
06,2024-02-10,2024-03-02,4,0.3,189.04765133933375,266.0,mist+ACI
06,2024-02-10,2024-03-02,4,0.35,189.05133471044005,266.0,mist+ACI
06,2024-02-10,2024-03-02,4,0.4,189.10071016115768,266.0,mist+ACI
06,2024-02-10,2024-03-02,4,0.45,189.1176640168268,266.0,mist+ACI
06,2024-02-10,2024-03-02,4,0.5,189.1204833984375,266.0,mist+ACI
06,2024-02-10,2024-03-02,4,0.55,262.8197148415133,266.0,mist+ACI
06,2024-02-10,2024-03-02,4,0.6,269.4507366613109,266.0,mist+ACI
06,2024-02-10,2024-03-02,4,0.65,286.9348255966773,266.0,mist+ACI
06,2024-02-10,2024-03-02,4,0.7,304.61117936894976,266.0,mist+ACI
06,2024-02-10,2024-03-02,4,0.75,411.126836309449,266.0,mist+ACI
06,2024-02-10,2024-03-02,4,0.8,521.0191921784901,266.0,mist+ACI
06,2024-02-10,2024-03-02,4,0.85,523.0182653055912,266.0,mist+ACI
06,2024-02-10,2024-03-02,4,0.9,531.3058415466364,266.0,mist+ACI
06,2024-02-10,2024-03-02,4,0.95,733.6361173114478,266.0,mist+ACI
06,2024-02-10,2024-03-02,4,0.975,2323.791162465401,266.0,mist+ACI
06,2024-02-10,2024-03-02,4,0.99,3730.2798429920467,266.0,mist+ACI
06,2024-02-17,2024-02-17,1,0.01,153.674870822185,342.0,mist+ACI
06,2024-02-17,2024-02-17,1,0.025,227.47908934492347,342.0,mist+ACI
06,2024-02-17,2024-02-17,1,0.05,304.5269001708568,342.0,mist+ACI
06,2024-02-17,2024-02-17,1,0.1,340.9653057570698,342.0,mist+ACI
06,2024-02-17,2024-02-17,1,0.15,348.19836891296006,342.0,mist+ACI
06,2024-02-17,2024-02-17,1,0.2,350.43402179169044,342.0,mist+ACI
06,2024-02-17,2024-02-17,1,0.25,351.13308258641314,342.0,mist+ACI
06,2024-02-17,2024-02-17,1,0.3,351.31250500965143,342.0,mist+ACI
06,2024-02-17,2024-02-17,1,0.35,351.3148283491969,342.0,mist+ACI
06,2024-02-17,2024-02-17,1,0.4,351.36636067469277,342.0,mist+ACI
06,2024-02-17,2024-02-17,1,0.45,351.38370037431156,342.0,mist+ACI
06,2024-02-17,2024-02-17,1,0.5,351.38946533203125,342.0,mist+ACI
06,2024-02-17,2024-02-17,1,0.55,454.75705623107547,342.0,mist+ACI
06,2024-02-17,2024-02-17,1,0.6,478.850318761096,342.0,mist+ACI
06,2024-02-17,2024-02-17,1,0.65,497.9949280367904,342.0,mist+ACI
06,2024-02-17,2024-02-17,1,0.7,526.4967552183443,342.0,mist+ACI
06,2024-02-17,2024-02-17,1,0.75,632.871178941818,342.0,mist+ACI
06,2024-02-17,2024-02-17,1,0.8,689.4058471654462,342.0,mist+ACI
06,2024-02-17,2024-02-17,1,0.85,752.4515365909036,342.0,mist+ACI
06,2024-02-17,2024-02-17,1,0.9,755.4589630667577,342.0,mist+ACI
06,2024-02-17,2024-02-17,1,0.95,761.4554041396684,342.0,mist+ACI
06,2024-02-17,2024-02-17,1,0.975,1517.7317870609145,342.0,mist+ACI
06,2024-02-17,2024-02-17,1,0.99,3540.7067998931084,342.0,mist+ACI
06,2024-02-17,2024-02-24,2,0.01,67.18176870125154,302.0,mist+ACI
06,2024-02-17,2024-02-24,2,0.025,183.28639062543115,302.0,mist+ACI
06,2024-02-17,2024-02-24,2,0.05,267.5433703073815,302.0,mist+ACI
06,2024-02-17,2024-02-24,2,0.1,320.50626816640283,302.0,mist+ACI
06,2024-02-17,2024-02-24,2,0.15,329.62867559699583,302.0,mist+ACI
06,2024-02-17,2024-02-24,2,0.2,332.1995170138806,302.0,mist+ACI
06,2024-02-17,2024-02-24,2,0.25,333.26004194475684,302.0,mist+ACI
06,2024-02-17,2024-02-24,2,0.3,333.3552407190116,302.0,mist+ACI
06,2024-02-17,2024-02-24,2,0.35,333.3793915047282,302.0,mist+ACI
06,2024-02-17,2024-02-24,2,0.4,333.41417620005564,302.0,mist+ACI
06,2024-02-17,2024-02-24,2,0.45,333.429394322604,302.0,mist+ACI
06,2024-02-17,2024-02-24,2,0.5,333.43511962890625,302.0,mist+ACI
06,2024-02-17,2024-02-24,2,0.55,411.6749643590865,302.0,mist+ACI
06,2024-02-17,2024-02-24,2,0.6,413.9872860736516,302.0,mist+ACI
06,2024-02-17,2024-02-24,2,0.65,423.52422440136746,302.0,mist+ACI
06,2024-02-17,2024-02-24,2,0.7,590.9599414675654,302.0,mist+ACI
06,2024-02-17,2024-02-24,2,0.75,600.7011014159007,302.0,mist+ACI
06,2024-02-17,2024-02-24,2,0.8,604.6286491923386,302.0,mist+ACI
06,2024-02-17,2024-02-24,2,0.85,629.8432871501184,302.0,mist+ACI
06,2024-02-17,2024-02-24,2,0.9,646.6092680869856,302.0,mist+ACI
06,2024-02-17,2024-02-24,2,0.95,1164.325342995482,302.0,mist+ACI
06,2024-02-17,2024-02-24,2,0.975,1635.634286407846,302.0,mist+ACI
06,2024-02-17,2024-02-24,2,0.99,2703.0452607999423,302.0,mist+ACI
06,2024-02-17,2024-03-02,3,0.01,67.94809499575089,266.0,mist+ACI
06,2024-02-17,2024-03-02,3,0.025,184.6269906650054,266.0,mist+ACI
06,2024-02-17,2024-03-02,3,0.05,247.31612961393216,266.0,mist+ACI
06,2024-02-17,2024-03-02,3,0.1,293.3697752497476,266.0,mist+ACI
06,2024-02-17,2024-03-02,3,0.15,299.23549144848795,266.0,mist+ACI
06,2024-02-17,2024-03-02,3,0.2,301.321075046363,266.0,mist+ACI
06,2024-02-17,2024-03-02,3,0.25,301.896223799016,266.0,mist+ACI
06,2024-02-17,2024-03-02,3,0.3,301.99983019223697,266.0,mist+ACI
06,2024-02-17,2024-03-02,3,0.35,302.0186394231839,266.0,mist+ACI
06,2024-02-17,2024-03-02,3,0.4,302.0373131464202,266.0,mist+ACI
06,2024-02-17,2024-03-02,3,0.45,302.04250289897016,266.0,mist+ACI
06,2024-02-17,2024-03-02,3,0.5,302.0440368652344,266.0,mist+ACI
06,2024-02-17,2024-03-02,3,0.55,331.83286362502486,266.0,mist+ACI
06,2024-02-17,2024-03-02,3,0.6,341.2442641320777,266.0,mist+ACI
06,2024-02-17,2024-03-02,3,0.65,353.6095138724601,266.0,mist+ACI
06,2024-02-17,2024-03-02,3,0.7,355.5788787448595,266.0,mist+ACI
06,2024-02-17,2024-03-02,3,0.75,395.73710862182617,266.0,mist+ACI
06,2024-02-17,2024-03-02,3,0.8,400.4796276035056,266.0,mist+ACI
06,2024-02-17,2024-03-02,3,0.85,407.55603405821785,266.0,mist+ACI
06,2024-02-17,2024-03-02,3,0.9,415.65091581376987,266.0,mist+ACI
06,2024-02-17,2024-03-02,3,0.95,516.808549035923,266.0,mist+ACI
06,2024-02-17,2024-03-02,3,0.975,1104.0155298117934,266.0,mist+ACI
06,2024-02-17,2024-03-02,3,0.99,2795.7586021289076,266.0,mist+ACI
06,2024-02-17,2024-03-09,4,0.01,55.06444249058691,207.0,mist+ACI
06,2024-02-17,2024-03-09,4,0.025,130.34753290790786,207.0,mist+ACI
06,2024-02-17,2024-03-09,4,0.05,225.69318456547336,207.0,mist+ACI
06,2024-02-17,2024-03-09,4,0.1,257.2510698137562,207.0,mist+ACI
06,2024-02-17,2024-03-09,4,0.15,265.5283695873161,207.0,mist+ACI
06,2024-02-17,2024-03-09,4,0.2,268.64360698034085,207.0,mist+ACI
06,2024-02-17,2024-03-09,4,0.25,269.05038781612643,207.0,mist+ACI
06,2024-02-17,2024-03-09,4,0.3,269.1342201148549,207.0,mist+ACI
06,2024-02-17,2024-03-09,4,0.35,269.14359900726186,207.0,mist+ACI
06,2024-02-17,2024-03-09,4,0.4,269.1605244190434,207.0,mist+ACI
06,2024-02-17,2024-03-09,4,0.45,269.1657476607192,207.0,mist+ACI
06,2024-02-17,2024-03-09,4,0.5,269.167724609375,207.0,mist+ACI
06,2024-02-17,2024-03-09,4,0.55,300.8735096623752,207.0,mist+ACI
06,2024-02-17,2024-03-09,4,0.6,302.95896773343077,207.0,mist+ACI
06,2024-02-17,2024-03-09,4,0.65,317.20831616544024,207.0,mist+ACI
06,2024-02-17,2024-03-09,4,0.7,416.3094334666728,207.0,mist+ACI
06,2024-02-17,2024-03-09,4,0.75,422.9172449471224,207.0,mist+ACI
06,2024-02-17,2024-03-09,4,0.8,462.0839208749105,207.0,mist+ACI
06,2024-02-17,2024-03-09,4,0.85,487.4041537955436,207.0,mist+ACI
06,2024-02-17,2024-03-09,4,0.9,565.5286940610349,207.0,mist+ACI
06,2024-02-17,2024-03-09,4,0.95,1217.819016206535,207.0,mist+ACI
06,2024-02-17,2024-03-09,4,0.975,1998.9267364109735,207.0,mist+ACI
06,2024-02-17,2024-03-09,4,0.99,3185.8355850341345,207.0,mist+ACI
06,2024-02-24,2024-02-24,1,0.01,175.7329359358812,302.0,mist+ACI
06,2024-02-24,2024-02-24,1,0.025,240.5131074855842,302.0,mist+ACI
06,2024-02-24,2024-02-24,1,0.05,334.4714441272959,302.0,mist+ACI
06,2024-02-24,2024-02-24,1,0.1,368.6054986930911,302.0,mist+ACI
06,2024-02-24,2024-02-24,1,0.15,371.03230991931383,302.0,mist+ACI
06,2024-02-24,2024-02-24,1,0.2,377.1650681625654,302.0,mist+ACI
06,2024-02-24,2024-02-24,1,0.25,379.39257933125987,302.0,mist+ACI
06,2024-02-24,2024-02-24,1,0.3,380.09689594394365,302.0,mist+ACI
06,2024-02-24,2024-02-24,1,0.35,380.1400146270686,302.0,mist+ACI
06,2024-02-24,2024-02-24,1,0.4,380.2688568175413,302.0,mist+ACI
06,2024-02-24,2024-02-24,1,0.45,380.3065953518805,302.0,mist+ACI
06,2024-02-24,2024-02-24,1,0.5,380.318115234375,302.0,mist+ACI
06,2024-02-24,2024-02-24,1,0.55,443.1817500950182,302.0,mist+ACI
06,2024-02-24,2024-02-24,1,0.6,459.26288027692897,302.0,mist+ACI
06,2024-02-24,2024-02-24,1,0.65,469.4230041503906,302.0,mist+ACI
06,2024-02-24,2024-02-24,1,0.7,550.0322413340357,302.0,mist+ACI
06,2024-02-24,2024-02-24,1,0.75,641.0659840276658,302.0,mist+ACI
06,2024-02-24,2024-02-24,1,0.8,681.3958177320546,302.0,mist+ACI
06,2024-02-24,2024-02-24,1,0.85,718.0065801457517,302.0,mist+ACI
06,2024-02-24,2024-02-24,1,0.9,730.6173406368914,302.0,mist+ACI
06,2024-02-24,2024-02-24,1,0.95,811.6782509882198,302.0,mist+ACI
06,2024-02-24,2024-02-24,1,0.975,1579.8215458920095,302.0,mist+ACI
06,2024-02-24,2024-02-24,1,0.99,3574.109847876533,302.0,mist+ACI
06,2024-02-24,2024-03-02,2,0.01,90.34217867207622,266.0,mist+ACI
06,2024-02-24,2024-03-02,2,0.025,218.54952096505434,266.0,mist+ACI
06,2024-02-24,2024-03-02,2,0.05,301.66804661025486,266.0,mist+ACI
06,2024-02-24,2024-03-02,2,0.1,350.3454391346697,266.0,mist+ACI
06,2024-02-24,2024-03-02,2,0.15,353.54704404288657,266.0,mist+ACI
06,2024-02-24,2024-03-02,2,0.2,360.8001293228393,266.0,mist+ACI
06,2024-02-24,2024-03-02,2,0.25,364.2910653994267,266.0,mist+ACI
06,2024-02-24,2024-03-02,2,0.3,364.74899942000815,266.0,mist+ACI
06,2024-02-24,2024-03-02,2,0.35,364.79616596950905,266.0,mist+ACI
06,2024-02-24,2024-03-02,2,0.4,364.92969527275386,266.0,mist+ACI
06,2024-02-24,2024-03-02,2,0.45,364.98761055040455,266.0,mist+ACI
06,2024-02-24,2024-03-02,2,0.5,364.9961242675781,266.0,mist+ACI
06,2024-02-24,2024-03-02,2,0.55,405.67524486547956,266.0,mist+ACI
06,2024-02-24,2024-03-02,2,0.6,410.78725757147157,266.0,mist+ACI
06,2024-02-24,2024-03-02,2,0.65,413.92005609813975,266.0,mist+ACI
06,2024-02-24,2024-03-02,2,0.7,429.99276595631477,266.0,mist+ACI
06,2024-02-24,2024-03-02,2,0.75,433.3607177734375,266.0,mist+ACI
06,2024-02-24,2024-03-02,2,0.8,607.4322336027393,266.0,mist+ACI
06,2024-02-24,2024-03-02,2,0.85,620.8464539883814,266.0,mist+ACI
06,2024-02-24,2024-03-02,2,0.9,626.7744426351546,266.0,mist+ACI
06,2024-02-24,2024-03-02,2,0.95,651.9724074991752,266.0,mist+ACI
06,2024-02-24,2024-03-02,2,0.975,1222.7925422916069,266.0,mist+ACI
06,2024-02-24,2024-03-02,2,0.99,2813.214037708858,266.0,mist+ACI
06,2024-02-24,2024-03-09,3,0.01,98.76958697953805,207.0,mist+ACI
06,2024-02-24,2024-03-09,3,0.025,209.60459746651446,207.0,mist+ACI
06,2024-02-24,2024-03-09,3,0.05,273.22063361088806,207.0,mist+ACI
06,2024-02-24,2024-03-09,3,0.1,317.8189458647847,207.0,mist+ACI
06,2024-02-24,2024-03-09,3,0.15,320.4517215216909,207.0,mist+ACI
06,2024-02-24,2024-03-09,3,0.2,327.5384269086438,207.0,mist+ACI
06,2024-02-24,2024-03-09,3,0.25,329.57082861251155,207.0,mist+ACI
06,2024-02-24,2024-03-09,3,0.3,329.9694721286318,207.0,mist+ACI
06,2024-02-24,2024-03-09,3,0.35,329.9749006254309,207.0,mist+ACI
06,2024-02-24,2024-03-09,3,0.4,330.08426617414295,207.0,mist+ACI
06,2024-02-24,2024-03-09,3,0.45,330.1085395569339,207.0,mist+ACI
06,2024-02-24,2024-03-09,3,0.5,330.10894775390625,207.0,mist+ACI
06,2024-02-24,2024-03-09,3,0.55,363.53076171875,207.0,mist+ACI
06,2024-02-24,2024-03-09,3,0.6,373.246139489749,207.0,mist+ACI
06,2024-02-24,2024-03-09,3,0.65,373.56526891818794,207.0,mist+ACI
06,2024-02-24,2024-03-09,3,0.7,450.89390571722214,207.0,mist+ACI
06,2024-02-24,2024-03-09,3,0.75,479.4825482447271,207.0,mist+ACI
06,2024-02-24,2024-03-09,3,0.8,479.70160559088083,207.0,mist+ACI
06,2024-02-24,2024-03-09,3,0.85,543.4338065855507,207.0,mist+ACI
06,2024-02-24,2024-03-09,3,0.9,591.063497543474,207.0,mist+ACI
06,2024-02-24,2024-03-09,3,0.95,1166.608461895957,207.0,mist+ACI
06,2024-02-24,2024-03-09,3,0.975,1270.6007382383655,207.0,mist+ACI
06,2024-02-24,2024-03-09,3,0.99,2878.123896195392,207.0,mist+ACI
06,2024-02-24,2024-03-16,4,0.01,63.515249318731065,188.0,mist+ACI
06,2024-02-24,2024-03-16,4,0.025,150.403043046425,188.0,mist+ACI
06,2024-02-24,2024-03-16,4,0.05,252.4150725218222,188.0,mist+ACI
06,2024-02-24,2024-03-16,4,0.1,285.0006964808404,188.0,mist+ACI
06,2024-02-24,2024-03-16,4,0.15,287.51003374577556,188.0,mist+ACI
06,2024-02-24,2024-03-16,4,0.2,295.956265530332,188.0,mist+ACI
06,2024-02-24,2024-03-16,4,0.25,297.171022582022,188.0,mist+ACI
06,2024-02-24,2024-03-16,4,0.3,297.54748740407007,188.0,mist+ACI
06,2024-02-24,2024-03-16,4,0.35,297.57535303526697,188.0,mist+ACI
06,2024-02-24,2024-03-16,4,0.4,297.6661802577185,188.0,mist+ACI
06,2024-02-24,2024-03-16,4,0.45,297.6716949870827,188.0,mist+ACI
06,2024-02-24,2024-03-16,4,0.5,297.673583984375,188.0,mist+ACI
06,2024-02-24,2024-03-16,4,0.55,341.5593553285705,188.0,mist+ACI
06,2024-02-24,2024-03-16,4,0.6,349.3021240234375,188.0,mist+ACI
06,2024-02-24,2024-03-16,4,0.65,352.2784788102143,188.0,mist+ACI
06,2024-02-24,2024-03-16,4,0.7,480.0389698691872,188.0,mist+ACI
06,2024-02-24,2024-03-16,4,0.75,502.1768921955496,188.0,mist+ACI
06,2024-02-24,2024-03-16,4,0.8,542.8432011555835,188.0,mist+ACI
06,2024-02-24,2024-03-16,4,0.85,555.5129054134659,188.0,mist+ACI
06,2024-02-24,2024-03-16,4,0.9,589.8499626400669,188.0,mist+ACI
06,2024-02-24,2024-03-16,4,0.95,1779.8875940771427,188.0,mist+ACI
06,2024-02-24,2024-03-16,4,0.975,2119.1402941624706,188.0,mist+ACI
06,2024-02-24,2024-03-16,4,0.99,3486.460354236633,188.0,mist+ACI
06,2024-03-02,2024-03-02,1,0.01,82.12283699493605,266.0,mist+ACI
06,2024-03-02,2024-03-02,1,0.025,100.83442782193742,266.0,mist+ACI
06,2024-03-02,2024-03-02,1,0.05,209.6497683143374,266.0,mist+ACI
06,2024-03-02,2024-03-02,1,0.1,310.820585187294,266.0,mist+ACI
06,2024-03-02,2024-03-02,1,0.15,316.72121790960585,266.0,mist+ACI
06,2024-03-02,2024-03-02,1,0.2,349.2968477213152,266.0,mist+ACI
06,2024-03-02,2024-03-02,1,0.25,358.672648486987,266.0,mist+ACI
06,2024-03-02,2024-03-02,1,0.3,360.7899291354235,266.0,mist+ACI
06,2024-03-02,2024-03-02,1,0.35,360.88210937426044,266.0,mist+ACI
06,2024-03-02,2024-03-02,1,0.4,361.48334685354644,266.0,mist+ACI
06,2024-03-02,2024-03-02,1,0.45,361.53984066753856,266.0,mist+ACI
06,2024-03-02,2024-03-02,1,0.5,361.5508728027344,266.0,mist+ACI
06,2024-03-02,2024-03-02,1,0.55,427.47558719471954,266.0,mist+ACI
06,2024-03-02,2024-03-02,1,0.6,430.25765926251825,266.0,mist+ACI
06,2024-03-02,2024-03-02,1,0.65,441.9925582271356,266.0,mist+ACI
06,2024-03-02,2024-03-02,1,0.7,672.7309065975987,266.0,mist+ACI
06,2024-03-02,2024-03-02,1,0.75,690.7738684001652,266.0,mist+ACI
06,2024-03-02,2024-03-02,1,0.8,766.5955727655787,266.0,mist+ACI
06,2024-03-02,2024-03-02,1,0.85,815.5026350633818,266.0,mist+ACI
06,2024-03-02,2024-03-02,1,0.9,924.5675039181857,266.0,mist+ACI
06,2024-03-02,2024-03-02,1,0.95,1340.661526615718,266.0,mist+ACI
06,2024-03-02,2024-03-02,1,0.975,1811.1828151871814,266.0,mist+ACI
06,2024-03-02,2024-03-02,1,0.99,3907.6043674373823,266.0,mist+ACI
06,2024-03-02,2024-03-09,2,0.01,47.57684118189684,207.0,mist+ACI
06,2024-03-02,2024-03-09,2,0.025,76.40470054976282,207.0,mist+ACI
06,2024-03-02,2024-03-09,2,0.05,180.20832018189435,207.0,mist+ACI
06,2024-03-02,2024-03-09,2,0.1,280.3321174503546,207.0,mist+ACI
06,2024-03-02,2024-03-09,2,0.15,284.6691826766586,207.0,mist+ACI
06,2024-03-02,2024-03-09,2,0.2,325.83977505442436,207.0,mist+ACI
06,2024-03-02,2024-03-09,2,0.25,335.8612548092013,207.0,mist+ACI
06,2024-03-02,2024-03-09,2,0.3,338.6569559296286,207.0,mist+ACI
06,2024-03-02,2024-03-09,2,0.35,338.86844283513494,207.0,mist+ACI
06,2024-03-02,2024-03-09,2,0.4,339.3437657558113,207.0,mist+ACI
06,2024-03-02,2024-03-09,2,0.45,339.4503307015735,207.0,mist+ACI
06,2024-03-02,2024-03-09,2,0.5,339.4504699707031,207.0,mist+ACI
06,2024-03-02,2024-03-09,2,0.55,372.3043879230014,207.0,mist+ACI
06,2024-03-02,2024-03-09,2,0.6,377.4881556110993,207.0,mist+ACI
06,2024-03-02,2024-03-09,2,0.65,418.1464347541421,207.0,mist+ACI
06,2024-03-02,2024-03-09,2,0.7,516.0219706500079,207.0,mist+ACI
06,2024-03-02,2024-03-09,2,0.75,638.1112691316198,207.0,mist+ACI
06,2024-03-02,2024-03-09,2,0.8,642.9396974370466,207.0,mist+ACI
06,2024-03-02,2024-03-09,2,0.85,700.5342130954205,207.0,mist+ACI
06,2024-03-02,2024-03-09,2,0.9,764.4005853902431,207.0,mist+ACI
06,2024-03-02,2024-03-09,2,0.95,1006.2357290125038,207.0,mist+ACI
06,2024-03-02,2024-03-09,2,0.975,1545.7456007201704,207.0,mist+ACI
06,2024-03-02,2024-03-09,2,0.99,3458.569756025865,207.0,mist+ACI
06,2024-03-02,2024-03-16,3,0.01,0.0,188.0,mist+ACI
06,2024-03-02,2024-03-16,3,0.025,72.90957991606675,188.0,mist+ACI
06,2024-03-02,2024-03-16,3,0.05,170.30728566384454,188.0,mist+ACI
06,2024-03-02,2024-03-16,3,0.1,257.84399438688973,188.0,mist+ACI
06,2024-03-02,2024-03-16,3,0.15,260.83070588022395,188.0,mist+ACI
06,2024-03-02,2024-03-16,3,0.2,309.9996040326572,188.0,mist+ACI
06,2024-03-02,2024-03-16,3,0.25,321.0215882982376,188.0,mist+ACI
06,2024-03-02,2024-03-16,3,0.3,323.25662300493946,188.0,mist+ACI
06,2024-03-02,2024-03-16,3,0.35,323.2780511402221,188.0,mist+ACI
06,2024-03-02,2024-03-16,3,0.4,323.7586813631323,188.0,mist+ACI
06,2024-03-02,2024-03-16,3,0.45,323.91416497752635,188.0,mist+ACI
06,2024-03-02,2024-03-16,3,0.5,323.92236328125,188.0,mist+ACI
06,2024-03-02,2024-03-16,3,0.55,375.1128178321374,188.0,mist+ACI
06,2024-03-02,2024-03-16,3,0.6,376.99792754963124,188.0,mist+ACI
06,2024-03-02,2024-03-16,3,0.65,381.4473726623903,188.0,mist+ACI
06,2024-03-02,2024-03-16,3,0.7,413.04998350730756,188.0,mist+ACI
06,2024-03-02,2024-03-16,3,0.75,505.77835200560116,188.0,mist+ACI
06,2024-03-02,2024-03-16,3,0.8,531.4547535359723,188.0,mist+ACI
06,2024-03-02,2024-03-16,3,0.85,618.8942472340661,188.0,mist+ACI
06,2024-03-02,2024-03-16,3,0.9,722.0788950748681,188.0,mist+ACI
06,2024-03-02,2024-03-16,3,0.95,737.2781099994875,188.0,mist+ACI
06,2024-03-02,2024-03-16,3,0.975,1678.904413298941,188.0,mist+ACI
06,2024-03-02,2024-03-16,3,0.99,3482.374268116511,188.0,mist+ACI
06,2024-03-02,2024-03-23,4,0.01,0.0,175.0,mist+ACI
06,2024-03-02,2024-03-23,4,0.025,68.33845051333103,175.0,mist+ACI
06,2024-03-02,2024-03-23,4,0.05,143.11979521245047,175.0,mist+ACI
06,2024-03-02,2024-03-23,4,0.1,238.30035928859292,175.0,mist+ACI
06,2024-03-02,2024-03-23,4,0.15,247.54293044831329,175.0,mist+ACI
06,2024-03-02,2024-03-23,4,0.2,290.61534554501526,175.0,mist+ACI
06,2024-03-02,2024-03-23,4,0.25,300.9826021599912,175.0,mist+ACI
06,2024-03-02,2024-03-23,4,0.3,302.8406896300769,175.0,mist+ACI
06,2024-03-02,2024-03-23,4,0.35,302.95234350004796,175.0,mist+ACI
06,2024-03-02,2024-03-23,4,0.4,303.42769411030594,175.0,mist+ACI
06,2024-03-02,2024-03-23,4,0.45,303.57484499363716,175.0,mist+ACI
06,2024-03-02,2024-03-23,4,0.5,303.61376953125,175.0,mist+ACI
06,2024-03-02,2024-03-23,4,0.55,327.1082721855102,175.0,mist+ACI
06,2024-03-02,2024-03-23,4,0.6,342.03329352685455,175.0,mist+ACI
06,2024-03-02,2024-03-23,4,0.65,348.3794824921304,175.0,mist+ACI
06,2024-03-02,2024-03-23,4,0.7,355.5361725828412,175.0,mist+ACI
06,2024-03-02,2024-03-23,4,0.75,422.7237734310338,175.0,mist+ACI
06,2024-03-02,2024-03-23,4,0.8,618.5540213442737,175.0,mist+ACI
06,2024-03-02,2024-03-23,4,0.85,635.2103481847416,175.0,mist+ACI
06,2024-03-02,2024-03-23,4,0.9,705.7656180522902,175.0,mist+ACI
06,2024-03-02,2024-03-23,4,0.95,869.7771442832702,175.0,mist+ACI
06,2024-03-02,2024-03-23,4,0.975,2644.343264414797,175.0,mist+ACI
06,2024-03-02,2024-03-23,4,0.99,4510.413776923747,175.0,mist+ACI
06,2024-03-09,2024-03-09,1,0.01,64.65967158454035,207.0,mist+ACI
06,2024-03-09,2024-03-09,1,0.025,71.86421154526249,207.0,mist+ACI
06,2024-03-09,2024-03-09,1,0.05,137.3240434887954,207.0,mist+ACI
06,2024-03-09,2024-03-09,1,0.1,141.11853773253563,207.0,mist+ACI
06,2024-03-09,2024-03-09,1,0.15,157.11190599711693,207.0,mist+ACI
06,2024-03-09,2024-03-09,1,0.2,245.45126478274958,207.0,mist+ACI
06,2024-03-09,2024-03-09,1,0.25,269.33325048670423,207.0,mist+ACI
06,2024-03-09,2024-03-09,1,0.3,275.1063530450052,207.0,mist+ACI
06,2024-03-09,2024-03-09,1,0.35,275.6316227261921,207.0,mist+ACI
06,2024-03-09,2024-03-09,1,0.4,276.44513920704554,207.0,mist+ACI
06,2024-03-09,2024-03-09,1,0.45,276.6481113727289,207.0,mist+ACI
06,2024-03-09,2024-03-09,1,0.5,276.71484375,207.0,mist+ACI
06,2024-03-09,2024-03-09,1,0.55,294.8055577478408,207.0,mist+ACI
06,2024-03-09,2024-03-09,1,0.6,314.0981478871748,207.0,mist+ACI
06,2024-03-09,2024-03-09,1,0.65,318.47505696519306,207.0,mist+ACI
06,2024-03-09,2024-03-09,1,0.7,340.4378251519707,207.0,mist+ACI
06,2024-03-09,2024-03-09,1,0.75,439.2206713342539,207.0,mist+ACI
06,2024-03-09,2024-03-09,1,0.8,529.5929699918682,207.0,mist+ACI
06,2024-03-09,2024-03-09,1,0.85,535.3231652563192,207.0,mist+ACI
06,2024-03-09,2024-03-09,1,0.9,564.4352301498872,207.0,mist+ACI
06,2024-03-09,2024-03-09,1,0.95,697.1825427329906,207.0,mist+ACI
06,2024-03-09,2024-03-09,1,0.975,1591.3135392435818,207.0,mist+ACI
06,2024-03-09,2024-03-09,1,0.99,3889.3916573125257,207.0,mist+ACI
06,2024-03-09,2024-03-16,2,0.01,37.849210622731846,188.0,mist+ACI
06,2024-03-09,2024-03-16,2,0.025,61.76299229524912,188.0,mist+ACI
06,2024-03-09,2024-03-16,2,0.05,69.86688517025854,188.0,mist+ACI
06,2024-03-09,2024-03-16,2,0.1,70.75736764243305,188.0,mist+ACI
06,2024-03-09,2024-03-16,2,0.15,128.12062981281196,188.0,mist+ACI
06,2024-03-09,2024-03-16,2,0.2,215.35033184094937,188.0,mist+ACI
06,2024-03-09,2024-03-16,2,0.25,254.5833861708735,188.0,mist+ACI
06,2024-03-09,2024-03-16,2,0.3,259.41271553998473,188.0,mist+ACI
06,2024-03-09,2024-03-16,2,0.35,259.4333300396947,188.0,mist+ACI
06,2024-03-09,2024-03-16,2,0.4,260.63093680055835,188.0,mist+ACI
06,2024-03-09,2024-03-16,2,0.45,260.9451130260362,188.0,mist+ACI
06,2024-03-09,2024-03-16,2,0.5,261.02130126953125,188.0,mist+ACI
06,2024-03-09,2024-03-16,2,0.55,278.26676232391435,188.0,mist+ACI
06,2024-03-09,2024-03-16,2,0.6,278.3482936580321,188.0,mist+ACI
06,2024-03-09,2024-03-16,2,0.65,307.1749068770682,188.0,mist+ACI
06,2024-03-09,2024-03-16,2,0.7,340.7815173678746,188.0,mist+ACI
06,2024-03-09,2024-03-16,2,0.75,377.03746955275005,188.0,mist+ACI
06,2024-03-09,2024-03-16,2,0.8,444.6597300957112,188.0,mist+ACI
06,2024-03-09,2024-03-16,2,0.85,449.95304836568636,188.0,mist+ACI
06,2024-03-09,2024-03-16,2,0.9,475.16135363186777,188.0,mist+ACI
06,2024-03-09,2024-03-16,2,0.95,572.3014718058872,188.0,mist+ACI
06,2024-03-09,2024-03-16,2,0.975,1309.0790811339575,188.0,mist+ACI
06,2024-03-09,2024-03-16,2,0.99,3014.6381113750754,188.0,mist+ACI
06,2024-03-09,2024-03-23,3,0.01,0.0,175.0,mist+ACI
06,2024-03-09,2024-03-23,3,0.025,58.66995617242446,175.0,mist+ACI
06,2024-03-09,2024-03-23,3,0.05,60.47270112282129,175.0,mist+ACI
06,2024-03-09,2024-03-23,3,0.1,62.85112825663677,175.0,mist+ACI
06,2024-03-09,2024-03-23,3,0.15,121.70446179109913,175.0,mist+ACI
06,2024-03-09,2024-03-23,3,0.2,214.18549340009446,175.0,mist+ACI
06,2024-03-09,2024-03-23,3,0.25,239.78575756007922,175.0,mist+ACI
06,2024-03-09,2024-03-23,3,0.3,246.49448166879003,175.0,mist+ACI
06,2024-03-09,2024-03-23,3,0.35,247.18582184158282,175.0,mist+ACI
06,2024-03-09,2024-03-23,3,0.4,247.76456734811146,175.0,mist+ACI
06,2024-03-09,2024-03-23,3,0.45,247.93316441743875,175.0,mist+ACI
06,2024-03-09,2024-03-23,3,0.5,247.9495849609375,175.0,mist+ACI
06,2024-03-09,2024-03-23,3,0.55,258.1848322138716,175.0,mist+ACI
06,2024-03-09,2024-03-23,3,0.6,259.4472301880098,175.0,mist+ACI
06,2024-03-09,2024-03-23,3,0.65,260.81899004907547,175.0,mist+ACI
06,2024-03-09,2024-03-23,3,0.7,274.3909604682928,175.0,mist+ACI
06,2024-03-09,2024-03-23,3,0.75,279.5770247124741,175.0,mist+ACI
06,2024-03-09,2024-03-23,3,0.8,303.22100711577184,175.0,mist+ACI
06,2024-03-09,2024-03-23,3,0.85,307.5392311347925,175.0,mist+ACI
06,2024-03-09,2024-03-23,3,0.9,348.5051269358587,175.0,mist+ACI
06,2024-03-09,2024-03-23,3,0.95,482.47675450803433,175.0,mist+ACI
06,2024-03-09,2024-03-23,3,0.975,1176.3682337371933,175.0,mist+ACI
06,2024-03-09,2024-03-23,3,0.99,3319.5826687749804,175.0,mist+ACI
06,2024-03-09,2024-03-30,4,0.01,4.582485034076228,180.0,mist+ACI
06,2024-03-09,2024-03-30,4,0.025,20.109630520919353,180.0,mist+ACI
06,2024-03-09,2024-03-30,4,0.05,34.8900596972106,180.0,mist+ACI
06,2024-03-09,2024-03-30,4,0.1,48.96061557349972,180.0,mist+ACI
06,2024-03-09,2024-03-30,4,0.15,101.56348761914295,180.0,mist+ACI
06,2024-03-09,2024-03-30,4,0.2,184.08938687360452,180.0,mist+ACI
06,2024-03-09,2024-03-30,4,0.25,202.65648495264378,180.0,mist+ACI
06,2024-03-09,2024-03-30,4,0.3,205.8382654167241,180.0,mist+ACI
06,2024-03-09,2024-03-30,4,0.35,205.94190556551177,180.0,mist+ACI
06,2024-03-09,2024-03-30,4,0.4,206.74051593326521,180.0,mist+ACI
06,2024-03-09,2024-03-30,4,0.45,206.88020182494728,180.0,mist+ACI
06,2024-03-09,2024-03-30,4,0.5,206.91619873046875,180.0,mist+ACI
06,2024-03-09,2024-03-30,4,0.55,219.433941209072,180.0,mist+ACI
06,2024-03-09,2024-03-30,4,0.6,220.01042054849307,180.0,mist+ACI
06,2024-03-09,2024-03-30,4,0.65,220.8804133592621,180.0,mist+ACI
06,2024-03-09,2024-03-30,4,0.7,270.3269059516571,180.0,mist+ACI
06,2024-03-09,2024-03-30,4,0.75,312.99484691026555,180.0,mist+ACI
06,2024-03-09,2024-03-30,4,0.8,328.5818869534431,180.0,mist+ACI
06,2024-03-09,2024-03-30,4,0.85,352.3465955339198,180.0,mist+ACI
06,2024-03-09,2024-03-30,4,0.9,365.5085139340662,180.0,mist+ACI
06,2024-03-09,2024-03-30,4,0.95,458.88034876855113,180.0,mist+ACI
06,2024-03-09,2024-03-30,4,0.975,2085.5055971014554,180.0,mist+ACI
06,2024-03-09,2024-03-30,4,0.99,3675.5933692318386,180.0,mist+ACI
06,2024-03-16,2024-03-16,1,0.01,65.7074001176372,188.0,mist+ACI
06,2024-03-16,2024-03-16,1,0.025,76.63667876947895,188.0,mist+ACI
06,2024-03-16,2024-03-16,1,0.05,141.74892534003126,188.0,mist+ACI
06,2024-03-16,2024-03-16,1,0.1,147.4113378032438,188.0,mist+ACI
06,2024-03-16,2024-03-16,1,0.15,152.4413174591033,188.0,mist+ACI
06,2024-03-16,2024-03-16,1,0.2,155.97076502232028,188.0,mist+ACI
06,2024-03-16,2024-03-16,1,0.25,239.37744270344956,188.0,mist+ACI
06,2024-03-16,2024-03-16,1,0.3,252.94829932660843,188.0,mist+ACI
06,2024-03-16,2024-03-16,1,0.35,253.77260472933023,188.0,mist+ACI
06,2024-03-16,2024-03-16,1,0.4,256.25933822626814,188.0,mist+ACI
06,2024-03-16,2024-03-16,1,0.45,256.78882661168007,188.0,mist+ACI
06,2024-03-16,2024-03-16,1,0.5,256.9141845703125,188.0,mist+ACI
06,2024-03-16,2024-03-16,1,0.55,271.29828052499715,188.0,mist+ACI
06,2024-03-16,2024-03-16,1,0.6,280.20001719834585,188.0,mist+ACI
06,2024-03-16,2024-03-16,1,0.65,283.6221604879081,188.0,mist+ACI
06,2024-03-16,2024-03-16,1,0.7,298.3977485116493,188.0,mist+ACI
06,2024-03-16,2024-03-16,1,0.75,364.67648318779806,188.0,mist+ACI
06,2024-03-16,2024-03-16,1,0.8,385.70384759467504,188.0,mist+ACI
06,2024-03-16,2024-03-16,1,0.85,479.7730536686421,188.0,mist+ACI
06,2024-03-16,2024-03-16,1,0.9,484.66042885670396,188.0,mist+ACI
06,2024-03-16,2024-03-16,1,0.95,641.8973773141473,188.0,mist+ACI
06,2024-03-16,2024-03-16,1,0.975,1516.3387678415459,188.0,mist+ACI
06,2024-03-16,2024-03-16,1,0.99,3837.230394509056,188.0,mist+ACI
06,2024-03-16,2024-03-23,2,0.01,44.92559150551401,175.0,mist+ACI
06,2024-03-16,2024-03-23,2,0.025,59.83626322448836,175.0,mist+ACI
06,2024-03-16,2024-03-23,2,0.05,79.54426731940046,175.0,mist+ACI
06,2024-03-16,2024-03-23,2,0.1,99.19658598211271,175.0,mist+ACI
06,2024-03-16,2024-03-23,2,0.15,110.20410733824306,175.0,mist+ACI
06,2024-03-16,2024-03-23,2,0.2,122.95692662738887,175.0,mist+ACI
06,2024-03-16,2024-03-23,2,0.25,221.94590786219032,175.0,mist+ACI
06,2024-03-16,2024-03-23,2,0.3,237.37024741946948,175.0,mist+ACI
06,2024-03-16,2024-03-23,2,0.35,237.97965435026651,175.0,mist+ACI
06,2024-03-16,2024-03-23,2,0.4,240.50017082137876,175.0,mist+ACI
06,2024-03-16,2024-03-23,2,0.45,241.12710793932143,175.0,mist+ACI
06,2024-03-16,2024-03-23,2,0.5,241.28912353515625,175.0,mist+ACI
06,2024-03-16,2024-03-23,2,0.55,257.7181711498508,175.0,mist+ACI
06,2024-03-16,2024-03-23,2,0.6,258.5041641561638,175.0,mist+ACI
06,2024-03-16,2024-03-23,2,0.65,261.8730420392759,175.0,mist+ACI
06,2024-03-16,2024-03-23,2,0.7,272.8037254682721,175.0,mist+ACI
06,2024-03-16,2024-03-23,2,0.75,304.187031913309,175.0,mist+ACI
06,2024-03-16,2024-03-23,2,0.8,396.7291880698592,175.0,mist+ACI
06,2024-03-16,2024-03-23,2,0.85,406.72945508607427,175.0,mist+ACI
06,2024-03-16,2024-03-23,2,0.9,413.17442920740416,175.0,mist+ACI
06,2024-03-16,2024-03-23,2,0.95,531.6947582881041,175.0,mist+ACI
06,2024-03-16,2024-03-23,2,0.975,1214.8815374019496,175.0,mist+ACI
06,2024-03-16,2024-03-23,2,0.99,2898.531282222023,175.0,mist+ACI
06,2024-03-16,2024-03-30,3,0.01,19.52000208500837,180.0,mist+ACI
06,2024-03-16,2024-03-30,3,0.025,56.705624815455394,180.0,mist+ACI
06,2024-03-16,2024-03-30,3,0.05,87.25060982159505,180.0,mist+ACI
06,2024-03-16,2024-03-30,3,0.1,102.21473412806195,180.0,mist+ACI
06,2024-03-16,2024-03-30,3,0.15,116.52380971111032,180.0,mist+ACI
06,2024-03-16,2024-03-30,3,0.2,130.59107191248154,180.0,mist+ACI
06,2024-03-16,2024-03-30,3,0.25,205.64468953040625,180.0,mist+ACI
06,2024-03-16,2024-03-30,3,0.3,224.39390225106328,180.0,mist+ACI
06,2024-03-16,2024-03-30,3,0.35,226.85799203374714,180.0,mist+ACI
06,2024-03-16,2024-03-30,3,0.4,228.40886323380707,180.0,mist+ACI
06,2024-03-16,2024-03-30,3,0.45,228.6402592553555,180.0,mist+ACI
06,2024-03-16,2024-03-30,3,0.5,228.66485595703125,180.0,mist+ACI
06,2024-03-16,2024-03-30,3,0.55,234.4875096732259,180.0,mist+ACI
06,2024-03-16,2024-03-30,3,0.6,235.7224605683283,180.0,mist+ACI
06,2024-03-16,2024-03-30,3,0.65,236.11342105865626,180.0,mist+ACI
06,2024-03-16,2024-03-30,3,0.7,254.74504342067723,180.0,mist+ACI
06,2024-03-16,2024-03-30,3,0.75,262.6312219690278,180.0,mist+ACI
06,2024-03-16,2024-03-30,3,0.8,281.5392601883375,180.0,mist+ACI
06,2024-03-16,2024-03-30,3,0.85,335.3148076544648,180.0,mist+ACI
06,2024-03-16,2024-03-30,3,0.9,337.35067485192405,180.0,mist+ACI
06,2024-03-16,2024-03-30,3,0.95,436.6313003496447,180.0,mist+ACI
06,2024-03-16,2024-03-30,3,0.975,1082.15219153588,180.0,mist+ACI
06,2024-03-16,2024-03-30,3,0.99,3248.281921091513,180.0,mist+ACI
06,2024-03-16,2024-04-06,4,0.01,37.539996386624125,151.0,mist+ACI
06,2024-03-16,2024-04-06,4,0.025,40.568154756501514,151.0,mist+ACI
06,2024-03-16,2024-04-06,4,0.05,41.20687083075785,151.0,mist+ACI
06,2024-03-16,2024-04-06,4,0.1,47.43251086508053,151.0,mist+ACI
06,2024-03-16,2024-04-06,4,0.15,97.46858249336145,151.0,mist+ACI
06,2024-03-16,2024-04-06,4,0.2,122.13715680569078,151.0,mist+ACI
06,2024-03-16,2024-04-06,4,0.25,182.2891986685753,151.0,mist+ACI
06,2024-03-16,2024-04-06,4,0.3,189.1761809651214,151.0,mist+ACI
06,2024-03-16,2024-04-06,4,0.35,189.36554354615043,151.0,mist+ACI
06,2024-03-16,2024-04-06,4,0.4,190.85209428895374,151.0,mist+ACI
06,2024-03-16,2024-04-06,4,0.45,191.18764276232443,151.0,mist+ACI
06,2024-03-16,2024-04-06,4,0.5,191.2711181640625,151.0,mist+ACI
06,2024-03-16,2024-04-06,4,0.55,201.3046097359987,151.0,mist+ACI
06,2024-03-16,2024-04-06,4,0.6,202.177710690742,151.0,mist+ACI
06,2024-03-16,2024-04-06,4,0.65,205.2611744945768,151.0,mist+ACI
06,2024-03-16,2024-04-06,4,0.7,221.35820981833774,151.0,mist+ACI
06,2024-03-16,2024-04-06,4,0.75,297.1701121503089,151.0,mist+ACI
06,2024-03-16,2024-04-06,4,0.8,304.72044249842486,151.0,mist+ACI
06,2024-03-16,2024-04-06,4,0.85,308.9649836826253,151.0,mist+ACI
06,2024-03-16,2024-04-06,4,0.9,333.10105368146026,151.0,mist+ACI
06,2024-03-16,2024-04-06,4,0.95,392.5416085811533,151.0,mist+ACI
06,2024-03-16,2024-04-06,4,0.975,1952.6126976095863,151.0,mist+ACI
06,2024-03-16,2024-04-06,4,0.99,3467.893470639125,151.0,mist+ACI
06,2024-03-23,2024-03-23,1,0.01,65.6551550943918,175.0,mist+ACI
06,2024-03-23,2024-03-23,1,0.025,81.38079833984375,175.0,mist+ACI
06,2024-03-23,2024-03-23,1,0.05,139.57628837973039,175.0,mist+ACI
06,2024-03-23,2024-03-23,1,0.1,144.02001953124994,175.0,mist+ACI
06,2024-03-23,2024-03-23,1,0.15,166.75347900390636,175.0,mist+ACI
06,2024-03-23,2024-03-23,1,0.2,167.78936767578114,175.0,mist+ACI
06,2024-03-23,2024-03-23,1,0.25,194.57598876953125,175.0,mist+ACI
06,2024-03-23,2024-03-23,1,0.3,240.99931657907172,175.0,mist+ACI
06,2024-03-23,2024-03-23,1,0.35,246.06444203211882,175.0,mist+ACI
06,2024-03-23,2024-03-23,1,0.4,251.72278507983586,175.0,mist+ACI
06,2024-03-23,2024-03-23,1,0.45,252.9888814973332,175.0,mist+ACI
06,2024-03-23,2024-03-23,1,0.5,253.3170166015625,175.0,mist+ACI
06,2024-03-23,2024-03-23,1,0.55,262.7089795980006,175.0,mist+ACI
06,2024-03-23,2024-03-23,1,0.6,265.7230684864778,175.0,mist+ACI
06,2024-03-23,2024-03-23,1,0.65,271.6022431456231,175.0,mist+ACI
06,2024-03-23,2024-03-23,1,0.7,272.22094726562494,175.0,mist+ACI
06,2024-03-23,2024-03-23,1,0.75,329.63730382238504,175.0,mist+ACI
06,2024-03-23,2024-03-23,1,0.8,352.3011474609375,175.0,mist+ACI
06,2024-03-23,2024-03-23,1,0.85,430.0905151367187,175.0,mist+ACI
06,2024-03-23,2024-03-23,1,0.9,471.2775878906251,175.0,mist+ACI
06,2024-03-23,2024-03-23,1,0.95,625.5343017578125,175.0,mist+ACI
06,2024-03-23,2024-03-23,1,0.975,1501.0219632212545,175.0,mist+ACI
06,2024-03-23,2024-03-23,1,0.99,3840.056917720488,175.0,mist+ACI
06,2024-03-23,2024-03-30,2,0.01,38.5477294921875,180.0,mist+ACI
06,2024-03-23,2024-03-30,2,0.025,59.59863184927352,180.0,mist+ACI
06,2024-03-23,2024-03-30,2,0.05,97.66558837890616,180.0,mist+ACI
06,2024-03-23,2024-03-30,2,0.1,121.32886677938308,180.0,mist+ACI
06,2024-03-23,2024-03-30,2,0.15,124.48406982421886,180.0,mist+ACI
06,2024-03-23,2024-03-30,2,0.2,131.55413818359358,180.0,mist+ACI
06,2024-03-23,2024-03-30,2,0.25,171.91998291015625,180.0,mist+ACI
06,2024-03-23,2024-03-30,2,0.3,217.08420046851236,180.0,mist+ACI
06,2024-03-23,2024-03-30,2,0.35,221.1379269137822,180.0,mist+ACI
06,2024-03-23,2024-03-30,2,0.4,228.36723621594172,180.0,mist+ACI
06,2024-03-23,2024-03-30,2,0.45,229.6276951957544,180.0,mist+ACI
06,2024-03-23,2024-03-30,2,0.5,229.94915771484375,180.0,mist+ACI
06,2024-03-23,2024-03-30,2,0.55,237.76339182570482,180.0,mist+ACI
06,2024-03-23,2024-03-30,2,0.6,241.33666753967478,180.0,mist+ACI
06,2024-03-23,2024-03-30,2,0.65,241.7853656223414,180.0,mist+ACI
06,2024-03-23,2024-03-30,2,0.7,254.39665258498113,180.0,mist+ACI
06,2024-03-23,2024-03-30,2,0.75,277.50836181640614,180.0,mist+ACI
06,2024-03-23,2024-03-30,2,0.8,344.33123779296875,180.0,mist+ACI
06,2024-03-23,2024-03-30,2,0.85,378.55386352539057,180.0,mist+ACI
06,2024-03-23,2024-03-30,2,0.9,389.5681457519532,180.0,mist+ACI
06,2024-03-23,2024-03-30,2,0.95,515.4777221679688,180.0,mist+ACI
06,2024-03-23,2024-03-30,2,0.975,1167.321852143415,180.0,mist+ACI
06,2024-03-23,2024-03-30,2,0.99,2937.5959005851746,180.0,mist+ACI
06,2024-03-23,2024-04-06,3,0.01,15.3748779296875,151.0,mist+ACI
06,2024-03-23,2024-04-06,3,0.025,57.95308698548894,151.0,mist+ACI
06,2024-03-23,2024-04-06,3,0.05,89.63739013671866,151.0,mist+ACI
06,2024-03-23,2024-04-06,3,0.1,105.63110351562513,151.0,mist+ACI
06,2024-03-23,2024-04-06,3,0.15,117.97892253800282,151.0,mist+ACI
06,2024-03-23,2024-04-06,3,0.2,135.28112792968736,151.0,mist+ACI
06,2024-03-23,2024-04-06,3,0.25,149.6207275390625,151.0,mist+ACI
06,2024-03-23,2024-04-06,3,0.3,210.4674425291399,151.0,mist+ACI
06,2024-03-23,2024-04-06,3,0.35,214.84624935299513,151.0,mist+ACI
06,2024-03-23,2024-04-06,3,0.4,222.6376948012033,151.0,mist+ACI
06,2024-03-23,2024-04-06,3,0.45,223.56638690798482,151.0,mist+ACI
06,2024-03-23,2024-04-06,3,0.5,223.60015869140625,151.0,mist+ACI
06,2024-03-23,2024-04-06,3,0.55,226.28431210473477,151.0,mist+ACI
06,2024-03-23,2024-04-06,3,0.6,227.33832428823865,151.0,mist+ACI
06,2024-03-23,2024-04-06,3,0.65,230.32575440666636,151.0,mist+ACI
06,2024-03-23,2024-04-06,3,0.7,235.33258056640622,151.0,mist+ACI
06,2024-03-23,2024-04-06,3,0.75,275.4516928165329,151.0,mist+ACI
06,2024-03-23,2024-04-06,3,0.8,285.53228759765625,151.0,mist+ACI
06,2024-03-23,2024-04-06,3,0.85,290.156494140625,151.0,mist+ACI
06,2024-03-23,2024-04-06,3,0.9,302.7479248046875,151.0,mist+ACI
06,2024-03-23,2024-04-06,3,0.95,435.18356323242193,151.0,mist+ACI
06,2024-03-23,2024-04-06,3,0.975,1126.5020871024058,151.0,mist+ACI
06,2024-03-23,2024-04-06,3,0.99,3169.9184024281944,151.0,mist+ACI
06,2024-03-23,2024-04-13,4,0.01,36.81719970703125,179.0,mist+ACI
06,2024-03-23,2024-04-13,4,0.025,48.3838944728289,179.0,mist+ACI
06,2024-03-23,2024-04-13,4,0.05,54.876281738281165,179.0,mist+ACI
06,2024-03-23,2024-04-13,4,0.1,57.44714355468764,179.0,mist+ACI
06,2024-03-23,2024-04-13,4,0.15,98.4982860279056,179.0,mist+ACI
06,2024-03-23,2024-04-13,4,0.2,137.85443115234366,179.0,mist+ACI
06,2024-03-23,2024-04-13,4,0.25,141.92913818359375,179.0,mist+ACI
06,2024-03-23,2024-04-13,4,0.3,177.8049603645214,179.0,mist+ACI
06,2024-03-23,2024-04-13,4,0.35,178.39296499065475,179.0,mist+ACI
06,2024-03-23,2024-04-13,4,0.4,185.66886953722425,179.0,mist+ACI
06,2024-03-23,2024-04-13,4,0.45,186.48985473392582,179.0,mist+ACI
06,2024-03-23,2024-04-13,4,0.5,186.67938232421875,179.0,mist+ACI
06,2024-03-23,2024-04-13,4,0.55,195.7422474007358,179.0,mist+ACI
06,2024-03-23,2024-04-13,4,0.6,196.3325808389654,179.0,mist+ACI
06,2024-03-23,2024-04-13,4,0.65,197.49612890369937,179.0,mist+ACI
06,2024-03-23,2024-04-13,4,0.7,218.4082641601562,179.0,mist+ACI
06,2024-03-23,2024-04-13,4,0.75,251.41221649886262,179.0,mist+ACI
06,2024-03-23,2024-04-13,4,0.8,253.0091552734375,179.0,mist+ACI
06,2024-03-23,2024-04-13,4,0.85,295.5175170898437,179.0,mist+ACI
06,2024-03-23,2024-04-13,4,0.9,310.9411010742188,179.0,mist+ACI
06,2024-03-23,2024-04-13,4,0.95,403.77905273437506,179.0,mist+ACI
06,2024-03-23,2024-04-13,4,0.975,1964.026102143122,179.0,mist+ACI
06,2024-03-23,2024-04-13,4,0.99,3573.611834336149,179.0,mist+ACI
06,2024-03-30,2024-03-30,1,0.01,0.0,180.0,mist+ACI
06,2024-03-30,2024-03-30,1,0.025,21.960694546278887,180.0,mist+ACI
06,2024-03-30,2024-03-30,1,0.05,42.33458586683997,180.0,mist+ACI
06,2024-03-30,2024-03-30,1,0.1,78.40555049791365,180.0,mist+ACI
06,2024-03-30,2024-03-30,1,0.15,82.12441610683882,180.0,mist+ACI
06,2024-03-30,2024-03-30,1,0.2,115.61277030287397,180.0,mist+ACI
06,2024-03-30,2024-03-30,1,0.25,165.6459601791902,180.0,mist+ACI
06,2024-03-30,2024-03-30,1,0.3,193.80458748208824,180.0,mist+ACI
06,2024-03-30,2024-03-30,1,0.35,211.49135915273155,180.0,mist+ACI
06,2024-03-30,2024-03-30,1,0.4,285.3705261736784,180.0,mist+ACI
06,2024-03-30,2024-03-30,1,0.45,302.61886475448415,180.0,mist+ACI
06,2024-03-30,2024-03-30,1,0.5,303.9268493652344,180.0,mist+ACI
06,2024-03-30,2024-03-30,1,0.55,313.7214910079333,180.0,mist+ACI
06,2024-03-30,2024-03-30,1,0.6,321.4179676292479,180.0,mist+ACI
06,2024-03-30,2024-03-30,1,0.65,330.62990464768427,180.0,mist+ACI
06,2024-03-30,2024-03-30,1,0.7,333.3606599988791,180.0,mist+ACI
06,2024-03-30,2024-03-30,1,0.75,338.0710460562021,180.0,mist+ACI
06,2024-03-30,2024-03-30,1,0.8,506.0405216419815,180.0,mist+ACI
06,2024-03-30,2024-03-30,1,0.85,581.5328112329762,180.0,mist+ACI
06,2024-03-30,2024-03-30,1,0.9,771.5696815601998,180.0,mist+ACI
06,2024-03-30,2024-03-30,1,0.95,1008.2833904407942,180.0,mist+ACI
06,2024-03-30,2024-03-30,1,0.975,2289.8718935654933,180.0,mist+ACI
06,2024-03-30,2024-03-30,1,0.99,4788.64385011228,180.0,mist+ACI
06,2024-03-30,2024-04-06,2,0.01,0.0,151.0,mist+ACI
06,2024-03-30,2024-04-06,2,0.025,14.74157687206656,151.0,mist+ACI
06,2024-03-30,2024-04-06,2,0.05,28.41797879333788,151.0,mist+ACI
06,2024-03-30,2024-04-06,2,0.1,44.34341794733814,151.0,mist+ACI
06,2024-03-30,2024-04-06,2,0.15,55.127736992165524,151.0,mist+ACI
06,2024-03-30,2024-04-06,2,0.2,73.88353642487789,151.0,mist+ACI
06,2024-03-30,2024-04-06,2,0.25,111.19332543799592,151.0,mist+ACI
06,2024-03-30,2024-04-06,2,0.3,138.62948672729945,151.0,mist+ACI
06,2024-03-30,2024-04-06,2,0.35,173.4049688510439,151.0,mist+ACI
06,2024-03-30,2024-04-06,2,0.4,203.27972410034153,151.0,mist+ACI
06,2024-03-30,2024-04-06,2,0.45,203.9620856966803,151.0,mist+ACI
06,2024-03-30,2024-04-06,2,0.5,204.01727294921875,151.0,mist+ACI
06,2024-03-30,2024-04-06,2,0.55,219.93542107710113,151.0,mist+ACI
06,2024-03-30,2024-04-06,2,0.6,229.20664810084153,151.0,mist+ACI
06,2024-03-30,2024-04-06,2,0.65,235.88204169625124,151.0,mist+ACI
06,2024-03-30,2024-04-06,2,0.7,250.8710371109597,151.0,mist+ACI
06,2024-03-30,2024-04-06,2,0.75,264.1444212721308,151.0,mist+ACI
06,2024-03-30,2024-04-06,2,0.8,400.5433382655799,151.0,mist+ACI
06,2024-03-30,2024-04-06,2,0.85,528.3301708376439,151.0,mist+ACI
06,2024-03-30,2024-04-06,2,0.9,710.9255200258508,151.0,mist+ACI
06,2024-03-30,2024-04-06,2,0.95,905.0646791694747,151.0,mist+ACI
06,2024-03-30,2024-04-06,2,0.975,2216.8249030602365,151.0,mist+ACI
06,2024-03-30,2024-04-06,2,0.99,5169.409552674109,151.0,mist+ACI
06,2024-03-30,2024-04-13,3,0.01,0.0,179.0,mist+ACI
06,2024-03-30,2024-04-13,3,0.025,15.532574889801538,179.0,mist+ACI
06,2024-03-30,2024-04-13,3,0.05,29.942820069725258,179.0,mist+ACI
06,2024-03-30,2024-04-13,3,0.1,43.31183117179734,179.0,mist+ACI
06,2024-03-30,2024-04-13,3,0.15,57.67974871790935,179.0,mist+ACI
06,2024-03-30,2024-04-13,3,0.2,58.08576048323761,179.0,mist+ACI
06,2024-03-30,2024-04-13,3,0.25,117.15969530263878,179.0,mist+ACI
06,2024-03-30,2024-04-13,3,0.3,135.60802161982605,179.0,mist+ACI
06,2024-03-30,2024-04-13,3,0.35,155.54026502815248,179.0,mist+ACI
06,2024-03-30,2024-04-13,3,0.4,210.96185993611994,179.0,mist+ACI
06,2024-03-30,2024-04-13,3,0.45,214.77988222531283,179.0,mist+ACI
06,2024-03-30,2024-04-13,3,0.5,214.96435546875,179.0,mist+ACI
06,2024-03-30,2024-04-13,3,0.55,229.2021549608206,179.0,mist+ACI
06,2024-03-30,2024-04-13,3,0.6,234.78714556248997,179.0,mist+ACI
06,2024-03-30,2024-04-13,3,0.65,242.41472821358101,179.0,mist+ACI
06,2024-03-30,2024-04-13,3,0.7,264.79586509138426,179.0,mist+ACI
06,2024-03-30,2024-04-13,3,0.75,288.459291077531,179.0,mist+ACI
06,2024-03-30,2024-04-13,3,0.8,465.8405197028945,179.0,mist+ACI
06,2024-03-30,2024-04-13,3,0.85,641.2414483571766,179.0,mist+ACI
06,2024-03-30,2024-04-13,3,0.9,880.7112584105839,179.0,mist+ACI
06,2024-03-30,2024-04-13,3,0.95,977.9041547955303,179.0,mist+ACI
06,2024-03-30,2024-04-13,3,0.975,2670.2821565097597,179.0,mist+ACI
06,2024-03-30,2024-04-13,3,0.99,5595.593124568576,179.0,mist+ACI
06,2024-03-30,2024-04-20,4,0.01,0.0,157.0,mist+ACI
06,2024-03-30,2024-04-20,4,0.025,20.731268753558368,157.0,mist+ACI
06,2024-03-30,2024-04-20,4,0.05,39.96456830299874,157.0,mist+ACI
06,2024-03-30,2024-04-20,4,0.1,57.80813668059844,157.0,mist+ACI
06,2024-03-30,2024-04-20,4,0.15,74.36239101577377,157.0,mist+ACI
06,2024-03-30,2024-04-20,4,0.2,77.5268440600583,157.0,mist+ACI
06,2024-03-30,2024-04-20,4,0.25,156.37260065610744,157.0,mist+ACI
06,2024-03-30,2024-04-20,4,0.3,167.42131763092988,157.0,mist+ACI
06,2024-03-30,2024-04-20,4,0.35,203.96986599936753,157.0,mist+ACI
06,2024-03-30,2024-04-20,4,0.4,271.3650385533084,157.0,mist+ACI
06,2024-03-30,2024-04-20,4,0.45,285.3175089195494,157.0,mist+ACI
06,2024-03-30,2024-04-20,4,0.5,286.912109375,157.0,mist+ACI
06,2024-03-30,2024-04-20,4,0.55,299.47040030637106,157.0,mist+ACI
06,2024-03-30,2024-04-20,4,0.6,317.3950195681656,157.0,mist+ACI
06,2024-03-30,2024-04-20,4,0.65,320.59822107451384,157.0,mist+ACI
06,2024-03-30,2024-04-20,4,0.7,335.46611192944977,157.0,mist+ACI
06,2024-03-30,2024-04-20,4,0.75,338.3265013810458,157.0,mist+ACI
06,2024-03-30,2024-04-20,4,0.8,609.3477235801038,157.0,mist+ACI
06,2024-03-30,2024-04-20,4,0.85,643.6868067661925,157.0,mist+ACI
06,2024-03-30,2024-04-20,4,0.9,954.6818651818378,157.0,mist+ACI
06,2024-03-30,2024-04-20,4,0.95,1376.1928147638985,157.0,mist+ACI
06,2024-03-30,2024-04-20,4,0.975,3974.7264049670657,157.0,mist+ACI
06,2024-03-30,2024-04-20,4,0.99,7420.071656528288,157.0,mist+ACI
06,2024-04-06,2024-04-06,1,0.01,0.0,151.0,mist+ACI
06,2024-04-06,2024-04-06,1,0.025,0.0,151.0,mist+ACI
06,2024-04-06,2024-04-06,1,0.05,15.602551511555376,151.0,mist+ACI
06,2024-04-06,2024-04-06,1,0.1,29.031792050133873,151.0,mist+ACI
06,2024-04-06,2024-04-06,1,0.15,31.484264606469324,151.0,mist+ACI
06,2024-04-06,2024-04-06,1,0.2,40.59044649901931,151.0,mist+ACI
06,2024-04-06,2024-04-06,1,0.25,62.925121212982994,151.0,mist+ACI
06,2024-04-06,2024-04-06,1,0.3,64.53309936423418,151.0,mist+ACI
06,2024-04-06,2024-04-06,1,0.35,75.66533154230449,151.0,mist+ACI
06,2024-04-06,2024-04-06,1,0.4,105.12440135351126,151.0,mist+ACI
06,2024-04-06,2024-04-06,1,0.45,110.75255688828685,151.0,mist+ACI
06,2024-04-06,2024-04-06,1,0.5,112.01324462890625,151.0,mist+ACI
06,2024-04-06,2024-04-06,1,0.55,116.20421514392592,151.0,mist+ACI
06,2024-04-06,2024-04-06,1,0.6,120.85011124446149,151.0,mist+ACI
06,2024-04-06,2024-04-06,1,0.65,124.20208854747654,151.0,mist+ACI
06,2024-04-06,2024-04-06,1,0.7,127.14606614863588,151.0,mist+ACI
06,2024-04-06,2024-04-06,1,0.75,141.50202163705973,151.0,mist+ACI
06,2024-04-06,2024-04-06,1,0.8,201.04255755214405,151.0,mist+ACI
06,2024-04-06,2024-04-06,1,0.85,266.6476646185836,151.0,mist+ACI
06,2024-04-06,2024-04-06,1,0.9,345.75023297335747,151.0,mist+ACI
06,2024-04-06,2024-04-06,1,0.95,540.7012922073782,151.0,mist+ACI
06,2024-04-06,2024-04-06,1,0.975,1533.731810736163,151.0,mist+ACI
06,2024-04-06,2024-04-06,1,0.99,4123.071369030501,151.0,mist+ACI
06,2024-04-06,2024-04-13,2,0.01,0.0,179.0,mist+ACI
06,2024-04-06,2024-04-13,2,0.025,0.0,179.0,mist+ACI
06,2024-04-06,2024-04-13,2,0.05,9.710396616360796,179.0,mist+ACI
06,2024-04-06,2024-04-13,2,0.1,12.665423103074346,179.0,mist+ACI
06,2024-04-06,2024-04-13,2,0.15,23.566653792688612,179.0,mist+ACI
06,2024-04-06,2024-04-13,2,0.2,25.557456550280037,179.0,mist+ACI
06,2024-04-06,2024-04-13,2,0.25,32.949430000089365,179.0,mist+ACI
06,2024-04-06,2024-04-13,2,0.3,41.02526032281023,179.0,mist+ACI
06,2024-04-06,2024-04-13,2,0.35,51.079676512166856,179.0,mist+ACI
06,2024-04-06,2024-04-13,2,0.4,81.51739696562696,179.0,mist+ACI
06,2024-04-06,2024-04-13,2,0.45,89.21275519632772,179.0,mist+ACI
06,2024-04-06,2024-04-13,2,0.5,90.9271240234375,179.0,mist+ACI
06,2024-04-06,2024-04-13,2,0.55,94.83058777902616,179.0,mist+ACI
06,2024-04-06,2024-04-13,2,0.6,98.5642645324874,179.0,mist+ACI
06,2024-04-06,2024-04-13,2,0.65,99.33977029110557,179.0,mist+ACI
06,2024-04-06,2024-04-13,2,0.7,104.01136600530687,179.0,mist+ACI
06,2024-04-06,2024-04-13,2,0.75,118.66981676897511,179.0,mist+ACI
06,2024-04-06,2024-04-13,2,0.8,176.33643734262978,179.0,mist+ACI
06,2024-04-06,2024-04-13,2,0.85,215.53176437379017,179.0,mist+ACI
06,2024-04-06,2024-04-13,2,0.9,273.52536367461505,179.0,mist+ACI
06,2024-04-06,2024-04-13,2,0.95,426.713029730988,179.0,mist+ACI
06,2024-04-06,2024-04-13,2,0.975,1277.0603901883376,179.0,mist+ACI
06,2024-04-06,2024-04-13,2,0.99,3420.76369486566,179.0,mist+ACI
06,2024-04-06,2024-04-20,3,0.01,0.0,157.0,mist+ACI
06,2024-04-06,2024-04-20,3,0.025,0.0,157.0,mist+ACI
06,2024-04-06,2024-04-20,3,0.05,0.0,157.0,mist+ACI
06,2024-04-06,2024-04-20,3,0.1,11.84222798791987,157.0,mist+ACI
06,2024-04-06,2024-04-20,3,0.15,22.03492807576653,157.0,mist+ACI
06,2024-04-06,2024-04-20,3,0.2,23.896337674365313,157.0,mist+ACI
06,2024-04-06,2024-04-20,3,0.25,30.80786634268466,157.0,mist+ACI
06,2024-04-06,2024-04-20,3,0.3,38.35880428570552,157.0,mist+ACI
06,2024-04-06,2024-04-20,3,0.35,47.75972897892733,157.0,mist+ACI
06,2024-04-06,2024-04-20,3,0.4,77.43412407107107,157.0,mist+ACI
06,2024-04-06,2024-04-20,3,0.45,84.00397700866904,157.0,mist+ACI
06,2024-04-06,2024-04-20,3,0.5,85.01727294921875,157.0,mist+ACI
06,2024-04-06,2024-04-20,3,0.55,85.49359378713415,157.0,mist+ACI
06,2024-04-06,2024-04-20,3,0.6,87.81986813783546,157.0,mist+ACI
06,2024-04-06,2024-04-20,3,0.65,90.66124855351708,157.0,mist+ACI
06,2024-04-06,2024-04-20,3,0.7,92.33750192875995,157.0,mist+ACI
06,2024-04-06,2024-04-20,3,0.75,93.166278584123,157.0,mist+ACI
06,2024-04-06,2024-04-20,3,0.8,162.999373422983,157.0,mist+ACI
06,2024-04-06,2024-04-20,3,0.85,176.36503625054036,157.0,mist+ACI
06,2024-04-06,2024-04-20,3,0.9,225.4661933060455,157.0,mist+ACI
06,2024-04-06,2024-04-20,3,0.95,354.77867114072916,157.0,mist+ACI
06,2024-04-06,2024-04-20,3,0.975,1267.1895075207979,157.0,mist+ACI
06,2024-04-06,2024-04-20,3,0.99,3618.447633389768,157.0,mist+ACI
06,2024-04-06,2024-04-27,4,0.01,0.0,156.0,mist+ACI
06,2024-04-06,2024-04-27,4,0.025,0.0,156.0,mist+ACI
06,2024-04-06,2024-04-27,4,0.05,0.0,156.0,mist+ACI
06,2024-04-06,2024-04-27,4,0.1,6.590185851706067,156.0,mist+ACI
06,2024-04-06,2024-04-27,4,0.15,12.262411380393019,156.0,mist+ACI
06,2024-04-06,2024-04-27,4,0.2,13.298283617731215,156.0,mist+ACI
06,2024-04-06,2024-04-27,4,0.25,17.14454113701579,156.0,mist+ACI
06,2024-04-06,2024-04-27,4,0.3,21.346629160483023,156.0,mist+ACI
06,2024-04-06,2024-04-27,4,0.35,26.578232619681998,156.0,mist+ACI
06,2024-04-06,2024-04-27,4,0.4,38.75025740342445,156.0,mist+ACI
06,2024-04-06,2024-04-27,4,0.45,46.14386641824115,156.0,mist+ACI
06,2024-04-06,2024-04-27,4,0.5,47.31201171875,156.0,mist+ACI
06,2024-04-06,2024-04-27,4,0.55,52.48665205011293,156.0,mist+ACI
06,2024-04-06,2024-04-27,4,0.6,54.993149106268994,156.0,mist+ACI
06,2024-04-06,2024-04-27,4,0.65,56.58985600823422,156.0,mist+ACI
06,2024-04-06,2024-04-27,4,0.7,59.55623140178736,156.0,mist+ACI
06,2024-04-06,2024-04-27,4,0.75,80.15581202353195,156.0,mist+ACI
06,2024-04-06,2024-04-27,4,0.8,112.28716922731319,156.0,mist+ACI
06,2024-04-06,2024-04-27,4,0.85,155.31214795091327,156.0,mist+ACI
06,2024-04-06,2024-04-27,4,0.9,237.88455995199163,156.0,mist+ACI
06,2024-04-06,2024-04-27,4,0.95,417.4153383791626,156.0,mist+ACI
06,2024-04-06,2024-04-27,4,0.975,2264.408910441452,156.0,mist+ACI
06,2024-04-06,2024-04-27,4,0.99,4439.808322610027,156.0,mist+ACI
06,2024-04-13,2024-04-13,1,0.01,0.0,179.0,mist+ACI
06,2024-04-13,2024-04-13,1,0.025,8.938866677259306,179.0,mist+ACI
06,2024-04-13,2024-04-13,1,0.05,11.474368527637523,179.0,mist+ACI
06,2024-04-13,2024-04-13,1,0.1,16.616658534792577,179.0,mist+ACI
06,2024-04-13,2024-04-13,1,0.15,20.636837896978214,179.0,mist+ACI
06,2024-04-13,2024-04-13,1,0.2,27.95321829228283,179.0,mist+ACI
06,2024-04-13,2024-04-13,1,0.25,32.910710930249195,179.0,mist+ACI
06,2024-04-13,2024-04-13,1,0.3,33.795466700546605,179.0,mist+ACI
06,2024-04-13,2024-04-13,1,0.35,36.17012907531138,179.0,mist+ACI
06,2024-04-13,2024-04-13,1,0.4,53.280429895114466,179.0,mist+ACI
06,2024-04-13,2024-04-13,1,0.45,56.539614840476034,179.0,mist+ACI
06,2024-04-13,2024-04-13,1,0.5,56.9493408203125,179.0,mist+ACI
06,2024-04-13,2024-04-13,1,0.55,69.65327960493089,179.0,mist+ACI
06,2024-04-13,2024-04-13,1,0.6,77.5660143197681,179.0,mist+ACI
06,2024-04-13,2024-04-13,1,0.65,79.13983982600732,179.0,mist+ACI
06,2024-04-13,2024-04-13,1,0.7,89.40894022013691,179.0,mist+ACI
06,2024-04-13,2024-04-13,1,0.75,111.09448603616399,179.0,mist+ACI
06,2024-04-13,2024-04-13,1,0.8,135.151815524886,179.0,mist+ACI
06,2024-04-13,2024-04-13,1,0.85,163.98255713055084,179.0,mist+ACI
06,2024-04-13,2024-04-13,1,0.9,216.23586996284715,179.0,mist+ACI
06,2024-04-13,2024-04-13,1,0.95,383.6627585963584,179.0,mist+ACI
06,2024-04-13,2024-04-13,1,0.975,1271.7192748573545,179.0,mist+ACI
06,2024-04-13,2024-04-13,1,0.99,3782.4670762239502,179.0,mist+ACI
06,2024-04-13,2024-04-20,2,0.01,0.0,157.0,mist+ACI
06,2024-04-13,2024-04-20,2,0.025,0.0,157.0,mist+ACI
06,2024-04-13,2024-04-20,2,0.05,6.0746193680347105,157.0,mist+ACI
06,2024-04-13,2024-04-20,2,0.1,8.989824109732908,157.0,mist+ACI
06,2024-04-13,2024-04-20,2,0.15,13.018654330255647,157.0,mist+ACI
06,2024-04-13,2024-04-20,2,0.2,16.168344465148692,157.0,mist+ACI
06,2024-04-13,2024-04-20,2,0.25,21.900509395642576,157.0,mist+ACI
06,2024-04-13,2024-04-20,2,0.3,25.784556411673822,157.0,mist+ACI
06,2024-04-13,2024-04-20,2,0.35,26.477736061245583,157.0,mist+ACI
06,2024-04-13,2024-04-20,2,0.4,39.264241130215126,157.0,mist+ACI
06,2024-04-13,2024-04-20,2,0.45,43.692157905307496,157.0,mist+ACI
06,2024-04-13,2024-04-20,2,0.5,44.61810302734375,157.0,mist+ACI
06,2024-04-13,2024-04-20,2,0.55,57.10578563082868,157.0,mist+ACI
06,2024-04-13,2024-04-20,2,0.6,60.0003421779308,157.0,mist+ACI
06,2024-04-13,2024-04-20,2,0.65,64.73656497364034,157.0,mist+ACI
06,2024-04-13,2024-04-20,2,0.7,73.77502435118018,157.0,mist+ACI
06,2024-04-13,2024-04-20,2,0.75,82.17306583454092,157.0,mist+ACI
06,2024-04-13,2024-04-20,2,0.8,99.35188587129014,157.0,mist+ACI
06,2024-04-13,2024-04-20,2,0.85,128.7045991013192,157.0,mist+ACI
06,2024-04-13,2024-04-20,2,0.9,153.95774874135952,157.0,mist+ACI
06,2024-04-13,2024-04-20,2,0.95,291.01567364768607,157.0,mist+ACI
06,2024-04-13,2024-04-20,2,0.975,968.6218660101257,157.0,mist+ACI
06,2024-04-13,2024-04-20,2,0.99,2857.7494011532167,157.0,mist+ACI
06,2024-04-13,2024-04-27,3,0.01,0.0,156.0,mist+ACI
06,2024-04-13,2024-04-27,3,0.025,0.0,156.0,mist+ACI
06,2024-04-13,2024-04-27,3,0.05,2.311701265912081,156.0,mist+ACI
06,2024-04-13,2024-04-27,3,0.1,6.446066776381901,156.0,mist+ACI
06,2024-04-13,2024-04-27,3,0.15,9.334900675153989,156.0,mist+ACI
06,2024-04-13,2024-04-27,3,0.2,11.59335564452881,156.0,mist+ACI
06,2024-04-13,2024-04-27,3,0.25,15.703549288383755,156.0,mist+ACI
06,2024-04-13,2024-04-27,3,0.3,18.48856778511251,156.0,mist+ACI
06,2024-04-13,2024-04-27,3,0.35,18.985605575243568,156.0,mist+ACI
06,2024-04-13,2024-04-27,3,0.4,30.651461024838383,156.0,mist+ACI
06,2024-04-13,2024-04-27,3,0.45,31.880340017494934,156.0,mist+ACI
06,2024-04-13,2024-04-27,3,0.5,31.99298095703125,156.0,mist+ACI
06,2024-04-13,2024-04-27,3,0.55,36.741368313515075,156.0,mist+ACI
06,2024-04-13,2024-04-27,3,0.6,40.670994884735094,156.0,mist+ACI
06,2024-04-13,2024-04-27,3,0.65,45.06501823479622,156.0,mist+ACI
06,2024-04-13,2024-04-27,3,0.7,48.504220259827775,156.0,mist+ACI
06,2024-04-13,2024-04-27,3,0.75,54.92056670233578,156.0,mist+ACI
06,2024-04-13,2024-04-27,3,0.8,73.13529964216787,156.0,mist+ACI
06,2024-04-13,2024-04-27,3,0.85,82.50075843706341,156.0,mist+ACI
06,2024-04-13,2024-04-27,3,0.9,104.67212137150412,156.0,mist+ACI
06,2024-04-13,2024-04-27,3,0.95,208.74942460939366,156.0,mist+ACI
06,2024-04-13,2024-04-27,3,0.975,886.9468749583386,156.0,mist+ACI
06,2024-04-13,2024-04-27,3,0.99,3126.509087891127,156.0,mist+ACI
06,2024-04-13,2024-05-04,4,0.01,0.0,77.0,mist+ACI
06,2024-04-13,2024-05-04,4,0.025,0.0,77.0,mist+ACI
06,2024-04-13,2024-05-04,4,0.05,0.4907436254144466,77.0,mist+ACI
06,2024-04-13,2024-05-04,4,0.1,1.3684147801239206,77.0,mist+ACI
06,2024-04-13,2024-05-04,4,0.15,1.9816760356366316,77.0,mist+ACI
06,2024-04-13,2024-05-04,4,0.2,2.461116176042916,77.0,mist+ACI
06,2024-04-13,2024-05-04,4,0.25,3.333655962945253,77.0,mist+ACI
06,2024-04-13,2024-05-04,4,0.3,3.9248785807136093,77.0,mist+ACI
06,2024-04-13,2024-05-04,4,0.35,4.030393134299608,77.0,mist+ACI
06,2024-04-13,2024-05-04,4,0.4,5.66902869953265,77.0,mist+ACI
06,2024-04-13,2024-05-04,4,0.45,6.591659554138341,77.0,mist+ACI
06,2024-04-13,2024-05-04,4,0.5,6.79168701171875,77.0,mist+ACI
06,2024-04-13,2024-05-04,4,0.55,12.839847803686474,77.0,mist+ACI
06,2024-04-13,2024-05-04,4,0.6,18.066090883874846,77.0,mist+ACI
06,2024-04-13,2024-05-04,4,0.65,18.95025958654923,77.0,mist+ACI
06,2024-04-13,2024-05-04,4,0.7,23.36352702933763,77.0,mist+ACI
06,2024-04-13,2024-05-04,4,0.75,27.435302951755475,77.0,mist+ACI
06,2024-04-13,2024-05-04,4,0.8,40.16645536750374,77.0,mist+ACI
06,2024-04-13,2024-05-04,4,0.85,60.28801001952643,77.0,mist+ACI
06,2024-04-13,2024-05-04,4,0.9,85.69155476015641,77.0,mist+ACI
06,2024-04-13,2024-05-04,4,0.95,184.33794722799138,77.0,mist+ACI
06,2024-04-13,2024-05-04,4,0.975,1724.68916740883,77.0,mist+ACI
06,2024-04-13,2024-05-04,4,0.99,3449.7719378665156,77.0,mist+ACI
06,2024-04-20,2024-04-20,1,0.01,25.244295814080445,157.0,mist+ACI
06,2024-04-20,2024-04-20,1,0.025,29.44631476925798,157.0,mist+ACI
06,2024-04-20,2024-04-20,1,0.05,49.44751317838671,157.0,mist+ACI
06,2024-04-20,2024-04-20,1,0.1,54.357421875,157.0,mist+ACI
06,2024-04-20,2024-04-20,1,0.15,57.80009340919751,157.0,mist+ACI
06,2024-04-20,2024-04-20,1,0.2,65.02271010992871,157.0,mist+ACI
06,2024-04-20,2024-04-20,1,0.25,68.33672951559552,157.0,mist+ACI
06,2024-04-20,2024-04-20,1,0.3,74.96612357003136,157.0,mist+ACI
06,2024-04-20,2024-04-20,1,0.35,76.25182319185234,157.0,mist+ACI
06,2024-04-20,2024-04-20,1,0.4,94.39669193725074,157.0,mist+ACI
06,2024-04-20,2024-04-20,1,0.45,96.93158590915414,157.0,mist+ACI
06,2024-04-20,2024-04-20,1,0.5,97.39996337890625,157.0,mist+ACI
06,2024-04-20,2024-04-20,1,0.55,120.00163038023194,157.0,mist+ACI
06,2024-04-20,2024-04-20,1,0.6,120.5174839856795,157.0,mist+ACI
06,2024-04-20,2024-04-20,1,0.65,121.28654444093866,157.0,mist+ACI
06,2024-04-20,2024-04-20,1,0.7,132.93667520965846,157.0,mist+ACI
06,2024-04-20,2024-04-20,1,0.75,173.3082275390625,157.0,mist+ACI
06,2024-04-20,2024-04-20,1,0.8,190.01065409122276,157.0,mist+ACI
06,2024-04-20,2024-04-20,1,0.85,211.28148880300836,157.0,mist+ACI
06,2024-04-20,2024-04-20,1,0.9,301.26708781562206,157.0,mist+ACI
06,2024-04-20,2024-04-20,1,0.95,361.968855105627,157.0,mist+ACI
06,2024-04-20,2024-04-20,1,0.975,954.4073615304225,157.0,mist+ACI
06,2024-04-20,2024-04-20,1,0.99,2951.542715371635,157.0,mist+ACI
06,2024-04-20,2024-04-27,2,0.01,20.29010981988533,156.0,mist+ACI
06,2024-04-20,2024-04-27,2,0.025,23.66748373016241,156.0,mist+ACI
06,2024-04-20,2024-04-27,2,0.05,27.4515380859375,156.0,mist+ACI
06,2024-04-20,2024-04-27,2,0.1,35.32139287408941,156.0,mist+ACI
06,2024-04-20,2024-04-27,2,0.15,46.45684124086817,156.0,mist+ACI
06,2024-04-20,2024-04-27,2,0.2,46.45684124086821,156.0,mist+ACI
06,2024-04-20,2024-04-27,2,0.25,48.77385599299501,156.0,mist+ACI
06,2024-04-20,2024-04-27,2,0.3,56.760919287636966,156.0,mist+ACI
06,2024-04-20,2024-04-27,2,0.35,57.41498035293742,156.0,mist+ACI
06,2024-04-20,2024-04-27,2,0.4,74.89089084363738,156.0,mist+ACI
06,2024-04-20,2024-04-27,2,0.45,77.93862656385627,156.0,mist+ACI
06,2024-04-20,2024-04-27,2,0.5,78.28524780273438,156.0,mist+ACI
06,2024-04-20,2024-04-27,2,0.55,102.90643711485774,156.0,mist+ACI
06,2024-04-20,2024-04-27,2,0.6,104.86027388358946,156.0,mist+ACI
06,2024-04-20,2024-04-27,2,0.65,116.56188830228174,156.0,mist+ACI
06,2024-04-20,2024-04-27,2,0.7,152.64926147460938,156.0,mist+ACI
06,2024-04-20,2024-04-27,2,0.75,156.35643232910965,156.0,mist+ACI
06,2024-04-20,2024-04-27,2,0.8,158.77577318950645,156.0,mist+ACI
06,2024-04-20,2024-04-27,2,0.85,188.50063448052808,156.0,mist+ACI
06,2024-04-20,2024-04-27,2,0.9,230.3339372978069,156.0,mist+ACI
06,2024-04-20,2024-04-27,2,0.95,261.0471888517176,156.0,mist+ACI
06,2024-04-20,2024-04-27,2,0.975,699.2271128021567,156.0,mist+ACI
06,2024-04-20,2024-04-27,2,0.99,2180.4162571973275,156.0,mist+ACI
06,2024-04-20,2024-05-04,3,0.01,9.72283935546875,77.0,mist+ACI
06,2024-04-20,2024-05-04,3,0.025,15.420081971806752,77.0,mist+ACI
06,2024-04-20,2024-05-04,3,0.05,17.986819313704906,77.0,mist+ACI
06,2024-04-20,2024-05-04,3,0.1,26.843559660926857,77.0,mist+ACI
06,2024-04-20,2024-05-04,3,0.15,30.52863189215783,77.0,mist+ACI
06,2024-04-20,2024-05-04,3,0.2,35.30628007657813,77.0,mist+ACI
06,2024-04-20,2024-05-04,3,0.25,35.30628007657816,77.0,mist+ACI
06,2024-04-20,2024-05-04,3,0.3,41.575617557027726,77.0,mist+ACI
06,2024-04-20,2024-05-04,3,0.35,47.99257076488377,77.0,mist+ACI
06,2024-04-20,2024-05-04,3,0.4,57.963283010116285,77.0,mist+ACI
06,2024-04-20,2024-05-04,3,0.45,59.41963899869559,77.0,mist+ACI
06,2024-04-20,2024-05-04,3,0.5,59.4952392578125,77.0,mist+ACI
06,2024-04-20,2024-05-04,3,0.55,71.52263518478745,77.0,mist+ACI
06,2024-04-20,2024-05-04,3,0.6,75.7655905558067,77.0,mist+ACI
06,2024-04-20,2024-05-04,3,0.65,78.323818730732,77.0,mist+ACI
06,2024-04-20,2024-05-04,3,0.7,84.74276733398438,77.0,mist+ACI
06,2024-04-20,2024-05-04,3,0.75,91.55228359078572,77.0,mist+ACI
06,2024-04-20,2024-05-04,3,0.8,103.65500721154373,77.0,mist+ACI
06,2024-04-20,2024-05-04,3,0.85,104.95221245822518,77.0,mist+ACI
06,2024-04-20,2024-05-04,3,0.9,124.2649231773455,77.0,mist+ACI
06,2024-04-20,2024-05-04,3,0.95,164.46100608359387,77.0,mist+ACI
06,2024-04-20,2024-05-04,3,0.975,615.3247721428775,77.0,mist+ACI
06,2024-04-20,2024-05-04,3,0.99,2339.8937446188834,77.0,mist+ACI
06,2024-04-20,2024-05-11,4,0.01,3.3572998046875,49.0,mist+ACI
06,2024-04-20,2024-05-11,4,0.025,8.297945749488864,49.0,mist+ACI
06,2024-04-20,2024-05-11,4,0.05,9.679173634995532,49.0,mist+ACI
06,2024-04-20,2024-05-11,4,0.1,11.245393047667545,49.0,mist+ACI
06,2024-04-20,2024-05-11,4,0.15,14.445215154938623,49.0,mist+ACI
06,2024-04-20,2024-05-11,4,0.2,18.999224337935082,49.0,mist+ACI
06,2024-04-20,2024-05-11,4,0.25,18.9992243379351,49.0,mist+ACI
06,2024-04-20,2024-05-11,4,0.3,19.106831374949696,49.0,mist+ACI
06,2024-04-20,2024-05-11,4,0.35,22.372917317850714,49.0,mist+ACI
06,2024-04-20,2024-05-11,4,0.4,30.942331038146733,49.0,mist+ACI
06,2024-04-20,2024-05-11,4,0.45,31.85688224082021,49.0,mist+ACI
06,2024-04-20,2024-05-11,4,0.5,32.01593017578125,49.0,mist+ACI
06,2024-04-20,2024-05-11,4,0.55,42.3842354517582,49.0,mist+ACI
06,2024-04-20,2024-05-11,4,0.6,45.39967868873761,49.0,mist+ACI
06,2024-04-20,2024-05-11,4,0.65,54.68404532314243,49.0,mist+ACI
06,2024-04-20,2024-05-11,4,0.7,66.21430962274167,49.0,mist+ACI
06,2024-04-20,2024-05-11,4,0.75,71.37258911132812,49.0,mist+ACI
06,2024-04-20,2024-05-11,4,0.8,75.4054457407583,49.0,mist+ACI
06,2024-04-20,2024-05-11,4,0.85,97.92432712704813,49.0,mist+ACI
06,2024-04-20,2024-05-11,4,0.9,109.05379057374357,49.0,mist+ACI
06,2024-04-20,2024-05-11,4,0.95,142.80846032160832,49.0,mist+ACI
06,2024-04-20,2024-05-11,4,0.975,1239.1024625978569,49.0,mist+ACI
06,2024-04-20,2024-05-11,4,0.99,2484.595477640616,49.0,mist+ACI
06,2024-04-27,2024-04-27,1,0.01,26.409302195367523,156.0,mist+ACI
06,2024-04-27,2024-04-27,1,0.025,26.409302195367545,156.0,mist+ACI
06,2024-04-27,2024-04-27,1,0.05,51.380620392332766,156.0,mist+ACI
06,2024-04-27,2024-04-27,1,0.1,51.53585684131754,156.0,mist+ACI
06,2024-04-27,2024-04-27,1,0.15,60.046667436839726,156.0,mist+ACI
06,2024-04-27,2024-04-27,1,0.2,63.75245023184323,156.0,mist+ACI
06,2024-04-27,2024-04-27,1,0.25,68.70195836321481,156.0,mist+ACI
06,2024-04-27,2024-04-27,1,0.3,71.21698222807517,156.0,mist+ACI
06,2024-04-27,2024-04-27,1,0.35,74.63740307160705,156.0,mist+ACI
06,2024-04-27,2024-04-27,1,0.4,83.18602548946579,156.0,mist+ACI
06,2024-04-27,2024-04-27,1,0.45,84.26255200873982,156.0,mist+ACI
06,2024-04-27,2024-04-27,1,0.5,84.45281982421875,156.0,mist+ACI
06,2024-04-27,2024-04-27,1,0.55,126.68966983787783,156.0,mist+ACI
06,2024-04-27,2024-04-27,1,0.6,138.90390203135604,156.0,mist+ACI
06,2024-04-27,2024-04-27,1,0.65,139.36267454571444,156.0,mist+ACI
06,2024-04-27,2024-04-27,1,0.7,148.18649309506733,156.0,mist+ACI
06,2024-04-27,2024-04-27,1,0.75,148.4731410592756,156.0,mist+ACI
06,2024-04-27,2024-04-27,1,0.8,154.04263305664062,156.0,mist+ACI
06,2024-04-27,2024-04-27,1,0.85,163.78307978512373,156.0,mist+ACI
06,2024-04-27,2024-04-27,1,0.9,240.48804102594426,156.0,mist+ACI
06,2024-04-27,2024-04-27,1,0.95,257.49444967713015,156.0,mist+ACI
06,2024-04-27,2024-04-27,1,0.975,753.3655400839696,156.0,mist+ACI
06,2024-04-27,2024-04-27,1,0.99,2349.339991263682,156.0,mist+ACI
06,2024-04-27,2024-05-04,2,0.01,22.12425489601712,77.0,mist+ACI
06,2024-04-27,2024-05-04,2,0.025,22.124254896017135,77.0,mist+ACI
06,2024-04-27,2024-05-04,2,0.05,37.330018087288344,77.0,mist+ACI
06,2024-04-27,2024-05-04,2,0.1,42.063404510531505,77.0,mist+ACI
06,2024-04-27,2024-05-04,2,0.15,43.043846212448,77.0,mist+ACI
06,2024-04-27,2024-05-04,2,0.2,47.78077610448351,77.0,mist+ACI
06,2024-04-27,2024-05-04,2,0.25,55.20335762932804,77.0,mist+ACI
06,2024-04-27,2024-05-04,2,0.3,57.28991928215946,77.0,mist+ACI
06,2024-04-27,2024-05-04,2,0.35,60.87669071520541,77.0,mist+ACI
06,2024-04-27,2024-05-04,2,0.4,69.23793316050296,77.0,mist+ACI
06,2024-04-27,2024-05-04,2,0.45,70.60088104518309,77.0,mist+ACI
06,2024-04-27,2024-05-04,2,0.5,70.74990844726562,77.0,mist+ACI
06,2024-04-27,2024-05-04,2,0.55,110.76118265752336,77.0,mist+ACI
06,2024-04-27,2024-05-04,2,0.6,114.78768373389923,77.0,mist+ACI
06,2024-04-27,2024-05-04,2,0.65,123.98819066337677,77.0,mist+ACI
06,2024-04-27,2024-05-04,2,0.7,124.63680849759936,77.0,mist+ACI
06,2024-04-27,2024-05-04,2,0.75,141.16778564453125,77.0,mist+ACI
06,2024-04-27,2024-05-04,2,0.8,152.87526999260456,77.0,mist+ACI
06,2024-04-27,2024-05-04,2,0.85,183.12912403050075,77.0,mist+ACI
06,2024-04-27,2024-05-04,2,0.9,185.6111470840043,77.0,mist+ACI
06,2024-04-27,2024-05-04,2,0.95,211.38670106068454,77.0,mist+ACI
06,2024-04-27,2024-05-04,2,0.975,563.7959542522422,77.0,mist+ACI
06,2024-04-27,2024-05-04,2,0.99,1744.93716055539,77.0,mist+ACI
06,2024-04-27,2024-05-11,3,0.01,17.869850727947302,49.0,mist+ACI
06,2024-04-27,2024-05-11,3,0.025,17.869850727947316,49.0,mist+ACI
06,2024-04-27,2024-05-11,3,0.05,29.32621715557732,49.0,mist+ACI
06,2024-04-27,2024-05-11,3,0.1,30.151607546860518,49.0,mist+ACI
06,2024-04-27,2024-05-11,3,0.15,34.766689779534104,49.0,mist+ACI
06,2024-04-27,2024-05-11,3,0.2,38.592727333217525,49.0,mist+ACI
06,2024-04-27,2024-05-11,3,0.25,40.091962541814404,49.0,mist+ACI
06,2024-04-27,2024-05-11,3,0.3,45.73012586079774,49.0,mist+ACI
06,2024-04-27,2024-05-11,3,0.35,51.42779446589346,49.0,mist+ACI
06,2024-04-27,2024-05-11,3,0.4,56.39649951428454,49.0,mist+ACI
06,2024-04-27,2024-05-11,3,0.45,57.13011796208709,49.0,mist+ACI
06,2024-04-27,2024-05-11,3,0.5,57.144989013671875,49.0,mist+ACI
06,2024-04-27,2024-05-11,3,0.55,69.98285555228964,49.0,mist+ACI
06,2024-04-27,2024-05-11,3,0.6,80.15279560516308,49.0,mist+ACI
06,2024-04-27,2024-05-11,3,0.65,80.29534912109375,49.0,mist+ACI
06,2024-04-27,2024-05-11,3,0.7,80.30747024170235,49.0,mist+ACI
06,2024-04-27,2024-05-11,3,0.75,86.69927203802915,49.0,mist+ACI
06,2024-04-27,2024-05-11,3,0.8,91.96876064924815,49.0,mist+ACI
06,2024-04-27,2024-05-11,3,0.85,95.990480167811,49.0,mist+ACI
06,2024-04-27,2024-05-11,3,0.9,115.8068462253755,49.0,mist+ACI
06,2024-04-27,2024-05-11,3,0.95,136.6518871890144,49.0,mist+ACI
06,2024-04-27,2024-05-11,3,0.975,490.91830573320897,49.0,mist+ACI
06,2024-04-27,2024-05-11,3,0.99,1882.3764196348413,49.0,mist+ACI
06,2024-04-27,2024-05-18,4,0.01,10.276814899068999,57.0,mist+ACI
06,2024-04-27,2024-05-18,4,0.025,10.276814899069006,57.0,mist+ACI
06,2024-04-27,2024-05-18,4,0.05,17.339959599318444,57.0,mist+ACI
06,2024-04-27,2024-05-18,4,0.1,18.200231698744,57.0,mist+ACI
06,2024-04-27,2024-05-18,4,0.15,19.994058202111674,57.0,mist+ACI
06,2024-04-27,2024-05-18,4,0.2,22.194383226349185,57.0,mist+ACI
06,2024-04-27,2024-05-18,4,0.25,23.61311658244842,57.0,mist+ACI
06,2024-04-27,2024-05-18,4,0.3,25.530776539916967,57.0,mist+ACI
06,2024-04-27,2024-05-18,4,0.35,27.046861647232383,57.0,mist+ACI
06,2024-04-27,2024-05-18,4,0.4,32.2437917744823,57.0,mist+ACI
06,2024-04-27,2024-05-18,4,0.45,32.80032566909467,57.0,mist+ACI
06,2024-04-27,2024-05-18,4,0.5,32.8636474609375,57.0,mist+ACI
06,2024-04-27,2024-05-18,4,0.55,54.57618295563306,57.0,mist+ACI
06,2024-04-27,2024-05-18,4,0.6,59.296021095044324,57.0,mist+ACI
06,2024-04-27,2024-05-18,4,0.65,62.859846150915274,57.0,mist+ACI
06,2024-04-27,2024-05-18,4,0.7,62.88650552054192,57.0,mist+ACI
06,2024-04-27,2024-05-18,4,0.75,75.91241455078125,57.0,mist+ACI
06,2024-04-27,2024-05-18,4,0.8,80.28837586043596,57.0,mist+ACI
06,2024-04-27,2024-05-18,4,0.85,96.15307333925193,57.0,mist+ACI
06,2024-04-27,2024-05-18,4,0.9,105.68155412285027,57.0,mist+ACI
06,2024-04-27,2024-05-18,4,0.95,118.4896700406595,57.0,mist+ACI
06,2024-04-27,2024-05-18,4,0.975,979.9721873753573,57.0,mist+ACI
06,2024-04-27,2024-05-18,4,0.99,2005.3718002020921,57.0,mist+ACI
36,2023-11-04,2023-11-04,1,0.01,2.104124069213867,56.0,mist+ACI
36,2023-11-04,2023-11-04,1,0.025,20.317197799682617,56.0,mist+ACI
36,2023-11-04,2023-11-04,1,0.05,28.40100860595703,56.0,mist+ACI
36,2023-11-04,2023-11-04,1,0.1,33.59357833862305,56.0,mist+ACI
36,2023-11-04,2023-11-04,1,0.15,41.17639923095703,56.0,mist+ACI
36,2023-11-04,2023-11-04,1,0.2,41.442569732666016,56.0,mist+ACI
36,2023-11-04,2023-11-04,1,0.25,46.880462646484375,56.0,mist+ACI
36,2023-11-04,2023-11-04,1,0.3,50.77159881591797,56.0,mist+ACI
36,2023-11-04,2023-11-04,1,0.35,52.50079345703125,56.0,mist+ACI
36,2023-11-04,2023-11-04,1,0.4,60.47080993652344,56.0,mist+ACI
36,2023-11-04,2023-11-04,1,0.45,61.29767990112305,56.0,mist+ACI
36,2023-11-04,2023-11-04,1,0.5,64.24259948730469,56.0,mist+ACI
36,2023-11-04,2023-11-04,1,0.55,66.43478393554688,56.0,mist+ACI
36,2023-11-04,2023-11-04,1,0.6,68.0595932006836,56.0,mist+ACI
36,2023-11-04,2023-11-04,1,0.65,76.07406616210938,56.0,mist+ACI
36,2023-11-04,2023-11-04,1,0.7,77.61280822753906,56.0,mist+ACI
36,2023-11-04,2023-11-04,1,0.75,85.959228515625,56.0,mist+ACI
36,2023-11-04,2023-11-04,1,0.8,89.84832763671875,56.0,mist+ACI
36,2023-11-04,2023-11-04,1,0.85,100.84207153320312,56.0,mist+ACI
36,2023-11-04,2023-11-04,1,0.9,109.43362426757812,56.0,mist+ACI
36,2023-11-04,2023-11-04,1,0.95,128.2173309326172,56.0,mist+ACI
36,2023-11-04,2023-11-04,1,0.975,147.71823120117188,56.0,mist+ACI
36,2023-11-04,2023-11-04,1,0.99,148.16482543945312,56.0,mist+ACI
36,2023-11-04,2023-11-11,2,0.01,0.0,88.0,mist+ACI
36,2023-11-04,2023-11-11,2,0.025,4.933000564575195,88.0,mist+ACI
36,2023-11-04,2023-11-11,2,0.05,33.73697280883789,88.0,mist+ACI
36,2023-11-04,2023-11-11,2,0.1,42.75384521484375,88.0,mist+ACI
36,2023-11-04,2023-11-11,2,0.15,49.38622283935547,88.0,mist+ACI
36,2023-11-04,2023-11-11,2,0.2,56.88726043701172,88.0,mist+ACI
36,2023-11-04,2023-11-11,2,0.25,62.56938552856445,88.0,mist+ACI
36,2023-11-04,2023-11-11,2,0.3,69.9661865234375,88.0,mist+ACI
36,2023-11-04,2023-11-11,2,0.35,70.42080688476562,88.0,mist+ACI
36,2023-11-04,2023-11-11,2,0.4,77.06147003173828,88.0,mist+ACI
36,2023-11-04,2023-11-11,2,0.45,82.60212707519531,88.0,mist+ACI
36,2023-11-04,2023-11-11,2,0.5,87.4289779663086,88.0,mist+ACI
36,2023-11-04,2023-11-11,2,0.55,96.28389739990234,88.0,mist+ACI
36,2023-11-04,2023-11-11,2,0.6,99.55899047851562,88.0,mist+ACI
36,2023-11-04,2023-11-11,2,0.65,107.41352081298828,88.0,mist+ACI
36,2023-11-04,2023-11-11,2,0.7,112.07564544677734,88.0,mist+ACI
36,2023-11-04,2023-11-11,2,0.75,122.15316009521484,88.0,mist+ACI
36,2023-11-04,2023-11-11,2,0.8,131.49195861816406,88.0,mist+ACI
36,2023-11-04,2023-11-11,2,0.85,144.78663635253906,88.0,mist+ACI
36,2023-11-04,2023-11-11,2,0.9,164.7555389404297,88.0,mist+ACI
36,2023-11-04,2023-11-11,2,0.95,189.5431671142578,88.0,mist+ACI
36,2023-11-04,2023-11-11,2,0.975,204.82521057128906,88.0,mist+ACI
36,2023-11-04,2023-11-11,2,0.99,220.7558135986328,88.0,mist+ACI
36,2023-11-04,2023-11-18,3,0.01,0.0,123.0,mist+ACI
36,2023-11-04,2023-11-18,3,0.025,17.806968688964844,123.0,mist+ACI
36,2023-11-04,2023-11-18,3,0.05,40.83603286743164,123.0,mist+ACI
36,2023-11-04,2023-11-18,3,0.1,51.944271087646484,123.0,mist+ACI
36,2023-11-04,2023-11-18,3,0.15,61.253028869628906,123.0,mist+ACI
36,2023-11-04,2023-11-18,3,0.2,71.38733673095703,123.0,mist+ACI
36,2023-11-04,2023-11-18,3,0.25,80.52202606201172,123.0,mist+ACI
36,2023-11-04,2023-11-18,3,0.3,84.57632446289062,123.0,mist+ACI
36,2023-11-04,2023-11-18,3,0.35,92.08340454101562,123.0,mist+ACI
36,2023-11-04,2023-11-18,3,0.4,97.07760620117188,123.0,mist+ACI
36,2023-11-04,2023-11-18,3,0.45,106.42647552490234,123.0,mist+ACI
36,2023-11-04,2023-11-18,3,0.5,112.80167388916016,123.0,mist+ACI
36,2023-11-04,2023-11-18,3,0.55,123.08785247802734,123.0,mist+ACI
36,2023-11-04,2023-11-18,3,0.6,130.44224548339844,123.0,mist+ACI
36,2023-11-04,2023-11-18,3,0.65,140.04205322265625,123.0,mist+ACI
36,2023-11-04,2023-11-18,3,0.7,155.79034423828125,123.0,mist+ACI
36,2023-11-04,2023-11-18,3,0.75,166.6697998046875,123.0,mist+ACI
36,2023-11-04,2023-11-18,3,0.8,186.67828369140625,123.0,mist+ACI
36,2023-11-04,2023-11-18,3,0.85,205.0040740966797,123.0,mist+ACI
36,2023-11-04,2023-11-18,3,0.9,229.0113983154297,123.0,mist+ACI
36,2023-11-04,2023-11-18,3,0.95,275.84576416015625,123.0,mist+ACI
36,2023-11-04,2023-11-18,3,0.975,276.7992858886719,123.0,mist+ACI
36,2023-11-04,2023-11-18,3,0.99,299.2384338378906,123.0,mist+ACI
36,2023-11-04,2023-11-25,4,0.01,0.0,176.0,mist+ACI
36,2023-11-04,2023-11-25,4,0.025,10.927467346191406,176.0,mist+ACI
36,2023-11-04,2023-11-25,4,0.05,40.36433410644531,176.0,mist+ACI
36,2023-11-04,2023-11-25,4,0.1,53.80476379394531,176.0,mist+ACI
36,2023-11-04,2023-11-25,4,0.15,61.14480209350586,176.0,mist+ACI
36,2023-11-04,2023-11-25,4,0.2,69.60714721679688,176.0,mist+ACI
36,2023-11-04,2023-11-25,4,0.25,85.71157836914062,176.0,mist+ACI
36,2023-11-04,2023-11-25,4,0.3,95.60350799560547,176.0,mist+ACI
36,2023-11-04,2023-11-25,4,0.35,105.07686614990234,176.0,mist+ACI
36,2023-11-04,2023-11-25,4,0.4,118.4424819946289,176.0,mist+ACI
36,2023-11-04,2023-11-25,4,0.45,130.21421813964844,176.0,mist+ACI
36,2023-11-04,2023-11-25,4,0.5,136.26821899414062,176.0,mist+ACI
36,2023-11-04,2023-11-25,4,0.55,154.98004150390625,176.0,mist+ACI
36,2023-11-04,2023-11-25,4,0.6,172.74732971191406,176.0,mist+ACI
36,2023-11-04,2023-11-25,4,0.65,182.906982421875,176.0,mist+ACI
36,2023-11-04,2023-11-25,4,0.7,202.99427795410156,176.0,mist+ACI
36,2023-11-04,2023-11-25,4,0.75,216.9795684814453,176.0,mist+ACI
36,2023-11-04,2023-11-25,4,0.8,250.2246856689453,176.0,mist+ACI
36,2023-11-04,2023-11-25,4,0.85,270.71282958984375,176.0,mist+ACI
36,2023-11-04,2023-11-25,4,0.9,291.10174560546875,176.0,mist+ACI
36,2023-11-04,2023-11-25,4,0.95,301.7040710449219,176.0,mist+ACI
36,2023-11-04,2023-11-25,4,0.975,331.2467346191406,176.0,mist+ACI
36,2023-11-04,2023-11-25,4,0.99,365.0106506347656,176.0,mist+ACI
36,2023-11-11,2023-11-11,1,0.01,12.88933887443386,88.0,mist+ACI
36,2023-11-11,2023-11-11,1,0.025,36.50135071047715,88.0,mist+ACI
36,2023-11-11,2023-11-11,1,0.05,45.843639240616284,88.0,mist+ACI
36,2023-11-11,2023-11-11,1,0.1,56.66052019848671,88.0,mist+ACI
36,2023-11-11,2023-11-11,1,0.15,67.10988140763577,88.0,mist+ACI
36,2023-11-11,2023-11-11,1,0.2,70.01115546496794,88.0,mist+ACI
36,2023-11-11,2023-11-11,1,0.25,74.36745976755907,88.0,mist+ACI
36,2023-11-11,2023-11-11,1,0.3,77.64816944707891,88.0,mist+ACI
36,2023-11-11,2023-11-11,1,0.35,78.46651680082067,88.0,mist+ACI
36,2023-11-11,2023-11-11,1,0.4,81.37636676584194,88.0,mist+ACI
36,2023-11-11,2023-11-11,1,0.45,84.34455595180714,88.0,mist+ACI
36,2023-11-11,2023-11-11,1,0.5,88.36006164550781,88.0,mist+ACI
36,2023-11-11,2023-11-11,1,0.55,90.62462525860519,88.0,mist+ACI
36,2023-11-11,2023-11-11,1,0.6,93.03733762137055,88.0,mist+ACI
36,2023-11-11,2023-11-11,1,0.65,97.9627673466054,88.0,mist+ACI
36,2023-11-11,2023-11-11,1,0.7,102.18236129336971,88.0,mist+ACI
36,2023-11-11,2023-11-11,1,0.75,108.68886325516195,88.0,mist+ACI
36,2023-11-11,2023-11-11,1,0.8,112.20881061612462,88.0,mist+ACI
36,2023-11-11,2023-11-11,1,0.85,126.21448963764917,88.0,mist+ACI
36,2023-11-11,2023-11-11,1,0.9,141.12774097381245,88.0,mist+ACI
36,2023-11-11,2023-11-11,1,0.95,167.83742370311617,88.0,mist+ACI
36,2023-11-11,2023-11-11,1,0.975,192.35729578549373,88.0,mist+ACI
36,2023-11-11,2023-11-11,1,0.99,200.26453004993496,88.0,mist+ACI
36,2023-11-11,2023-11-18,2,0.01,1.8999251430424664,123.0,mist+ACI
36,2023-11-11,2023-11-18,2,0.025,13.464233666063848,123.0,mist+ACI
36,2023-11-11,2023-11-18,2,0.05,57.6544028444942,123.0,mist+ACI
36,2023-11-11,2023-11-18,2,0.1,71.96645084334932,123.0,mist+ACI
36,2023-11-11,2023-11-18,2,0.15,85.64076211549965,123.0,mist+ACI
36,2023-11-11,2023-11-18,2,0.2,90.49104932299454,123.0,mist+ACI
36,2023-11-11,2023-11-18,2,0.25,95.1795855281226,123.0,mist+ACI
36,2023-11-11,2023-11-18,2,0.3,103.86528301162073,123.0,mist+ACI
36,2023-11-11,2023-11-18,2,0.35,105.65225182696511,123.0,mist+ACI
36,2023-11-11,2023-11-18,2,0.4,110.05770826601618,123.0,mist+ACI
36,2023-11-11,2023-11-18,2,0.45,114.16130578355327,123.0,mist+ACI
36,2023-11-11,2023-11-18,2,0.5,127.614013671875,123.0,mist+ACI
36,2023-11-11,2023-11-18,2,0.55,135.6109144113123,123.0,mist+ACI
36,2023-11-11,2023-11-18,2,0.6,136.62957796751704,123.0,mist+ACI
36,2023-11-11,2023-11-18,2,0.65,143.40522739958706,123.0,mist+ACI
36,2023-11-11,2023-11-18,2,0.7,151.4069151176815,123.0,mist+ACI
36,2023-11-11,2023-11-18,2,0.75,161.50777003102118,123.0,mist+ACI
36,2023-11-11,2023-11-18,2,0.8,173.80595593109942,123.0,mist+ACI
36,2023-11-11,2023-11-18,2,0.85,190.97673132663795,123.0,mist+ACI
36,2023-11-11,2023-11-18,2,0.9,215.06271106496996,123.0,mist+ACI
36,2023-11-11,2023-11-18,2,0.95,257.2480458963229,123.0,mist+ACI
36,2023-11-11,2023-11-18,2,0.975,280.0498770912292,123.0,mist+ACI
36,2023-11-11,2023-11-18,2,0.99,307.0290588968423,123.0,mist+ACI
36,2023-11-11,2023-11-25,3,0.01,2.5455189302592203,176.0,mist+ACI
36,2023-11-11,2023-11-25,3,0.025,36.8915927789466,176.0,mist+ACI
36,2023-11-11,2023-11-25,3,0.05,69.33138904666099,176.0,mist+ACI
36,2023-11-11,2023-11-25,3,0.1,93.92793497837391,176.0,mist+ACI
36,2023-11-11,2023-11-25,3,0.15,108.88793119999667,176.0,mist+ACI
36,2023-11-11,2023-11-25,3,0.2,109.50908097077149,176.0,mist+ACI
36,2023-11-11,2023-11-25,3,0.25,121.18486149726559,176.0,mist+ACI
36,2023-11-11,2023-11-25,3,0.3,136.4778373049929,176.0,mist+ACI
36,2023-11-11,2023-11-25,3,0.35,140.77189502065747,176.0,mist+ACI
36,2023-11-11,2023-11-25,3,0.4,147.93548615988385,176.0,mist+ACI
36,2023-11-11,2023-11-25,3,0.45,149.83144596184314,176.0,mist+ACI
36,2023-11-11,2023-11-25,3,0.5,170.97720336914062,176.0,mist+ACI
36,2023-11-11,2023-11-25,3,0.55,177.5497076347222,176.0,mist+ACI
36,2023-11-11,2023-11-25,3,0.6,184.10594908774425,176.0,mist+ACI
36,2023-11-11,2023-11-25,3,0.65,192.8246384467936,176.0,mist+ACI
36,2023-11-11,2023-11-25,3,0.7,209.40381489028212,176.0,mist+ACI
36,2023-11-11,2023-11-25,3,0.75,219.3177728176875,176.0,mist+ACI
36,2023-11-11,2023-11-25,3,0.8,244.97273078556856,176.0,mist+ACI
36,2023-11-11,2023-11-25,3,0.85,269.95617394804646,176.0,mist+ACI
36,2023-11-11,2023-11-25,3,0.9,301.2587831498264,176.0,mist+ACI
36,2023-11-11,2023-11-25,3,0.95,376.53257793258786,176.0,mist+ACI
36,2023-11-11,2023-11-25,3,0.975,388.7836268924255,176.0,mist+ACI
36,2023-11-11,2023-11-25,3,0.99,415.95137602293835,176.0,mist+ACI
36,2023-11-11,2023-12-02,4,0.01,2.9301007292978056,338.0,mist+ACI
36,2023-11-11,2023-12-02,4,0.025,27.20112406506186,338.0,mist+ACI
36,2023-11-11,2023-12-02,4,0.05,74.93356751383138,338.0,mist+ACI
36,2023-11-11,2023-12-02,4,0.1,95.55676341231752,338.0,mist+ACI
36,2023-11-11,2023-12-02,4,0.15,113.44402657928275,338.0,mist+ACI
36,2023-11-11,2023-12-02,4,0.2,128.3561056043165,338.0,mist+ACI
36,2023-11-11,2023-12-02,4,0.25,148.21885367389126,338.0,mist+ACI
36,2023-11-11,2023-12-02,4,0.3,154.66039829167462,338.0,mist+ACI
36,2023-11-11,2023-12-02,4,0.35,162.47203418613438,338.0,mist+ACI
36,2023-11-11,2023-12-02,4,0.4,172.1889252544131,338.0,mist+ACI
36,2023-11-11,2023-12-02,4,0.45,181.32876883398094,338.0,mist+ACI
36,2023-11-11,2023-12-02,4,0.5,196.8087615966797,338.0,mist+ACI
36,2023-11-11,2023-12-02,4,0.55,213.9712004343221,338.0,mist+ACI
36,2023-11-11,2023-12-02,4,0.6,228.82241919432263,338.0,mist+ACI
36,2023-11-11,2023-12-02,4,0.65,241.1466106226818,338.0,mist+ACI
36,2023-11-11,2023-12-02,4,0.7,264.1267993122011,338.0,mist+ACI
36,2023-11-11,2023-12-02,4,0.75,280.58966656408865,338.0,mist+ACI
36,2023-11-11,2023-12-02,4,0.8,320.8158604469319,338.0,mist+ACI
36,2023-11-11,2023-12-02,4,0.85,354.66661847855687,338.0,mist+ACI
36,2023-11-11,2023-12-02,4,0.9,386.2070553679506,338.0,mist+ACI
36,2023-11-11,2023-12-02,4,0.95,406.87512181874206,338.0,mist+ACI
36,2023-11-11,2023-12-02,4,0.975,459.3626469246357,338.0,mist+ACI
36,2023-11-11,2023-12-02,4,0.99,505.98661583382096,338.0,mist+ACI
36,2023-11-18,2023-11-18,1,0.01,9.25526830728083,123.0,mist+ACI
36,2023-11-18,2023-11-18,1,0.025,47.3284914267482,123.0,mist+ACI
36,2023-11-18,2023-11-18,1,0.05,57.64802494972795,123.0,mist+ACI
36,2023-11-18,2023-11-18,1,0.1,75.1646789990646,123.0,mist+ACI
36,2023-11-18,2023-11-18,1,0.15,84.33074154904924,123.0,mist+ACI
36,2023-11-18,2023-11-18,1,0.2,91.93941978566669,123.0,mist+ACI
36,2023-11-18,2023-11-18,1,0.25,98.34464360958093,123.0,mist+ACI
36,2023-11-18,2023-11-18,1,0.3,98.88358361710307,123.0,mist+ACI
36,2023-11-18,2023-11-18,1,0.35,101.8425010094896,123.0,mist+ACI
36,2023-11-18,2023-11-18,1,0.4,104.90466973043699,123.0,mist+ACI
36,2023-11-18,2023-11-18,1,0.45,105.16749264183429,123.0,mist+ACI
36,2023-11-18,2023-11-18,1,0.5,110.86925506591797,123.0,mist+ACI
36,2023-11-18,2023-11-18,1,0.55,112.69911883807652,123.0,mist+ACI
36,2023-11-18,2023-11-18,1,0.6,114.61296133613543,123.0,mist+ACI
36,2023-11-18,2023-11-18,1,0.65,116.89224940813104,123.0,mist+ACI
36,2023-11-18,2023-11-18,1,0.7,119.97213546961619,123.0,mist+ACI
36,2023-11-18,2023-11-18,1,0.75,127.58779547775083,123.0,mist+ACI
36,2023-11-18,2023-11-18,1,0.8,134.75379522663647,123.0,mist+ACI
36,2023-11-18,2023-11-18,1,0.85,150.28990821012113,123.0,mist+ACI
36,2023-11-18,2023-11-18,1,0.9,169.07894841127998,123.0,mist+ACI
36,2023-11-18,2023-11-18,1,0.95,201.21080515367242,123.0,mist+ACI
36,2023-11-18,2023-11-18,1,0.975,238.025017678155,123.0,mist+ACI
36,2023-11-18,2023-11-18,1,0.99,246.3866000667489,123.0,mist+ACI
36,2023-11-18,2023-11-25,2,0.01,4.727869072170989,176.0,mist+ACI
36,2023-11-18,2023-11-25,2,0.025,18.359755744204506,176.0,mist+ACI
36,2023-11-18,2023-11-25,2,0.05,75.43885022197728,176.0,mist+ACI
36,2023-11-18,2023-11-25,2,0.1,100.94070466274374,176.0,mist+ACI
36,2023-11-18,2023-11-25,2,0.15,116.81863297255032,176.0,mist+ACI
36,2023-11-18,2023-11-25,2,0.2,129.8059300551427,176.0,mist+ACI
36,2023-11-18,2023-11-25,2,0.25,130.09688831900857,176.0,mist+ACI
36,2023-11-18,2023-11-25,2,0.3,136.87867587718281,176.0,mist+ACI
36,2023-11-18,2023-11-25,2,0.35,144.0328584420791,176.0,mist+ACI
36,2023-11-18,2023-11-25,2,0.4,144.84940868318114,176.0,mist+ACI
36,2023-11-18,2023-11-25,2,0.45,149.30736044769904,176.0,mist+ACI
36,2023-11-18,2023-11-25,2,0.5,159.9713897705078,176.0,mist+ACI
36,2023-11-18,2023-11-25,2,0.55,163.01559970195134,176.0,mist+ACI
36,2023-11-18,2023-11-25,2,0.6,164.92537183360346,176.0,mist+ACI
36,2023-11-18,2023-11-25,2,0.65,170.53387008036802,176.0,mist+ACI
36,2023-11-18,2023-11-25,2,0.7,176.94903550296488,176.0,mist+ACI
36,2023-11-18,2023-11-25,2,0.75,188.60278096748678,176.0,mist+ACI
36,2023-11-18,2023-11-25,2,0.8,200.6139496814721,176.0,mist+ACI
36,2023-11-18,2023-11-25,2,0.85,221.35455090729286,176.0,mist+ACI
36,2023-11-18,2023-11-25,2,0.9,254.69873815285112,176.0,mist+ACI
36,2023-11-18,2023-11-25,2,0.95,311.9512658152109,176.0,mist+ACI
36,2023-11-18,2023-11-25,2,0.975,343.70759257100724,176.0,mist+ACI
36,2023-11-18,2023-11-25,2,0.99,380.960670349676,176.0,mist+ACI
36,2023-11-18,2023-12-02,3,0.01,6.210208025301796,338.0,mist+ACI
36,2023-11-18,2023-12-02,3,0.025,43.79369817748497,338.0,mist+ACI
36,2023-11-18,2023-12-02,3,0.05,91.58361029711054,338.0,mist+ACI
36,2023-11-18,2023-12-02,3,0.1,126.86576631951233,338.0,mist+ACI
36,2023-11-18,2023-12-02,3,0.15,148.18338861198296,338.0,mist+ACI
36,2023-11-18,2023-12-02,3,0.2,164.04917152854028,338.0,mist+ACI
36,2023-11-18,2023-12-02,3,0.25,167.3812656074522,338.0,mist+ACI
36,2023-11-18,2023-12-02,3,0.3,180.194129800337,338.0,mist+ACI
36,2023-11-18,2023-12-02,3,0.35,186.45316902093734,338.0,mist+ACI
36,2023-11-18,2023-12-02,3,0.4,193.05191882443327,338.0,mist+ACI
36,2023-11-18,2023-12-02,3,0.45,194.34877553737743,338.0,mist+ACI
36,2023-11-18,2023-12-02,3,0.5,210.1275634765625,338.0,mist+ACI
36,2023-11-18,2023-12-02,3,0.55,214.54343350048234,338.0,mist+ACI
36,2023-11-18,2023-12-02,3,0.6,219.90550156144184,338.0,mist+ACI
36,2023-11-18,2023-12-02,3,0.65,226.61912745110752,338.0,mist+ACI
36,2023-11-18,2023-12-02,3,0.7,240.59284251987154,338.0,mist+ACI
36,2023-11-18,2023-12-02,3,0.75,252.0278951882351,338.0,mist+ACI
36,2023-11-18,2023-12-02,3,0.8,279.9984966132248,338.0,mist+ACI
36,2023-11-18,2023-12-02,3,0.85,312.52829399589393,338.0,mist+ACI
36,2023-11-18,2023-12-02,3,0.9,355.69436483640504,338.0,mist+ACI
36,2023-11-18,2023-12-02,3,0.95,455.0480227411707,338.0,mist+ACI
36,2023-11-18,2023-12-02,3,0.975,475.3117197123466,338.0,mist+ACI
36,2023-11-18,2023-12-02,3,0.99,512.2018359984968,338.0,mist+ACI
36,2023-11-18,2023-12-09,4,0.01,7.142442735073388,501.0,mist+ACI
36,2023-11-18,2023-12-09,4,0.025,36.62326191888141,501.0,mist+ACI
36,2023-11-18,2023-12-09,4,0.05,97.82435281491018,501.0,mist+ACI
36,2023-11-18,2023-12-09,4,0.1,133.7055718355185,501.0,mist+ACI
36,2023-11-18,2023-12-09,4,0.15,159.94085256057093,501.0,mist+ACI
36,2023-11-18,2023-12-09,4,0.2,179.17026812236764,501.0,mist+ACI
36,2023-11-18,2023-12-09,4,0.25,200.5569959000739,501.0,mist+ACI
36,2023-11-18,2023-12-09,4,0.3,209.02649722813388,501.0,mist+ACI
36,2023-11-18,2023-12-09,4,0.35,214.35715494541606,501.0,mist+ACI
36,2023-11-18,2023-12-09,4,0.4,222.51660540153725,501.0,mist+ACI
36,2023-11-18,2023-12-09,4,0.45,231.68981797320345,501.0,mist+ACI
36,2023-11-18,2023-12-09,4,0.5,241.67050170898438,501.0,mist+ACI
36,2023-11-18,2023-12-09,4,0.55,252.21744582751955,501.0,mist+ACI
36,2023-11-18,2023-12-09,4,0.6,263.56009990142485,501.0,mist+ACI
36,2023-11-18,2023-12-09,4,0.65,275.8361005811726,501.0,mist+ACI
36,2023-11-18,2023-12-09,4,0.7,295.147464677338,501.0,mist+ACI
36,2023-11-18,2023-12-09,4,0.75,314.401371445948,501.0,mist+ACI
36,2023-11-18,2023-12-09,4,0.8,358.36283196362524,501.0,mist+ACI
36,2023-11-18,2023-12-09,4,0.85,401.74418093664485,501.0,mist+ACI
36,2023-11-18,2023-12-09,4,0.9,449.76167813343056,501.0,mist+ACI
36,2023-11-18,2023-12-09,4,0.95,493.29806360262796,501.0,mist+ACI
36,2023-11-18,2023-12-09,4,0.975,565.0181836158858,501.0,mist+ACI
36,2023-11-18,2023-12-09,4,0.99,632.7065362542064,501.0,mist+ACI
36,2023-11-25,2023-11-25,1,0.01,13.937546000801234,176.0,mist+ACI
36,2023-11-25,2023-11-25,1,0.025,70.98488946105209,176.0,mist+ACI
36,2023-11-25,2023-11-25,1,0.05,80.52891527972658,176.0,mist+ACI
36,2023-11-25,2023-11-25,1,0.1,111.74830094053705,176.0,mist+ACI
36,2023-11-25,2023-11-25,1,0.15,122.04350213049415,176.0,mist+ACI
36,2023-11-25,2023-11-25,1,0.2,134.91679083573655,176.0,mist+ACI
36,2023-11-25,2023-11-25,1,0.25,141.85983808607497,176.0,mist+ACI
36,2023-11-25,2023-11-25,1,0.3,142.59900944542022,176.0,mist+ACI
36,2023-11-25,2023-11-25,1,0.35,145.26962299517226,176.0,mist+ACI
36,2023-11-25,2023-11-25,1,0.4,147.88762993542105,176.0,mist+ACI
36,2023-11-25,2023-11-25,1,0.45,149.62731097855203,176.0,mist+ACI
36,2023-11-25,2023-11-25,1,0.5,153.67388916015625,176.0,mist+ACI
36,2023-11-25,2023-11-25,1,0.55,160.5553056915305,176.0,mist+ACI
36,2023-11-25,2023-11-25,1,0.6,169.08617752689668,176.0,mist+ACI
36,2023-11-25,2023-11-25,1,0.65,170.22875055636118,176.0,mist+ACI
36,2023-11-25,2023-11-25,1,0.7,176.31545365526307,176.0,mist+ACI
36,2023-11-25,2023-11-25,1,0.75,178.84632431778553,176.0,mist+ACI
36,2023-11-25,2023-11-25,1,0.8,195.23063078895302,176.0,mist+ACI
36,2023-11-25,2023-11-25,1,0.85,197.28603135573601,176.0,mist+ACI
36,2023-11-25,2023-11-25,1,0.9,224.60651843203078,176.0,mist+ACI
36,2023-11-25,2023-11-25,1,0.95,271.0691761473842,176.0,mist+ACI
36,2023-11-25,2023-11-25,1,0.975,322.91955775238574,176.0,mist+ACI
36,2023-11-25,2023-11-25,1,0.99,338.68860579742807,176.0,mist+ACI
36,2023-11-25,2023-12-02,2,0.01,9.972588348358926,338.0,mist+ACI
36,2023-11-25,2023-12-02,2,0.025,27.4283655112001,338.0,mist+ACI
36,2023-11-25,2023-12-02,2,0.05,113.68609342996162,338.0,mist+ACI
36,2023-11-25,2023-12-02,2,0.1,155.57216035424432,338.0,mist+ACI
36,2023-11-25,2023-12-02,2,0.15,176.27213885317286,338.0,mist+ACI
36,2023-11-25,2023-12-02,2,0.2,194.35465833489576,338.0,mist+ACI
36,2023-11-25,2023-12-02,2,0.25,202.6765695285638,338.0,mist+ACI
36,2023-11-25,2023-12-02,2,0.3,204.41161421113856,338.0,mist+ACI
36,2023-11-25,2023-12-02,2,0.35,211.74768844694165,338.0,mist+ACI
36,2023-11-25,2023-12-02,2,0.4,214.59480912873664,338.0,mist+ACI
36,2023-11-25,2023-12-02,2,0.45,218.47518789645608,338.0,mist+ACI
36,2023-11-25,2023-12-02,2,0.5,226.6367645263672,338.0,mist+ACI
36,2023-11-25,2023-12-02,2,0.55,234.54082011796137,338.0,mist+ACI
36,2023-11-25,2023-12-02,2,0.6,244.17281216456388,338.0,mist+ACI
36,2023-11-25,2023-12-02,2,0.65,254.94013763596556,338.0,mist+ACI
36,2023-11-25,2023-12-02,2,0.7,261.5337276109256,338.0,mist+ACI
36,2023-11-25,2023-12-02,2,0.75,269.38937946846534,338.0,mist+ACI
36,2023-11-25,2023-12-02,2,0.8,294.4928974782326,338.0,mist+ACI
36,2023-11-25,2023-12-02,2,0.85,295.79733403828556,338.0,mist+ACI
36,2023-11-25,2023-12-02,2,0.9,337.9091330100852,338.0,mist+ACI
36,2023-11-25,2023-12-02,2,0.95,421.6780428286802,338.0,mist+ACI
36,2023-11-25,2023-12-02,2,0.975,472.27512076664067,338.0,mist+ACI
36,2023-11-25,2023-12-02,2,0.99,527.8207399236628,338.0,mist+ACI
36,2023-11-25,2023-12-09,3,0.01,13.204739686868152,501.0,mist+ACI
36,2023-11-25,2023-12-09,3,0.025,68.01338408427694,501.0,mist+ACI
36,2023-11-25,2023-12-09,3,0.05,138.88711100095463,501.0,mist+ACI
36,2023-11-25,2023-12-09,3,0.1,197.58578803234798,501.0,mist+ACI
36,2023-11-25,2023-12-09,3,0.15,228.7077104866391,501.0,mist+ACI
36,2023-11-25,2023-12-09,3,0.2,250.73721000055292,501.0,mist+ACI
36,2023-11-25,2023-12-09,3,0.25,267.13260152169374,501.0,mist+ACI
36,2023-11-25,2023-12-09,3,0.3,269.556871124806,501.0,mist+ACI
36,2023-11-25,2023-12-09,3,0.35,277.18740280275176,501.0,mist+ACI
36,2023-11-25,2023-12-09,3,0.4,286.7659000800931,501.0,mist+ACI
36,2023-11-25,2023-12-09,3,0.45,287.37371202290757,501.0,mist+ACI
36,2023-11-25,2023-12-09,3,0.5,300.0905456542969,501.0,mist+ACI
36,2023-11-25,2023-12-09,3,0.55,312.6978707761571,501.0,mist+ACI
36,2023-11-25,2023-12-09,3,0.6,334.244598771046,501.0,mist+ACI
36,2023-11-25,2023-12-09,3,0.65,339.6141400719566,501.0,mist+ACI
36,2023-11-25,2023-12-09,3,0.7,359.8688738688331,501.0,mist+ACI
36,2023-11-25,2023-12-09,3,0.75,371.23973980804755,501.0,mist+ACI
36,2023-11-25,2023-12-09,3,0.8,414.00585751131786,501.0,mist+ACI
36,2023-11-25,2023-12-09,3,0.85,418.931460110436,501.0,mist+ACI
36,2023-11-25,2023-12-09,3,0.9,472.39692482544234,501.0,mist+ACI
36,2023-11-25,2023-12-09,3,0.95,618.457387850402,501.0,mist+ACI
36,2023-11-25,2023-12-09,3,0.975,656.5120521422566,501.0,mist+ACI
36,2023-11-25,2023-12-09,3,0.99,711.6247344704598,501.0,mist+ACI
36,2023-11-25,2023-12-16,4,0.01,15.042202018512285,743.0,mist+ACI
36,2023-11-25,2023-12-16,4,0.025,63.33622339291219,743.0,mist+ACI
36,2023-11-25,2023-12-16,4,0.05,150.4020482951423,743.0,mist+ACI
36,2023-11-25,2023-12-16,4,0.1,205.92801079853135,743.0,mist+ACI
36,2023-11-25,2023-12-16,4,0.15,247.87134385446404,743.0,mist+ACI
36,2023-11-25,2023-12-16,4,0.2,277.92969789140955,743.0,mist+ACI
36,2023-11-25,2023-12-16,4,0.25,299.90019199794426,743.0,mist+ACI
36,2023-11-25,2023-12-16,4,0.3,316.47744924158644,743.0,mist+ACI
36,2023-11-25,2023-12-16,4,0.35,318.23641641654604,743.0,mist+ACI
36,2023-11-25,2023-12-16,4,0.4,325.5110811990912,743.0,mist+ACI
36,2023-11-25,2023-12-16,4,0.45,330.51330500089847,743.0,mist+ACI
36,2023-11-25,2023-12-16,4,0.5,341.8486633300781,743.0,mist+ACI
36,2023-11-25,2023-12-16,4,0.55,376.2426215744159,743.0,mist+ACI
36,2023-11-25,2023-12-16,4,0.6,413.4182938146621,743.0,mist+ACI
36,2023-11-25,2023-12-16,4,0.65,414.9153193654352,743.0,mist+ACI
36,2023-11-25,2023-12-16,4,0.7,464.9248852921135,743.0,mist+ACI
36,2023-11-25,2023-12-16,4,0.75,470.4522060625858,743.0,mist+ACI
36,2023-11-25,2023-12-16,4,0.8,524.1375542003922,743.0,mist+ACI
36,2023-11-25,2023-12-16,4,0.85,559.3757102873324,743.0,mist+ACI
36,2023-11-25,2023-12-16,4,0.9,591.8851988406559,743.0,mist+ACI
36,2023-11-25,2023-12-16,4,0.95,669.61269236526,743.0,mist+ACI
36,2023-11-25,2023-12-16,4,0.975,779.7248622745428,743.0,mist+ACI
36,2023-11-25,2023-12-16,4,0.99,884.0083198368363,743.0,mist+ACI
36,2023-12-02,2023-12-02,1,0.01,10.043893352491011,338.0,mist+ACI
36,2023-12-02,2023-12-02,1,0.025,78.85620476037772,338.0,mist+ACI
36,2023-12-02,2023-12-02,1,0.05,92.71948673960135,338.0,mist+ACI
36,2023-12-02,2023-12-02,1,0.1,128.3082989938738,338.0,mist+ACI
36,2023-12-02,2023-12-02,1,0.15,143.11874716178338,338.0,mist+ACI
36,2023-12-02,2023-12-02,1,0.2,154.48240520814292,338.0,mist+ACI
36,2023-12-02,2023-12-02,1,0.25,161.9984078269023,338.0,mist+ACI
36,2023-12-02,2023-12-02,1,0.3,164.61745917368313,338.0,mist+ACI
36,2023-12-02,2023-12-02,1,0.35,164.7863522154301,338.0,mist+ACI
36,2023-12-02,2023-12-02,1,0.4,166.65413319213368,338.0,mist+ACI
36,2023-12-02,2023-12-02,1,0.45,168.29599439928842,338.0,mist+ACI
36,2023-12-02,2023-12-02,1,0.5,171.4078369140625,338.0,mist+ACI
36,2023-12-02,2023-12-02,1,0.55,187.76213224747005,338.0,mist+ACI
36,2023-12-02,2023-12-02,1,0.6,194.99420784608333,338.0,mist+ACI
36,2023-12-02,2023-12-02,1,0.65,197.2651634194147,338.0,mist+ACI
36,2023-12-02,2023-12-02,1,0.7,198.31541138611075,338.0,mist+ACI
36,2023-12-02,2023-12-02,1,0.75,212.04379695446943,338.0,mist+ACI
36,2023-12-02,2023-12-02,1,0.8,221.06418865713871,338.0,mist+ACI
36,2023-12-02,2023-12-02,1,0.85,227.7251739501953,338.0,mist+ACI
36,2023-12-02,2023-12-02,1,0.9,237.05427037400045,338.0,mist+ACI
36,2023-12-02,2023-12-02,1,0.95,283.527966178485,338.0,mist+ACI
36,2023-12-02,2023-12-02,1,0.975,344.5191996090354,338.0,mist+ACI
36,2023-12-02,2023-12-02,1,0.99,367.4020327494927,338.0,mist+ACI
36,2023-12-02,2023-12-09,2,0.01,14.4299525675263,501.0,mist+ACI
36,2023-12-02,2023-12-09,2,0.025,34.51465948382139,501.0,mist+ACI
36,2023-12-02,2023-12-09,2,0.05,125.99522110686394,501.0,mist+ACI
36,2023-12-02,2023-12-09,2,0.1,182.85256734368923,501.0,mist+ACI
36,2023-12-02,2023-12-09,2,0.15,200.64690057708074,501.0,mist+ACI
36,2023-12-02,2023-12-09,2,0.2,220.60681661153353,501.0,mist+ACI
36,2023-12-02,2023-12-09,2,0.25,228.67647022658835,501.0,mist+ACI
36,2023-12-02,2023-12-09,2,0.3,230.87945794610619,501.0,mist+ACI
36,2023-12-02,2023-12-09,2,0.35,237.01356079698502,501.0,mist+ACI
36,2023-12-02,2023-12-09,2,0.4,240.1190045461476,501.0,mist+ACI
36,2023-12-02,2023-12-09,2,0.45,242.55954603650872,501.0,mist+ACI
36,2023-12-02,2023-12-09,2,0.5,247.7863311767578,501.0,mist+ACI
36,2023-12-02,2023-12-09,2,0.55,249.36568410716725,501.0,mist+ACI
36,2023-12-02,2023-12-09,2,0.6,265.2844837460203,501.0,mist+ACI
36,2023-12-02,2023-12-09,2,0.65,279.1634229562411,501.0,mist+ACI
36,2023-12-02,2023-12-09,2,0.7,285.5065102116217,501.0,mist+ACI
36,2023-12-02,2023-12-09,2,0.75,288.35102298317486,501.0,mist+ACI
36,2023-12-02,2023-12-09,2,0.8,300.11937651008293,501.0,mist+ACI
36,2023-12-02,2023-12-09,2,0.85,331.6437683105469,501.0,mist+ACI
36,2023-12-02,2023-12-09,2,0.9,346.6593582541619,501.0,mist+ACI
36,2023-12-02,2023-12-09,2,0.95,432.95239626476814,501.0,mist+ACI
36,2023-12-02,2023-12-09,2,0.975,496.22953885153015,501.0,mist+ACI
36,2023-12-02,2023-12-09,2,0.99,553.2119247393949,501.0,mist+ACI
36,2023-12-02,2023-12-16,3,0.01,18.279277265927135,743.0,mist+ACI
36,2023-12-02,2023-12-16,3,0.025,73.55681810251576,743.0,mist+ACI
36,2023-12-02,2023-12-16,3,0.05,159.8912168234742,743.0,mist+ACI
36,2023-12-02,2023-12-16,3,0.1,222.46800721492062,743.0,mist+ACI
36,2023-12-02,2023-12-16,3,0.15,254.2360202377319,743.0,mist+ACI
36,2023-12-02,2023-12-16,3,0.2,275.5578139557381,743.0,mist+ACI
36,2023-12-02,2023-12-16,3,0.25,291.15921599769695,743.0,mist+ACI
36,2023-12-02,2023-12-16,3,0.3,295.4177126973903,743.0,mist+ACI
36,2023-12-02,2023-12-16,3,0.35,298.58277110140904,743.0,mist+ACI
36,2023-12-02,2023-12-16,3,0.4,305.6360624957201,743.0,mist+ACI
36,2023-12-02,2023-12-16,3,0.45,306.79132650587644,743.0,mist+ACI
36,2023-12-02,2023-12-16,3,0.5,313.8856506347656,743.0,mist+ACI
36,2023-12-02,2023-12-16,3,0.55,340.1931497795585,743.0,mist+ACI
36,2023-12-02,2023-12-16,3,0.6,349.5478387392277,743.0,mist+ACI
36,2023-12-02,2023-12-16,3,0.65,367.88240658790414,743.0,mist+ACI
36,2023-12-02,2023-12-16,3,0.7,390.2501550181776,743.0,mist+ACI
36,2023-12-02,2023-12-16,3,0.75,403.4857624952769,743.0,mist+ACI
36,2023-12-02,2023-12-16,3,0.8,410.3751102837457,743.0,mist+ACI
36,2023-12-02,2023-12-16,3,0.85,444.880126953125,743.0,mist+ACI
36,2023-12-02,2023-12-16,3,0.9,476.3512295146472,743.0,mist+ACI
36,2023-12-02,2023-12-16,3,0.95,625.7642660754859,743.0,mist+ACI
36,2023-12-02,2023-12-16,3,0.975,685.8675470512189,743.0,mist+ACI
36,2023-12-02,2023-12-16,3,0.99,741.525928608883,743.0,mist+ACI
36,2023-12-02,2023-12-23,4,0.01,20.906743930696848,938.0,mist+ACI
36,2023-12-02,2023-12-23,4,0.025,78.2819310635893,938.0,mist+ACI
36,2023-12-02,2023-12-23,4,0.05,165.44300387204908,938.0,mist+ACI
36,2023-12-02,2023-12-23,4,0.1,235.6973406466907,938.0,mist+ACI
36,2023-12-02,2023-12-23,4,0.15,278.2487515371024,938.0,mist+ACI
36,2023-12-02,2023-12-23,4,0.2,310.44240720630035,938.0,mist+ACI
36,2023-12-02,2023-12-23,4,0.25,328.90266276817823,938.0,mist+ACI
36,2023-12-02,2023-12-23,4,0.3,341.09647735642915,938.0,mist+ACI
36,2023-12-02,2023-12-23,4,0.35,341.2255766567682,938.0,mist+ACI
36,2023-12-02,2023-12-23,4,0.4,347.4698975532957,938.0,mist+ACI
36,2023-12-02,2023-12-23,4,0.45,350.9948694083397,938.0,mist+ACI
36,2023-12-02,2023-12-23,4,0.5,359.0036315917969,938.0,mist+ACI
36,2023-12-02,2023-12-23,4,0.55,430.7952510608486,938.0,mist+ACI
36,2023-12-02,2023-12-23,4,0.6,432.62585505562913,938.0,mist+ACI
36,2023-12-02,2023-12-23,4,0.65,454.48989023584124,938.0,mist+ACI
36,2023-12-02,2023-12-23,4,0.7,494.7964841107037,938.0,mist+ACI
36,2023-12-02,2023-12-23,4,0.75,511.6028806104464,938.0,mist+ACI
36,2023-12-02,2023-12-23,4,0.8,526.0402336431227,938.0,mist+ACI
36,2023-12-02,2023-12-23,4,0.85,580.8844604492188,938.0,mist+ACI
36,2023-12-02,2023-12-23,4,0.9,582.0264410090455,938.0,mist+ACI
36,2023-12-02,2023-12-23,4,0.95,687.8526091510366,938.0,mist+ACI
36,2023-12-02,2023-12-23,4,0.975,808.0908101856296,938.0,mist+ACI
36,2023-12-02,2023-12-23,4,0.99,926.538593516305,938.0,mist+ACI
36,2023-12-09,2023-12-09,1,0.01,26.667326138528324,501.0,mist+ACI
36,2023-12-09,2023-12-09,1,0.025,160.5869676899223,501.0,mist+ACI
36,2023-12-09,2023-12-09,1,0.05,207.91129239320574,501.0,mist+ACI
36,2023-12-09,2023-12-09,1,0.1,289.4043030789086,501.0,mist+ACI
36,2023-12-09,2023-12-09,1,0.15,315.9362683456674,501.0,mist+ACI
36,2023-12-09,2023-12-09,1,0.2,341.46093692946226,501.0,mist+ACI
36,2023-12-09,2023-12-09,1,0.25,354.8288395555743,501.0,mist+ACI
36,2023-12-09,2023-12-09,1,0.3,359.82468521627845,501.0,mist+ACI
36,2023-12-09,2023-12-09,1,0.35,361.731768589458,501.0,mist+ACI
36,2023-12-09,2023-12-09,1,0.4,364.8441946645948,501.0,mist+ACI
36,2023-12-09,2023-12-09,1,0.45,365.2391454627824,501.0,mist+ACI
36,2023-12-09,2023-12-09,1,0.5,369.0646667480469,501.0,mist+ACI
36,2023-12-09,2023-12-09,1,0.55,470.37936708312424,501.0,mist+ACI
36,2023-12-09,2023-12-09,1,0.6,490.76378252676597,501.0,mist+ACI
36,2023-12-09,2023-12-09,1,0.65,542.2327880859375,501.0,mist+ACI
36,2023-12-09,2023-12-09,1,0.7,560.6954849937694,501.0,mist+ACI
36,2023-12-09,2023-12-09,1,0.75,634.0984205285413,501.0,mist+ACI
36,2023-12-09,2023-12-09,1,0.8,708.9956945369867,501.0,mist+ACI
36,2023-12-09,2023-12-09,1,0.85,775.5293601847045,501.0,mist+ACI
36,2023-12-09,2023-12-09,1,0.9,787.078424974784,501.0,mist+ACI
36,2023-12-09,2023-12-09,1,0.95,824.4476759248512,501.0,mist+ACI
36,2023-12-09,2023-12-09,1,0.975,966.6826980185286,501.0,mist+ACI
36,2023-12-09,2023-12-09,1,0.99,1510.7530390478962,501.0,mist+ACI
36,2023-12-09,2023-12-16,2,0.01,40.81301389746693,743.0,mist+ACI
36,2023-12-09,2023-12-16,2,0.025,96.57035222449247,743.0,mist+ACI
36,2023-12-09,2023-12-16,2,0.05,302.11383769216445,743.0,mist+ACI
36,2023-12-09,2023-12-16,2,0.1,425.4203504169359,743.0,mist+ACI
36,2023-12-09,2023-12-16,2,0.15,476.8852157180804,743.0,mist+ACI
36,2023-12-09,2023-12-16,2,0.2,516.3905277451885,743.0,mist+ACI
36,2023-12-09,2023-12-16,2,0.25,534.950829447678,743.0,mist+ACI
36,2023-12-09,2023-12-16,2,0.3,542.5037224906673,743.0,mist+ACI
36,2023-12-09,2023-12-16,2,0.35,548.5613340167781,743.0,mist+ACI
36,2023-12-09,2023-12-16,2,0.4,555.2349535068054,743.0,mist+ACI
36,2023-12-09,2023-12-16,2,0.45,556.8045695628267,743.0,mist+ACI
36,2023-12-09,2023-12-16,2,0.5,564.8350830078125,743.0,mist+ACI
36,2023-12-09,2023-12-16,2,0.55,636.38244419916,743.0,mist+ACI
36,2023-12-09,2023-12-16,2,0.6,694.7316084051838,743.0,mist+ACI
36,2023-12-09,2023-12-16,2,0.65,821.4273740984489,743.0,mist+ACI
36,2023-12-09,2023-12-16,2,0.7,824.91064453125,743.0,mist+ACI
36,2023-12-09,2023-12-16,2,0.75,859.100152699803,743.0,mist+ACI
36,2023-12-09,2023-12-16,2,0.8,1042.9533076412804,743.0,mist+ACI
36,2023-12-09,2023-12-16,2,0.85,1144.4659912001373,743.0,mist+ACI
36,2023-12-09,2023-12-16,2,0.9,1213.742997918333,743.0,mist+ACI
36,2023-12-09,2023-12-16,2,0.95,1313.2703966154118,743.0,mist+ACI
36,2023-12-09,2023-12-16,2,0.975,1497.5586210888664,743.0,mist+ACI
36,2023-12-09,2023-12-16,2,0.99,2462.314838475183,743.0,mist+ACI
36,2023-12-09,2023-12-23,3,0.01,53.87759047274096,938.0,mist+ACI
36,2023-12-09,2023-12-23,3,0.025,187.71617398208946,938.0,mist+ACI
36,2023-12-09,2023-12-23,3,0.05,390.8848043700657,938.0,mist+ACI
36,2023-12-09,2023-12-23,3,0.1,549.4235626035468,938.0,mist+ACI
36,2023-12-09,2023-12-23,3,0.15,628.4618428952585,938.0,mist+ACI
36,2023-12-09,2023-12-23,3,0.2,674.7805543403535,938.0,mist+ACI
36,2023-12-09,2023-12-23,3,0.25,707.6977002538051,938.0,mist+ACI
36,2023-12-09,2023-12-23,3,0.3,720.176640093816,938.0,mist+ACI
36,2023-12-09,2023-12-23,3,0.35,721.7806693481531,938.0,mist+ACI
36,2023-12-09,2023-12-23,3,0.4,733.3821026433252,938.0,mist+ACI
36,2023-12-09,2023-12-23,3,0.45,736.3663788925712,938.0,mist+ACI
36,2023-12-09,2023-12-23,3,0.5,745.6433715820312,938.0,mist+ACI
36,2023-12-09,2023-12-23,3,0.55,906.2321990942654,938.0,mist+ACI
36,2023-12-09,2023-12-23,3,0.6,978.2738888665081,938.0,mist+ACI
36,2023-12-09,2023-12-23,3,0.65,1192.7965087890625,938.0,mist+ACI
36,2023-12-09,2023-12-23,3,0.7,1238.550116087936,938.0,mist+ACI
36,2023-12-09,2023-12-23,3,0.75,1292.996155052062,938.0,mist+ACI
36,2023-12-09,2023-12-23,3,0.8,1574.3708347693455,938.0,mist+ACI
36,2023-12-09,2023-12-23,3,0.85,1598.0730813811488,938.0,mist+ACI
36,2023-12-09,2023-12-23,3,0.9,1713.021907678667,938.0,mist+ACI
36,2023-12-09,2023-12-23,3,0.95,1775.5094792425036,938.0,mist+ACI
36,2023-12-09,2023-12-23,3,0.975,2224.5693238003582,938.0,mist+ACI
36,2023-12-09,2023-12-23,3,0.99,3905.520787142768,938.0,mist+ACI
36,2023-12-09,2023-12-30,4,0.01,61.28830654222918,1333.0,mist+ACI
36,2023-12-09,2023-12-30,4,0.025,184.2423435294744,1333.0,mist+ACI
36,2023-12-09,2023-12-30,4,0.05,423.2669454165566,1333.0,mist+ACI
36,2023-12-09,2023-12-30,4,0.1,590.6718243179228,1333.0,mist+ACI
36,2023-12-09,2023-12-30,4,0.15,694.419188994816,1333.0,mist+ACI
36,2023-12-09,2023-12-30,4,0.2,758.4589469984174,1333.0,mist+ACI
36,2023-12-09,2023-12-30,4,0.25,798.6104977463856,1333.0,mist+ACI
36,2023-12-09,2023-12-30,4,0.3,822.3610975441738,1333.0,mist+ACI
36,2023-12-09,2023-12-30,4,0.35,829.4383410327507,1333.0,mist+ACI
36,2023-12-09,2023-12-30,4,0.4,832.718902813617,1333.0,mist+ACI
36,2023-12-09,2023-12-30,4,0.45,840.9549734032917,1333.0,mist+ACI
36,2023-12-09,2023-12-30,4,0.5,848.20458984375,1333.0,mist+ACI
36,2023-12-09,2023-12-30,4,0.55,1293.1131870382142,1333.0,mist+ACI
36,2023-12-09,2023-12-30,4,0.6,1367.995832434686,1333.0,mist+ACI
36,2023-12-09,2023-12-30,4,0.65,1635.34521484375,1333.0,mist+ACI
36,2023-12-09,2023-12-30,4,0.7,1845.3836976444713,1333.0,mist+ACI
36,2023-12-09,2023-12-30,4,0.75,1900.3117615076512,1333.0,mist+ACI
36,2023-12-09,2023-12-30,4,0.8,1977.1164632624339,1333.0,mist+ACI
36,2023-12-09,2023-12-30,4,0.85,2196.2602694545576,1333.0,mist+ACI
36,2023-12-09,2023-12-30,4,0.9,2196.3816603698006,1333.0,mist+ACI
36,2023-12-09,2023-12-30,4,0.95,2590.82862404936,1333.0,mist+ACI
36,2023-12-09,2023-12-30,4,0.975,2987.2382557992505,1333.0,mist+ACI
36,2023-12-09,2023-12-30,4,0.99,4103.1722325223145,1333.0,mist+ACI
36,2023-12-16,2023-12-16,1,0.01,38.48028542650388,743.0,mist+ACI
36,2023-12-16,2023-12-16,1,0.025,196.00180831926895,743.0,mist+ACI
36,2023-12-16,2023-12-16,1,0.05,247.96935227574141,743.0,mist+ACI
36,2023-12-16,2023-12-16,1,0.1,351.86657402946685,743.0,mist+ACI
36,2023-12-16,2023-12-16,1,0.15,392.87376984113905,743.0,mist+ACI
36,2023-12-16,2023-12-16,1,0.2,419.41272757011563,743.0,mist+ACI
36,2023-12-16,2023-12-16,1,0.25,434.1140582034394,743.0,mist+ACI
36,2023-12-16,2023-12-16,1,0.3,439.0978217270798,743.0,mist+ACI
36,2023-12-16,2023-12-16,1,0.35,440.313770181843,743.0,mist+ACI
36,2023-12-16,2023-12-16,1,0.4,443.1758244788354,743.0,mist+ACI
36,2023-12-16,2023-12-16,1,0.45,443.6683083711916,743.0,mist+ACI
36,2023-12-16,2023-12-16,1,0.5,447.0874328613281,743.0,mist+ACI
36,2023-12-16,2023-12-16,1,0.55,581.6267248941685,743.0,mist+ACI
36,2023-12-16,2023-12-16,1,0.6,615.9660663240211,743.0,mist+ACI
36,2023-12-16,2023-12-16,1,0.65,624.9828366291426,743.0,mist+ACI
36,2023-12-16,2023-12-16,1,0.7,779.6763148967827,743.0,mist+ACI
36,2023-12-16,2023-12-16,1,0.75,783.6597293193029,743.0,mist+ACI
36,2023-12-16,2023-12-16,1,0.8,793.1681432712883,743.0,mist+ACI
36,2023-12-16,2023-12-16,1,0.85,795.8759129238056,743.0,mist+ACI
36,2023-12-16,2023-12-16,1,0.9,903.4062372336864,743.0,mist+ACI
36,2023-12-16,2023-12-16,1,0.95,993.4138687611626,743.0,mist+ACI
36,2023-12-16,2023-12-16,1,0.975,1077.7012966298162,743.0,mist+ACI
36,2023-12-16,2023-12-16,1,0.99,1680.670659429334,743.0,mist+ACI
36,2023-12-16,2023-12-23,2,0.01,56.406377606511114,938.0,mist+ACI
36,2023-12-16,2023-12-23,2,0.025,132.04515807567032,938.0,mist+ACI
36,2023-12-16,2023-12-23,2,0.05,356.2184510617848,938.0,mist+ACI
36,2023-12-16,2023-12-23,2,0.1,519.347868626387,938.0,mist+ACI
36,2023-12-16,2023-12-23,2,0.15,570.0728004026405,938.0,mist+ACI
36,2023-12-16,2023-12-23,2,0.2,613.05374090058,938.0,mist+ACI
36,2023-12-16,2023-12-23,2,0.25,629.2713501258519,938.0,mist+ACI
36,2023-12-16,2023-12-23,2,0.3,640.7731042957116,938.0,mist+ACI
36,2023-12-16,2023-12-23,2,0.35,643.0324341922645,938.0,mist+ACI
36,2023-12-16,2023-12-23,2,0.4,649.5590581599281,938.0,mist+ACI
36,2023-12-16,2023-12-23,2,0.45,650.1778295767355,938.0,mist+ACI
36,2023-12-16,2023-12-23,2,0.5,655.3637084960938,938.0,mist+ACI
36,2023-12-16,2023-12-23,2,0.55,668.6471729886089,938.0,mist+ACI
36,2023-12-16,2023-12-23,2,0.6,823.8196497257685,938.0,mist+ACI
36,2023-12-16,2023-12-23,2,0.65,847.6003605856307,938.0,mist+ACI
36,2023-12-16,2023-12-23,2,0.7,874.0573709365106,938.0,mist+ACI
36,2023-12-16,2023-12-23,2,0.75,1005.5755206530672,938.0,mist+ACI
36,2023-12-16,2023-12-23,2,0.8,1080.0670251132492,938.0,mist+ACI
36,2023-12-16,2023-12-23,2,0.85,1159.1973081529381,938.0,mist+ACI
36,2023-12-16,2023-12-23,2,0.9,1324.553392621172,938.0,mist+ACI
36,2023-12-16,2023-12-23,2,0.95,1504.499102786463,938.0,mist+ACI
36,2023-12-16,2023-12-23,2,0.975,1599.9349028809766,938.0,mist+ACI
36,2023-12-16,2023-12-23,2,0.99,2689.137300055564,938.0,mist+ACI
36,2023-12-16,2023-12-30,3,0.01,72.12935450564657,1333.0,mist+ACI
36,2023-12-16,2023-12-30,3,0.025,202.46102887814004,1333.0,mist+ACI
36,2023-12-16,2023-12-30,3,0.05,463.48613203067464,1333.0,mist+ACI
36,2023-12-16,2023-12-30,3,0.1,644.8643896233061,1333.0,mist+ACI
36,2023-12-16,2023-12-30,3,0.15,731.7280581942096,1333.0,mist+ACI
36,2023-12-16,2023-12-30,3,0.2,779.1901822213292,1333.0,mist+ACI
36,2023-12-16,2023-12-30,3,0.25,807.4432722692806,1333.0,mist+ACI
36,2023-12-16,2023-12-30,3,0.3,820.7887460072272,1333.0,mist+ACI
36,2023-12-16,2023-12-30,3,0.35,822.413231375963,1333.0,mist+ACI
36,2023-12-16,2023-12-30,3,0.4,829.8664521576528,1333.0,mist+ACI
36,2023-12-16,2023-12-30,3,0.45,832.3880021961268,1333.0,mist+ACI
36,2023-12-16,2023-12-30,3,0.5,838.0428466796875,1333.0,mist+ACI
36,2023-12-16,2023-12-30,3,0.55,1180.383450312478,1333.0,mist+ACI
36,2023-12-16,2023-12-30,3,0.6,1198.9048647637806,1333.0,mist+ACI
36,2023-12-16,2023-12-30,3,0.65,1215.680812746454,1333.0,mist+ACI
36,2023-12-16,2023-12-30,3,0.7,1227.4016444849603,1333.0,mist+ACI
36,2023-12-16,2023-12-30,3,0.75,1555.0582978978873,1333.0,mist+ACI
36,2023-12-16,2023-12-30,3,0.8,1628.3135068487259,1333.0,mist+ACI
36,2023-12-16,2023-12-30,3,0.85,1641.0040004416796,1333.0,mist+ACI
36,2023-12-16,2023-12-30,3,0.9,1825.941632531281,1333.0,mist+ACI
36,2023-12-16,2023-12-30,3,0.95,2031.2341175259899,1333.0,mist+ACI
36,2023-12-16,2023-12-30,3,0.975,2396.1041141230285,1333.0,mist+ACI
36,2023-12-16,2023-12-30,3,0.99,4263.989098454493,1333.0,mist+ACI
36,2023-12-16,2024-01-06,4,0.01,83.34071067207344,1240.0,mist+ACI
36,2023-12-16,2024-01-06,4,0.025,227.60225382721558,1240.0,mist+ACI
36,2023-12-16,2024-01-06,4,0.05,490.24745093223976,1240.0,mist+ACI
36,2023-12-16,2024-01-06,4,0.1,709.941529569034,1240.0,mist+ACI
36,2023-12-16,2024-01-06,4,0.15,823.232212988834,1240.0,mist+ACI
36,2023-12-16,2024-01-06,4,0.2,892.4256655914155,1240.0,mist+ACI
36,2023-12-16,2024-01-06,4,0.25,927.5629871100429,1240.0,mist+ACI
36,2023-12-16,2024-01-06,4,0.3,947.5246391271979,1240.0,mist+ACI
36,2023-12-16,2024-01-06,4,0.35,952.4251293277898,1240.0,mist+ACI
36,2023-12-16,2024-01-06,4,0.4,956.8142494000674,1240.0,mist+ACI
36,2023-12-16,2024-01-06,4,0.45,962.1584042807881,1240.0,mist+ACI
36,2023-12-16,2024-01-06,4,0.5,968.30322265625,1240.0,mist+ACI
36,2023-12-16,2024-01-06,4,0.55,1599.2956055165878,1240.0,mist+ACI
36,2023-12-16,2024-01-06,4,0.6,1635.1752691373526,1240.0,mist+ACI
36,2023-12-16,2024-01-06,4,0.65,1663.0580185697781,1240.0,mist+ACI
36,2023-12-16,2024-01-06,4,0.7,2017.780142991615,1240.0,mist+ACI
36,2023-12-16,2024-01-06,4,0.75,2160.246198955587,1240.0,mist+ACI
36,2023-12-16,2024-01-06,4,0.8,2204.4513165001345,1240.0,mist+ACI
36,2023-12-16,2024-01-06,4,0.85,2288.4049440750177,1240.0,mist+ACI
36,2023-12-16,2024-01-06,4,0.9,2433.381880194216,1240.0,mist+ACI
36,2023-12-16,2024-01-06,4,0.95,2549.441881761976,1240.0,mist+ACI
36,2023-12-16,2024-01-06,4,0.975,3088.6333845972913,1240.0,mist+ACI
36,2023-12-16,2024-01-06,4,0.99,4637.85725555864,1240.0,mist+ACI
36,2023-12-23,2023-12-23,1,0.01,53.78827988822047,938.0,mist+ACI
36,2023-12-23,2023-12-23,1,0.025,218.90702483649204,938.0,mist+ACI
36,2023-12-23,2023-12-23,1,0.05,315.0555307942935,938.0,mist+ACI
36,2023-12-23,2023-12-23,1,0.1,424.04413116608157,938.0,mist+ACI
36,2023-12-23,2023-12-23,1,0.15,487.1747133994036,938.0,mist+ACI
36,2023-12-23,2023-12-23,1,0.2,512.8020726008824,938.0,mist+ACI
36,2023-12-23,2023-12-23,1,0.25,527.625379347314,938.0,mist+ACI
36,2023-12-23,2023-12-23,1,0.3,533.0734089350401,938.0,mist+ACI
36,2023-12-23,2023-12-23,1,0.35,533.1737412660073,938.0,mist+ACI
36,2023-12-23,2023-12-23,1,0.4,535.9708463390695,938.0,mist+ACI
36,2023-12-23,2023-12-23,1,0.45,536.9513276179091,938.0,mist+ACI
36,2023-12-23,2023-12-23,1,0.5,539.634033203125,938.0,mist+ACI
36,2023-12-23,2023-12-23,1,0.55,745.1376415938922,938.0,mist+ACI
36,2023-12-23,2023-12-23,1,0.6,781.5153441773181,938.0,mist+ACI
36,2023-12-23,2023-12-23,1,0.65,819.3429894304809,938.0,mist+ACI
36,2023-12-23,2023-12-23,1,0.7,867.5910724954252,938.0,mist+ACI
36,2023-12-23,2023-12-23,1,0.75,950.5572122102676,938.0,mist+ACI
36,2023-12-23,2023-12-23,1,0.8,1040.9967338139218,938.0,mist+ACI
36,2023-12-23,2023-12-23,1,0.85,1086.336952611046,938.0,mist+ACI
36,2023-12-23,2023-12-23,1,0.9,1187.1583761755912,938.0,mist+ACI
36,2023-12-23,2023-12-23,1,0.95,1200.4653075935655,938.0,mist+ACI
36,2023-12-23,2023-12-23,1,0.975,1281.9696944994575,938.0,mist+ACI
36,2023-12-23,2023-12-23,1,0.99,1852.5527488464554,938.0,mist+ACI
36,2023-12-23,2023-12-30,2,0.01,70.53823161935645,1333.0,mist+ACI
36,2023-12-23,2023-12-30,2,0.025,163.3843991273294,1333.0,mist+ACI
36,2023-12-23,2023-12-30,2,0.05,396.21465042821256,1333.0,mist+ACI
36,2023-12-23,2023-12-30,2,0.1,582.6673175151547,1333.0,mist+ACI
36,2023-12-23,2023-12-30,2,0.15,641.7771729038749,1333.0,mist+ACI
36,2023-12-23,2023-12-30,2,0.2,675.7162340687579,1333.0,mist+ACI
36,2023-12-23,2023-12-30,2,0.25,689.0675004702093,1333.0,mist+ACI
36,2023-12-23,2023-12-30,2,0.3,700.3948798931199,1333.0,mist+ACI
36,2023-12-23,2023-12-30,2,0.35,702.8437970385786,1333.0,mist+ACI
36,2023-12-23,2023-12-30,2,0.4,705.1184787615745,1333.0,mist+ACI
36,2023-12-23,2023-12-30,2,0.45,706.09329739557,1333.0,mist+ACI
36,2023-12-23,2023-12-30,2,0.5,707.6788940429688,1333.0,mist+ACI
36,2023-12-23,2023-12-30,2,0.55,879.4792780942173,1333.0,mist+ACI
36,2023-12-23,2023-12-30,2,0.6,999.0003049828679,1333.0,mist+ACI
36,2023-12-23,2023-12-30,2,0.65,1109.0506581871282,1333.0,mist+ACI
36,2023-12-23,2023-12-30,2,0.7,1159.8185418031148,1333.0,mist+ACI
36,2023-12-23,2023-12-30,2,0.75,1398.0674201882812,1333.0,mist+ACI
36,2023-12-23,2023-12-30,2,0.8,1459.2892513901138,1333.0,mist+ACI
36,2023-12-23,2023-12-30,2,0.85,1499.7312234806946,1333.0,mist+ACI
36,2023-12-23,2023-12-30,2,0.9,1622.0524136974066,1333.0,mist+ACI
36,2023-12-23,2023-12-30,2,0.95,1688.2390698027045,1333.0,mist+ACI
36,2023-12-23,2023-12-30,2,0.975,1708.7091866851608,1333.0,mist+ACI
36,2023-12-23,2023-12-30,2,0.99,2941.1350019407405,1333.0,mist+ACI
36,2023-12-23,2024-01-06,3,0.01,91.58749136346034,1240.0,mist+ACI
36,2023-12-23,2024-01-06,3,0.025,212.13981270111924,1240.0,mist+ACI
36,2023-12-23,2024-01-06,3,0.05,534.0573584018285,1240.0,mist+ACI
36,2023-12-23,2024-01-06,3,0.1,736.6325061494585,1240.0,mist+ACI
36,2023-12-23,2024-01-06,3,0.15,824.8955666006649,1240.0,mist+ACI
36,2023-12-23,2024-01-06,3,0.2,871.9435475732565,1240.0,mist+ACI
36,2023-12-23,2024-01-06,3,0.25,894.8112689309304,1240.0,mist+ACI
36,2023-12-23,2024-01-06,3,0.3,906.8253419538772,1240.0,mist+ACI
36,2023-12-23,2024-01-06,3,0.35,909.7786445931317,1240.0,mist+ACI
36,2023-12-23,2024-01-06,3,0.4,913.7823646171531,1240.0,mist+ACI
36,2023-12-23,2024-01-06,3,0.45,915.3437194776845,1240.0,mist+ACI
36,2023-12-23,2024-01-06,3,0.5,918.8568115234375,1240.0,mist+ACI
36,2023-12-23,2024-01-06,3,0.55,1100.5859950923605,1240.0,mist+ACI
36,2023-12-23,2024-01-06,3,0.6,1389.1988993808122,1240.0,mist+ACI
36,2023-12-23,2024-01-06,3,0.65,1576.8182446810756,1240.0,mist+ACI
36,2023-12-23,2024-01-06,3,0.7,1665.2197645284577,1240.0,mist+ACI
36,2023-12-23,2024-01-06,3,0.75,1985.9800632715965,1240.0,mist+ACI
36,2023-12-23,2024-01-06,3,0.8,2044.3178619715388,1240.0,mist+ACI
36,2023-12-23,2024-01-06,3,0.85,2140.14824738077,1240.0,mist+ACI
36,2023-12-23,2024-01-06,3,0.9,2275.5776173626336,1240.0,mist+ACI
36,2023-12-23,2024-01-06,3,0.95,2323.222032487924,1240.0,mist+ACI
36,2023-12-23,2024-01-06,3,0.975,2534.720712575226,1240.0,mist+ACI
36,2023-12-23,2024-01-06,3,0.99,4559.04240364344,1240.0,mist+ACI
36,2023-12-23,2024-01-13,4,0.01,107.87463715018146,1024.0,mist+ACI
36,2023-12-23,2024-01-13,4,0.025,273.27536603413205,1024.0,mist+ACI
36,2023-12-23,2024-01-13,4,0.05,551.6686312491769,1024.0,mist+ACI
36,2023-12-23,2024-01-13,4,0.1,826.1218294525684,1024.0,mist+ACI
36,2023-12-23,2024-01-13,4,0.15,947.4982959119033,1024.0,mist+ACI
36,2023-12-23,2024-01-13,4,0.2,1020.9190930621266,1024.0,mist+ACI
36,2023-12-23,2024-01-13,4,0.25,1048.5665238832487,1024.0,mist+ACI
36,2023-12-23,2024-01-13,4,0.3,1065.6111945843472,1024.0,mist+ACI
36,2023-12-23,2024-01-13,4,0.35,1069.8938339885842,1024.0,mist+ACI
36,2023-12-23,2024-01-13,4,0.4,1073.9523783660927,1024.0,mist+ACI
36,2023-12-23,2024-01-13,4,0.45,1077.4503641289705,1024.0,mist+ACI
36,2023-12-23,2024-01-13,4,0.5,1082.258544921875,1024.0,mist+ACI
36,2023-12-23,2024-01-13,4,0.55,1598.1738732914032,1024.0,mist+ACI
36,2023-12-23,2024-01-13,4,0.6,1966.6516859268663,1024.0,mist+ACI
36,2023-12-23,2024-01-13,4,0.65,2054.3070139248703,1024.0,mist+ACI
36,2023-12-23,2024-01-13,4,0.7,2185.9410183368263,1024.0,mist+ACI
36,2023-12-23,2024-01-13,4,0.75,2406.803804959473,1024.0,mist+ACI
36,2023-12-23,2024-01-13,4,0.8,2545.930575496393,1024.0,mist+ACI
36,2023-12-23,2024-01-13,4,0.85,2906.708381019739,1024.0,mist+ACI
36,2023-12-23,2024-01-13,4,0.9,3121.649440018916,1024.0,mist+ACI
36,2023-12-23,2024-01-13,4,0.95,3176.8566179130908,1024.0,mist+ACI
36,2023-12-23,2024-01-13,4,0.975,3559.35089939241,1024.0,mist+ACI
36,2023-12-23,2024-01-13,4,0.99,5161.193216359712,1024.0,mist+ACI
36,2023-12-30,2023-12-30,1,0.01,51.22942482842433,1333.0,mist+ACI
36,2023-12-30,2023-12-30,1,0.025,132.77517068639605,1333.0,mist+ACI
36,2023-12-30,2023-12-30,1,0.05,252.27965309183364,1333.0,mist+ACI
36,2023-12-30,2023-12-30,1,0.1,347.50126554511706,1333.0,mist+ACI
36,2023-12-30,2023-12-30,1,0.15,412.85324717908253,1333.0,mist+ACI
36,2023-12-30,2023-12-30,1,0.2,431.783489374554,1333.0,mist+ACI
36,2023-12-30,2023-12-30,1,0.25,444.090801987401,1333.0,mist+ACI
36,2023-12-30,2023-12-30,1,0.3,448.3271139078861,1333.0,mist+ACI
36,2023-12-30,2023-12-30,1,0.35,448.60452192367444,1333.0,mist+ACI
36,2023-12-30,2023-12-30,1,0.4,450.5519080376568,1333.0,mist+ACI
36,2023-12-30,2023-12-30,1,0.45,450.9137644646182,1333.0,mist+ACI
36,2023-12-30,2023-12-30,1,0.5,453.03875732421875,1333.0,mist+ACI
36,2023-12-30,2023-12-30,1,0.55,694.5926643862936,1333.0,mist+ACI
36,2023-12-30,2023-12-30,1,0.6,703.5078404028341,1333.0,mist+ACI
36,2023-12-30,2023-12-30,1,0.65,799.9265303985417,1333.0,mist+ACI
36,2023-12-30,2023-12-30,1,0.7,851.3989698782489,1333.0,mist+ACI
36,2023-12-30,2023-12-30,1,0.75,925.9484580181271,1333.0,mist+ACI
36,2023-12-30,2023-12-30,1,0.8,973.0205346935379,1333.0,mist+ACI
36,2023-12-30,2023-12-30,1,0.85,1010.973153345951,1333.0,mist+ACI
36,2023-12-30,2023-12-30,1,0.9,1012.1921222763784,1333.0,mist+ACI
36,2023-12-30,2023-12-30,1,0.95,1217.1150446448437,1333.0,mist+ACI
36,2023-12-30,2023-12-30,1,0.975,1490.24579677092,1333.0,mist+ACI
36,2023-12-30,2023-12-30,1,0.99,1494.5246978708365,1333.0,mist+ACI
36,2023-12-30,2024-01-06,2,0.01,56.104921564274036,1240.0,mist+ACI
36,2023-12-30,2024-01-06,2,0.025,128.59417720927428,1240.0,mist+ACI
36,2023-12-30,2024-01-06,2,0.05,251.3140303188779,1240.0,mist+ACI
36,2023-12-30,2024-01-06,2,0.1,405.5615522134488,1240.0,mist+ACI
36,2023-12-30,2024-01-06,2,0.15,459.83369068712483,1240.0,mist+ACI
36,2023-12-30,2024-01-06,2,0.2,477.3373758781318,1240.0,mist+ACI
36,2023-12-30,2024-01-06,2,0.25,486.03917794714215,1240.0,mist+ACI
36,2023-12-30,2024-01-06,2,0.3,493.05612528971716,1240.0,mist+ACI
36,2023-12-30,2024-01-06,2,0.35,494.076620530747,1240.0,mist+ACI
36,2023-12-30,2024-01-06,2,0.4,495.1299843234093,1240.0,mist+ACI
36,2023-12-30,2024-01-06,2,0.45,496.03617388581665,1240.0,mist+ACI
36,2023-12-30,2024-01-06,2,0.5,496.1543884277344,1240.0,mist+ACI
36,2023-12-30,2024-01-06,2,0.55,763.0352311157809,1240.0,mist+ACI
36,2023-12-30,2024-01-06,2,0.6,806.6745523601028,1240.0,mist+ACI
36,2023-12-30,2024-01-06,2,0.65,938.9480553815372,1240.0,mist+ACI
36,2023-12-30,2024-01-06,2,0.7,1011.2317516763195,1240.0,mist+ACI
36,2023-12-30,2024-01-06,2,0.75,1105.381991879577,1240.0,mist+ACI
36,2023-12-30,2024-01-06,2,0.8,1172.834818093631,1240.0,mist+ACI
36,2023-12-30,2024-01-06,2,0.85,1184.4534829462534,1240.0,mist+ACI
36,2023-12-30,2024-01-06,2,0.9,1297.0206173191582,1240.0,mist+ACI
36,2023-12-30,2024-01-06,2,0.95,1481.1073794203198,1240.0,mist+ACI
36,2023-12-30,2024-01-06,2,0.975,1589.648636218137,1240.0,mist+ACI
36,2023-12-30,2024-01-06,2,0.99,2044.4758229402457,1240.0,mist+ACI
36,2023-12-30,2024-01-13,3,0.01,67.07019173921731,1024.0,mist+ACI
36,2023-12-30,2024-01-13,3,0.025,153.72690811254893,1024.0,mist+ACI
36,2023-12-30,2024-01-13,3,0.05,340.2721377776254,1024.0,mist+ACI
36,2023-12-30,2024-01-13,3,0.1,482.7656545820583,1024.0,mist+ACI
36,2023-12-30,2024-01-13,3,0.15,542.345518576402,1024.0,mist+ACI
36,2023-12-30,2024-01-13,3,0.2,570.4436821628865,1024.0,mist+ACI
36,2023-12-30,2024-01-13,3,0.25,580.812122138444,1024.0,mist+ACI
36,2023-12-30,2024-01-13,3,0.3,588.1128825985227,1024.0,mist+ACI
36,2023-12-30,2024-01-13,3,0.35,589.9739429004605,1024.0,mist+ACI
36,2023-12-30,2024-01-13,3,0.4,591.3665765474158,1024.0,mist+ACI
36,2023-12-30,2024-01-13,3,0.45,591.5474414374592,1024.0,mist+ACI
36,2023-12-30,2024-01-13,3,0.5,593.1239013671875,1024.0,mist+ACI
36,2023-12-30,2024-01-13,3,0.55,722.5943784477888,1024.0,mist+ACI
36,2023-12-30,2024-01-13,3,0.6,1030.2268995641875,1024.0,mist+ACI
36,2023-12-30,2024-01-13,3,0.65,1083.4008349716207,1024.0,mist+ACI
36,2023-12-30,2024-01-13,3,0.7,1293.63026755511,1024.0,mist+ACI
36,2023-12-30,2024-01-13,3,0.75,1471.3711365383003,1024.0,mist+ACI
36,2023-12-30,2024-01-13,3,0.8,1517.9995738836074,1024.0,mist+ACI
36,2023-12-30,2024-01-13,3,0.85,1652.9934984442261,1024.0,mist+ACI
36,2023-12-30,2024-01-13,3,0.9,1791.6418189148435,1024.0,mist+ACI
36,2023-12-30,2024-01-13,3,0.95,2258.148529444912,1024.0,mist+ACI
36,2023-12-30,2024-01-13,3,0.975,2741.8114113369597,1024.0,mist+ACI
36,2023-12-30,2024-01-13,3,0.99,3126.482979695162,1024.0,mist+ACI
36,2023-12-30,2024-01-20,4,0.01,84.35036265641224,851.0,mist+ACI
36,2023-12-30,2024-01-20,4,0.025,193.33358252143546,851.0,mist+ACI
36,2023-12-30,2024-01-20,4,0.05,336.5586231229874,851.0,mist+ACI
36,2023-12-30,2024-01-20,4,0.1,576.2195714650384,851.0,mist+ACI
36,2023-12-30,2024-01-20,4,0.15,662.8701101619844,851.0,mist+ACI
36,2023-12-30,2024-01-20,4,0.2,709.1472712157552,851.0,mist+ACI
36,2023-12-30,2024-01-20,4,0.25,728.0787288898094,851.0,mist+ACI
36,2023-12-30,2024-01-20,4,0.3,736.3935301789813,851.0,mist+ACI
36,2023-12-30,2024-01-20,4,0.35,737.9160149418525,851.0,mist+ACI
36,2023-12-30,2024-01-20,4,0.4,741.6168724739421,851.0,mist+ACI
36,2023-12-30,2024-01-20,4,0.45,742.6501246607727,851.0,mist+ACI
36,2023-12-30,2024-01-20,4,0.5,745.9381713867188,851.0,mist+ACI
36,2023-12-30,2024-01-20,4,0.55,1008.8849875928595,851.0,mist+ACI
36,2023-12-30,2024-01-20,4,0.6,1046.7935477053595,851.0,mist+ACI
36,2023-12-30,2024-01-20,4,0.65,1472.7768618846121,851.0,mist+ACI
36,2023-12-30,2024-01-20,4,0.7,1727.390147551039,851.0,mist+ACI
36,2023-12-30,2024-01-20,4,0.75,1853.8193721134128,851.0,mist+ACI
36,2023-12-30,2024-01-20,4,0.8,1985.697719359469,851.0,mist+ACI
36,2023-12-30,2024-01-20,4,0.85,2015.5714005675861,851.0,mist+ACI
36,2023-12-30,2024-01-20,4,0.9,2220.879549648148,851.0,mist+ACI
36,2023-12-30,2024-01-20,4,0.95,2491.7314038032973,851.0,mist+ACI
36,2023-12-30,2024-01-20,4,0.975,3406.997497246346,851.0,mist+ACI
36,2023-12-30,2024-01-20,4,0.99,4003.307336585852,851.0,mist+ACI
36,2024-01-06,2024-01-06,1,0.01,73.23091265216652,1240.0,mist+ACI
36,2024-01-06,2024-01-06,1,0.025,167.71785289409416,1240.0,mist+ACI
36,2024-01-06,2024-01-06,1,0.05,331.49727036544976,1240.0,mist+ACI
36,2024-01-06,2024-01-06,1,0.1,455.8204633959115,1240.0,mist+ACI
36,2024-01-06,2024-01-06,1,0.15,535.057600116691,1240.0,mist+ACI
36,2024-01-06,2024-01-06,1,0.2,558.1953561507929,1240.0,mist+ACI
36,2024-01-06,2024-01-06,1,0.25,571.5952785674193,1240.0,mist+ACI
36,2024-01-06,2024-01-06,1,0.3,575.925038932776,1240.0,mist+ACI
36,2024-01-06,2024-01-06,1,0.35,576.3339696724126,1240.0,mist+ACI
36,2024-01-06,2024-01-06,1,0.4,578.1281590391665,1240.0,mist+ACI
36,2024-01-06,2024-01-06,1,0.45,578.1411867106657,1240.0,mist+ACI
36,2024-01-06,2024-01-06,1,0.5,579.8902587890625,1240.0,mist+ACI
36,2024-01-06,2024-01-06,1,0.55,1272.7526931652576,1240.0,mist+ACI
36,2024-01-06,2024-01-06,1,0.6,1481.282274294376,1240.0,mist+ACI
36,2024-01-06,2024-01-06,1,0.65,1521.6168493977757,1240.0,mist+ACI
36,2024-01-06,2024-01-06,1,0.7,1671.3172550988845,1240.0,mist+ACI
36,2024-01-06,2024-01-06,1,0.75,1891.6978843035686,1240.0,mist+ACI
36,2024-01-06,2024-01-06,1,0.8,2134.6659886237862,1240.0,mist+ACI
36,2024-01-06,2024-01-06,1,0.85,2909.731294384314,1240.0,mist+ACI
36,2024-01-06,2024-01-06,1,0.9,3059.5223757301833,1240.0,mist+ACI
36,2024-01-06,2024-01-06,1,0.95,3263.3332459265084,1240.0,mist+ACI
36,2024-01-06,2024-01-06,1,0.975,3751.9116176448406,1240.0,mist+ACI
36,2024-01-06,2024-01-06,1,0.99,3867.627792337841,1240.0,mist+ACI
36,2024-01-06,2024-01-13,2,0.01,77.76756678222227,1024.0,mist+ACI
36,2024-01-06,2024-01-13,2,0.025,176.39883404485136,1024.0,mist+ACI
36,2024-01-06,2024-01-13,2,0.05,316.65027371070613,1024.0,mist+ACI
36,2024-01-06,2024-01-13,2,0.1,512.6042977731959,1024.0,mist+ACI
36,2024-01-06,2024-01-13,2,0.15,577.5446372566281,1024.0,mist+ACI
36,2024-01-06,2024-01-13,2,0.2,597.3714949718956,1024.0,mist+ACI
36,2024-01-06,2024-01-13,2,0.25,606.4360613642907,1024.0,mist+ACI
36,2024-01-06,2024-01-13,2,0.3,613.3045220743281,1024.0,mist+ACI
36,2024-01-06,2024-01-13,2,0.35,614.0809713608476,1024.0,mist+ACI
36,2024-01-06,2024-01-13,2,0.4,614.9907875222932,1024.0,mist+ACI
36,2024-01-06,2024-01-13,2,0.45,615.767638220372,1024.0,mist+ACI
36,2024-01-06,2024-01-13,2,0.5,615.814453125,1024.0,mist+ACI
36,2024-01-06,2024-01-13,2,0.55,1448.3640485947244,1024.0,mist+ACI
36,2024-01-06,2024-01-13,2,0.6,1625.1801866149958,1024.0,mist+ACI
36,2024-01-06,2024-01-13,2,0.65,1779.9807303852594,1024.0,mist+ACI
36,2024-01-06,2024-01-13,2,0.7,1803.5188952263509,1024.0,mist+ACI
36,2024-01-06,2024-01-13,2,0.75,2475.9999204528135,1024.0,mist+ACI
36,2024-01-06,2024-01-13,2,0.8,2773.2522565447116,1024.0,mist+ACI
36,2024-01-06,2024-01-13,2,0.85,2844.241884380404,1024.0,mist+ACI
36,2024-01-06,2024-01-13,2,0.9,4057.505868825334,1024.0,mist+ACI
36,2024-01-06,2024-01-13,2,0.95,4085.5291914609343,1024.0,mist+ACI
36,2024-01-06,2024-01-13,2,0.975,4934.613065605762,1024.0,mist+ACI
36,2024-01-06,2024-01-13,2,0.99,5358.499783018239,1024.0,mist+ACI
36,2024-01-06,2024-01-20,3,0.01,90.8985992339525,851.0,mist+ACI
36,2024-01-06,2024-01-20,3,0.025,206.1837290869812,851.0,mist+ACI
36,2024-01-06,2024-01-20,3,0.05,422.41890315998694,851.0,mist+ACI
36,2024-01-06,2024-01-20,3,0.1,598.7397732363543,851.0,mist+ACI
36,2024-01-06,2024-01-20,3,0.15,669.2167207598,851.0,mist+ACI
36,2024-01-06,2024-01-20,3,0.2,698.7729961494673,851.0,mist+ACI
36,2024-01-06,2024-01-20,3,0.25,709.1463289897952,851.0,mist+ACI
36,2024-01-06,2024-01-20,3,0.3,715.9656942815055,851.0,mist+ACI
36,2024-01-06,2024-01-20,3,0.35,717.6448557731468,851.0,mist+ACI
36,2024-01-06,2024-01-20,3,0.4,718.5557667470757,851.0,mist+ACI
36,2024-01-06,2024-01-20,3,0.45,718.7318166925978,851.0,mist+ACI
36,2024-01-06,2024-01-20,3,0.5,719.7945556640625,851.0,mist+ACI
36,2024-01-06,2024-01-20,3,0.55,1095.6113190046588,851.0,mist+ACI
36,2024-01-06,2024-01-20,3,0.6,2039.1982024373222,851.0,mist+ACI
36,2024-01-06,2024-01-20,3,0.65,2522.043744281722,851.0,mist+ACI
36,2024-01-06,2024-01-20,3,0.7,2958.565457692982,851.0,mist+ACI
36,2024-01-06,2024-01-20,3,0.75,3692.2015486888263,851.0,mist+ACI
36,2024-01-06,2024-01-20,3,0.8,3749.526087443087,851.0,mist+ACI
36,2024-01-06,2024-01-20,3,0.85,3882.622763112536,851.0,mist+ACI
36,2024-01-06,2024-01-20,3,0.9,5665.538441301321,851.0,mist+ACI
36,2024-01-06,2024-01-20,3,0.95,6861.544851088811,851.0,mist+ACI
36,2024-01-06,2024-01-20,3,0.975,6895.7650148221355,851.0,mist+ACI
36,2024-01-06,2024-01-20,3,0.99,7444.625802284992,851.0,mist+ACI
36,2024-01-06,2024-01-27,4,0.01,116.71775260380264,884.0,mist+ACI
36,2024-01-06,2024-01-27,4,0.025,264.74887055811587,884.0,mist+ACI
36,2024-01-06,2024-01-27,4,0.05,453.6609499461756,884.0,mist+ACI
36,2024-01-06,2024-01-27,4,0.1,736.6920423943942,884.0,mist+ACI
36,2024-01-06,2024-01-27,4,0.15,839.832041170664,884.0,mist+ACI
36,2024-01-06,2024-01-27,4,0.2,888.5734852523973,884.0,mist+ACI
36,2024-01-06,2024-01-27,4,0.25,908.2961778600759,884.0,mist+ACI
36,2024-01-06,2024-01-27,4,0.3,916.3846551496262,884.0,mist+ACI
36,2024-01-06,2024-01-27,4,0.35,918.3445403223917,884.0,mist+ACI
36,2024-01-06,2024-01-27,4,0.4,920.9440147864196,884.0,mist+ACI
36,2024-01-06,2024-01-27,4,0.45,922.0649317513271,884.0,mist+ACI
36,2024-01-06,2024-01-27,4,0.5,924.2474975585938,884.0,mist+ACI
36,2024-01-06,2024-01-27,4,0.55,1387.571423513889,884.0,mist+ACI
36,2024-01-06,2024-01-27,4,0.6,1673.1696117898996,884.0,mist+ACI
36,2024-01-06,2024-01-27,4,0.65,3414.484823745198,884.0,mist+ACI
36,2024-01-06,2024-01-27,4,0.7,3569.220938562271,884.0,mist+ACI
36,2024-01-06,2024-01-27,4,0.75,4359.9330425546805,884.0,mist+ACI
36,2024-01-06,2024-01-27,4,0.8,4848.024620686918,884.0,mist+ACI
36,2024-01-06,2024-01-27,4,0.85,6273.856150749096,884.0,mist+ACI
36,2024-01-06,2024-01-27,4,0.9,6540.539021867749,884.0,mist+ACI
36,2024-01-06,2024-01-27,4,0.95,7066.986496245205,884.0,mist+ACI
36,2024-01-06,2024-01-27,4,0.975,7471.163700200291,884.0,mist+ACI
36,2024-01-06,2024-01-27,4,0.99,9528.311121288825,884.0,mist+ACI
36,2024-01-13,2024-01-13,1,0.01,52.44566157153099,1024.0,mist+ACI
36,2024-01-13,2024-01-13,1,0.025,175.45117041321947,1024.0,mist+ACI
36,2024-01-13,2024-01-13,1,0.05,256.0206093925482,1024.0,mist+ACI
36,2024-01-13,2024-01-13,1,0.1,323.57033962589423,1024.0,mist+ACI
36,2024-01-13,2024-01-13,1,0.15,356.91470924189997,1024.0,mist+ACI
36,2024-01-13,2024-01-13,1,0.2,367.4784148107782,1024.0,mist+ACI
36,2024-01-13,2024-01-13,1,0.25,372.6326685964648,1024.0,mist+ACI
36,2024-01-13,2024-01-13,1,0.3,375.04560694757936,1024.0,mist+ACI
36,2024-01-13,2024-01-13,1,0.35,375.5780081832241,1024.0,mist+ACI
36,2024-01-13,2024-01-13,1,0.4,375.9123522491145,1024.0,mist+ACI
36,2024-01-13,2024-01-13,1,0.45,376.09473474108887,1024.0,mist+ACI
36,2024-01-13,2024-01-13,1,0.5,376.5158996582031,1024.0,mist+ACI
36,2024-01-13,2024-01-13,1,0.55,488.90393307597094,1024.0,mist+ACI
36,2024-01-13,2024-01-13,1,0.6,638.5642314102752,1024.0,mist+ACI
36,2024-01-13,2024-01-13,1,0.65,769.3300381965325,1024.0,mist+ACI
36,2024-01-13,2024-01-13,1,0.7,839.2673076169318,1024.0,mist+ACI
36,2024-01-13,2024-01-13,1,0.75,1038.1460470315913,1024.0,mist+ACI
36,2024-01-13,2024-01-13,1,0.8,1117.4785930289477,1024.0,mist+ACI
36,2024-01-13,2024-01-13,1,0.85,1216.6087073714884,1024.0,mist+ACI
36,2024-01-13,2024-01-13,1,0.9,1525.405482052105,1024.0,mist+ACI
36,2024-01-13,2024-01-13,1,0.95,1713.817151237753,1024.0,mist+ACI
36,2024-01-13,2024-01-13,1,0.975,1750.5127899494403,1024.0,mist+ACI
36,2024-01-13,2024-01-13,1,0.99,2117.285470899563,1024.0,mist+ACI
36,2024-01-13,2024-01-20,2,0.01,46.97026249907691,851.0,mist+ACI
36,2024-01-13,2024-01-20,2,0.025,105.44828256846426,851.0,mist+ACI
36,2024-01-13,2024-01-20,2,0.05,188.64422367940784,851.0,mist+ACI
36,2024-01-13,2024-01-20,2,0.1,295.18405239973964,851.0,mist+ACI
36,2024-01-13,2024-01-20,2,0.15,318.5643888938808,851.0,mist+ACI
36,2024-01-13,2024-01-20,2,0.2,330.8511649298479,851.0,mist+ACI
36,2024-01-13,2024-01-20,2,0.25,334.62109982723825,851.0,mist+ACI
36,2024-01-13,2024-01-20,2,0.3,336.32691823672,851.0,mist+ACI
36,2024-01-13,2024-01-20,2,0.35,336.639023134885,851.0,mist+ACI
36,2024-01-13,2024-01-20,2,0.4,336.92293304103146,851.0,mist+ACI
36,2024-01-13,2024-01-20,2,0.45,337.16253859375234,851.0,mist+ACI
36,2024-01-13,2024-01-20,2,0.5,337.2071228027344,851.0,mist+ACI
36,2024-01-13,2024-01-20,2,0.55,539.8749891569757,851.0,mist+ACI
36,2024-01-13,2024-01-20,2,0.6,608.8588360855823,851.0,mist+ACI
36,2024-01-13,2024-01-20,2,0.65,700.5418313111984,851.0,mist+ACI
36,2024-01-13,2024-01-20,2,0.7,842.141036857538,851.0,mist+ACI
36,2024-01-13,2024-01-20,2,0.75,862.1852708667644,851.0,mist+ACI
36,2024-01-13,2024-01-20,2,0.8,872.8027647315291,851.0,mist+ACI
36,2024-01-13,2024-01-20,2,0.85,899.8743316605284,851.0,mist+ACI
36,2024-01-13,2024-01-20,2,0.9,1243.00602211939,851.0,mist+ACI
36,2024-01-13,2024-01-20,2,0.95,1406.6044929730963,851.0,mist+ACI
36,2024-01-13,2024-01-20,2,0.975,1584.2889573393147,851.0,mist+ACI
36,2024-01-13,2024-01-20,2,0.99,3061.6373913874313,851.0,mist+ACI
36,2024-01-13,2024-01-27,3,0.01,44.13285490300569,884.0,mist+ACI
36,2024-01-13,2024-01-27,3,0.025,125.51781591048976,884.0,mist+ACI
36,2024-01-13,2024-01-27,3,0.05,216.8733946689547,884.0,mist+ACI
36,2024-01-13,2024-01-27,3,0.1,282.4270300154828,884.0,mist+ACI
36,2024-01-13,2024-01-27,3,0.15,300.7133255145639,884.0,mist+ACI
36,2024-01-13,2024-01-27,3,0.2,310.66972709257254,884.0,mist+ACI
36,2024-01-13,2024-01-27,3,0.25,314.41572882512827,884.0,mist+ACI
36,2024-01-13,2024-01-27,3,0.3,316.0261102130794,884.0,mist+ACI
36,2024-01-13,2024-01-27,3,0.35,316.25696531817334,884.0,mist+ACI
36,2024-01-13,2024-01-27,3,0.4,316.47742125874964,884.0,mist+ACI
36,2024-01-13,2024-01-27,3,0.45,316.5729830079226,884.0,mist+ACI
36,2024-01-13,2024-01-27,3,0.5,316.8369140625,884.0,mist+ACI
36,2024-01-13,2024-01-27,3,0.55,353.03815075329805,884.0,mist+ACI
36,2024-01-13,2024-01-27,3,0.6,460.91730919706697,884.0,mist+ACI
36,2024-01-13,2024-01-27,3,0.65,705.0636400914236,884.0,mist+ACI
36,2024-01-13,2024-01-27,3,0.7,935.9369264891055,884.0,mist+ACI
36,2024-01-13,2024-01-27,3,0.75,1014.1965006581976,884.0,mist+ACI
36,2024-01-13,2024-01-27,3,0.8,1130.5552113709437,884.0,mist+ACI
36,2024-01-13,2024-01-27,3,0.85,1193.1379549786097,884.0,mist+ACI
36,2024-01-13,2024-01-27,3,0.9,1525.2363907082251,884.0,mist+ACI
36,2024-01-13,2024-01-27,3,0.95,2151.885313879733,884.0,mist+ACI
36,2024-01-13,2024-01-27,3,0.975,2224.8372560682415,884.0,mist+ACI
36,2024-01-13,2024-01-27,3,0.99,2847.375868507872,884.0,mist+ACI
36,2024-01-13,2024-02-03,4,0.01,42.21174040207899,764.0,mist+ACI
36,2024-01-13,2024-02-03,4,0.025,94.76539607826473,764.0,mist+ACI
36,2024-01-13,2024-02-03,4,0.05,159.89663680323613,764.0,mist+ACI
36,2024-01-13,2024-02-03,4,0.1,255.31187318292493,764.0,mist+ACI
36,2024-01-13,2024-02-03,4,0.15,288.8183649757821,764.0,mist+ACI
36,2024-01-13,2024-02-03,4,0.2,296.41320627223007,764.0,mist+ACI
36,2024-01-13,2024-02-03,4,0.25,300.07847165688355,764.0,mist+ACI
36,2024-01-13,2024-02-03,4,0.3,302.0728923058464,764.0,mist+ACI
36,2024-01-13,2024-02-03,4,0.35,302.2626817888342,764.0,mist+ACI
36,2024-01-13,2024-02-03,4,0.4,302.58909712127894,764.0,mist+ACI
36,2024-01-13,2024-02-03,4,0.45,302.7980035383454,764.0,mist+ACI
36,2024-01-13,2024-02-03,4,0.5,303.044921875,764.0,mist+ACI
36,2024-01-13,2024-02-03,4,0.55,578.286663492828,764.0,mist+ACI
36,2024-01-13,2024-02-03,4,0.6,672.8483042823925,764.0,mist+ACI
36,2024-01-13,2024-02-03,4,0.65,1000.1168939394328,764.0,mist+ACI
36,2024-01-13,2024-02-03,4,0.7,1145.855525717768,764.0,mist+ACI
36,2024-01-13,2024-02-03,4,0.75,1148.8333719125967,764.0,mist+ACI
36,2024-01-13,2024-02-03,4,0.8,1734.4139110982283,764.0,mist+ACI
36,2024-01-13,2024-02-03,4,0.85,1884.2142607345936,764.0,mist+ACI
36,2024-01-13,2024-02-03,4,0.9,1944.3365316784898,764.0,mist+ACI
36,2024-01-13,2024-02-03,4,0.95,2438.7935200958937,764.0,mist+ACI
36,2024-01-13,2024-02-03,4,0.975,3381.217818303929,764.0,mist+ACI
36,2024-01-13,2024-02-03,4,0.99,4701.6504913025765,764.0,mist+ACI
36,2024-01-20,2024-01-20,1,0.01,53.895645395286635,851.0,mist+ACI
36,2024-01-20,2024-01-20,1,0.025,226.41850063159677,851.0,mist+ACI
36,2024-01-20,2024-01-20,1,0.05,275.07488845689164,851.0,mist+ACI
36,2024-01-20,2024-01-20,1,0.1,323.33601098387095,851.0,mist+ACI
36,2024-01-20,2024-01-20,1,0.15,343.04493494013207,851.0,mist+ACI
36,2024-01-20,2024-01-20,1,0.2,349.5952047535813,851.0,mist+ACI
36,2024-01-20,2024-01-20,1,0.25,352.42159373537834,851.0,mist+ACI
36,2024-01-20,2024-01-20,1,0.3,353.56954882608557,851.0,mist+ACI
36,2024-01-20,2024-01-20,1,0.35,354.04206994236176,851.0,mist+ACI
36,2024-01-20,2024-01-20,1,0.4,354.13678091509667,851.0,mist+ACI
36,2024-01-20,2024-01-20,1,0.45,354.25387759450456,851.0,mist+ACI
36,2024-01-20,2024-01-20,1,0.5,354.3288269042969,851.0,mist+ACI
36,2024-01-20,2024-01-20,1,0.55,647.2721844998181,851.0,mist+ACI
36,2024-01-20,2024-01-20,1,0.6,798.2600911876475,851.0,mist+ACI
36,2024-01-20,2024-01-20,1,0.65,804.7786586548044,851.0,mist+ACI
36,2024-01-20,2024-01-20,1,0.7,855.3486163092091,851.0,mist+ACI
36,2024-01-20,2024-01-20,1,0.75,1113.51814205958,851.0,mist+ACI
36,2024-01-20,2024-01-20,1,0.8,1147.7448367796608,851.0,mist+ACI
36,2024-01-20,2024-01-20,1,0.85,1190.4977401868161,851.0,mist+ACI
36,2024-01-20,2024-01-20,1,0.9,1279.093035614224,851.0,mist+ACI
36,2024-01-20,2024-01-20,1,0.95,1439.1692328324098,851.0,mist+ACI
36,2024-01-20,2024-01-20,1,0.975,1802.0866819360876,851.0,mist+ACI
36,2024-01-20,2024-01-20,1,0.99,1985.5289240076752,851.0,mist+ACI
36,2024-01-20,2024-01-27,2,0.01,54.96850515170422,884.0,mist+ACI
36,2024-01-20,2024-01-27,2,0.025,137.49276368769821,884.0,mist+ACI
36,2024-01-20,2024-01-27,2,0.05,205.40290423293922,884.0,mist+ACI
36,2024-01-20,2024-01-27,2,0.1,289.8091490343126,884.0,mist+ACI
36,2024-01-20,2024-01-27,2,0.15,307.1162147471626,884.0,mist+ACI
36,2024-01-20,2024-01-27,2,0.2,312.9478932779033,884.0,mist+ACI
36,2024-01-20,2024-01-27,2,0.25,315.5991658473113,884.0,mist+ACI
36,2024-01-20,2024-01-27,2,0.3,316.1967476803093,884.0,mist+ACI
36,2024-01-20,2024-01-27,2,0.35,316.4776156685394,884.0,mist+ACI
36,2024-01-20,2024-01-27,2,0.4,316.492262349479,884.0,mist+ACI
36,2024-01-20,2024-01-27,2,0.45,316.54935933223805,884.0,mist+ACI
36,2024-01-20,2024-01-27,2,0.5,316.55517578125,884.0,mist+ACI
36,2024-01-20,2024-01-27,2,0.55,587.3937528042115,884.0,mist+ACI
36,2024-01-20,2024-01-27,2,0.6,624.9768942333299,884.0,mist+ACI
36,2024-01-20,2024-01-27,2,0.65,699.2151056729081,884.0,mist+ACI
36,2024-01-20,2024-01-27,2,0.7,727.1940627151312,884.0,mist+ACI
36,2024-01-20,2024-01-27,2,0.75,871.6092574598815,884.0,mist+ACI
36,2024-01-20,2024-01-27,2,0.8,903.065665940309,884.0,mist+ACI
36,2024-01-20,2024-01-27,2,0.85,1077.8680864172545,884.0,mist+ACI
36,2024-01-20,2024-01-27,2,0.9,1103.7610523870553,884.0,mist+ACI
36,2024-01-20,2024-01-27,2,0.95,1208.962672074565,884.0,mist+ACI
36,2024-01-20,2024-01-27,2,0.975,1235.558570703665,884.0,mist+ACI
36,2024-01-20,2024-01-27,2,0.99,2493.258676573899,884.0,mist+ACI
36,2024-01-20,2024-02-03,3,0.01,65.67251169650964,764.0,mist+ACI
36,2024-01-20,2024-02-03,3,0.025,173.3294712306881,764.0,mist+ACI
36,2024-01-20,2024-02-03,3,0.05,227.0197784477522,764.0,mist+ACI
36,2024-01-20,2024-02-03,3,0.1,265.0582729945338,764.0,mist+ACI
36,2024-01-20,2024-02-03,3,0.15,279.8309160961254,764.0,mist+ACI
36,2024-01-20,2024-02-03,3,0.2,284.15047107173285,764.0,mist+ACI
36,2024-01-20,2024-02-03,3,0.25,285.6667776372281,764.0,mist+ACI
36,2024-01-20,2024-02-03,3,0.3,286.13333617438565,764.0,mist+ACI
36,2024-01-20,2024-02-03,3,0.35,286.28859169535093,764.0,mist+ACI
36,2024-01-20,2024-02-03,3,0.4,286.34500561405093,764.0,mist+ACI
36,2024-01-20,2024-02-03,3,0.45,286.42839218819665,764.0,mist+ACI
36,2024-01-20,2024-02-03,3,0.5,286.48907470703125,764.0,mist+ACI
36,2024-01-20,2024-02-03,3,0.55,362.75258084967084,764.0,mist+ACI
36,2024-01-20,2024-02-03,3,0.6,363.97627239592725,764.0,mist+ACI
36,2024-01-20,2024-02-03,3,0.65,379.330154768552,764.0,mist+ACI
36,2024-01-20,2024-02-03,3,0.7,618.250704463434,764.0,mist+ACI
36,2024-01-20,2024-02-03,3,0.75,715.064180202048,764.0,mist+ACI
36,2024-01-20,2024-02-03,3,0.8,1038.8982142608888,764.0,mist+ACI
36,2024-01-20,2024-02-03,3,0.85,1051.5332632487948,764.0,mist+ACI
36,2024-01-20,2024-02-03,3,0.9,1193.20303229091,764.0,mist+ACI
36,2024-01-20,2024-02-03,3,0.95,1471.5804791845837,764.0,mist+ACI
36,2024-01-20,2024-02-03,3,0.975,1550.8725837587183,764.0,mist+ACI
36,2024-01-20,2024-02-03,3,0.99,1987.4304853545084,764.0,mist+ACI
36,2024-01-20,2024-02-10,4,0.01,36.020574720449304,765.0,mist+ACI
36,2024-01-20,2024-02-10,4,0.025,80.04401949052232,765.0,mist+ACI
36,2024-01-20,2024-02-10,4,0.05,149.12488613858739,765.0,mist+ACI
36,2024-01-20,2024-02-10,4,0.1,212.8765491419531,765.0,mist+ACI
36,2024-01-20,2024-02-10,4,0.15,232.21548958943254,765.0,mist+ACI
36,2024-01-20,2024-02-10,4,0.2,234.90721576552588,765.0,mist+ACI
36,2024-01-20,2024-02-10,4,0.25,236.08280083035237,765.0,mist+ACI
36,2024-01-20,2024-02-10,4,0.3,236.56563068823522,765.0,mist+ACI
36,2024-01-20,2024-02-10,4,0.35,236.72616521623132,765.0,mist+ACI
36,2024-01-20,2024-02-10,4,0.4,236.75691787321756,765.0,mist+ACI
36,2024-01-20,2024-02-10,4,0.45,236.80403552383098,765.0,mist+ACI
36,2024-01-20,2024-02-10,4,0.5,236.81185913085938,765.0,mist+ACI
36,2024-01-20,2024-02-10,4,0.55,569.0301811831147,765.0,mist+ACI
36,2024-01-20,2024-02-10,4,0.6,793.9303765731808,765.0,mist+ACI
36,2024-01-20,2024-02-10,4,0.65,875.5411488264856,765.0,mist+ACI
36,2024-01-20,2024-02-10,4,0.7,1051.7468905026838,765.0,mist+ACI
36,2024-01-20,2024-02-10,4,0.75,1079.5259805340922,765.0,mist+ACI
36,2024-01-20,2024-02-10,4,0.8,1260.563868042553,765.0,mist+ACI
36,2024-01-20,2024-02-10,4,0.85,1370.4745895890549,765.0,mist+ACI
36,2024-01-20,2024-02-10,4,0.9,1762.2607221365197,765.0,mist+ACI
36,2024-01-20,2024-02-10,4,0.95,2373.7068044275575,765.0,mist+ACI
36,2024-01-20,2024-02-10,4,0.975,2601.7933589324457,765.0,mist+ACI
36,2024-01-20,2024-02-10,4,0.99,3584.379717613419,765.0,mist+ACI
36,2024-01-27,2024-01-27,1,0.01,41.73964435002327,884.0,mist+ACI
36,2024-01-27,2024-01-27,1,0.025,139.6973797531018,884.0,mist+ACI
36,2024-01-27,2024-01-27,1,0.05,197.98322560988,884.0,mist+ACI
36,2024-01-27,2024-01-27,1,0.1,235.9001092605202,884.0,mist+ACI
36,2024-01-27,2024-01-27,1,0.15,246.59158604578002,884.0,mist+ACI
36,2024-01-27,2024-01-27,1,0.2,250.6470258060477,884.0,mist+ACI
36,2024-01-27,2024-01-27,1,0.25,252.34561311874867,884.0,mist+ACI
36,2024-01-27,2024-01-27,1,0.3,252.96618998677204,884.0,mist+ACI
36,2024-01-27,2024-01-27,1,0.35,253.32483773861614,884.0,mist+ACI
36,2024-01-27,2024-01-27,1,0.4,253.34750988833443,884.0,mist+ACI
36,2024-01-27,2024-01-27,1,0.45,253.37075013141174,884.0,mist+ACI
36,2024-01-27,2024-01-27,1,0.5,253.3824920654297,884.0,mist+ACI
36,2024-01-27,2024-01-27,1,0.55,578.4981494788412,884.0,mist+ACI
36,2024-01-27,2024-01-27,1,0.6,620.3013624553114,884.0,mist+ACI
36,2024-01-27,2024-01-27,1,0.65,748.0282025040987,884.0,mist+ACI
36,2024-01-27,2024-01-27,1,0.7,750.6564678962527,884.0,mist+ACI
36,2024-01-27,2024-01-27,1,0.75,903.7188140971023,884.0,mist+ACI
36,2024-01-27,2024-01-27,1,0.8,944.0424488135656,884.0,mist+ACI
36,2024-01-27,2024-01-27,1,0.85,1181.9621151511474,884.0,mist+ACI
36,2024-01-27,2024-01-27,1,0.9,1201.2106794194083,884.0,mist+ACI
36,2024-01-27,2024-01-27,1,0.95,1278.880860683553,884.0,mist+ACI
36,2024-01-27,2024-01-27,1,0.975,1534.8326333263278,884.0,mist+ACI
36,2024-01-27,2024-01-27,1,0.99,2436.7045074343214,884.0,mist+ACI
36,2024-01-27,2024-02-03,2,0.01,39.56409310155959,764.0,mist+ACI
36,2024-01-27,2024-02-03,2,0.025,87.03291414046916,764.0,mist+ACI
36,2024-01-27,2024-02-03,2,0.05,146.0278113483568,764.0,mist+ACI
36,2024-01-27,2024-02-03,2,0.1,218.62173732295034,764.0,mist+ACI
36,2024-01-27,2024-02-03,2,0.15,232.4513913160746,764.0,mist+ACI
36,2024-01-27,2024-02-03,2,0.2,238.11782415327846,764.0,mist+ACI
36,2024-01-27,2024-02-03,2,0.25,239.34883343889626,764.0,mist+ACI
36,2024-01-27,2024-02-03,2,0.3,239.94232564608885,764.0,mist+ACI
36,2024-01-27,2024-02-03,2,0.35,240.12131897714096,764.0,mist+ACI
36,2024-01-27,2024-02-03,2,0.4,240.13045476489714,764.0,mist+ACI
36,2024-01-27,2024-02-03,2,0.45,240.17289880258343,764.0,mist+ACI
36,2024-01-27,2024-02-03,2,0.5,240.1757049560547,764.0,mist+ACI
36,2024-01-27,2024-02-03,2,0.55,341.45532928913303,764.0,mist+ACI
36,2024-01-27,2024-02-03,2,0.6,459.1800882925477,764.0,mist+ACI
36,2024-01-27,2024-02-03,2,0.65,483.0100667828084,764.0,mist+ACI
36,2024-01-27,2024-02-03,2,0.7,535.1627944043848,764.0,mist+ACI
36,2024-01-27,2024-02-03,2,0.75,538.1717505101736,764.0,mist+ACI
36,2024-01-27,2024-02-03,2,0.8,721.7982641854067,764.0,mist+ACI
36,2024-01-27,2024-02-03,2,0.85,742.0419450202218,764.0,mist+ACI
36,2024-01-27,2024-02-03,2,0.9,876.7749887058078,764.0,mist+ACI
36,2024-01-27,2024-02-03,2,0.95,946.430338781934,764.0,mist+ACI
36,2024-01-27,2024-02-03,2,0.975,952.5116426842396,764.0,mist+ACI
36,2024-01-27,2024-02-03,2,0.99,2310.8007219943547,764.0,mist+ACI
36,2024-01-27,2024-02-10,3,0.01,32.04357851298897,765.0,mist+ACI
36,2024-01-27,2024-02-10,3,0.025,77.59744945928112,765.0,mist+ACI
36,2024-01-27,2024-02-10,3,0.05,138.31880898095235,765.0,mist+ACI
36,2024-01-27,2024-02-10,3,0.1,182.2897093880654,765.0,mist+ACI
36,2024-01-27,2024-02-10,3,0.15,190.09136316939095,765.0,mist+ACI
36,2024-01-27,2024-02-10,3,0.2,193.13509761521138,765.0,mist+ACI
36,2024-01-27,2024-02-10,3,0.25,194.114473742796,765.0,mist+ACI
36,2024-01-27,2024-02-10,3,0.3,194.39504336440987,765.0,mist+ACI
36,2024-01-27,2024-02-10,3,0.35,194.466736003012,765.0,mist+ACI
36,2024-01-27,2024-02-10,3,0.4,194.475964261739,765.0,mist+ACI
36,2024-01-27,2024-02-10,3,0.45,194.5195224446686,765.0,mist+ACI
36,2024-01-27,2024-02-10,3,0.5,194.52206420898438,765.0,mist+ACI
36,2024-01-27,2024-02-10,3,0.55,214.33794590142315,765.0,mist+ACI
36,2024-01-27,2024-02-10,3,0.6,268.859422547802,765.0,mist+ACI
36,2024-01-27,2024-02-10,3,0.65,386.08568697400244,765.0,mist+ACI
36,2024-01-27,2024-02-10,3,0.7,507.0234784081534,765.0,mist+ACI
36,2024-01-27,2024-02-10,3,0.75,626.3201360101068,765.0,mist+ACI
36,2024-01-27,2024-02-10,3,0.8,679.2556554937664,765.0,mist+ACI
36,2024-01-27,2024-02-10,3,0.85,779.7410024007537,765.0,mist+ACI
36,2024-01-27,2024-02-10,3,0.9,789.3142161895503,765.0,mist+ACI
36,2024-01-27,2024-02-10,3,0.95,851.2464336815175,765.0,mist+ACI
36,2024-01-27,2024-02-10,3,0.975,1241.037630031367,765.0,mist+ACI
36,2024-01-27,2024-02-10,3,0.99,1858.4396225165262,765.0,mist+ACI
36,2024-01-27,2024-02-17,4,0.01,26.672737896674732,780.0,mist+ACI
36,2024-01-27,2024-02-17,4,0.025,58.67456891514141,780.0,mist+ACI
36,2024-01-27,2024-02-17,4,0.05,96.08712583970738,780.0,mist+ACI
36,2024-01-27,2024-02-17,4,0.1,143.62450124786156,780.0,mist+ACI
36,2024-01-27,2024-02-17,4,0.15,157.996441349196,780.0,mist+ACI
36,2024-01-27,2024-02-17,4,0.2,160.62129350976798,780.0,mist+ACI
36,2024-01-27,2024-02-17,4,0.25,161.46765301995146,780.0,mist+ACI
36,2024-01-27,2024-02-17,4,0.3,161.76020723404397,780.0,mist+ACI
36,2024-01-27,2024-02-17,4,0.35,161.88400696671934,780.0,mist+ACI
36,2024-01-27,2024-02-17,4,0.4,161.89464331665832,780.0,mist+ACI
36,2024-01-27,2024-02-17,4,0.45,161.91727837301627,780.0,mist+ACI
36,2024-01-27,2024-02-17,4,0.5,161.91812133789062,780.0,mist+ACI
36,2024-01-27,2024-02-17,4,0.55,303.50180493114135,780.0,mist+ACI
36,2024-01-27,2024-02-17,4,0.6,516.8689078088582,780.0,mist+ACI
36,2024-01-27,2024-02-17,4,0.65,664.1472108958823,780.0,mist+ACI
36,2024-01-27,2024-02-17,4,0.7,719.0536608640444,780.0,mist+ACI
36,2024-01-27,2024-02-17,4,0.75,739.2149716192229,780.0,mist+ACI
36,2024-01-27,2024-02-17,4,0.8,765.3184228444672,780.0,mist+ACI
36,2024-01-27,2024-02-17,4,0.85,969.1298365154796,780.0,mist+ACI
36,2024-01-27,2024-02-17,4,0.9,1066.8795921891906,780.0,mist+ACI
36,2024-01-27,2024-02-17,4,0.95,1119.022825477085,780.0,mist+ACI
36,2024-01-27,2024-02-17,4,0.975,2162.8432888743723,780.0,mist+ACI
36,2024-01-27,2024-02-17,4,0.99,3168.399453732718,780.0,mist+ACI
36,2024-02-03,2024-02-03,1,0.01,40.504999407602185,764.0,mist+ACI
36,2024-02-03,2024-02-03,1,0.025,88.21394643839679,764.0,mist+ACI
36,2024-02-03,2024-02-03,1,0.05,143.60916124932493,764.0,mist+ACI
36,2024-02-03,2024-02-03,1,0.1,203.61087986675446,764.0,mist+ACI
36,2024-02-03,2024-02-03,1,0.15,219.9540747155243,764.0,mist+ACI
36,2024-02-03,2024-02-03,1,0.2,225.69119763329607,764.0,mist+ACI
36,2024-02-03,2024-02-03,1,0.25,227.75692889952114,764.0,mist+ACI
36,2024-02-03,2024-02-03,1,0.3,228.3055215441988,764.0,mist+ACI
36,2024-02-03,2024-02-03,1,0.35,228.5329116591456,764.0,mist+ACI
36,2024-02-03,2024-02-03,1,0.4,228.55122632589135,764.0,mist+ACI
36,2024-02-03,2024-02-03,1,0.45,228.60162922203335,764.0,mist+ACI
36,2024-02-03,2024-02-03,1,0.5,228.62823486328125,764.0,mist+ACI
36,2024-02-03,2024-02-03,1,0.55,576.9482986748199,764.0,mist+ACI
36,2024-02-03,2024-02-03,1,0.6,795.2694393468535,764.0,mist+ACI
36,2024-02-03,2024-02-03,1,0.65,1022.6649929427217,764.0,mist+ACI
36,2024-02-03,2024-02-03,1,0.7,1092.662003710896,764.0,mist+ACI
36,2024-02-03,2024-02-03,1,0.75,1098.7658636704646,764.0,mist+ACI
36,2024-02-03,2024-02-03,1,0.8,1253.9707396363629,764.0,mist+ACI
36,2024-02-03,2024-02-03,1,0.85,1517.6644356976385,764.0,mist+ACI
36,2024-02-03,2024-02-03,1,0.9,1711.6977709694127,764.0,mist+ACI
36,2024-02-03,2024-02-03,1,0.95,2021.7896771055619,764.0,mist+ACI
36,2024-02-03,2024-02-03,1,0.975,3276.8838788584185,764.0,mist+ACI
36,2024-02-03,2024-02-03,1,0.99,3518.7208798533297,764.0,mist+ACI
36,2024-02-03,2024-02-10,2,0.01,34.8878827070256,765.0,mist+ACI
36,2024-02-03,2024-02-10,2,0.025,75.98069032162502,765.0,mist+ACI
36,2024-02-03,2024-02-10,2,0.05,122.6449816849484,765.0,mist+ACI
36,2024-02-03,2024-02-10,2,0.1,173.38099472562047,765.0,mist+ACI
36,2024-02-03,2024-02-10,2,0.15,188.3747308294616,765.0,mist+ACI
36,2024-02-03,2024-02-10,2,0.2,194.33836531613207,765.0,mist+ACI
36,2024-02-03,2024-02-10,2,0.25,196.04471812249994,765.0,mist+ACI
36,2024-02-03,2024-02-10,2,0.3,196.68755937724285,765.0,mist+ACI
36,2024-02-03,2024-02-10,2,0.35,196.874175179698,765.0,mist+ACI
36,2024-02-03,2024-02-10,2,0.4,196.87673823032952,765.0,mist+ACI
36,2024-02-03,2024-02-10,2,0.45,196.91593832997862,765.0,mist+ACI
36,2024-02-03,2024-02-10,2,0.5,196.9227294921875,765.0,mist+ACI
36,2024-02-03,2024-02-10,2,0.55,443.7202298693536,765.0,mist+ACI
36,2024-02-03,2024-02-10,2,0.6,485.0585411478047,765.0,mist+ACI
36,2024-02-03,2024-02-10,2,0.65,495.451330717514,765.0,mist+ACI
36,2024-02-03,2024-02-10,2,0.7,507.2846533321891,765.0,mist+ACI
36,2024-02-03,2024-02-10,2,0.75,798.9675880173806,765.0,mist+ACI
36,2024-02-03,2024-02-10,2,0.8,946.1657715794175,765.0,mist+ACI
36,2024-02-03,2024-02-10,2,0.85,1234.1307281024326,765.0,mist+ACI
36,2024-02-03,2024-02-10,2,0.9,1511.550591254486,765.0,mist+ACI
36,2024-02-03,2024-02-10,2,0.95,1751.8979726495268,765.0,mist+ACI
36,2024-02-03,2024-02-10,2,0.975,2685.7533219458724,765.0,mist+ACI
36,2024-02-03,2024-02-10,2,0.99,3274.9128426708016,765.0,mist+ACI
36,2024-02-03,2024-02-17,3,0.01,27.86305090067728,780.0,mist+ACI
36,2024-02-03,2024-02-17,3,0.025,60.68163722282037,780.0,mist+ACI
36,2024-02-03,2024-02-17,3,0.05,97.94986402864149,780.0,mist+ACI
36,2024-02-03,2024-02-17,3,0.1,134.89580377279597,780.0,mist+ACI
36,2024-02-03,2024-02-17,3,0.15,150.07880638247946,780.0,mist+ACI
36,2024-02-03,2024-02-17,3,0.2,155.2082966626678,780.0,mist+ACI
36,2024-02-03,2024-02-17,3,0.25,156.85242750016712,780.0,mist+ACI
36,2024-02-03,2024-02-17,3,0.3,157.12370100375935,780.0,mist+ACI
36,2024-02-03,2024-02-17,3,0.35,157.19788510402577,780.0,mist+ACI
36,2024-02-03,2024-02-17,3,0.4,157.2186881229071,780.0,mist+ACI
36,2024-02-03,2024-02-17,3,0.45,157.26492877656796,780.0,mist+ACI
36,2024-02-03,2024-02-17,3,0.5,157.27145385742188,780.0,mist+ACI
36,2024-02-03,2024-02-17,3,0.55,625.885654715205,780.0,mist+ACI
36,2024-02-03,2024-02-17,3,0.6,684.8820926329956,780.0,mist+ACI
36,2024-02-03,2024-02-17,3,0.65,830.6979810280169,780.0,mist+ACI
36,2024-02-03,2024-02-17,3,0.7,1265.9651324952956,780.0,mist+ACI
36,2024-02-03,2024-02-17,3,0.75,1273.1584889266692,780.0,mist+ACI
36,2024-02-03,2024-02-17,3,0.8,1389.0854021242012,780.0,mist+ACI
36,2024-02-03,2024-02-17,3,0.85,1595.5498504621082,780.0,mist+ACI
36,2024-02-03,2024-02-17,3,0.9,1912.9606150900306,780.0,mist+ACI
36,2024-02-03,2024-02-17,3,0.95,2624.3210272072497,780.0,mist+ACI
36,2024-02-03,2024-02-17,3,0.975,3182.3576110690233,780.0,mist+ACI
36,2024-02-03,2024-02-17,3,0.99,3463.8399668292136,780.0,mist+ACI
36,2024-02-03,2024-02-24,4,0.01,27.516300350132994,782.0,mist+ACI
36,2024-02-03,2024-02-24,4,0.025,59.92646539364962,782.0,mist+ACI
36,2024-02-03,2024-02-24,4,0.05,96.73089596233959,782.0,mist+ACI
36,2024-02-03,2024-02-24,4,0.1,133.21705027264733,782.0,mist+ACI
36,2024-02-03,2024-02-24,4,0.15,147.9838355096694,782.0,mist+ACI
36,2024-02-03,2024-02-24,4,0.2,152.57981782587422,782.0,mist+ACI
36,2024-02-03,2024-02-24,4,0.25,154.63558918465202,782.0,mist+ACI
36,2024-02-03,2024-02-24,4,0.3,155.11337717006973,782.0,mist+ACI
36,2024-02-03,2024-02-24,4,0.35,155.22470490566488,782.0,mist+ACI
36,2024-02-03,2024-02-24,4,0.4,155.25095176212534,782.0,mist+ACI
36,2024-02-03,2024-02-24,4,0.45,155.30318139927408,782.0,mist+ACI
36,2024-02-03,2024-02-24,4,0.5,155.31423950195312,782.0,mist+ACI
36,2024-02-03,2024-02-24,4,0.55,699.9365501114494,782.0,mist+ACI
36,2024-02-03,2024-02-24,4,0.6,718.2099248879956,782.0,mist+ACI
36,2024-02-03,2024-02-24,4,0.65,790.6589856828552,782.0,mist+ACI
36,2024-02-03,2024-02-24,4,0.7,1188.52282080276,782.0,mist+ACI
36,2024-02-03,2024-02-24,4,0.75,1293.7004382828081,782.0,mist+ACI
36,2024-02-03,2024-02-24,4,0.8,1669.9605616919457,782.0,mist+ACI
36,2024-02-03,2024-02-24,4,0.85,1864.898969999598,782.0,mist+ACI
36,2024-02-03,2024-02-24,4,0.9,2975.566414745324,782.0,mist+ACI
36,2024-02-03,2024-02-24,4,0.95,3314.14197461182,782.0,mist+ACI
36,2024-02-03,2024-02-24,4,0.975,4736.273878440059,782.0,mist+ACI
36,2024-02-03,2024-02-24,4,0.99,4759.010607000719,782.0,mist+ACI
36,2024-02-10,2024-02-10,1,0.01,30.613610242329685,765.0,mist+ACI
36,2024-02-10,2024-02-10,1,0.025,66.01333107106096,765.0,mist+ACI
36,2024-02-10,2024-02-10,1,0.05,108.84372856719892,765.0,mist+ACI
36,2024-02-10,2024-02-10,1,0.1,150.605534232835,765.0,mist+ACI
36,2024-02-10,2024-02-10,1,0.15,158.29853520997554,765.0,mist+ACI
36,2024-02-10,2024-02-10,1,0.2,160.48510257939586,765.0,mist+ACI
36,2024-02-10,2024-02-10,1,0.25,161.2501450331259,765.0,mist+ACI
36,2024-02-10,2024-02-10,1,0.3,161.51135340478223,765.0,mist+ACI
36,2024-02-10,2024-02-10,1,0.35,161.60034023390307,765.0,mist+ACI
36,2024-02-10,2024-02-10,1,0.4,161.600431153876,765.0,mist+ACI
36,2024-02-10,2024-02-10,1,0.45,161.6164774990701,765.0,mist+ACI
36,2024-02-10,2024-02-10,1,0.5,161.62124633789062,765.0,mist+ACI
36,2024-02-10,2024-02-10,1,0.55,385.73065601942943,765.0,mist+ACI
36,2024-02-10,2024-02-10,1,0.6,420.60107752870607,765.0,mist+ACI
36,2024-02-10,2024-02-10,1,0.65,638.8352914708078,765.0,mist+ACI
36,2024-02-10,2024-02-10,1,0.7,693.6455365663357,765.0,mist+ACI
36,2024-02-10,2024-02-10,1,0.75,730.6836863158447,765.0,mist+ACI
36,2024-02-10,2024-02-10,1,0.8,935.5225959656617,765.0,mist+ACI
36,2024-02-10,2024-02-10,1,0.85,947.2664559612316,765.0,mist+ACI
36,2024-02-10,2024-02-10,1,0.9,976.0927558218813,765.0,mist+ACI
36,2024-02-10,2024-02-10,1,0.95,1416.6402597606796,765.0,mist+ACI
36,2024-02-10,2024-02-10,1,0.975,2405.010884515441,765.0,mist+ACI
36,2024-02-10,2024-02-10,1,0.99,3218.0245523866165,765.0,mist+ACI
36,2024-02-10,2024-02-17,2,0.01,28.240774443503284,780.0,mist+ACI
36,2024-02-10,2024-02-17,2,0.025,60.89669197082809,780.0,mist+ACI
36,2024-02-10,2024-02-17,2,0.05,96.92045677836501,780.0,mist+ACI
36,2024-02-10,2024-02-17,2,0.1,135.3079768996028,780.0,mist+ACI
36,2024-02-10,2024-02-17,2,0.15,144.54900265467919,780.0,mist+ACI
36,2024-02-10,2024-02-17,2,0.2,147.5719800447232,780.0,mist+ACI
36,2024-02-10,2024-02-17,2,0.25,148.7560149556565,780.0,mist+ACI
36,2024-02-10,2024-02-17,2,0.3,148.9866998347447,780.0,mist+ACI
36,2024-02-10,2024-02-17,2,0.35,149.05403862533737,780.0,mist+ACI
36,2024-02-10,2024-02-17,2,0.4,149.06720783234087,780.0,mist+ACI
36,2024-02-10,2024-02-17,2,0.45,149.0900805495249,780.0,mist+ACI
36,2024-02-10,2024-02-17,2,0.5,149.0941162109375,780.0,mist+ACI
36,2024-02-10,2024-02-17,2,0.55,241.48559164299098,780.0,mist+ACI
36,2024-02-10,2024-02-17,2,0.6,287.9272287116209,780.0,mist+ACI
36,2024-02-10,2024-02-17,2,0.65,436.90858853220584,780.0,mist+ACI
36,2024-02-10,2024-02-17,2,0.7,472.1870019234531,780.0,mist+ACI
36,2024-02-10,2024-02-17,2,0.75,540.5969093339816,780.0,mist+ACI
36,2024-02-10,2024-02-17,2,0.8,632.7755923118029,780.0,mist+ACI
36,2024-02-10,2024-02-17,2,0.85,734.1364548798691,780.0,mist+ACI
36,2024-02-10,2024-02-17,2,0.9,972.2050013628135,780.0,mist+ACI
36,2024-02-10,2024-02-17,2,0.95,1108.7892190449988,780.0,mist+ACI
36,2024-02-10,2024-02-17,2,0.975,1700.6207010131664,780.0,mist+ACI
36,2024-02-10,2024-02-17,2,0.99,2592.4781055019275,780.0,mist+ACI
36,2024-02-10,2024-02-24,3,0.01,24.377474586256795,782.0,mist+ACI
36,2024-02-10,2024-02-24,3,0.025,52.56610663690482,782.0,mist+ACI
36,2024-02-10,2024-02-24,3,0.05,83.66186900184391,782.0,mist+ACI
36,2024-02-10,2024-02-24,3,0.1,113.6869855067403,782.0,mist+ACI
36,2024-02-10,2024-02-24,3,0.15,124.16279546845485,782.0,mist+ACI
36,2024-02-10,2024-02-24,3,0.2,127.6660767006409,782.0,mist+ACI
36,2024-02-10,2024-02-24,3,0.25,128.35034315174113,782.0,mist+ACI
36,2024-02-10,2024-02-24,3,0.3,128.61771186192277,782.0,mist+ACI
36,2024-02-10,2024-02-24,3,0.35,128.6734684360887,782.0,mist+ACI
36,2024-02-10,2024-02-24,3,0.4,128.6759564373161,782.0,mist+ACI
36,2024-02-10,2024-02-24,3,0.45,128.69516784474794,782.0,mist+ACI
36,2024-02-10,2024-02-24,3,0.5,128.6982421875,782.0,mist+ACI
36,2024-02-10,2024-02-24,3,0.55,211.1145544264349,782.0,mist+ACI
36,2024-02-10,2024-02-24,3,0.6,223.11511327620735,782.0,mist+ACI
36,2024-02-10,2024-02-24,3,0.65,369.44124315817726,782.0,mist+ACI
36,2024-02-10,2024-02-24,3,0.7,379.62605437764637,782.0,mist+ACI
36,2024-02-10,2024-02-24,3,0.75,433.4610826545136,782.0,mist+ACI
36,2024-02-10,2024-02-24,3,0.8,435.82188998278815,782.0,mist+ACI
36,2024-02-10,2024-02-24,3,0.85,443.5484432109205,782.0,mist+ACI
36,2024-02-10,2024-02-24,3,0.9,583.0695227260878,782.0,mist+ACI
36,2024-02-10,2024-02-24,3,0.95,1136.3747141968404,782.0,mist+ACI
36,2024-02-10,2024-02-24,3,0.975,1492.0658651842098,782.0,mist+ACI
36,2024-02-10,2024-02-24,3,0.99,2641.5018468842436,782.0,mist+ACI
36,2024-02-10,2024-03-02,4,0.01,18.288366203857848,764.0,mist+ACI
36,2024-02-10,2024-03-02,4,0.025,39.435922892059295,764.0,mist+ACI
36,2024-02-10,2024-03-02,4,0.05,62.764454627613055,764.0,mist+ACI
36,2024-02-10,2024-03-02,4,0.1,84.72810660418922,764.0,mist+ACI
36,2024-02-10,2024-03-02,4,0.15,92.41401753913306,764.0,mist+ACI
36,2024-02-10,2024-03-02,4,0.2,95.78279569709262,764.0,mist+ACI
36,2024-02-10,2024-03-02,4,0.25,96.32081100741078,764.0,mist+ACI
36,2024-02-10,2024-03-02,4,0.3,96.47967703762731,764.0,mist+ACI
36,2024-02-10,2024-03-02,4,0.35,96.52895645965785,764.0,mist+ACI
36,2024-02-10,2024-03-02,4,0.4,96.53528544200694,764.0,mist+ACI
36,2024-02-10,2024-03-02,4,0.45,96.54586322984159,764.0,mist+ACI
36,2024-02-10,2024-03-02,4,0.5,96.55145263671875,764.0,mist+ACI
36,2024-02-10,2024-03-02,4,0.55,191.97879689196168,764.0,mist+ACI
36,2024-02-10,2024-03-02,4,0.6,221.67393269386514,764.0,mist+ACI
36,2024-02-10,2024-03-02,4,0.65,413.7034175357908,764.0,mist+ACI
36,2024-02-10,2024-03-02,4,0.7,487.4953349978648,764.0,mist+ACI
36,2024-02-10,2024-03-02,4,0.75,507.51536251646934,764.0,mist+ACI
36,2024-02-10,2024-03-02,4,0.8,574.9197463920768,764.0,mist+ACI
36,2024-02-10,2024-03-02,4,0.85,621.5242629946357,764.0,mist+ACI
36,2024-02-10,2024-03-02,4,0.9,776.6766363239414,764.0,mist+ACI
36,2024-02-10,2024-03-02,4,0.95,1853.374144189645,764.0,mist+ACI
36,2024-02-10,2024-03-02,4,0.975,1992.2847159274465,764.0,mist+ACI
36,2024-02-10,2024-03-02,4,0.99,3295.283207370158,764.0,mist+ACI
36,2024-02-17,2024-02-17,1,0.01,78.88695386749453,780.0,mist+ACI
36,2024-02-17,2024-02-17,1,0.025,136.10988018316232,780.0,mist+ACI
36,2024-02-17,2024-02-17,1,0.05,211.694816884627,780.0,mist+ACI
36,2024-02-17,2024-02-17,1,0.1,244.52099463169637,780.0,mist+ACI
36,2024-02-17,2024-02-17,1,0.15,250.59489355309677,780.0,mist+ACI
36,2024-02-17,2024-02-17,1,0.2,252.37615829468348,780.0,mist+ACI
36,2024-02-17,2024-02-17,1,0.25,252.92500539552907,780.0,mist+ACI
36,2024-02-17,2024-02-17,1,0.3,253.11159436480506,780.0,mist+ACI
36,2024-02-17,2024-02-17,1,0.35,253.16203341554737,780.0,mist+ACI
36,2024-02-17,2024-02-17,1,0.4,253.16397015263937,780.0,mist+ACI
36,2024-02-17,2024-02-17,1,0.45,253.17095825024452,780.0,mist+ACI
36,2024-02-17,2024-02-17,1,0.5,253.17413330078125,780.0,mist+ACI
36,2024-02-17,2024-02-17,1,0.55,465.31150404322295,780.0,mist+ACI
36,2024-02-17,2024-02-17,1,0.6,703.3696308948377,780.0,mist+ACI
36,2024-02-17,2024-02-17,1,0.65,723.6634924170035,780.0,mist+ACI
36,2024-02-17,2024-02-17,1,0.7,774.4038537879836,780.0,mist+ACI
36,2024-02-17,2024-02-17,1,0.75,831.182119120544,780.0,mist+ACI
36,2024-02-17,2024-02-17,1,0.8,1311.8674787318578,780.0,mist+ACI
36,2024-02-17,2024-02-17,1,0.85,1889.5572419920015,780.0,mist+ACI
36,2024-02-17,2024-02-17,1,0.9,1965.0432122623886,780.0,mist+ACI
36,2024-02-17,2024-02-17,1,0.95,1983.7119807933398,780.0,mist+ACI
36,2024-02-17,2024-02-17,1,0.975,2086.251052678101,780.0,mist+ACI
36,2024-02-17,2024-02-17,1,0.99,2948.1409608312256,780.0,mist+ACI
36,2024-02-17,2024-02-24,2,0.01,49.39070408684705,782.0,mist+ACI
36,2024-02-17,2024-02-24,2,0.025,117.90465037919695,782.0,mist+ACI
36,2024-02-17,2024-02-24,2,0.05,187.2397067191084,782.0,mist+ACI
36,2024-02-17,2024-02-24,2,0.1,233.3331112354245,782.0,mist+ACI
36,2024-02-17,2024-02-24,2,0.15,241.63079281817159,782.0,mist+ACI
36,2024-02-17,2024-02-24,2,0.2,244.11417032481776,782.0,mist+ACI
36,2024-02-17,2024-02-24,2,0.25,244.93259789355602,782.0,mist+ACI
36,2024-02-17,2024-02-24,2,0.3,245.07078618103378,782.0,mist+ACI
36,2024-02-17,2024-02-24,2,0.35,245.11428020512827,782.0,mist+ACI
36,2024-02-17,2024-02-24,2,0.4,245.11896344966522,782.0,mist+ACI
36,2024-02-17,2024-02-24,2,0.45,245.13188186470694,782.0,mist+ACI
36,2024-02-17,2024-02-24,2,0.5,245.1348876953125,782.0,mist+ACI
36,2024-02-17,2024-02-24,2,0.55,373.981087581635,782.0,mist+ACI
36,2024-02-17,2024-02-24,2,0.6,428.91025771970453,782.0,mist+ACI
36,2024-02-17,2024-02-24,2,0.65,486.70777415457644,782.0,mist+ACI
36,2024-02-17,2024-02-24,2,0.7,498.39666410253596,782.0,mist+ACI
36,2024-02-17,2024-02-24,2,0.75,692.0298970055633,782.0,mist+ACI
36,2024-02-17,2024-02-24,2,0.8,1021.270847649797,782.0,mist+ACI
36,2024-02-17,2024-02-24,2,0.85,1245.505563052075,782.0,mist+ACI
36,2024-02-17,2024-02-24,2,0.9,1374.4403058338835,782.0,mist+ACI
36,2024-02-17,2024-02-24,2,0.95,1457.4094492574545,782.0,mist+ACI
36,2024-02-17,2024-02-24,2,0.975,1872.7315069905521,782.0,mist+ACI
36,2024-02-17,2024-02-24,2,0.99,2360.734770192041,782.0,mist+ACI
36,2024-02-17,2024-03-02,3,0.01,44.640204985629595,764.0,mist+ACI
36,2024-02-17,2024-03-02,3,0.025,115.0139749474062,764.0,mist+ACI
36,2024-02-17,2024-03-02,3,0.05,165.23282360937296,764.0,mist+ACI
36,2024-02-17,2024-03-02,3,0.1,211.30413025599594,764.0,mist+ACI
36,2024-02-17,2024-03-02,3,0.15,218.471535928297,764.0,mist+ACI
36,2024-02-17,2024-03-02,3,0.2,220.8587775771116,764.0,mist+ACI
36,2024-02-17,2024-03-02,3,0.25,221.35298482317606,764.0,mist+ACI
36,2024-02-17,2024-03-02,3,0.3,221.50861255984438,764.0,mist+ACI
36,2024-02-17,2024-03-02,3,0.35,221.5447435373649,764.0,mist+ACI
36,2024-02-17,2024-03-02,3,0.4,221.54491979377147,764.0,mist+ACI
36,2024-02-17,2024-03-02,3,0.45,221.555878390501,764.0,mist+ACI
36,2024-02-17,2024-03-02,3,0.5,221.55731201171875,764.0,mist+ACI
36,2024-02-17,2024-03-02,3,0.55,324.8135346478284,764.0,mist+ACI
36,2024-02-17,2024-03-02,3,0.6,368.9605609947935,764.0,mist+ACI
36,2024-02-17,2024-03-02,3,0.65,386.38032845966734,764.0,mist+ACI
36,2024-02-17,2024-03-02,3,0.7,447.578122998881,764.0,mist+ACI
36,2024-02-17,2024-03-02,3,0.75,462.8668971139792,764.0,mist+ACI
36,2024-02-17,2024-03-02,3,0.8,929.7079531433188,764.0,mist+ACI
36,2024-02-17,2024-03-02,3,0.85,992.0381685188955,764.0,mist+ACI
36,2024-02-17,2024-03-02,3,0.9,1062.9704934990577,764.0,mist+ACI
36,2024-02-17,2024-03-02,3,0.95,1245.7973100881384,764.0,mist+ACI
36,2024-02-17,2024-03-02,3,0.975,1300.5395488477088,764.0,mist+ACI
36,2024-02-17,2024-03-02,3,0.99,2393.322973511786,764.0,mist+ACI
36,2024-02-17,2024-03-09,4,0.01,38.28634556958352,593.0,mist+ACI
36,2024-02-17,2024-03-09,4,0.025,81.75071631522964,593.0,mist+ACI
36,2024-02-17,2024-03-09,4,0.05,144.38711852855872,593.0,mist+ACI
36,2024-02-17,2024-03-09,4,0.1,179.79504421079554,593.0,mist+ACI
36,2024-02-17,2024-03-09,4,0.15,186.89735763012908,593.0,mist+ACI
36,2024-02-17,2024-03-09,4,0.2,189.55750858928468,593.0,mist+ACI
36,2024-02-17,2024-03-09,4,0.25,189.89228199745955,593.0,mist+ACI
36,2024-02-17,2024-03-09,4,0.3,189.9813528383312,593.0,mist+ACI
36,2024-02-17,2024-03-09,4,0.35,190.01450032879973,593.0,mist+ACI
36,2024-02-17,2024-03-09,4,0.4,190.0171884460664,593.0,mist+ACI
36,2024-02-17,2024-03-09,4,0.45,190.0205736889244,593.0,mist+ACI
36,2024-02-17,2024-03-09,4,0.5,190.02197265625,593.0,mist+ACI
36,2024-02-17,2024-03-09,4,0.55,487.8827912924736,593.0,mist+ACI
36,2024-02-17,2024-03-09,4,0.6,516.7112859420256,593.0,mist+ACI
36,2024-02-17,2024-03-09,4,0.65,530.3479164575999,593.0,mist+ACI
36,2024-02-17,2024-03-09,4,0.7,563.8159724228086,593.0,mist+ACI
36,2024-02-17,2024-03-09,4,0.75,588.3232395146409,593.0,mist+ACI
36,2024-02-17,2024-03-09,4,0.8,1233.1010677844479,593.0,mist+ACI
36,2024-02-17,2024-03-09,4,0.85,1384.0007325465858,593.0,mist+ACI
36,2024-02-17,2024-03-09,4,0.9,1396.9532649433472,593.0,mist+ACI
36,2024-02-17,2024-03-09,4,0.95,1573.0234710051454,593.0,mist+ACI
36,2024-02-17,2024-03-09,4,0.975,1823.8491558821038,593.0,mist+ACI
36,2024-02-17,2024-03-09,4,0.99,2968.9369136904634,593.0,mist+ACI
36,2024-02-24,2024-02-24,1,0.01,109.3316528056732,782.0,mist+ACI
36,2024-02-24,2024-02-24,1,0.025,170.7217903058886,782.0,mist+ACI
36,2024-02-24,2024-02-24,1,0.05,242.78497120089798,782.0,mist+ACI
36,2024-02-24,2024-02-24,1,0.1,271.99630571841175,782.0,mist+ACI
36,2024-02-24,2024-02-24,1,0.15,277.58023366595825,782.0,mist+ACI
36,2024-02-24,2024-02-24,1,0.2,278.90674912890876,782.0,mist+ACI
36,2024-02-24,2024-02-24,1,0.25,279.2729338936266,782.0,mist+ACI
36,2024-02-24,2024-02-24,1,0.3,279.3961181825277,782.0,mist+ACI
36,2024-02-24,2024-02-24,1,0.35,279.42379159327254,782.0,mist+ACI
36,2024-02-24,2024-02-24,1,0.4,279.4239798009405,782.0,mist+ACI
36,2024-02-24,2024-02-24,1,0.45,279.4271825756135,782.0,mist+ACI
36,2024-02-24,2024-02-24,1,0.5,279.4272766113281,782.0,mist+ACI
36,2024-02-24,2024-02-24,1,0.55,706.0799983473221,782.0,mist+ACI
36,2024-02-24,2024-02-24,1,0.6,1397.7137388270064,782.0,mist+ACI
36,2024-02-24,2024-02-24,1,0.65,1453.239391798307,782.0,mist+ACI
36,2024-02-24,2024-02-24,1,0.7,1764.2504033535129,782.0,mist+ACI
36,2024-02-24,2024-02-24,1,0.75,1874.817770497454,782.0,mist+ACI
36,2024-02-24,2024-02-24,1,0.8,1912.1047693355902,782.0,mist+ACI
36,2024-02-24,2024-02-24,1,0.85,1958.0908262297885,782.0,mist+ACI
36,2024-02-24,2024-02-24,1,0.9,2010.049926195643,782.0,mist+ACI
36,2024-02-24,2024-02-24,1,0.95,2148.4750425067823,782.0,mist+ACI
36,2024-02-24,2024-02-24,1,0.975,2231.621078757842,782.0,mist+ACI
36,2024-02-24,2024-02-24,1,0.99,3042.3187519018497,782.0,mist+ACI
36,2024-02-24,2024-03-02,2,0.01,59.105143875514614,764.0,mist+ACI
36,2024-02-24,2024-03-02,2,0.025,162.26453637419422,764.0,mist+ACI
36,2024-02-24,2024-03-02,2,0.05,226.35234921586468,764.0,mist+ACI
36,2024-02-24,2024-03-02,2,0.1,266.58009507137365,764.0,mist+ACI
36,2024-02-24,2024-03-02,2,0.15,274.40182861849917,764.0,mist+ACI
36,2024-02-24,2024-03-02,2,0.2,276.2953382558996,764.0,mist+ACI
36,2024-02-24,2024-03-02,2,0.25,276.8779394508629,764.0,mist+ACI
36,2024-02-24,2024-03-02,2,0.3,276.9678779727688,764.0,mist+ACI
36,2024-02-24,2024-03-02,2,0.35,276.9954168378052,764.0,mist+ACI
36,2024-02-24,2024-03-02,2,0.4,276.99627286170687,764.0,mist+ACI
36,2024-02-24,2024-03-02,2,0.45,277.0042003924886,764.0,mist+ACI
36,2024-02-24,2024-03-02,2,0.5,277.0049743652344,764.0,mist+ACI
36,2024-02-24,2024-03-02,2,0.55,511.39857328998994,764.0,mist+ACI
36,2024-02-24,2024-03-02,2,0.6,920.4112667121382,764.0,mist+ACI
36,2024-02-24,2024-03-02,2,0.65,1122.6276780649264,764.0,mist+ACI
36,2024-02-24,2024-03-02,2,0.7,1125.3345557173948,764.0,mist+ACI
36,2024-02-24,2024-03-02,2,0.75,1143.4444236226639,764.0,mist+ACI
36,2024-02-24,2024-03-02,2,0.8,1299.9558192118052,764.0,mist+ACI
36,2024-02-24,2024-03-02,2,0.85,1504.9268765735228,764.0,mist+ACI
36,2024-02-24,2024-03-02,2,0.9,1658.8479904635321,764.0,mist+ACI
36,2024-02-24,2024-03-02,2,0.95,1747.5336957434276,764.0,mist+ACI
36,2024-02-24,2024-03-02,2,0.975,1952.6522932742912,764.0,mist+ACI
36,2024-02-24,2024-03-02,2,0.99,2473.278976884401,764.0,mist+ACI
36,2024-02-24,2024-03-09,3,0.01,55.40796105898056,593.0,mist+ACI
36,2024-02-24,2024-03-09,3,0.025,156.0521872735634,593.0,mist+ACI
36,2024-02-24,2024-03-09,3,0.05,204.95988263276473,593.0,mist+ACI
36,2024-02-24,2024-03-09,3,0.1,249.7527724756923,593.0,mist+ACI
36,2024-02-24,2024-03-09,3,0.15,257.1499940378753,593.0,mist+ACI
36,2024-02-24,2024-03-09,3,0.2,259.1886243557706,593.0,mist+ACI
36,2024-02-24,2024-03-09,3,0.25,259.5422878199608,593.0,mist+ACI
36,2024-02-24,2024-03-09,3,0.3,259.6440820754211,593.0,mist+ACI
36,2024-02-24,2024-03-09,3,0.35,259.67093952696473,593.0,mist+ACI
36,2024-02-24,2024-03-09,3,0.4,259.6715718640932,593.0,mist+ACI
36,2024-02-24,2024-03-09,3,0.45,259.67703660651614,593.0,mist+ACI
36,2024-02-24,2024-03-09,3,0.5,259.6775817871094,593.0,mist+ACI
36,2024-02-24,2024-03-09,3,0.55,387.86337240838213,593.0,mist+ACI
36,2024-02-24,2024-03-09,3,0.6,848.2585310568281,593.0,mist+ACI
36,2024-02-24,2024-03-09,3,0.65,942.154445074254,593.0,mist+ACI
36,2024-02-24,2024-03-09,3,0.7,1140.815277446828,593.0,mist+ACI
36,2024-02-24,2024-03-09,3,0.75,1163.777559625722,593.0,mist+ACI
36,2024-02-24,2024-03-09,3,0.8,1211.0744522623786,593.0,mist+ACI
36,2024-02-24,2024-03-09,3,0.85,1233.9263423679322,593.0,mist+ACI
36,2024-02-24,2024-03-09,3,0.9,1315.5645602265852,593.0,mist+ACI
36,2024-02-24,2024-03-09,3,0.95,1331.1823476561885,593.0,mist+ACI
36,2024-02-24,2024-03-09,3,0.975,1464.2322154585338,593.0,mist+ACI
36,2024-02-24,2024-03-09,3,0.99,2585.067564185217,593.0,mist+ACI
36,2024-02-24,2024-03-16,4,0.01,50.80876523665984,411.0,mist+ACI
36,2024-02-24,2024-03-16,4,0.025,107.43822400525139,411.0,mist+ACI
36,2024-02-24,2024-03-16,4,0.05,191.56724501754073,411.0,mist+ACI
36,2024-02-24,2024-03-16,4,0.1,227.73500456123708,411.0,mist+ACI
36,2024-02-24,2024-03-16,4,0.15,235.40283189888547,411.0,mist+ACI
36,2024-02-24,2024-03-16,4,0.2,237.68567716052308,411.0,mist+ACI
36,2024-02-24,2024-03-16,4,0.25,238.0293091594129,411.0,mist+ACI
36,2024-02-24,2024-03-16,4,0.3,238.0950601172189,411.0,mist+ACI
36,2024-02-24,2024-03-16,4,0.35,238.11572628247384,411.0,mist+ACI
36,2024-02-24,2024-03-16,4,0.4,238.11941967852061,411.0,mist+ACI
36,2024-02-24,2024-03-16,4,0.45,238.12198379161217,411.0,mist+ACI
36,2024-02-24,2024-03-16,4,0.5,238.12277221679688,411.0,mist+ACI
36,2024-02-24,2024-03-16,4,0.55,500.8108739245505,411.0,mist+ACI
36,2024-02-24,2024-03-16,4,0.6,989.1010556052825,411.0,mist+ACI
36,2024-02-24,2024-03-16,4,0.65,1112.0552327912728,411.0,mist+ACI
36,2024-02-24,2024-03-16,4,0.7,1310.162760205747,411.0,mist+ACI
36,2024-02-24,2024-03-16,4,0.75,1358.653477676718,411.0,mist+ACI
36,2024-02-24,2024-03-16,4,0.8,1377.300235267517,411.0,mist+ACI
36,2024-02-24,2024-03-16,4,0.85,1386.4664803884614,411.0,mist+ACI
36,2024-02-24,2024-03-16,4,0.9,1635.8041095606943,411.0,mist+ACI
36,2024-02-24,2024-03-16,4,0.95,1814.7377405320042,411.0,mist+ACI
36,2024-02-24,2024-03-16,4,0.975,1901.5998399631433,411.0,mist+ACI
36,2024-02-24,2024-03-16,4,0.99,3157.80190272175,411.0,mist+ACI
36,2024-03-02,2024-03-02,1,0.01,77.54565574555346,764.0,mist+ACI
36,2024-03-02,2024-03-02,1,0.025,186.84382949565918,764.0,mist+ACI
36,2024-03-02,2024-03-02,1,0.05,282.19267398079523,764.0,mist+ACI
36,2024-03-02,2024-03-02,1,0.1,331.76850589547456,764.0,mist+ACI
36,2024-03-02,2024-03-02,1,0.15,341.3143014405791,764.0,mist+ACI
36,2024-03-02,2024-03-02,1,0.2,343.7486334774737,764.0,mist+ACI
36,2024-03-02,2024-03-02,1,0.25,344.3559729883579,764.0,mist+ACI
36,2024-03-02,2024-03-02,1,0.3,344.4756137145351,764.0,mist+ACI
36,2024-03-02,2024-03-02,1,0.35,344.5083572572566,764.0,mist+ACI
36,2024-03-02,2024-03-02,1,0.4,344.50889476573315,764.0,mist+ACI
36,2024-03-02,2024-03-02,1,0.45,344.5185122103901,764.0,mist+ACI
36,2024-03-02,2024-03-02,1,0.5,344.5195007324219,764.0,mist+ACI
36,2024-03-02,2024-03-02,1,0.55,581.7897307660778,764.0,mist+ACI
36,2024-03-02,2024-03-02,1,0.6,1212.5442715283025,764.0,mist+ACI
36,2024-03-02,2024-03-02,1,0.65,1359.586978915584,764.0,mist+ACI
36,2024-03-02,2024-03-02,1,0.7,1494.691960500357,764.0,mist+ACI
36,2024-03-02,2024-03-02,1,0.75,1602.8331829374376,764.0,mist+ACI
36,2024-03-02,2024-03-02,1,0.8,1655.2037448618787,764.0,mist+ACI
36,2024-03-02,2024-03-02,1,0.85,1742.2183014450904,764.0,mist+ACI
36,2024-03-02,2024-03-02,1,0.9,2063.904463973094,764.0,mist+ACI
36,2024-03-02,2024-03-02,1,0.95,2345.0281720748644,764.0,mist+ACI
36,2024-03-02,2024-03-02,1,0.975,2886.682365792474,764.0,mist+ACI
36,2024-03-02,2024-03-02,1,0.99,3393.7131184276186,764.0,mist+ACI
36,2024-03-02,2024-03-09,2,0.01,68.96410681520214,593.0,mist+ACI
36,2024-03-02,2024-03-09,2,0.025,170.38078337577238,593.0,mist+ACI
36,2024-03-02,2024-03-09,2,0.05,248.01432724420812,593.0,mist+ACI
36,2024-03-02,2024-03-09,2,0.1,293.7200500221629,593.0,mist+ACI
36,2024-03-02,2024-03-09,2,0.15,303.59899094269576,593.0,mist+ACI
36,2024-03-02,2024-03-09,2,0.2,305.75120377505624,593.0,mist+ACI
36,2024-03-02,2024-03-09,2,0.25,306.2223776062389,593.0,mist+ACI
36,2024-03-02,2024-03-09,2,0.3,306.3565160109569,593.0,mist+ACI
36,2024-03-02,2024-03-09,2,0.35,306.3866692214768,593.0,mist+ACI
36,2024-03-02,2024-03-09,2,0.4,306.388559214563,593.0,mist+ACI
36,2024-03-02,2024-03-09,2,0.45,306.39310694443526,593.0,mist+ACI
36,2024-03-02,2024-03-09,2,0.5,306.3934326171875,593.0,mist+ACI
36,2024-03-02,2024-03-09,2,0.55,979.3139545246432,593.0,mist+ACI
36,2024-03-02,2024-03-09,2,0.6,1213.984569066301,593.0,mist+ACI
36,2024-03-02,2024-03-09,2,0.65,1288.0049455185735,593.0,mist+ACI
36,2024-03-02,2024-03-09,2,0.7,1371.4159172796608,593.0,mist+ACI
36,2024-03-02,2024-03-09,2,0.75,1610.8355323162302,593.0,mist+ACI
36,2024-03-02,2024-03-09,2,0.8,1755.6028377181472,593.0,mist+ACI
36,2024-03-02,2024-03-09,2,0.85,1809.8957535434577,593.0,mist+ACI
36,2024-03-02,2024-03-09,2,0.9,2114.4951705694543,593.0,mist+ACI
36,2024-03-02,2024-03-09,2,0.95,2293.7458370908726,593.0,mist+ACI
36,2024-03-02,2024-03-09,2,0.975,2600.4925626438753,593.0,mist+ACI
36,2024-03-02,2024-03-09,2,0.99,3275.355876117048,593.0,mist+ACI
36,2024-03-02,2024-03-16,3,0.01,64.66992875886254,411.0,mist+ACI
36,2024-03-02,2024-03-16,3,0.025,135.8213434656946,411.0,mist+ACI
36,2024-03-02,2024-03-16,3,0.05,220.84850932044998,411.0,mist+ACI
36,2024-03-02,2024-03-16,3,0.1,272.40789578384926,411.0,mist+ACI
36,2024-03-02,2024-03-16,3,0.15,284.27766254237054,411.0,mist+ACI
36,2024-03-02,2024-03-16,3,0.2,286.719776895072,411.0,mist+ACI
36,2024-03-02,2024-03-16,3,0.25,287.2031698395304,411.0,mist+ACI
36,2024-03-02,2024-03-16,3,0.3,287.2905663589865,411.0,mist+ACI
36,2024-03-02,2024-03-16,3,0.35,287.3088009820512,411.0,mist+ACI
36,2024-03-02,2024-03-16,3,0.4,287.3103802861066,411.0,mist+ACI
36,2024-03-02,2024-03-16,3,0.45,287.31518430656297,411.0,mist+ACI
36,2024-03-02,2024-03-16,3,0.5,287.3152770996094,411.0,mist+ACI
36,2024-03-02,2024-03-16,3,0.55,835.5804378748074,411.0,mist+ACI
36,2024-03-02,2024-03-16,3,0.6,1801.1416018387683,411.0,mist+ACI
36,2024-03-02,2024-03-16,3,0.65,1801.6382291335601,411.0,mist+ACI
36,2024-03-02,2024-03-16,3,0.7,1963.7894943638191,411.0,mist+ACI
36,2024-03-02,2024-03-16,3,0.75,1994.2647876439967,411.0,mist+ACI
36,2024-03-02,2024-03-16,3,0.8,2118.2962264644248,411.0,mist+ACI
36,2024-03-02,2024-03-16,3,0.85,2406.445911829601,411.0,mist+ACI
36,2024-03-02,2024-03-16,3,0.9,2427.7113871612455,411.0,mist+ACI
36,2024-03-02,2024-03-16,3,0.95,2658.84708899961,411.0,mist+ACI
36,2024-03-02,2024-03-16,3,0.975,2852.7070940599533,411.0,mist+ACI
36,2024-03-02,2024-03-16,3,0.99,3574.560939292318,411.0,mist+ACI
36,2024-03-02,2024-03-23,4,0.01,68.63546621853621,355.0,mist+ACI
36,2024-03-02,2024-03-23,4,0.025,143.7418290248143,355.0,mist+ACI
36,2024-03-02,2024-03-23,4,0.05,228.9076260075588,355.0,mist+ACI
36,2024-03-02,2024-03-23,4,0.1,290.69217160972414,355.0,mist+ACI
36,2024-03-02,2024-03-23,4,0.15,301.3642842255669,355.0,mist+ACI
36,2024-03-02,2024-03-23,4,0.2,304.084494494513,355.0,mist+ACI
36,2024-03-02,2024-03-23,4,0.25,304.7865399343161,355.0,mist+ACI
36,2024-03-02,2024-03-23,4,0.3,304.894276523821,355.0,mist+ACI
36,2024-03-02,2024-03-23,4,0.35,304.92360077569157,355.0,mist+ACI
36,2024-03-02,2024-03-23,4,0.4,304.92406656744936,355.0,mist+ACI
36,2024-03-02,2024-03-23,4,0.45,304.9319378313829,355.0,mist+ACI
36,2024-03-02,2024-03-23,4,0.5,304.933349609375,355.0,mist+ACI
36,2024-03-02,2024-03-23,4,0.55,1012.9567764483987,355.0,mist+ACI
36,2024-03-02,2024-03-23,4,0.6,1273.6585314315944,355.0,mist+ACI
36,2024-03-02,2024-03-23,4,0.65,1494.526859439684,355.0,mist+ACI
36,2024-03-02,2024-03-23,4,0.7,1796.4434809441277,355.0,mist+ACI
36,2024-03-02,2024-03-23,4,0.75,1911.3981210136415,355.0,mist+ACI
36,2024-03-02,2024-03-23,4,0.8,2266.91430334762,355.0,mist+ACI
36,2024-03-02,2024-03-23,4,0.85,2473.3598057637373,355.0,mist+ACI
36,2024-03-02,2024-03-23,4,0.9,2628.433542729468,355.0,mist+ACI
36,2024-03-02,2024-03-23,4,0.95,2775.6633221787606,355.0,mist+ACI
36,2024-03-02,2024-03-23,4,0.975,3654.8396972322694,355.0,mist+ACI
36,2024-03-02,2024-03-23,4,0.99,4590.442896525755,355.0,mist+ACI
36,2024-03-09,2024-03-09,1,0.01,200.09585884397015,593.0,mist+ACI
36,2024-03-09,2024-03-09,1,0.025,266.3564261498634,593.0,mist+ACI
36,2024-03-09,2024-03-09,1,0.05,334.260253110851,593.0,mist+ACI
36,2024-03-09,2024-03-09,1,0.1,368.99623584186673,593.0,mist+ACI
36,2024-03-09,2024-03-09,1,0.15,373.0701131743538,593.0,mist+ACI
36,2024-03-09,2024-03-09,1,0.2,374.1366356085058,593.0,mist+ACI
36,2024-03-09,2024-03-09,1,0.25,374.34260505942854,593.0,mist+ACI
36,2024-03-09,2024-03-09,1,0.3,374.39526841324835,593.0,mist+ACI
36,2024-03-09,2024-03-09,1,0.35,374.4074929414713,593.0,mist+ACI
36,2024-03-09,2024-03-09,1,0.4,374.4092296710659,593.0,mist+ACI
36,2024-03-09,2024-03-09,1,0.45,374.41061463410017,593.0,mist+ACI
36,2024-03-09,2024-03-09,1,0.5,374.41070556640625,593.0,mist+ACI
36,2024-03-09,2024-03-09,1,0.55,833.0527343005633,593.0,mist+ACI
36,2024-03-09,2024-03-09,1,0.6,947.149874145833,593.0,mist+ACI
36,2024-03-09,2024-03-09,1,0.65,965.5234802464787,593.0,mist+ACI
36,2024-03-09,2024-03-09,1,0.7,1025.5955655949679,593.0,mist+ACI
36,2024-03-09,2024-03-09,1,0.75,1041.8034893100648,593.0,mist+ACI
36,2024-03-09,2024-03-09,1,0.8,1444.6055422084983,593.0,mist+ACI
36,2024-03-09,2024-03-09,1,0.85,1519.5303720354666,593.0,mist+ACI
36,2024-03-09,2024-03-09,1,0.9,1547.5936856309474,593.0,mist+ACI
36,2024-03-09,2024-03-09,1,0.95,2098.230574160768,593.0,mist+ACI
36,2024-03-09,2024-03-09,1,0.975,2311.324989597024,593.0,mist+ACI
36,2024-03-09,2024-03-09,1,0.99,2998.0232990762916,593.0,mist+ACI
36,2024-03-09,2024-03-16,2,0.01,156.93688375364914,411.0,mist+ACI
36,2024-03-09,2024-03-16,2,0.025,262.9305458481676,411.0,mist+ACI
36,2024-03-09,2024-03-16,2,0.05,329.0121760957064,411.0,mist+ACI
36,2024-03-09,2024-03-16,2,0.1,359.78070322738625,411.0,mist+ACI
36,2024-03-09,2024-03-16,2,0.15,365.79481435193094,411.0,mist+ACI
36,2024-03-09,2024-03-16,2,0.2,367.0159546556832,411.0,mist+ACI
36,2024-03-09,2024-03-16,2,0.25,367.3323751383828,411.0,mist+ACI
36,2024-03-09,2024-03-16,2,0.3,367.4054248678166,411.0,mist+ACI
36,2024-03-09,2024-03-16,2,0.35,367.42145897372654,411.0,mist+ACI
36,2024-03-09,2024-03-16,2,0.4,367.4218921558799,411.0,mist+ACI
36,2024-03-09,2024-03-16,2,0.45,367.42473513684746,411.0,mist+ACI
36,2024-03-09,2024-03-16,2,0.5,367.42498779296875,411.0,mist+ACI
36,2024-03-09,2024-03-16,2,0.55,545.5292465556902,411.0,mist+ACI
36,2024-03-09,2024-03-16,2,0.6,553.5124530289575,411.0,mist+ACI
36,2024-03-09,2024-03-16,2,0.65,626.4393566798717,411.0,mist+ACI
36,2024-03-09,2024-03-16,2,0.7,679.7978727411523,411.0,mist+ACI
36,2024-03-09,2024-03-16,2,0.75,1057.942100838714,411.0,mist+ACI
36,2024-03-09,2024-03-16,2,0.8,1166.8092372502922,411.0,mist+ACI
36,2024-03-09,2024-03-16,2,0.85,1214.9569117924166,411.0,mist+ACI
36,2024-03-09,2024-03-16,2,0.9,1268.3513187254175,411.0,mist+ACI
36,2024-03-09,2024-03-16,2,0.95,1312.0746331280961,411.0,mist+ACI
36,2024-03-09,2024-03-16,2,0.975,1727.836182880051,411.0,mist+ACI
36,2024-03-09,2024-03-16,2,0.99,2583.3579059941994,411.0,mist+ACI
36,2024-03-09,2024-03-23,3,0.01,139.27425446704103,355.0,mist+ACI
36,2024-03-09,2024-03-23,3,0.025,247.02753895477406,355.0,mist+ACI
36,2024-03-09,2024-03-23,3,0.05,299.7791588252135,355.0,mist+ACI
36,2024-03-09,2024-03-23,3,0.1,338.7005783933287,355.0,mist+ACI
36,2024-03-09,2024-03-23,3,0.15,346.4511232332207,355.0,mist+ACI
36,2024-03-09,2024-03-23,3,0.2,347.9201373820917,355.0,mist+ACI
36,2024-03-09,2024-03-23,3,0.25,348.2017691858999,355.0,mist+ACI
36,2024-03-09,2024-03-23,3,0.3,348.2532847264884,355.0,mist+ACI
36,2024-03-09,2024-03-23,3,0.35,348.2640136720561,355.0,mist+ACI
36,2024-03-09,2024-03-23,3,0.4,348.2655265830522,355.0,mist+ACI
36,2024-03-09,2024-03-23,3,0.45,348.2667084841789,355.0,mist+ACI
36,2024-03-09,2024-03-23,3,0.5,348.2667236328125,355.0,mist+ACI
36,2024-03-09,2024-03-23,3,0.55,738.6789522473174,355.0,mist+ACI
36,2024-03-09,2024-03-23,3,0.6,829.1740960186745,355.0,mist+ACI
36,2024-03-09,2024-03-23,3,0.65,873.0066543019368,355.0,mist+ACI
36,2024-03-09,2024-03-23,3,0.7,990.2168095184237,355.0,mist+ACI
36,2024-03-09,2024-03-23,3,0.75,1064.1591884736822,355.0,mist+ACI
36,2024-03-09,2024-03-23,3,0.8,1065.878623957099,355.0,mist+ACI
36,2024-03-09,2024-03-23,3,0.85,1117.4948835289047,355.0,mist+ACI
36,2024-03-09,2024-03-23,3,0.9,1272.0283955144585,355.0,mist+ACI
36,2024-03-09,2024-03-23,3,0.95,1292.882770434354,355.0,mist+ACI
36,2024-03-09,2024-03-23,3,0.975,1604.2764477025676,355.0,mist+ACI
36,2024-03-09,2024-03-23,3,0.99,2802.063841099884,355.0,mist+ACI
36,2024-03-09,2024-03-30,4,0.01,100.8471288386483,391.0,mist+ACI
36,2024-03-09,2024-03-30,4,0.025,216.3196584420548,391.0,mist+ACI
36,2024-03-09,2024-03-30,4,0.05,299.5216914964195,391.0,mist+ACI
36,2024-03-09,2024-03-30,4,0.1,330.97922262915387,391.0,mist+ACI
36,2024-03-09,2024-03-30,4,0.15,337.3786792001427,391.0,mist+ACI
36,2024-03-09,2024-03-30,4,0.2,339.1521358853002,391.0,mist+ACI
36,2024-03-09,2024-03-30,4,0.25,339.3972170533502,391.0,mist+ACI
36,2024-03-09,2024-03-30,4,0.3,339.4415046981202,391.0,mist+ACI
36,2024-03-09,2024-03-30,4,0.35,339.4516869250714,391.0,mist+ACI
36,2024-03-09,2024-03-30,4,0.4,339.4519274497231,391.0,mist+ACI
36,2024-03-09,2024-03-30,4,0.45,339.45473723498026,391.0,mist+ACI
36,2024-03-09,2024-03-30,4,0.5,339.4554748535156,391.0,mist+ACI
36,2024-03-09,2024-03-30,4,0.55,505.6895236239536,391.0,mist+ACI
36,2024-03-09,2024-03-30,4,0.6,560.4120183402043,391.0,mist+ACI
36,2024-03-09,2024-03-30,4,0.65,629.7727231388928,391.0,mist+ACI
36,2024-03-09,2024-03-30,4,0.7,648.5171771045906,391.0,mist+ACI
36,2024-03-09,2024-03-30,4,0.75,887.974178717301,391.0,mist+ACI
36,2024-03-09,2024-03-30,4,0.8,990.9447749461176,391.0,mist+ACI
36,2024-03-09,2024-03-30,4,0.85,1268.0101402013393,391.0,mist+ACI
36,2024-03-09,2024-03-30,4,0.9,1384.0455990785113,391.0,mist+ACI
36,2024-03-09,2024-03-30,4,0.95,1912.1932550369916,391.0,mist+ACI
36,2024-03-09,2024-03-30,4,0.975,2001.1082820181662,391.0,mist+ACI
36,2024-03-09,2024-03-30,4,0.99,3321.667069568485,391.0,mist+ACI
36,2024-03-16,2024-03-16,1,0.01,336.32795635786636,411.0,mist+ACI
36,2024-03-16,2024-03-16,1,0.025,387.73057481103285,411.0,mist+ACI
36,2024-03-16,2024-03-16,1,0.05,428.1228041131275,411.0,mist+ACI
36,2024-03-16,2024-03-16,1,0.1,449.14671633547675,411.0,mist+ACI
36,2024-03-16,2024-03-16,1,0.15,451.8427094552957,411.0,mist+ACI
36,2024-03-16,2024-03-16,1,0.2,452.3320675100234,411.0,mist+ACI
36,2024-03-16,2024-03-16,1,0.25,452.4475175270258,411.0,mist+ACI
36,2024-03-16,2024-03-16,1,0.3,452.47188559273025,411.0,mist+ACI
36,2024-03-16,2024-03-16,1,0.35,452.4768496427265,411.0,mist+ACI
36,2024-03-16,2024-03-16,1,0.4,452.47689415381376,411.0,mist+ACI
36,2024-03-16,2024-03-16,1,0.45,452.4774996077286,411.0,mist+ACI
36,2024-03-16,2024-03-16,1,0.5,452.4776916503906,411.0,mist+ACI
36,2024-03-16,2024-03-16,1,0.55,569.9528606132666,411.0,mist+ACI
36,2024-03-16,2024-03-16,1,0.6,594.963511612458,411.0,mist+ACI
36,2024-03-16,2024-03-16,1,0.65,727.6617069553968,411.0,mist+ACI
36,2024-03-16,2024-03-16,1,0.7,773.820904255939,411.0,mist+ACI
36,2024-03-16,2024-03-16,1,0.75,790.2986283995336,411.0,mist+ACI
36,2024-03-16,2024-03-16,1,0.8,947.6264746729223,411.0,mist+ACI
36,2024-03-16,2024-03-16,1,0.85,1058.7636573290943,411.0,mist+ACI
36,2024-03-16,2024-03-16,1,0.9,1072.033179658294,411.0,mist+ACI
36,2024-03-16,2024-03-16,1,0.95,1204.5032187763115,411.0,mist+ACI
36,2024-03-16,2024-03-16,1,0.975,1495.9339502184966,411.0,mist+ACI
36,2024-03-16,2024-03-16,1,0.99,2543.2480689863614,411.0,mist+ACI
36,2024-03-16,2024-03-23,2,0.01,281.6864392790056,355.0,mist+ACI
36,2024-03-16,2024-03-23,2,0.025,371.04654777993585,355.0,mist+ACI
36,2024-03-16,2024-03-23,2,0.05,419.4658123609248,355.0,mist+ACI
36,2024-03-16,2024-03-23,2,0.1,441.18495599039943,355.0,mist+ACI
36,2024-03-16,2024-03-23,2,0.15,444.96444640525425,355.0,mist+ACI
36,2024-03-16,2024-03-23,2,0.2,445.70084777487295,355.0,mist+ACI
36,2024-03-16,2024-03-23,2,0.25,445.8860350235603,355.0,mist+ACI
36,2024-03-16,2024-03-23,2,0.3,445.91004391670623,355.0,mist+ACI
36,2024-03-16,2024-03-23,2,0.35,445.9155706605072,355.0,mist+ACI
36,2024-03-16,2024-03-23,2,0.4,445.91566370337364,355.0,mist+ACI
36,2024-03-16,2024-03-23,2,0.45,445.9168284338909,355.0,mist+ACI
36,2024-03-16,2024-03-23,2,0.5,445.91705322265625,355.0,mist+ACI
36,2024-03-16,2024-03-23,2,0.55,539.2897896070702,355.0,mist+ACI
36,2024-03-16,2024-03-23,2,0.6,571.574092436982,355.0,mist+ACI
36,2024-03-16,2024-03-23,2,0.65,574.9662282252531,355.0,mist+ACI
36,2024-03-16,2024-03-23,2,0.7,582.6604455867028,355.0,mist+ACI
36,2024-03-16,2024-03-23,2,0.75,813.4633572594028,355.0,mist+ACI
36,2024-03-16,2024-03-23,2,0.8,857.3957298502901,355.0,mist+ACI
36,2024-03-16,2024-03-23,2,0.85,866.530354845441,355.0,mist+ACI
36,2024-03-16,2024-03-23,2,0.9,881.6790377892163,355.0,mist+ACI
36,2024-03-16,2024-03-23,2,0.95,1035.4887883309043,355.0,mist+ACI
36,2024-03-16,2024-03-23,2,0.975,1228.3836800047775,355.0,mist+ACI
36,2024-03-16,2024-03-23,2,0.99,2029.6028883480888,355.0,mist+ACI
36,2024-03-16,2024-03-30,3,0.01,272.5423170923016,391.0,mist+ACI
36,2024-03-16,2024-03-30,3,0.025,364.3103455030933,391.0,mist+ACI
36,2024-03-16,2024-03-30,3,0.05,407.86649351735485,391.0,mist+ACI
36,2024-03-16,2024-03-30,3,0.1,432.9921023839431,391.0,mist+ACI
36,2024-03-16,2024-03-30,3,0.15,436.83225395960216,391.0,mist+ACI
36,2024-03-16,2024-03-30,3,0.2,437.642820002184,391.0,mist+ACI
36,2024-03-16,2024-03-30,3,0.25,437.75989795450334,391.0,mist+ACI
36,2024-03-16,2024-03-30,3,0.3,437.79033053311446,391.0,mist+ACI
36,2024-03-16,2024-03-30,3,0.35,437.79591016785537,391.0,mist+ACI
36,2024-03-16,2024-03-30,3,0.4,437.79594368707654,391.0,mist+ACI
36,2024-03-16,2024-03-30,3,0.45,437.7965475633379,391.0,mist+ACI
36,2024-03-16,2024-03-30,3,0.5,437.7966003417969,391.0,mist+ACI
36,2024-03-16,2024-03-30,3,0.55,501.6887556052964,391.0,mist+ACI
36,2024-03-16,2024-03-30,3,0.6,512.1071323935532,391.0,mist+ACI
36,2024-03-16,2024-03-30,3,0.65,537.4130175832998,391.0,mist+ACI
36,2024-03-16,2024-03-30,3,0.7,544.9748625093221,391.0,mist+ACI
36,2024-03-16,2024-03-30,3,0.75,580.533424134716,391.0,mist+ACI
36,2024-03-16,2024-03-30,3,0.8,582.8287477702252,391.0,mist+ACI
36,2024-03-16,2024-03-30,3,0.85,596.5916499461465,391.0,mist+ACI
36,2024-03-16,2024-03-30,3,0.9,690.8582352898255,391.0,mist+ACI
36,2024-03-16,2024-03-30,3,0.95,970.2074419168046,391.0,mist+ACI
36,2024-03-16,2024-03-30,3,0.975,1029.652228883958,391.0,mist+ACI
36,2024-03-16,2024-03-30,3,0.99,2221.5295679849924,391.0,mist+ACI
36,2024-03-16,2024-04-06,4,0.01,275.3762732769794,408.0,mist+ACI
36,2024-03-16,2024-04-06,4,0.025,333.39851953198195,408.0,mist+ACI
36,2024-03-16,2024-04-06,4,0.05,395.8403850269404,408.0,mist+ACI
36,2024-03-16,2024-04-06,4,0.1,411.30541676978567,408.0,mist+ACI
36,2024-03-16,2024-04-06,4,0.15,414.8874994825544,408.0,mist+ACI
36,2024-03-16,2024-04-06,4,0.2,415.83701215116406,408.0,mist+ACI
36,2024-03-16,2024-04-06,4,0.25,415.9271504545766,408.0,mist+ACI
36,2024-03-16,2024-04-06,4,0.3,415.9411723327793,408.0,mist+ACI
36,2024-03-16,2024-04-06,4,0.35,415.94442951337214,408.0,mist+ACI
36,2024-03-16,2024-04-06,4,0.4,415.94476126924343,408.0,mist+ACI
36,2024-03-16,2024-04-06,4,0.45,415.94527190827415,408.0,mist+ACI
36,2024-03-16,2024-04-06,4,0.5,415.9454040527344,408.0,mist+ACI
36,2024-03-16,2024-04-06,4,0.55,471.9702497608503,408.0,mist+ACI
36,2024-03-16,2024-04-06,4,0.6,517.9390420308531,408.0,mist+ACI
36,2024-03-16,2024-04-06,4,0.65,520.382352373658,408.0,mist+ACI
36,2024-03-16,2024-04-06,4,0.7,520.4913403538964,408.0,mist+ACI
36,2024-03-16,2024-04-06,4,0.75,546.1956217875387,408.0,mist+ACI
36,2024-03-16,2024-04-06,4,0.8,656.5012315458986,408.0,mist+ACI
36,2024-03-16,2024-04-06,4,0.85,754.6364960134497,408.0,mist+ACI
36,2024-03-16,2024-04-06,4,0.9,768.614452375263,408.0,mist+ACI
36,2024-03-16,2024-04-06,4,0.95,1043.8337536891117,408.0,mist+ACI
36,2024-03-16,2024-04-06,4,0.975,1468.270249535511,408.0,mist+ACI
36,2024-03-16,2024-04-06,4,0.99,2405.3496207216017,408.0,mist+ACI
36,2024-03-23,2024-03-23,1,0.01,371.3747818602204,355.0,mist+ACI
36,2024-03-23,2024-03-23,1,0.025,383.6891174316406,355.0,mist+ACI
36,2024-03-23,2024-03-23,1,0.05,416.0823474477483,355.0,mist+ACI
36,2024-03-23,2024-03-23,1,0.1,459.5334104807709,355.0,mist+ACI
36,2024-03-23,2024-03-23,1,0.15,470.2447965535362,355.0,mist+ACI
36,2024-03-23,2024-03-23,1,0.2,471.87467136813746,355.0,mist+ACI
36,2024-03-23,2024-03-23,1,0.25,472.2080276175044,355.0,mist+ACI
36,2024-03-23,2024-03-23,1,0.3,472.26795428556136,355.0,mist+ACI
36,2024-03-23,2024-03-23,1,0.35,472.27903958678877,355.0,mist+ACI
36,2024-03-23,2024-03-23,1,0.4,472.27952159984346,355.0,mist+ACI
36,2024-03-23,2024-03-23,1,0.45,472.28040154990737,355.0,mist+ACI
36,2024-03-23,2024-03-23,1,0.5,472.280517578125,355.0,mist+ACI
36,2024-03-23,2024-03-23,1,0.55,560.6467118784441,355.0,mist+ACI
36,2024-03-23,2024-03-23,1,0.6,596.2009710327658,355.0,mist+ACI
36,2024-03-23,2024-03-23,1,0.65,680.964088646409,355.0,mist+ACI
36,2024-03-23,2024-03-23,1,0.7,700.7506474173384,355.0,mist+ACI
36,2024-03-23,2024-03-23,1,0.75,770.1093265546588,355.0,mist+ACI
36,2024-03-23,2024-03-23,1,0.8,850.036703339298,355.0,mist+ACI
36,2024-03-23,2024-03-23,1,0.85,984.7071187771035,355.0,mist+ACI
36,2024-03-23,2024-03-23,1,0.9,1024.647874875514,355.0,mist+ACI
36,2024-03-23,2024-03-23,1,0.95,1194.8791412905448,355.0,mist+ACI
36,2024-03-23,2024-03-23,1,0.975,1482.566042172743,355.0,mist+ACI
36,2024-03-23,2024-03-23,1,0.99,2466.956671197252,355.0,mist+ACI
36,2024-03-23,2024-03-30,2,0.01,319.81570769875964,391.0,mist+ACI
36,2024-03-23,2024-03-30,2,0.025,369.79583740234375,391.0,mist+ACI
36,2024-03-23,2024-03-30,2,0.05,406.58980076449524,391.0,mist+ACI
36,2024-03-23,2024-03-30,2,0.1,451.36854372944316,391.0,mist+ACI
36,2024-03-23,2024-03-30,2,0.15,466.3036070884311,391.0,mist+ACI
36,2024-03-23,2024-03-30,2,0.2,468.619650049896,391.0,mist+ACI
36,2024-03-23,2024-03-30,2,0.25,469.1551726242275,391.0,mist+ACI
36,2024-03-23,2024-03-30,2,0.3,469.21875723078875,391.0,mist+ACI
36,2024-03-23,2024-03-30,2,0.35,469.23232124943803,391.0,mist+ACI
36,2024-03-23,2024-03-30,2,0.4,469.2325121376802,391.0,mist+ACI
36,2024-03-23,2024-03-30,2,0.45,469.23438601528795,391.0,mist+ACI
36,2024-03-23,2024-03-30,2,0.5,469.23486328125,391.0,mist+ACI
36,2024-03-23,2024-03-30,2,0.55,528.7274803220761,391.0,mist+ACI
36,2024-03-23,2024-03-30,2,0.6,572.9748595115138,391.0,mist+ACI
36,2024-03-23,2024-03-30,2,0.65,592.6884632572821,391.0,mist+ACI
36,2024-03-23,2024-03-30,2,0.7,621.7316921414454,391.0,mist+ACI
36,2024-03-23,2024-03-30,2,0.75,705.236933339687,391.0,mist+ACI
36,2024-03-23,2024-03-30,2,0.8,797.0650573808634,391.0,mist+ACI
36,2024-03-23,2024-03-30,2,0.85,832.5372543573825,391.0,mist+ACI
36,2024-03-23,2024-03-30,2,0.9,935.3885172020557,391.0,mist+ACI
36,2024-03-23,2024-03-30,2,0.95,1042.8927674411025,391.0,mist+ACI
36,2024-03-23,2024-03-30,2,0.975,1229.0168368375175,391.0,mist+ACI
36,2024-03-23,2024-03-30,2,0.99,1978.9123329638453,391.0,mist+ACI
36,2024-03-23,2024-04-06,3,0.01,305.5436263453754,408.0,mist+ACI
36,2024-03-23,2024-04-06,3,0.025,346.1882629394531,408.0,mist+ACI
36,2024-03-23,2024-04-06,3,0.05,399.5331624811224,408.0,mist+ACI
36,2024-03-23,2024-04-06,3,0.1,446.354474558318,408.0,mist+ACI
36,2024-03-23,2024-04-06,3,0.15,459.9736938377992,408.0,mist+ACI
36,2024-03-23,2024-04-06,3,0.2,462.5331399843521,408.0,mist+ACI
36,2024-03-23,2024-04-06,3,0.25,462.90285161378614,408.0,mist+ACI
36,2024-03-23,2024-04-06,3,0.3,462.9679442475518,408.0,mist+ACI
36,2024-03-23,2024-04-06,3,0.35,462.9820517693197,408.0,mist+ACI
36,2024-03-23,2024-04-06,3,0.4,462.9831322905481,408.0,mist+ACI
36,2024-03-23,2024-04-06,3,0.45,462.98339174751203,408.0,mist+ACI
36,2024-03-23,2024-04-06,3,0.5,462.98345947265625,408.0,mist+ACI
36,2024-03-23,2024-04-06,3,0.55,502.34485659578644,408.0,mist+ACI
36,2024-03-23,2024-04-06,3,0.6,544.2203653061653,408.0,mist+ACI
36,2024-03-23,2024-04-06,3,0.65,556.7994030007796,408.0,mist+ACI
36,2024-03-23,2024-04-06,3,0.7,567.3960920203004,408.0,mist+ACI
36,2024-03-23,2024-04-06,3,0.75,595.105617287678,408.0,mist+ACI
36,2024-03-23,2024-04-06,3,0.8,602.6431602394647,408.0,mist+ACI
36,2024-03-23,2024-04-06,3,0.85,647.8300194440205,408.0,mist+ACI
36,2024-03-23,2024-04-06,3,0.9,777.9071877882266,408.0,mist+ACI
36,2024-03-23,2024-04-06,3,0.95,975.9808627292432,408.0,mist+ACI
36,2024-03-23,2024-04-06,3,0.975,1033.0751530128198,408.0,mist+ACI
36,2024-03-23,2024-04-06,3,0.99,2205.8201118739867,408.0,mist+ACI
36,2024-03-23,2024-04-13,4,0.01,319.61064263097205,365.0,mist+ACI
36,2024-03-23,2024-04-13,4,0.025,356.4811706542969,365.0,mist+ACI
36,2024-03-23,2024-04-13,4,0.05,370.5458279535133,365.0,mist+ACI
36,2024-03-23,2024-04-13,4,0.1,428.2148884228444,365.0,mist+ACI
36,2024-03-23,2024-04-13,4,0.15,443.39685857584925,365.0,mist+ACI
36,2024-03-23,2024-04-13,4,0.2,446.5049934806906,365.0,mist+ACI
36,2024-03-23,2024-04-13,4,0.25,446.7982030281792,365.0,mist+ACI
36,2024-03-23,2024-04-13,4,0.3,446.83743747348024,365.0,mist+ACI
36,2024-03-23,2024-04-13,4,0.35,446.84573783195594,365.0,mist+ACI
36,2024-03-23,2024-04-13,4,0.4,446.8460681399838,365.0,mist+ACI
36,2024-03-23,2024-04-13,4,0.45,446.84735802600363,365.0,mist+ACI
36,2024-03-23,2024-04-13,4,0.5,446.8476867675781,365.0,mist+ACI
36,2024-03-23,2024-04-13,4,0.55,503.63772275280485,365.0,mist+ACI
36,2024-03-23,2024-04-13,4,0.6,531.2926766719444,365.0,mist+ACI
36,2024-03-23,2024-04-13,4,0.65,543.6646441379061,365.0,mist+ACI
36,2024-03-23,2024-04-13,4,0.7,580.5318981370531,365.0,mist+ACI
36,2024-03-23,2024-04-13,4,0.75,634.6108018752375,365.0,mist+ACI
36,2024-03-23,2024-04-13,4,0.8,695.6402413987655,365.0,mist+ACI
36,2024-03-23,2024-04-13,4,0.85,722.3276822416234,365.0,mist+ACI
36,2024-03-23,2024-04-13,4,0.9,754.3432835188439,365.0,mist+ACI
36,2024-03-23,2024-04-13,4,0.95,1082.372615169922,365.0,mist+ACI
36,2024-03-23,2024-04-13,4,0.975,1447.2260048900353,365.0,mist+ACI
36,2024-03-23,2024-04-13,4,0.99,2373.308143394187,365.0,mist+ACI
36,2024-03-30,2024-03-30,1,0.01,0.0,391.0,mist+ACI
36,2024-03-30,2024-03-30,1,0.025,0.0,391.0,mist+ACI
36,2024-03-30,2024-03-30,1,0.05,10.225104333830018,391.0,mist+ACI
36,2024-03-30,2024-03-30,1,0.1,373.42807640220735,391.0,mist+ACI
36,2024-03-30,2024-03-30,1,0.15,483.34192973445334,391.0,mist+ACI
36,2024-03-30,2024-03-30,1,0.2,501.57115631598856,391.0,mist+ACI
36,2024-03-30,2024-03-30,1,0.25,505.0779700243442,391.0,mist+ACI
36,2024-03-30,2024-03-30,1,0.3,505.56460349687046,391.0,mist+ACI
36,2024-03-30,2024-03-30,1,0.35,505.6612746713345,391.0,mist+ACI
36,2024-03-30,2024-03-30,1,0.4,505.66869333785087,391.0,mist+ACI
36,2024-03-30,2024-03-30,1,0.45,505.6840001766458,391.0,mist+ACI
36,2024-03-30,2024-03-30,1,0.5,505.6851501464844,391.0,mist+ACI
36,2024-03-30,2024-03-30,1,0.55,560.6094056920635,391.0,mist+ACI
36,2024-03-30,2024-03-30,1,0.6,590.8941076789351,391.0,mist+ACI
36,2024-03-30,2024-03-30,1,0.65,646.432768506163,391.0,mist+ACI
36,2024-03-30,2024-03-30,1,0.7,681.5762450461641,391.0,mist+ACI
36,2024-03-30,2024-03-30,1,0.75,747.0641514142617,391.0,mist+ACI
36,2024-03-30,2024-03-30,1,0.8,881.4443071228736,391.0,mist+ACI
36,2024-03-30,2024-03-30,1,0.85,1138.8222804509153,391.0,mist+ACI
36,2024-03-30,2024-03-30,1,0.9,1414.2321147170119,391.0,mist+ACI
36,2024-03-30,2024-03-30,1,0.95,1519.246040579275,391.0,mist+ACI
36,2024-03-30,2024-03-30,1,0.975,2071.820190322436,391.0,mist+ACI
36,2024-03-30,2024-03-30,1,0.99,2848.5937642148233,391.0,mist+ACI
36,2024-03-30,2024-04-06,2,0.01,0.0,408.0,mist+ACI
36,2024-03-30,2024-04-06,2,0.025,0.0,408.0,mist+ACI
36,2024-03-30,2024-04-06,2,0.05,22.507876390111846,408.0,mist+ACI
36,2024-03-30,2024-04-06,2,0.1,348.492467185014,408.0,mist+ACI
36,2024-03-30,2024-04-06,2,0.15,457.60666240587506,408.0,mist+ACI
36,2024-03-30,2024-04-06,2,0.2,474.272844408801,408.0,mist+ACI
36,2024-03-30,2024-04-06,2,0.25,476.9714147459204,408.0,mist+ACI
36,2024-03-30,2024-04-06,2,0.3,477.4914241685085,408.0,mist+ACI
36,2024-03-30,2024-04-06,2,0.35,477.5787041743995,408.0,mist+ACI
36,2024-03-30,2024-04-06,2,0.4,477.5921050735505,408.0,mist+ACI
36,2024-03-30,2024-04-06,2,0.45,477.5967944813618,408.0,mist+ACI
36,2024-03-30,2024-04-06,2,0.5,477.5975341796875,408.0,mist+ACI
36,2024-03-30,2024-04-06,2,0.55,502.94795359279016,408.0,mist+ACI
36,2024-03-30,2024-04-06,2,0.6,550.5688873577644,408.0,mist+ACI
36,2024-03-30,2024-04-06,2,0.65,562.8870752858119,408.0,mist+ACI
36,2024-03-30,2024-04-06,2,0.7,648.7881732196112,408.0,mist+ACI
36,2024-03-30,2024-04-06,2,0.75,724.1135828893753,408.0,mist+ACI
36,2024-03-30,2024-04-06,2,0.8,832.0556810003204,408.0,mist+ACI
36,2024-03-30,2024-04-06,2,0.85,1145.2278286215883,408.0,mist+ACI
36,2024-03-30,2024-04-06,2,0.9,1473.0718341497336,408.0,mist+ACI
36,2024-03-30,2024-04-06,2,0.95,1494.2457650027309,408.0,mist+ACI
36,2024-03-30,2024-04-06,2,0.975,1941.312207274618,408.0,mist+ACI
36,2024-03-30,2024-04-06,2,0.99,2823.631007632781,408.0,mist+ACI
36,2024-03-30,2024-04-13,3,0.01,0.0,365.0,mist+ACI
36,2024-03-30,2024-04-13,3,0.025,0.0,365.0,mist+ACI
36,2024-03-30,2024-04-13,3,0.05,0.0,365.0,mist+ACI
36,2024-03-30,2024-04-13,3,0.1,325.49826578027,365.0,mist+ACI
36,2024-03-30,2024-04-13,3,0.15,446.9323180869,365.0,mist+ACI
36,2024-03-30,2024-04-13,3,0.2,466.1291694401744,365.0,mist+ACI
36,2024-03-30,2024-04-13,3,0.25,468.9845018931273,365.0,mist+ACI
36,2024-03-30,2024-04-13,3,0.3,469.3601632440526,365.0,mist+ACI
36,2024-03-30,2024-04-13,3,0.35,469.41843516157456,365.0,mist+ACI
36,2024-03-30,2024-04-13,3,0.4,469.4234649265727,365.0,mist+ACI
36,2024-03-30,2024-04-13,3,0.45,469.43229788637785,365.0,mist+ACI
36,2024-03-30,2024-04-13,3,0.5,469.4323425292969,365.0,mist+ACI
36,2024-03-30,2024-04-13,3,0.55,560.7974050425792,365.0,mist+ACI
36,2024-03-30,2024-04-13,3,0.6,619.8930533673736,365.0,mist+ACI
36,2024-03-30,2024-04-13,3,0.65,631.7005559952278,365.0,mist+ACI
36,2024-03-30,2024-04-13,3,0.7,703.636682888223,365.0,mist+ACI
36,2024-03-30,2024-04-13,3,0.75,886.8283277722971,365.0,mist+ACI
36,2024-03-30,2024-04-13,3,0.8,979.3528770253607,365.0,mist+ACI
36,2024-03-30,2024-04-13,3,0.85,1239.584765596957,365.0,mist+ACI
36,2024-03-30,2024-04-13,3,0.9,1591.5390358965271,365.0,mist+ACI
36,2024-03-30,2024-04-13,3,0.95,1687.2292814115715,365.0,mist+ACI
36,2024-03-30,2024-04-13,3,0.975,2035.1344416969634,365.0,mist+ACI
36,2024-03-30,2024-04-13,3,0.99,3176.428048338897,365.0,mist+ACI
36,2024-03-30,2024-04-20,4,0.01,0.0,216.0,mist+ACI
36,2024-03-30,2024-04-20,4,0.025,0.0,216.0,mist+ACI
36,2024-03-30,2024-04-20,4,0.05,0.0,216.0,mist+ACI
36,2024-03-30,2024-04-20,4,0.1,347.01737144329707,216.0,mist+ACI
36,2024-03-30,2024-04-20,4,0.15,467.3524248343716,216.0,mist+ACI
36,2024-03-30,2024-04-20,4,0.2,488.6116363562323,216.0,mist+ACI
36,2024-03-30,2024-04-20,4,0.25,492.50750098650366,216.0,mist+ACI
36,2024-03-30,2024-04-20,4,0.3,493.12476081765533,216.0,mist+ACI
36,2024-03-30,2024-04-20,4,0.35,493.2224125688686,216.0,mist+ACI
36,2024-03-30,2024-04-20,4,0.4,493.2256827036307,216.0,mist+ACI
36,2024-03-30,2024-04-20,4,0.45,493.2423688502852,216.0,mist+ACI
36,2024-03-30,2024-04-20,4,0.5,493.2445068359375,216.0,mist+ACI
36,2024-03-30,2024-04-20,4,0.55,566.434803883032,216.0,mist+ACI
36,2024-03-30,2024-04-20,4,0.6,584.8579672248246,216.0,mist+ACI
36,2024-03-30,2024-04-20,4,0.65,592.2891623435013,216.0,mist+ACI
36,2024-03-30,2024-04-20,4,0.7,706.9775896935505,216.0,mist+ACI
36,2024-03-30,2024-04-20,4,0.75,819.7931771897966,216.0,mist+ACI
36,2024-03-30,2024-04-20,4,0.8,1082.7934376025714,216.0,mist+ACI
36,2024-03-30,2024-04-20,4,0.85,1198.4513845105043,216.0,mist+ACI
36,2024-03-30,2024-04-20,4,0.9,1738.2196502027275,216.0,mist+ACI
36,2024-03-30,2024-04-20,4,0.95,2207.22137120601,216.0,mist+ACI
36,2024-03-30,2024-04-20,4,0.975,2662.507356296671,216.0,mist+ACI
36,2024-03-30,2024-04-20,4,0.99,3955.6992984360777,216.0,mist+ACI
36,2024-04-06,2024-04-06,1,0.01,0.0,408.0,mist+ACI
36,2024-04-06,2024-04-06,1,0.025,0.0,408.0,mist+ACI
36,2024-04-06,2024-04-06,1,0.05,30.24328867322197,408.0,mist+ACI
36,2024-04-06,2024-04-06,1,0.1,366.96724715479047,408.0,mist+ACI
36,2024-04-06,2024-04-06,1,0.15,388.47650322680147,408.0,mist+ACI
36,2024-04-06,2024-04-06,1,0.2,428.8177215432337,408.0,mist+ACI
36,2024-04-06,2024-04-06,1,0.25,435.38152554012345,408.0,mist+ACI
36,2024-04-06,2024-04-06,1,0.3,436.32587687824076,408.0,mist+ACI
36,2024-04-06,2024-04-06,1,0.35,436.50113211125625,408.0,mist+ACI
36,2024-04-06,2024-04-06,1,0.4,436.5162093079761,408.0,mist+ACI
36,2024-04-06,2024-04-06,1,0.45,436.53913170354804,408.0,mist+ACI
36,2024-04-06,2024-04-06,1,0.5,436.5391845703125,408.0,mist+ACI
36,2024-04-06,2024-04-06,1,0.55,478.99361996225974,408.0,mist+ACI
36,2024-04-06,2024-04-06,1,0.6,503.46411199847034,408.0,mist+ACI
36,2024-04-06,2024-04-06,1,0.65,536.1938133648023,408.0,mist+ACI
36,2024-04-06,2024-04-06,1,0.7,538.4774782713217,408.0,mist+ACI
36,2024-04-06,2024-04-06,1,0.75,573.8497774141834,408.0,mist+ACI
36,2024-04-06,2024-04-06,1,0.8,621.4560316311862,408.0,mist+ACI
36,2024-04-06,2024-04-06,1,0.85,919.3915265880871,408.0,mist+ACI
36,2024-04-06,2024-04-06,1,0.9,1070.8663280088883,408.0,mist+ACI
36,2024-04-06,2024-04-06,1,0.95,1338.4027723505515,408.0,mist+ACI
36,2024-04-06,2024-04-06,1,0.975,1672.4744286038106,408.0,mist+ACI
36,2024-04-06,2024-04-06,1,0.99,2752.6826732619347,408.0,mist+ACI
36,2024-04-06,2024-04-13,2,0.01,0.0,365.0,mist+ACI
36,2024-04-06,2024-04-13,2,0.025,0.0,365.0,mist+ACI
36,2024-04-06,2024-04-13,2,0.05,78.03968801063485,365.0,mist+ACI
36,2024-04-06,2024-04-13,2,0.1,344.1603831621047,365.0,mist+ACI
36,2024-04-06,2024-04-13,2,0.15,371.9510548397752,365.0,mist+ACI
36,2024-04-06,2024-04-13,2,0.2,412.8139178094963,365.0,mist+ACI
36,2024-04-06,2024-04-13,2,0.25,420.23627286469167,365.0,mist+ACI
36,2024-04-06,2024-04-13,2,0.3,421.69110192079603,365.0,mist+ACI
36,2024-04-06,2024-04-13,2,0.35,421.91306841141966,365.0,mist+ACI
36,2024-04-06,2024-04-13,2,0.4,421.9315083947048,365.0,mist+ACI
36,2024-04-06,2024-04-13,2,0.45,421.9512608013775,365.0,mist+ACI
36,2024-04-06,2024-04-13,2,0.5,421.9524230957031,365.0,mist+ACI
36,2024-04-06,2024-04-13,2,0.55,447.4651582642214,365.0,mist+ACI
36,2024-04-06,2024-04-13,2,0.6,456.2192064774284,365.0,mist+ACI
36,2024-04-06,2024-04-13,2,0.65,468.96886023073245,365.0,mist+ACI
36,2024-04-06,2024-04-13,2,0.7,481.05395407089384,365.0,mist+ACI
36,2024-04-06,2024-04-13,2,0.75,565.1047291506989,365.0,mist+ACI
36,2024-04-06,2024-04-13,2,0.8,661.0056840806137,365.0,mist+ACI
36,2024-04-06,2024-04-13,2,0.85,831.256091554355,365.0,mist+ACI
36,2024-04-06,2024-04-13,2,0.9,1047.5209951490215,365.0,mist+ACI
36,2024-04-06,2024-04-13,2,0.95,1238.2197640288425,365.0,mist+ACI
36,2024-04-06,2024-04-13,2,0.975,1507.3380039005494,365.0,mist+ACI
36,2024-04-06,2024-04-13,2,0.99,2478.9857770455155,365.0,mist+ACI
36,2024-04-06,2024-04-20,3,0.01,0.0,216.0,mist+ACI
36,2024-04-06,2024-04-20,3,0.025,0.0,216.0,mist+ACI
36,2024-04-06,2024-04-20,3,0.05,45.73829663475368,216.0,mist+ACI
36,2024-04-06,2024-04-20,3,0.1,305.80216758272644,216.0,mist+ACI
36,2024-04-06,2024-04-20,3,0.15,349.44680193039744,216.0,mist+ACI
36,2024-04-06,2024-04-20,3,0.2,404.12426387367276,216.0,mist+ACI
36,2024-04-06,2024-04-20,3,0.25,412.030381253498,216.0,mist+ACI
36,2024-04-06,2024-04-20,3,0.3,412.9484225479097,216.0,mist+ACI
36,2024-04-06,2024-04-20,3,0.35,413.14580968677126,216.0,mist+ACI
36,2024-04-06,2024-04-20,3,0.4,413.1496267208531,216.0,mist+ACI
36,2024-04-06,2024-04-20,3,0.45,413.16445078300274,216.0,mist+ACI
36,2024-04-06,2024-04-20,3,0.5,413.1647644042969,216.0,mist+ACI
36,2024-04-06,2024-04-20,3,0.55,465.29748882390925,216.0,mist+ACI
36,2024-04-06,2024-04-20,3,0.6,465.92538497430183,216.0,mist+ACI
36,2024-04-06,2024-04-20,3,0.65,482.20036588580297,216.0,mist+ACI
36,2024-04-06,2024-04-20,3,0.7,515.0545026098491,216.0,mist+ACI
36,2024-04-06,2024-04-20,3,0.75,582.6041015493631,216.0,mist+ACI
36,2024-04-06,2024-04-20,3,0.8,689.6166329731022,216.0,mist+ACI
36,2024-04-06,2024-04-20,3,0.85,761.3085245681366,216.0,mist+ACI
36,2024-04-06,2024-04-20,3,0.9,949.0089193578142,216.0,mist+ACI
36,2024-04-06,2024-04-20,3,0.95,1233.8569335362276,216.0,mist+ACI
36,2024-04-06,2024-04-20,3,0.975,1394.8533105661234,216.0,mist+ACI
36,2024-04-06,2024-04-20,3,0.99,2765.1927438014345,216.0,mist+ACI
36,2024-04-06,2024-04-27,4,0.01,0.0,164.0,mist+ACI
36,2024-04-06,2024-04-27,4,0.025,0.0,164.0,mist+ACI
36,2024-04-06,2024-04-27,4,0.05,0.0,164.0,mist+ACI
36,2024-04-06,2024-04-27,4,0.1,315.12265902684885,164.0,mist+ACI
36,2024-04-06,2024-04-27,4,0.15,336.06845022023043,164.0,mist+ACI
36,2024-04-06,2024-04-27,4,0.2,399.0415586991367,164.0,mist+ACI
36,2024-04-06,2024-04-27,4,0.25,406.6778602326987,164.0,mist+ACI
36,2024-04-06,2024-04-27,4,0.3,407.4421950781295,164.0,mist+ACI
36,2024-04-06,2024-04-27,4,0.35,407.5880343582198,164.0,mist+ACI
36,2024-04-06,2024-04-27,4,0.4,407.5937022390448,164.0,mist+ACI
36,2024-04-06,2024-04-27,4,0.45,407.6167321126186,164.0,mist+ACI
36,2024-04-06,2024-04-27,4,0.5,407.6220703125,164.0,mist+ACI
36,2024-04-06,2024-04-27,4,0.55,426.80515901616,164.0,mist+ACI
36,2024-04-06,2024-04-27,4,0.6,435.3748850645993,164.0,mist+ACI
36,2024-04-06,2024-04-27,4,0.65,459.97329594372917,164.0,mist+ACI
36,2024-04-06,2024-04-27,4,0.7,476.53461668886564,164.0,mist+ACI
36,2024-04-06,2024-04-27,4,0.75,563.9355292722885,164.0,mist+ACI
36,2024-04-06,2024-04-27,4,0.8,649.9061875203577,164.0,mist+ACI
36,2024-04-06,2024-04-27,4,0.85,834.1465576594142,164.0,mist+ACI
36,2024-04-06,2024-04-27,4,0.9,1075.7108958817794,164.0,mist+ACI
36,2024-04-06,2024-04-27,4,0.95,1748.6152129305742,164.0,mist+ACI
36,2024-04-06,2024-04-27,4,0.975,1748.8614526677618,164.0,mist+ACI
36,2024-04-06,2024-04-27,4,0.99,3195.1200340754544,164.0,mist+ACI
36,2024-04-13,2024-04-13,1,0.01,0.0,365.0,mist+ACI
36,2024-04-13,2024-04-13,1,0.025,0.0,365.0,mist+ACI
36,2024-04-13,2024-04-13,1,0.05,125.94587522111738,365.0,mist+ACI
36,2024-04-13,2024-04-13,1,0.1,341.78890084218085,365.0,mist+ACI
36,2024-04-13,2024-04-13,1,0.15,364.60695469352646,365.0,mist+ACI
36,2024-04-13,2024-04-13,1,0.2,373.7682779722944,365.0,mist+ACI
36,2024-04-13,2024-04-13,1,0.25,383.5314927673453,365.0,mist+ACI
36,2024-04-13,2024-04-13,1,0.3,385.35985801709523,365.0,mist+ACI
36,2024-04-13,2024-04-13,1,0.35,385.5406455696341,365.0,mist+ACI
36,2024-04-13,2024-04-13,1,0.4,385.5465252854135,365.0,mist+ACI
36,2024-04-13,2024-04-13,1,0.45,385.5604441283531,365.0,mist+ACI
36,2024-04-13,2024-04-13,1,0.5,385.5608825683594,365.0,mist+ACI
36,2024-04-13,2024-04-13,1,0.55,406.8264439811425,365.0,mist+ACI
36,2024-04-13,2024-04-13,1,0.6,415.3921334889428,365.0,mist+ACI
36,2024-04-13,2024-04-13,1,0.65,443.48633979864087,365.0,mist+ACI
36,2024-04-13,2024-04-13,1,0.7,458.9221939051241,365.0,mist+ACI
36,2024-04-13,2024-04-13,1,0.75,474.3810750250365,365.0,mist+ACI
36,2024-04-13,2024-04-13,1,0.8,523.876648425786,365.0,mist+ACI
36,2024-04-13,2024-04-13,1,0.85,727.5108962517311,365.0,mist+ACI
36,2024-04-13,2024-04-13,1,0.9,842.6684635719655,365.0,mist+ACI
36,2024-04-13,2024-04-13,1,0.95,1185.6960095413506,365.0,mist+ACI
36,2024-04-13,2024-04-13,1,0.975,1363.7222671257784,365.0,mist+ACI
36,2024-04-13,2024-04-13,1,0.99,2650.96595012793,365.0,mist+ACI
36,2024-04-13,2024-04-20,2,0.01,0.0,216.0,mist+ACI
36,2024-04-13,2024-04-20,2,0.025,10.975026390618098,216.0,mist+ACI
36,2024-04-13,2024-04-20,2,0.05,119.44530191709987,216.0,mist+ACI
36,2024-04-13,2024-04-20,2,0.1,329.82354460437773,216.0,mist+ACI
36,2024-04-13,2024-04-20,2,0.15,350.495635712752,216.0,mist+ACI
36,2024-04-13,2024-04-20,2,0.2,359.5552408663398,216.0,mist+ACI
36,2024-04-13,2024-04-20,2,0.25,378.98876030925965,216.0,mist+ACI
36,2024-04-13,2024-04-20,2,0.3,381.4147437400343,216.0,mist+ACI
36,2024-04-13,2024-04-20,2,0.35,381.82358345743904,216.0,mist+ACI
36,2024-04-13,2024-04-20,2,0.4,381.8485259313061,216.0,mist+ACI
36,2024-04-13,2024-04-20,2,0.45,381.8917299803372,216.0,mist+ACI
36,2024-04-13,2024-04-20,2,0.5,381.896484375,216.0,mist+ACI
36,2024-04-13,2024-04-20,2,0.55,394.1239640203633,216.0,mist+ACI
36,2024-04-13,2024-04-20,2,0.6,411.8767439005806,216.0,mist+ACI
36,2024-04-13,2024-04-20,2,0.65,414.6774937908753,216.0,mist+ACI
36,2024-04-13,2024-04-20,2,0.7,425.5714957536538,216.0,mist+ACI
36,2024-04-13,2024-04-20,2,0.75,475.8852532063228,216.0,mist+ACI
36,2024-04-13,2024-04-20,2,0.8,549.2430379092783,216.0,mist+ACI
36,2024-04-13,2024-04-20,2,0.85,632.6072003820561,216.0,mist+ACI
36,2024-04-13,2024-04-20,2,0.9,797.1827494019587,216.0,mist+ACI
36,2024-04-13,2024-04-20,2,0.95,1033.743246111765,216.0,mist+ACI
36,2024-04-13,2024-04-20,2,0.975,1206.3345794887578,216.0,mist+ACI
36,2024-04-13,2024-04-20,2,0.99,2149.463902330289,216.0,mist+ACI
36,2024-04-13,2024-04-27,3,0.01,0.0,164.0,mist+ACI
36,2024-04-13,2024-04-27,3,0.025,0.0,164.0,mist+ACI
36,2024-04-13,2024-04-27,3,0.05,72.20345672719526,164.0,mist+ACI
36,2024-04-13,2024-04-27,3,0.1,316.273030712224,164.0,mist+ACI
36,2024-04-13,2024-04-27,3,0.15,344.8346489126409,164.0,mist+ACI
36,2024-04-13,2024-04-27,3,0.2,361.91181531392795,164.0,mist+ACI
36,2024-04-13,2024-04-27,3,0.25,380.9805683237025,164.0,mist+ACI
36,2024-04-13,2024-04-27,3,0.3,383.89416096634017,164.0,mist+ACI
36,2024-04-13,2024-04-27,3,0.35,384.45286553796024,164.0,mist+ACI
36,2024-04-13,2024-04-27,3,0.4,384.47929476757264,164.0,mist+ACI
36,2024-04-13,2024-04-27,3,0.45,384.5025849282739,164.0,mist+ACI
36,2024-04-13,2024-04-27,3,0.5,384.5060729980469,164.0,mist+ACI
36,2024-04-13,2024-04-27,3,0.55,387.5580821941336,164.0,mist+ACI
36,2024-04-13,2024-04-27,3,0.6,387.6222948089052,164.0,mist+ACI
36,2024-04-13,2024-04-27,3,0.65,408.9298659126225,164.0,mist+ACI
36,2024-04-13,2024-04-27,3,0.7,419.3843951131922,164.0,mist+ACI
36,2024-04-13,2024-04-27,3,0.75,428.8851316592829,164.0,mist+ACI
36,2024-04-13,2024-04-27,3,0.8,471.85456027160114,164.0,mist+ACI
36,2024-04-13,2024-04-27,3,0.85,528.4986127656811,164.0,mist+ACI
36,2024-04-13,2024-04-27,3,0.9,652.9158902683946,164.0,mist+ACI
36,2024-04-13,2024-04-27,3,0.95,966.4235419037097,164.0,mist+ACI
36,2024-04-13,2024-04-27,3,0.975,967.5208514606811,164.0,mist+ACI
36,2024-04-13,2024-04-27,3,0.99,2426.0688733561337,164.0,mist+ACI
36,2024-04-13,2024-05-04,4,0.01,0.0,132.0,mist+ACI
36,2024-04-13,2024-05-04,4,0.025,0.0,132.0,mist+ACI
36,2024-04-13,2024-05-04,4,0.05,6.801216518329056,132.0,mist+ACI
36,2024-04-13,2024-05-04,4,0.1,304.57368824797953,132.0,mist+ACI
36,2024-04-13,2024-05-04,4,0.15,319.32899088405384,132.0,mist+ACI
36,2024-04-13,2024-05-04,4,0.2,349.2432504666519,132.0,mist+ACI
36,2024-04-13,2024-05-04,4,0.25,360.57563395773843,132.0,mist+ACI
36,2024-04-13,2024-05-04,4,0.3,362.4953036750695,132.0,mist+ACI
36,2024-04-13,2024-05-04,4,0.35,362.72608397817373,132.0,mist+ACI
36,2024-04-13,2024-05-04,4,0.4,362.7424743789869,132.0,mist+ACI
36,2024-04-13,2024-05-04,4,0.45,362.7696224720383,132.0,mist+ACI
36,2024-04-13,2024-05-04,4,0.5,362.7743225097656,132.0,mist+ACI
36,2024-04-13,2024-05-04,4,0.55,376.1069394998356,132.0,mist+ACI
36,2024-04-13,2024-05-04,4,0.6,377.1217748532352,132.0,mist+ACI
36,2024-04-13,2024-05-04,4,0.65,390.03318604212416,132.0,mist+ACI
36,2024-04-13,2024-05-04,4,0.7,406.59236487398965,132.0,mist+ACI
36,2024-04-13,2024-05-04,4,0.75,427.9343422292128,132.0,mist+ACI
36,2024-04-13,2024-05-04,4,0.8,483.72251809109457,132.0,mist+ACI
36,2024-04-13,2024-05-04,4,0.85,583.0179470361326,132.0,mist+ACI
36,2024-04-13,2024-05-04,4,0.9,686.7455181424823,132.0,mist+ACI
36,2024-04-13,2024-05-04,4,0.95,1081.7288611585209,132.0,mist+ACI
36,2024-04-13,2024-05-04,4,0.975,1444.8353123084494,132.0,mist+ACI
36,2024-04-13,2024-05-04,4,0.99,2616.3432506198315,132.0,mist+ACI
36,2024-04-20,2024-04-20,1,0.01,0.0,216.0,mist+ACI
36,2024-04-20,2024-04-20,1,0.025,65.04785876587152,216.0,mist+ACI
36,2024-04-20,2024-04-20,1,0.05,167.7111331311806,216.0,mist+ACI
36,2024-04-20,2024-04-20,1,0.1,332.4519881850376,216.0,mist+ACI
36,2024-04-20,2024-04-20,1,0.15,347.8610744369329,216.0,mist+ACI
36,2024-04-20,2024-04-20,1,0.2,362.30386550711563,216.0,mist+ACI
36,2024-04-20,2024-04-20,1,0.25,374.2267264169244,216.0,mist+ACI
36,2024-04-20,2024-04-20,1,0.3,378.52858502948976,216.0,mist+ACI
36,2024-04-20,2024-04-20,1,0.35,379.1640789261232,216.0,mist+ACI
36,2024-04-20,2024-04-20,1,0.4,379.18920271747857,216.0,mist+ACI
36,2024-04-20,2024-04-20,1,0.45,379.22888788453736,216.0,mist+ACI
36,2024-04-20,2024-04-20,1,0.5,379.2355041503906,216.0,mist+ACI
36,2024-04-20,2024-04-20,1,0.55,388.5272239272223,216.0,mist+ACI
36,2024-04-20,2024-04-20,1,0.6,396.12539663072965,216.0,mist+ACI
36,2024-04-20,2024-04-20,1,0.65,405.2473097368101,216.0,mist+ACI
36,2024-04-20,2024-04-20,1,0.7,410.7052216160648,216.0,mist+ACI
36,2024-04-20,2024-04-20,1,0.75,433.1341857910156,216.0,mist+ACI
36,2024-04-20,2024-04-20,1,0.8,470.1103982395223,216.0,mist+ACI
36,2024-04-20,2024-04-20,1,0.85,604.8257448264358,216.0,mist+ACI
36,2024-04-20,2024-04-20,1,0.9,706.8508404633136,216.0,mist+ACI
36,2024-04-20,2024-04-20,1,0.95,1045.855009275252,216.0,mist+ACI
36,2024-04-20,2024-04-20,1,0.975,1142.3228571154668,216.0,mist+ACI
36,2024-04-20,2024-04-20,1,0.99,2429.3736839627927,216.0,mist+ACI
36,2024-04-20,2024-04-27,2,0.01,0.0,164.0,mist+ACI
36,2024-04-20,2024-04-27,2,0.025,36.93120818454781,164.0,mist+ACI
36,2024-04-20,2024-04-27,2,0.05,121.08142950909547,164.0,mist+ACI
36,2024-04-20,2024-04-27,2,0.1,307.9401107541015,164.0,mist+ACI
36,2024-04-20,2024-04-27,2,0.15,331.7950079398367,164.0,mist+ACI
36,2024-04-20,2024-04-27,2,0.2,349.39176131494366,164.0,mist+ACI
36,2024-04-20,2024-04-27,2,0.25,366.04552181482757,164.0,mist+ACI
36,2024-04-20,2024-04-27,2,0.3,373.0000452528213,164.0,mist+ACI
36,2024-04-20,2024-04-27,2,0.35,374.0051926529856,164.0,mist+ACI
36,2024-04-20,2024-04-27,2,0.4,374.0497103600013,164.0,mist+ACI
36,2024-04-20,2024-04-27,2,0.45,374.12577767538437,164.0,mist+ACI
36,2024-04-20,2024-04-27,2,0.5,374.1404113769531,164.0,mist+ACI
36,2024-04-20,2024-04-27,2,0.55,380.5278124209197,164.0,mist+ACI
36,2024-04-20,2024-04-27,2,0.6,383.0383040184751,164.0,mist+ACI
36,2024-04-20,2024-04-27,2,0.65,392.10169913197893,164.0,mist+ACI
36,2024-04-20,2024-04-27,2,0.7,402.38928326738863,164.0,mist+ACI
36,2024-04-20,2024-04-27,2,0.75,435.42510986328125,164.0,mist+ACI
36,2024-04-20,2024-04-27,2,0.8,482.4955815577465,164.0,mist+ACI
36,2024-04-20,2024-04-27,2,0.85,539.9439359014643,164.0,mist+ACI
36,2024-04-20,2024-04-27,2,0.9,627.8169316059243,164.0,mist+ACI
36,2024-04-20,2024-04-27,2,0.95,891.3749791159662,164.0,mist+ACI
36,2024-04-20,2024-04-27,2,0.975,977.5636576520426,164.0,mist+ACI
36,2024-04-20,2024-04-27,2,0.99,1911.1557494630779,164.0,mist+ACI
36,2024-04-20,2024-05-04,3,0.01,0.0,132.0,mist+ACI
36,2024-04-20,2024-05-04,3,0.025,0.0,132.0,mist+ACI
36,2024-04-20,2024-05-04,3,0.05,103.69876494866725,132.0,mist+ACI
36,2024-04-20,2024-05-04,3,0.1,312.49606408759604,132.0,mist+ACI
36,2024-04-20,2024-05-04,3,0.15,326.9055475028388,132.0,mist+ACI
36,2024-04-20,2024-05-04,3,0.2,345.9620002900098,132.0,mist+ACI
36,2024-04-20,2024-05-04,3,0.25,361.1049746152368,132.0,mist+ACI
36,2024-04-20,2024-05-04,3,0.3,368.9022093708336,132.0,mist+ACI
36,2024-04-20,2024-05-04,3,0.35,370.16987404233737,132.0,mist+ACI
36,2024-04-20,2024-05-04,3,0.4,370.2463134362086,132.0,mist+ACI
36,2024-04-20,2024-05-04,3,0.45,370.271072937484,132.0,mist+ACI
36,2024-04-20,2024-05-04,3,0.5,370.27288818359375,132.0,mist+ACI
36,2024-04-20,2024-05-04,3,0.55,375.13540820989994,132.0,mist+ACI
36,2024-04-20,2024-05-04,3,0.6,377.3157419519734,132.0,mist+ACI
36,2024-04-20,2024-05-04,3,0.65,383.07861208037235,132.0,mist+ACI
36,2024-04-20,2024-05-04,3,0.7,384.6029444652899,132.0,mist+ACI
36,2024-04-20,2024-05-04,3,0.75,391.1318359375,132.0,mist+ACI
36,2024-04-20,2024-05-04,3,0.8,399.587662495338,132.0,mist+ACI
36,2024-04-20,2024-05-04,3,0.85,446.61965479862545,132.0,mist+ACI
36,2024-04-20,2024-05-04,3,0.9,542.8940465837159,132.0,mist+ACI
36,2024-04-20,2024-05-04,3,0.95,788.0967552895721,132.0,mist+ACI
36,2024-04-20,2024-05-04,3,0.975,824.8365895080158,132.0,mist+ACI
36,2024-04-20,2024-05-04,3,0.99,2124.1931821306353,132.0,mist+ACI
36,2024-04-20,2024-05-11,4,0.01,0.0,52.0,mist+ACI
36,2024-04-20,2024-05-11,4,0.025,33.67374630713226,52.0,mist+ACI
36,2024-04-20,2024-05-11,4,0.05,63.44729505657739,52.0,mist+ACI
36,2024-04-20,2024-05-11,4,0.1,308.9850185409776,52.0,mist+ACI
36,2024-04-20,2024-05-11,4,0.15,311.3148428618182,52.0,mist+ACI
36,2024-04-20,2024-05-11,4,0.2,322.5801336049452,52.0,mist+ACI
36,2024-04-20,2024-05-11,4,0.25,348.66164293072467,52.0,mist+ACI
36,2024-04-20,2024-05-11,4,0.3,352.6322278593743,52.0,mist+ACI
36,2024-04-20,2024-05-11,4,0.35,353.24568542888795,52.0,mist+ACI
36,2024-04-20,2024-05-11,4,0.4,353.28804509598297,52.0,mist+ACI
36,2024-04-20,2024-05-11,4,0.45,353.35252833645796,52.0,mist+ACI
36,2024-04-20,2024-05-11,4,0.5,353.3636779785156,52.0,mist+ACI
36,2024-04-20,2024-05-11,4,0.55,357.280278808261,52.0,mist+ACI
36,2024-04-20,2024-05-11,4,0.6,359.13607876830315,52.0,mist+ACI
36,2024-04-20,2024-05-11,4,0.65,363.2157412110692,52.0,mist+ACI
36,2024-04-20,2024-05-11,4,0.7,367.52025116435533,52.0,mist+ACI
36,2024-04-20,2024-05-11,4,0.75,386.3944091796875,52.0,mist+ACI
36,2024-04-20,2024-05-11,4,0.8,418.6833654504409,52.0,mist+ACI
36,2024-04-20,2024-05-11,4,0.85,474.72280672436113,52.0,mist+ACI
36,2024-04-20,2024-05-11,4,0.9,521.6338429111901,52.0,mist+ACI
36,2024-04-20,2024-05-11,4,0.95,773.6611173023518,52.0,mist+ACI
36,2024-04-20,2024-05-11,4,0.975,1252.3305774130606,52.0,mist+ACI
36,2024-04-20,2024-05-11,4,0.99,2230.5173675171445,52.0,mist+ACI
36,2024-04-27,2024-04-27,1,0.01,0.0,164.0,mist+ACI
36,2024-04-27,2024-04-27,1,0.025,14.504515023892964,164.0,mist+ACI
36,2024-04-27,2024-04-27,1,0.05,111.99362684222893,164.0,mist+ACI
36,2024-04-27,2024-04-27,1,0.1,146.89112126331227,164.0,mist+ACI
36,2024-04-27,2024-04-27,1,0.15,184.34970405469323,164.0,mist+ACI
36,2024-04-27,2024-04-27,1,0.2,252.4162561666733,164.0,mist+ACI
36,2024-04-27,2024-04-27,1,0.25,291.5654573842344,164.0,mist+ACI
36,2024-04-27,2024-04-27,1,0.3,304.6648667262565,164.0,mist+ACI
36,2024-04-27,2024-04-27,1,0.35,306.70488191342815,164.0,mist+ACI
36,2024-04-27,2024-04-27,1,0.4,306.8407227021001,164.0,mist+ACI
36,2024-04-27,2024-04-27,1,0.45,306.97269765685104,164.0,mist+ACI
36,2024-04-27,2024-04-27,1,0.5,306.9906005859375,164.0,mist+ACI
36,2024-04-27,2024-04-27,1,0.55,311.72433335392776,164.0,mist+ACI
36,2024-04-27,2024-04-27,1,0.6,314.41809579831965,164.0,mist+ACI
36,2024-04-27,2024-04-27,1,0.65,316.0860041724473,164.0,mist+ACI
36,2024-04-27,2024-04-27,1,0.7,325.37026955908294,164.0,mist+ACI
36,2024-04-27,2024-04-27,1,0.75,339.8641828962826,164.0,mist+ACI
36,2024-04-27,2024-04-27,1,0.8,367.99899291992193,164.0,mist+ACI
36,2024-04-27,2024-04-27,1,0.85,478.2436406813953,164.0,mist+ACI
36,2024-04-27,2024-04-27,1,0.9,562.7998946465655,164.0,mist+ACI
36,2024-04-27,2024-04-27,1,0.95,939.8802991234061,164.0,mist+ACI
36,2024-04-27,2024-04-27,1,0.975,989.978866431597,164.0,mist+ACI
36,2024-04-27,2024-04-27,1,0.99,2307.9196946062857,164.0,mist+ACI
36,2024-04-27,2024-05-04,2,0.01,0.0,132.0,mist+ACI
36,2024-04-27,2024-05-04,2,0.025,1.4879535708006415,132.0,mist+ACI
36,2024-04-27,2024-05-04,2,0.05,70.53398791658208,132.0,mist+ACI
36,2024-04-27,2024-05-04,2,0.1,75.62267551890784,132.0,mist+ACI
36,2024-04-27,2024-05-04,2,0.15,134.7931412633468,132.0,mist+ACI
36,2024-04-27,2024-05-04,2,0.2,208.48695234885656,132.0,mist+ACI
36,2024-04-27,2024-05-04,2,0.25,273.05548107965274,132.0,mist+ACI
36,2024-04-27,2024-05-04,2,0.3,295.3530671760141,132.0,mist+ACI
36,2024-04-27,2024-05-04,2,0.35,298.0918975419819,132.0,mist+ACI
36,2024-04-27,2024-05-04,2,0.4,298.2173589532246,132.0,mist+ACI
36,2024-04-27,2024-05-04,2,0.45,298.4209763227869,132.0,mist+ACI
36,2024-04-27,2024-05-04,2,0.5,298.4500732421875,132.0,mist+ACI
36,2024-04-27,2024-05-04,2,0.55,299.9137720434701,132.0,mist+ACI
36,2024-04-27,2024-05-04,2,0.6,304.0491435575307,132.0,mist+ACI
36,2024-04-27,2024-05-04,2,0.65,308.0648411371045,132.0,mist+ACI
36,2024-04-27,2024-05-04,2,0.7,314.8203535998201,132.0,mist+ACI
36,2024-04-27,2024-05-04,2,0.75,337.8980825678228,132.0,mist+ACI
36,2024-04-27,2024-05-04,2,0.8,376.115203857422,132.0,mist+ACI
36,2024-04-27,2024-05-04,2,0.85,421.8527314704761,132.0,mist+ACI
36,2024-04-27,2024-05-04,2,0.9,519.9129026778207,132.0,mist+ACI
36,2024-04-27,2024-05-04,2,0.95,796.1079043632523,132.0,mist+ACI
36,2024-04-27,2024-05-04,2,0.975,847.2388144650478,132.0,mist+ACI
36,2024-04-27,2024-05-04,2,0.99,1774.1358299866306,132.0,mist+ACI
36,2024-04-27,2024-05-11,3,0.01,0.0,52.0,mist+ACI
36,2024-04-27,2024-05-11,3,0.025,0.0,52.0,mist+ACI
36,2024-04-27,2024-05-11,3,0.05,46.16213356355465,52.0,mist+ACI
36,2024-04-27,2024-05-11,3,0.1,106.40439370848526,52.0,mist+ACI
36,2024-04-27,2024-05-11,3,0.15,134.9370616367248,52.0,mist+ACI
36,2024-04-27,2024-05-11,3,0.2,208.57570137204047,52.0,mist+ACI
36,2024-04-27,2024-05-11,3,0.25,268.64847892771877,52.0,mist+ACI
36,2024-04-27,2024-05-11,3,0.3,292.0519575421985,52.0,mist+ACI
36,2024-04-27,2024-05-11,3,0.35,295.2528889225039,52.0,mist+ACI
36,2024-04-27,2024-05-11,3,0.4,295.4554204764251,52.0,mist+ACI
36,2024-04-27,2024-05-11,3,0.45,295.502351036417,52.0,mist+ACI
36,2024-04-27,2024-05-11,3,0.5,295.50286865234375,52.0,mist+ACI
36,2024-04-27,2024-05-11,3,0.55,296.99333079346206,52.0,mist+ACI
36,2024-04-27,2024-05-11,3,0.6,297.7639953912014,52.0,mist+ACI
36,2024-04-27,2024-05-11,3,0.65,298.8038554418046,52.0,mist+ACI
36,2024-04-27,2024-05-11,3,0.7,302.88013632295963,52.0,mist+ACI
36,2024-04-27,2024-05-11,3,0.75,309.1110201874092,52.0,mist+ACI
36,2024-04-27,2024-05-11,3,0.8,316.10760498046875,52.0,mist+ACI
36,2024-04-27,2024-05-11,3,0.85,343.405423826159,52.0,mist+ACI
36,2024-04-27,2024-05-11,3,0.9,443.27784271236493,52.0,mist+ACI
36,2024-04-27,2024-05-11,3,0.95,668.2102353805257,52.0,mist+ACI
36,2024-04-27,2024-05-11,3,0.975,719.2776548449435,52.0,mist+ACI
36,2024-04-27,2024-05-11,3,0.99,2034.8915847577955,52.0,mist+ACI
36,2024-04-27,2024-05-18,4,0.01,0.0,28.0,mist+ACI
36,2024-04-27,2024-05-18,4,0.025,0.0,28.0,mist+ACI
36,2024-04-27,2024-05-18,4,0.05,19.27422450877711,28.0,mist+ACI
36,2024-04-27,2024-05-18,4,0.1,121.80531999371172,28.0,mist+ACI
36,2024-04-27,2024-05-18,4,0.15,143.43282377451962,28.0,mist+ACI
36,2024-04-27,2024-05-18,4,0.2,178.45756689576427,28.0,mist+ACI
36,2024-04-27,2024-05-18,4,0.25,262.5931832945653,28.0,mist+ACI
36,2024-04-27,2024-05-18,4,0.3,273.7157626132532,28.0,mist+ACI
36,2024-04-27,2024-05-18,4,0.35,274.99268236832495,28.0,mist+ACI
36,2024-04-27,2024-05-18,4,0.4,275.08210112022397,28.0,mist+ACI
36,2024-04-27,2024-05-18,4,0.45,275.19024175734177,28.0,mist+ACI
36,2024-04-27,2024-05-18,4,0.5,275.20867919921875,28.0,mist+ACI
36,2024-04-27,2024-05-18,4,0.55,277.63502221846215,28.0,mist+ACI
36,2024-04-27,2024-05-18,4,0.6,279.92825574818204,28.0,mist+ACI
36,2024-04-27,2024-05-18,4,0.65,281.10061421229256,28.0,mist+ACI
36,2024-04-27,2024-05-18,4,0.7,286.2051557381626,28.0,mist+ACI
36,2024-04-27,2024-05-18,4,0.75,298.1361990094821,28.0,mist+ACI
36,2024-04-27,2024-05-18,4,0.8,325.83187866210943,28.0,mist+ACI
36,2024-04-27,2024-05-18,4,0.85,357.896132574432,28.0,mist+ACI
36,2024-04-27,2024-05-18,4,0.9,407.5953475964915,28.0,mist+ACI
36,2024-04-27,2024-05-18,4,0.95,633.1720269835288,28.0,mist+ACI
36,2024-04-27,2024-05-18,4,0.975,1120.0977112697867,28.0,mist+ACI
36,2024-04-27,2024-05-18,4,0.99,2089.674296969748,28.0,mist+ACI
