location,forecast_date,reference_date,horizon,quantile,pred,y_true,model
US,2023-11-04,2023-11-04,1,0.01,483.9651184082031,2010.0,mist
US,2023-11-04,2023-11-04,1,0.025,883.7372436523438,2010.0,mist
US,2023-11-04,2023-11-04,1,0.05,896.049560546875,2010.0,mist
US,2023-11-04,2023-11-04,1,0.1,1030.31591796875,2010.0,mist
US,2023-11-04,2023-11-04,1,0.15,1089.1502685546875,2010.0,mist
US,2023-11-04,2023-11-04,1,0.2,1159.3212890625,2010.0,mist
US,2023-11-04,2023-11-04,1,0.25,1242.804443359375,2010.0,mist
US,2023-11-04,2023-11-04,1,0.3,1250.927978515625,2010.0,mist
US,2023-11-04,2023-11-04,1,0.35,1343.384765625,2010.0,mist
US,2023-11-04,2023-11-04,1,0.4,1367.038818359375,2010.0,mist
US,2023-11-04,2023-11-04,1,0.45,1384.186767578125,2010.0,mist
US,2023-11-04,2023-11-04,1,0.5,1501.4501953125,2010.0,mist
US,2023-11-04,2023-11-04,1,0.55,1564.580810546875,2010.0,mist
US,2023-11-04,2023-11-04,1,0.6,1616.7510986328125,2010.0,mist
US,2023-11-04,2023-11-04,1,0.65,1660.219482421875,2010.0,mist
US,2023-11-04,2023-11-04,1,0.7,1684.275390625,2010.0,mist
US,2023-11-04,2023-11-04,1,0.75,1790.4931640625,2010.0,mist
US,2023-11-04,2023-11-04,1,0.8,1950.806640625,2010.0,mist
US,2023-11-04,2023-11-04,1,0.85,2019.894287109375,2010.0,mist
US,2023-11-04,2023-11-04,1,0.9,2157.900634765625,2010.0,mist
US,2023-11-04,2023-11-04,1,0.95,2328.95751953125,2010.0,mist
US,2023-11-04,2023-11-04,1,0.975,2587.041015625,2010.0,mist
US,2023-11-04,2023-11-04,1,0.99,2647.59521484375,2010.0,mist
US,2023-11-04,2023-11-11,2,0.01,529.194580078125,2776.0,mist
US,2023-11-04,2023-11-11,2,0.025,536.063232421875,2776.0,mist
US,2023-11-04,2023-11-11,2,0.05,952.3716430664062,2776.0,mist
US,2023-11-04,2023-11-11,2,0.1,1207.5184326171875,2776.0,mist
US,2023-11-04,2023-11-11,2,0.15,1231.8653564453125,2776.0,mist
US,2023-11-04,2023-11-11,2,0.2,1352.7310791015625,2776.0,mist
US,2023-11-04,2023-11-11,2,0.25,1397.3330078125,2776.0,mist
US,2023-11-04,2023-11-11,2,0.3,1519.14404296875,2776.0,mist
US,2023-11-04,2023-11-11,2,0.35,1630.2626953125,2776.0,mist
US,2023-11-04,2023-11-11,2,0.4,1630.8228759765625,2776.0,mist
US,2023-11-04,2023-11-11,2,0.45,1708.095458984375,2776.0,mist
US,2023-11-04,2023-11-11,2,0.5,1789.4422607421875,2776.0,mist
US,2023-11-04,2023-11-11,2,0.55,1812.81298828125,2776.0,mist
US,2023-11-04,2023-11-11,2,0.6,1946.3782958984375,2776.0,mist
US,2023-11-04,2023-11-11,2,0.65,1991.2803955078125,2776.0,mist
US,2023-11-04,2023-11-11,2,0.7,2074.037109375,2776.0,mist
US,2023-11-04,2023-11-11,2,0.75,2247.77294921875,2776.0,mist
US,2023-11-04,2023-11-11,2,0.8,2343.148193359375,2776.0,mist
US,2023-11-04,2023-11-11,2,0.85,2487.39697265625,2776.0,mist
US,2023-11-04,2023-11-11,2,0.9,2788.890380859375,2776.0,mist
US,2023-11-04,2023-11-11,2,0.95,3119.4208984375,2776.0,mist
US,2023-11-04,2023-11-11,2,0.975,3387.62060546875,2776.0,mist
US,2023-11-04,2023-11-11,2,0.99,3493.5302734375,2776.0,mist
US,2023-11-04,2023-11-18,3,0.01,507.45904541015625,3493.0,mist
US,2023-11-04,2023-11-18,3,0.025,674.4376220703125,3493.0,mist
US,2023-11-04,2023-11-18,3,0.05,1091.1566162109375,3493.0,mist
US,2023-11-04,2023-11-18,3,0.1,1297.4844970703125,3493.0,mist
US,2023-11-04,2023-11-18,3,0.15,1387.71337890625,3493.0,mist
US,2023-11-04,2023-11-18,3,0.2,1500.7044677734375,3493.0,mist
US,2023-11-04,2023-11-18,3,0.25,1600.4041748046875,3493.0,mist
US,2023-11-04,2023-11-18,3,0.3,1670.7774658203125,3493.0,mist
US,2023-11-04,2023-11-18,3,0.35,1799.526611328125,3493.0,mist
US,2023-11-04,2023-11-18,3,0.4,1885.979248046875,3493.0,mist
US,2023-11-04,2023-11-18,3,0.45,1985.0367431640625,3493.0,mist
US,2023-11-04,2023-11-18,3,0.5,2085.722412109375,3493.0,mist
US,2023-11-04,2023-11-18,3,0.55,2189.6298828125,3493.0,mist
US,2023-11-04,2023-11-18,3,0.6,2366.7099609375,3493.0,mist
US,2023-11-04,2023-11-18,3,0.65,2419.766357421875,3493.0,mist
US,2023-11-04,2023-11-18,3,0.7,2625.80908203125,3493.0,mist
US,2023-11-04,2023-11-18,3,0.75,2813.8310546875,3493.0,mist
US,2023-11-04,2023-11-18,3,0.8,3024.536376953125,3493.0,mist
US,2023-11-04,2023-11-18,3,0.85,3365.155029296875,3493.0,mist
US,2023-11-04,2023-11-18,3,0.9,3714.578857421875,3493.0,mist
US,2023-11-04,2023-11-18,3,0.95,4272.32275390625,3493.0,mist
US,2023-11-04,2023-11-18,3,0.975,4382.7119140625,3493.0,mist
US,2023-11-04,2023-11-18,3,0.99,4503.39990234375,3493.0,mist
US,2023-11-04,2023-11-25,4,0.01,364.0115966796875,4381.0,mist
US,2023-11-04,2023-11-25,4,0.025,707.2183227539062,4381.0,mist
US,2023-11-04,2023-11-25,4,0.05,983.3405151367188,4381.0,mist
US,2023-11-04,2023-11-25,4,0.1,1220.791015625,4381.0,mist
US,2023-11-04,2023-11-25,4,0.15,1344.1624755859375,4381.0,mist
US,2023-11-04,2023-11-25,4,0.2,1567.61669921875,4381.0,mist
US,2023-11-04,2023-11-25,4,0.25,1638.861572265625,4381.0,mist
US,2023-11-04,2023-11-25,4,0.3,1763.60791015625,4381.0,mist
US,2023-11-04,2023-11-25,4,0.35,1884.087646484375,4381.0,mist
US,2023-11-04,2023-11-25,4,0.4,2110.370849609375,4381.0,mist
US,2023-11-04,2023-11-25,4,0.45,2217.65771484375,4381.0,mist
US,2023-11-04,2023-11-25,4,0.5,2381.398193359375,4381.0,mist
US,2023-11-04,2023-11-25,4,0.55,2593.263916015625,4381.0,mist
US,2023-11-04,2023-11-25,4,0.6,2775.53125,4381.0,mist
US,2023-11-04,2023-11-25,4,0.65,2950.5302734375,4381.0,mist
US,2023-11-04,2023-11-25,4,0.7,3234.391357421875,4381.0,mist
US,2023-11-04,2023-11-25,4,0.75,3422.117919921875,4381.0,mist
US,2023-11-04,2023-11-25,4,0.8,3932.94921875,4381.0,mist
US,2023-11-04,2023-11-25,4,0.85,4197.861328125,4381.0,mist
US,2023-11-04,2023-11-25,4,0.9,4404.9091796875,4381.0,mist
US,2023-11-04,2023-11-25,4,0.95,4772.4853515625,4381.0,mist
US,2023-11-04,2023-11-25,4,0.975,5059.3779296875,4381.0,mist
US,2023-11-04,2023-11-25,4,0.99,5570.548828125,4381.0,mist
US,2023-11-11,2023-11-11,1,0.01,439.09576416015625,2776.0,mist
US,2023-11-11,2023-11-11,1,0.025,1022.3180541992188,2776.0,mist
US,2023-11-11,2023-11-11,1,0.05,1030.4176025390625,2776.0,mist
US,2023-11-11,2023-11-11,1,0.1,1263.895751953125,2776.0,mist
US,2023-11-11,2023-11-11,1,0.15,1307.31591796875,2776.0,mist
US,2023-11-11,2023-11-11,1,0.2,1434.8382568359375,2776.0,mist
US,2023-11-11,2023-11-11,1,0.25,1546.744384765625,2776.0,mist
US,2023-11-11,2023-11-11,1,0.3,1567.54736328125,2776.0,mist
US,2023-11-11,2023-11-11,1,0.35,1704.9205322265625,2776.0,mist
US,2023-11-11,2023-11-11,1,0.4,1752.349853515625,2776.0,mist
US,2023-11-11,2023-11-11,1,0.45,1761.183837890625,2776.0,mist
US,2023-11-11,2023-11-11,1,0.5,1918.2830810546875,2776.0,mist
US,2023-11-11,2023-11-11,1,0.55,2021.805419921875,2776.0,mist
US,2023-11-11,2023-11-11,1,0.6,2104.591796875,2776.0,mist
US,2023-11-11,2023-11-11,1,0.65,2155.7578125,2776.0,mist
US,2023-11-11,2023-11-11,1,0.7,2209.982421875,2776.0,mist
US,2023-11-11,2023-11-11,1,0.75,2368.416015625,2776.0,mist
US,2023-11-11,2023-11-11,1,0.8,2576.9228515625,2776.0,mist
US,2023-11-11,2023-11-11,1,0.85,2710.026611328125,2776.0,mist
US,2023-11-11,2023-11-11,1,0.9,2911.96337890625,2776.0,mist
US,2023-11-11,2023-11-11,1,0.95,3186.738037109375,2776.0,mist
US,2023-11-11,2023-11-11,1,0.975,3584.240478515625,2776.0,mist
US,2023-11-11,2023-11-11,1,0.99,3645.01171875,2776.0,mist
US,2023-11-11,2023-11-18,2,0.01,440.88446044921875,3493.0,mist
US,2023-11-11,2023-11-18,2,0.025,489.10833740234375,3493.0,mist
US,2023-11-11,2023-11-18,2,0.05,1137.98388671875,3493.0,mist
US,2023-11-11,2023-11-18,2,0.1,1525.326171875,3493.0,mist
US,2023-11-11,2023-11-18,2,0.15,1527.017578125,3493.0,mist
US,2023-11-11,2023-11-18,2,0.2,1737.602783203125,3493.0,mist
US,2023-11-11,2023-11-18,2,0.25,1806.967529296875,3493.0,mist
US,2023-11-11,2023-11-18,2,0.3,1977.0380859375,3493.0,mist
US,2023-11-11,2023-11-18,2,0.35,2147.13818359375,3493.0,mist
US,2023-11-11,2023-11-18,2,0.4,2157.316650390625,3493.0,mist
US,2023-11-11,2023-11-18,2,0.45,2268.5224609375,3493.0,mist
US,2023-11-11,2023-11-18,2,0.5,2442.8671875,3493.0,mist
US,2023-11-11,2023-11-18,2,0.55,2452.482421875,3493.0,mist
US,2023-11-11,2023-11-18,2,0.6,2645.53662109375,3493.0,mist
US,2023-11-11,2023-11-18,2,0.65,2731.5380859375,3493.0,mist
US,2023-11-11,2023-11-18,2,0.7,2864.267578125,3493.0,mist
US,2023-11-11,2023-11-18,2,0.75,3126.971435546875,3493.0,mist
US,2023-11-11,2023-11-18,2,0.8,3266.8955078125,3493.0,mist
US,2023-11-11,2023-11-18,2,0.85,3497.471923828125,3493.0,mist
US,2023-11-11,2023-11-18,2,0.9,3943.985595703125,3493.0,mist
US,2023-11-11,2023-11-18,2,0.95,4465.24951171875,3493.0,mist
US,2023-11-11,2023-11-18,2,0.975,4850.2255859375,3493.0,mist
US,2023-11-11,2023-11-18,2,0.99,5064.1279296875,3493.0,mist
US,2023-11-11,2023-11-25,3,0.01,438.162353515625,4381.0,mist
US,2023-11-11,2023-11-25,3,0.025,729.272705078125,4381.0,mist
US,2023-11-11,2023-11-25,3,0.05,1337.954833984375,4381.0,mist
US,2023-11-11,2023-11-25,3,0.1,1668.470458984375,4381.0,mist
US,2023-11-11,2023-11-25,3,0.15,1811.9715576171875,4381.0,mist
US,2023-11-11,2023-11-25,3,0.2,1968.1683349609375,4381.0,mist
US,2023-11-11,2023-11-25,3,0.25,2157.54150390625,4381.0,mist
US,2023-11-11,2023-11-25,3,0.3,2248.201171875,4381.0,mist
US,2023-11-11,2023-11-25,3,0.35,2440.1689453125,4381.0,mist
US,2023-11-11,2023-11-25,3,0.4,2583.26171875,4381.0,mist
US,2023-11-11,2023-11-25,3,0.45,2747.66015625,4381.0,mist
US,2023-11-11,2023-11-25,3,0.5,2920.7607421875,4381.0,mist
US,2023-11-11,2023-11-25,3,0.55,3081.096435546875,4381.0,mist
US,2023-11-11,2023-11-25,3,0.6,3342.335205078125,4381.0,mist
US,2023-11-11,2023-11-25,3,0.65,3429.733642578125,4381.0,mist
US,2023-11-11,2023-11-25,3,0.7,3766.30126953125,4381.0,mist
US,2023-11-11,2023-11-25,3,0.75,4014.435791015625,4381.0,mist
US,2023-11-11,2023-11-25,3,0.8,4372.06689453125,4381.0,mist
US,2023-11-11,2023-11-25,3,0.85,4865.0859375,4381.0,mist
US,2023-11-11,2023-11-25,3,0.9,5380.5517578125,4381.0,mist
US,2023-11-11,2023-11-25,3,0.95,6295.99951171875,4381.0,mist
US,2023-11-11,2023-11-25,3,0.975,6425.88525390625,4381.0,mist
US,2023-11-11,2023-11-25,3,0.99,6628.66259765625,4381.0,mist
US,2023-11-11,2023-12-02,4,0.01,247.3082275390625,5948.0,mist
US,2023-11-11,2023-12-02,4,0.025,739.17626953125,5948.0,mist
US,2023-11-11,2023-12-02,4,0.05,1214.8974609375,5948.0,mist
US,2023-11-11,2023-12-02,4,0.1,1552.8154296875,5948.0,mist
US,2023-11-11,2023-12-02,4,0.15,1758.696044921875,5948.0,mist
US,2023-11-11,2023-12-02,4,0.2,2069.22705078125,5948.0,mist
US,2023-11-11,2023-12-02,4,0.25,2212.683837890625,5948.0,mist
US,2023-11-11,2023-12-02,4,0.3,2426.7646484375,5948.0,mist
US,2023-11-11,2023-12-02,4,0.35,2599.91064453125,5948.0,mist
US,2023-11-11,2023-12-02,4,0.4,2968.74169921875,5948.0,mist
US,2023-11-11,2023-12-02,4,0.45,3123.5712890625,5948.0,mist
US,2023-11-11,2023-12-02,4,0.5,3340.257568359375,5948.0,mist
US,2023-11-11,2023-12-02,4,0.55,3717.375732421875,5948.0,mist
US,2023-11-11,2023-12-02,4,0.6,4027.862060546875,5948.0,mist
US,2023-11-11,2023-12-02,4,0.65,4304.28271484375,5948.0,mist
US,2023-11-11,2023-12-02,4,0.7,4737.07421875,5948.0,mist
US,2023-11-11,2023-12-02,4,0.75,5017.4462890625,5948.0,mist
US,2023-11-11,2023-12-02,4,0.8,5794.45068359375,5948.0,mist
US,2023-11-11,2023-12-02,4,0.85,6201.08935546875,5948.0,mist
US,2023-11-11,2023-12-02,4,0.9,6529.61572265625,5948.0,mist
US,2023-11-11,2023-12-02,4,0.95,6990.00830078125,5948.0,mist
US,2023-11-11,2023-12-02,4,0.975,7494.97802734375,5948.0,mist
US,2023-11-11,2023-12-02,4,0.99,8243.4619140625,5948.0,mist
US,2023-11-18,2023-11-18,1,0.01,316.63616943359375,3493.0,mist
US,2023-11-18,2023-11-18,1,0.025,1206.650390625,3493.0,mist
US,2023-11-18,2023-11-18,1,0.05,1210.875,3493.0,mist
US,2023-11-18,2023-11-18,1,0.1,1609.1046142578125,3493.0,mist
US,2023-11-18,2023-11-18,1,0.15,1644.7855224609375,3493.0,mist
US,2023-11-18,2023-11-18,1,0.2,1860.0576171875,3493.0,mist
US,2023-11-18,2023-11-18,1,0.25,2040.8931884765625,3493.0,mist
US,2023-11-18,2023-11-18,1,0.3,2075.74462890625,3493.0,mist
US,2023-11-18,2023-11-18,1,0.35,2281.4111328125,3493.0,mist
US,2023-11-18,2023-11-18,1,0.4,2384.56591796875,3493.0,mist
US,2023-11-18,2023-11-18,1,0.45,2387.23681640625,3493.0,mist
US,2023-11-18,2023-11-18,1,0.5,2618.49072265625,3493.0,mist
US,2023-11-18,2023-11-18,1,0.55,2791.14697265625,3493.0,mist
US,2023-11-18,2023-11-18,1,0.6,2912.3955078125,3493.0,mist
US,2023-11-18,2023-11-18,1,0.65,2990.189453125,3493.0,mist
US,2023-11-18,2023-11-18,1,0.7,3078.1669921875,3493.0,mist
US,2023-11-18,2023-11-18,1,0.75,3323.33740234375,3493.0,mist
US,2023-11-18,2023-11-18,1,0.8,3626.605712890625,3493.0,mist
US,2023-11-18,2023-11-18,1,0.85,3879.691650390625,3493.0,mist
US,2023-11-18,2023-11-18,1,0.9,4196.291015625,3493.0,mist
US,2023-11-18,2023-11-18,1,0.95,4652.357421875,3493.0,mist
US,2023-11-18,2023-11-18,1,0.975,5303.53564453125,3493.0,mist
US,2023-11-18,2023-11-18,1,0.99,5369.0986328125,3493.0,mist
US,2023-11-18,2023-11-25,2,0.01,219.61187744140625,4381.0,mist
US,2023-11-18,2023-11-25,2,0.025,360.04241943359375,4381.0,mist
US,2023-11-18,2023-11-25,2,0.05,1434.73193359375,4381.0,mist
US,2023-11-18,2023-11-25,2,0.1,2016.62646484375,4381.0,mist
US,2023-11-18,2023-11-25,2,0.15,2041.137451171875,4381.0,mist
US,2023-11-18,2023-11-25,2,0.2,2361.50146484375,4381.0,mist
US,2023-11-18,2023-11-25,2,0.25,2479.9560546875,4381.0,mist
US,2023-11-18,2023-11-25,2,0.3,2735.906982421875,4381.0,mist
US,2023-11-18,2023-11-25,2,0.35,2998.30712890625,4381.0,mist
US,2023-11-18,2023-11-25,2,0.4,3034.086669921875,4381.0,mist
US,2023-11-18,2023-11-25,2,0.45,3218.827880859375,4381.0,mist
US,2023-11-18,2023-11-25,2,0.5,3491.282958984375,4381.0,mist
US,2023-11-18,2023-11-25,2,0.55,3544.629150390625,4381.0,mist
US,2023-11-18,2023-11-25,2,0.6,3828.378173828125,4381.0,mist
US,2023-11-18,2023-11-25,2,0.65,3958.21435546875,4381.0,mist
US,2023-11-18,2023-11-25,2,0.7,4193.3837890625,4381.0,mist
US,2023-11-18,2023-11-25,2,0.75,4619.97265625,4381.0,mist
US,2023-11-18,2023-11-25,2,0.8,4857.3232421875,4381.0,mist
US,2023-11-18,2023-11-25,2,0.85,5209.640625,4381.0,mist
US,2023-11-18,2023-11-25,2,0.9,5891.8662109375,4381.0,mist
US,2023-11-18,2023-11-25,2,0.95,6760.24560546875,4381.0,mist
US,2023-11-18,2023-11-25,2,0.975,7345.607421875,4381.0,mist
US,2023-11-18,2023-11-25,2,0.99,7739.60546875,4381.0,mist
US,2023-11-18,2023-12-02,3,0.01,279.7801513671875,5948.0,mist
US,2023-11-18,2023-12-02,3,0.025,793.7886962890625,5948.0,mist
US,2023-11-18,2023-12-02,3,0.05,1706.76220703125,5948.0,mist
US,2023-11-18,2023-12-02,3,0.1,2235.517578125,5948.0,mist
US,2023-11-18,2023-12-02,3,0.15,2495.8291015625,5948.0,mist
US,2023-11-18,2023-12-02,3,0.2,2755.067138671875,5948.0,mist
US,2023-11-18,2023-12-02,3,0.25,3077.74951171875,5948.0,mist
US,2023-11-18,2023-12-02,3,0.3,3194.4052734375,5948.0,mist
US,2023-11-18,2023-12-02,3,0.35,3523.07666015625,5948.0,mist
US,2023-11-18,2023-12-02,3,0.4,3756.43896484375,5948.0,mist
US,2023-11-18,2023-12-02,3,0.45,4030.18359375,5948.0,mist
US,2023-11-18,2023-12-02,3,0.5,4312.58447265625,5948.0,mist
US,2023-11-18,2023-12-02,3,0.55,4569.9248046875,5948.0,mist
US,2023-11-18,2023-12-02,3,0.6,4979.0234375,5948.0,mist
US,2023-11-18,2023-12-02,3,0.65,5136.16162109375,5948.0,mist
US,2023-11-18,2023-12-02,3,0.7,5670.0361328125,5948.0,mist
US,2023-11-18,2023-12-02,3,0.75,6041.0888671875,5948.0,mist
US,2023-11-18,2023-12-02,3,0.8,6648.50390625,5948.0,mist
US,2023-11-18,2023-12-02,3,0.85,7417.326171875,5948.0,mist
US,2023-11-18,2023-12-02,3,0.9,8211.6171875,5948.0,mist
US,2023-11-18,2023-12-02,3,0.95,9741.37109375,5948.0,mist
US,2023-11-18,2023-12-02,3,0.975,9913.2548828125,5948.0,mist
US,2023-11-18,2023-12-02,3,0.99,10271.1064453125,5948.0,mist
US,2023-11-18,2023-12-09,4,0.01,0.0,7474.0,mist
US,2023-11-18,2023-12-09,4,0.025,758.824951171875,7474.0,mist
US,2023-11-18,2023-12-09,4,0.05,1579.32177734375,7474.0,mist
US,2023-11-18,2023-12-09,4,0.1,2085.404296875,7474.0,mist
US,2023-11-18,2023-12-09,4,0.15,2419.87060546875,7474.0,mist
US,2023-11-18,2023-12-09,4,0.2,2896.21826171875,7474.0,mist
US,2023-11-18,2023-12-09,4,0.25,3160.51611328125,7474.0,mist
US,2023-11-18,2023-12-09,4,0.3,3515.947998046875,7474.0,mist
US,2023-11-18,2023-12-09,4,0.35,3794.339111328125,7474.0,mist
US,2023-11-18,2023-12-09,4,0.4,4387.62890625,7474.0,mist
US,2023-11-18,2023-12-09,4,0.45,4622.2265625,7474.0,mist
US,2023-11-18,2023-12-09,4,0.5,4963.91796875,7474.0,mist
US,2023-11-18,2023-12-09,4,0.55,5605.32421875,7474.0,mist
US,2023-11-18,2023-12-09,4,0.6,6114.9453125,7474.0,mist
US,2023-11-18,2023-12-09,4,0.65,6579.96142578125,7474.0,mist
US,2023-11-18,2023-12-09,4,0.7,7259.35302734375,7474.0,mist
US,2023-11-18,2023-12-09,4,0.75,7714.01904296875,7474.0,mist
US,2023-11-18,2023-12-09,4,0.8,8949.416015625,7474.0,mist
US,2023-11-18,2023-12-09,4,0.85,9637.9453125,7474.0,mist
US,2023-11-18,2023-12-09,4,0.9,10151.919921875,7474.0,mist
US,2023-11-18,2023-12-09,4,0.95,10762.2529296875,7474.0,mist
US,2023-11-18,2023-12-09,4,0.975,11639.892578125,7474.0,mist
US,2023-11-18,2023-12-09,4,0.99,12818.685546875,7474.0,mist
US,2023-11-25,2023-11-25,1,0.01,376.27032470703125,4381.0,mist
US,2023-11-25,2023-11-25,1,0.025,1660.8900146484375,4381.0,mist
US,2023-11-25,2023-11-25,1,0.05,1699.979248046875,4381.0,mist
US,2023-11-25,2023-11-25,1,0.1,2316.081298828125,4381.0,mist
US,2023-11-25,2023-11-25,1,0.15,2365.49560546875,4381.0,mist
US,2023-11-25,2023-11-25,1,0.2,2720.33837890625,4381.0,mist
US,2023-11-25,2023-11-25,1,0.25,2967.229248046875,4381.0,mist
US,2023-11-25,2023-11-25,1,0.3,3022.95166015625,4381.0,mist
US,2023-11-25,2023-11-25,1,0.35,3367.6181640625,4381.0,mist
US,2023-11-25,2023-11-25,1,0.4,3500.527099609375,4381.0,mist
US,2023-11-25,2023-11-25,1,0.45,3523.789794921875,4381.0,mist
US,2023-11-25,2023-11-25,1,0.5,3827.13916015625,4381.0,mist
US,2023-11-25,2023-11-25,1,0.55,4154.74462890625,4381.0,mist
US,2023-11-25,2023-11-25,1,0.6,4363.078125,4381.0,mist
US,2023-11-25,2023-11-25,1,0.65,4416.6865234375,4381.0,mist
US,2023-11-25,2023-11-25,1,0.7,4609.76953125,4381.0,mist
US,2023-11-25,2023-11-25,1,0.75,4958.66015625,4381.0,mist
US,2023-11-25,2023-11-25,1,0.8,5373.5166015625,4381.0,mist
US,2023-11-25,2023-11-25,1,0.85,5834.802734375,4381.0,mist
US,2023-11-25,2023-11-25,1,0.9,6305.17822265625,4381.0,mist
US,2023-11-25,2023-11-25,1,0.95,7047.88232421875,4381.0,mist
US,2023-11-25,2023-11-25,1,0.975,8069.50927734375,4381.0,mist
US,2023-11-25,2023-11-25,1,0.99,8132.9892578125,4381.0,mist
US,2023-11-25,2023-12-02,2,0.01,32.4912109375,5948.0,mist
US,2023-11-25,2023-12-02,2,0.025,334.9586181640625,5948.0,mist
US,2023-11-25,2023-12-02,2,0.05,2098.783447265625,5948.0,mist
US,2023-11-25,2023-12-02,2,0.1,2957.97314453125,5948.0,mist
US,2023-11-25,2023-12-02,2,0.15,3064.15625,5948.0,mist
US,2023-11-25,2023-12-02,2,0.2,3567.800048828125,5948.0,mist
US,2023-11-25,2023-12-02,2,0.25,3762.578369140625,5948.0,mist
US,2023-11-25,2023-12-02,2,0.3,4114.654296875,5948.0,mist
US,2023-11-25,2023-12-02,2,0.35,4547.0048828125,5948.0,mist
US,2023-11-25,2023-12-02,2,0.4,4609.6494140625,5948.0,mist
US,2023-11-25,2023-12-02,2,0.45,4919.66015625,5948.0,mist
US,2023-11-25,2023-12-02,2,0.5,5406.54296875,5948.0,mist
US,2023-11-25,2023-12-02,2,0.55,5537.095703125,5948.0,mist
US,2023-11-25,2023-12-02,2,0.6,5901.2060546875,5948.0,mist
US,2023-11-25,2023-12-02,2,0.65,6156.53173828125,5948.0,mist
US,2023-11-25,2023-12-02,2,0.7,6562.634765625,5948.0,mist
US,2023-11-25,2023-12-02,2,0.75,7233.61962890625,5948.0,mist
US,2023-11-25,2023-12-02,2,0.8,7616.29638671875,5948.0,mist
US,2023-11-25,2023-12-02,2,0.85,8193.677734375,5948.0,mist
US,2023-11-25,2023-12-02,2,0.9,9227.8046875,5948.0,mist
US,2023-11-25,2023-12-02,2,0.95,10682.3896484375,5948.0,mist
US,2023-11-25,2023-12-02,2,0.975,11454.86328125,5948.0,mist
US,2023-11-25,2023-12-02,2,0.99,12264.224609375,5948.0,mist
US,2023-11-25,2023-12-09,3,0.01,192.580078125,7474.0,mist
US,2023-11-25,2023-12-09,3,0.025,1104.572509765625,7474.0,mist
US,2023-11-25,2023-12-09,3,0.05,2518.4140625,7474.0,mist
US,2023-11-25,2023-12-09,3,0.1,3413.368408203125,7474.0,mist
US,2023-11-25,2023-12-09,3,0.15,3817.051513671875,7474.0,mist
US,2023-11-25,2023-12-09,3,0.2,4223.05078125,7474.0,mist
US,2023-11-25,2023-12-09,3,0.25,4788.5390625,7474.0,mist
US,2023-11-25,2023-12-09,3,0.3,4961.12109375,7474.0,mist
US,2023-11-25,2023-12-09,3,0.35,5493.36474609375,7474.0,mist
US,2023-11-25,2023-12-09,3,0.4,5904.93505859375,7474.0,mist
US,2023-11-25,2023-12-09,3,0.45,6376.2802734375,7474.0,mist
US,2023-11-25,2023-12-09,3,0.5,6862.49560546875,7474.0,mist
US,2023-11-25,2023-12-09,3,0.55,7298.70361328125,7474.0,mist
US,2023-11-25,2023-12-09,3,0.6,7886.97216796875,7474.0,mist
US,2023-11-25,2023-12-09,3,0.65,8210.123046875,7474.0,mist
US,2023-11-25,2023-12-09,3,0.7,9074.451171875,7474.0,mist
US,2023-11-25,2023-12-09,3,0.75,9587.6162109375,7474.0,mist
US,2023-11-25,2023-12-09,3,0.8,10666.72265625,7474.0,mist
US,2023-11-25,2023-12-09,3,0.85,11807.28515625,7474.0,mist
US,2023-11-25,2023-12-09,3,0.9,12976.0537109375,7474.0,mist
US,2023-11-25,2023-12-09,3,0.95,15653.099609375,7474.0,mist
US,2023-11-25,2023-12-09,3,0.975,15785.5732421875,7474.0,mist
US,2023-11-25,2023-12-09,3,0.99,16366.6875,7474.0,mist
US,2023-11-25,2023-12-16,4,0.01,0.0,10286.0,mist
US,2023-11-25,2023-12-16,4,0.025,990.587158203125,10286.0,mist
US,2023-11-25,2023-12-16,4,0.05,2424.482421875,10286.0,mist
US,2023-11-25,2023-12-16,4,0.1,3117.12353515625,10286.0,mist
US,2023-11-25,2023-12-16,4,0.15,3704.77490234375,10286.0,mist
US,2023-11-25,2023-12-16,4,0.2,4439.796875,10286.0,mist
US,2023-11-25,2023-12-16,4,0.25,4968.341796875,10286.0,mist
US,2023-11-25,2023-12-16,4,0.3,5588.0830078125,10286.0,mist
US,2023-11-25,2023-12-16,4,0.35,5950.81396484375,10286.0,mist
US,2023-11-25,2023-12-16,4,0.4,7004.875,10286.0,mist
US,2023-11-25,2023-12-16,4,0.45,7325.41650390625,10286.0,mist
US,2023-11-25,2023-12-16,4,0.5,7822.86865234375,10286.0,mist
US,2023-11-25,2023-12-16,4,0.55,8968.951171875,10286.0,mist
US,2023-11-25,2023-12-16,4,0.6,9827.611328125,10286.0,mist
US,2023-11-25,2023-12-16,4,0.65,10678.2451171875,10286.0,mist
US,2023-11-25,2023-12-16,4,0.7,11728.5244140625,10286.0,mist
US,2023-11-25,2023-12-16,4,0.75,12512.5361328125,10286.0,mist
US,2023-11-25,2023-12-16,4,0.8,14431.68359375,10286.0,mist
US,2023-11-25,2023-12-16,4,0.85,15594.3603515625,10286.0,mist
US,2023-11-25,2023-12-16,4,0.9,16316.55078125,10286.0,mist
US,2023-11-25,2023-12-16,4,0.95,16997.84765625,10286.0,mist
US,2023-11-25,2023-12-16,4,0.975,18656.828125,10286.0,mist
US,2023-11-25,2023-12-16,4,0.99,20375.2734375,10286.0,mist
US,2023-12-02,2023-12-02,1,0.01,38.283203125,5948.0,mist
US,2023-12-02,2023-12-02,1,0.025,1341.0189208984375,5948.0,mist
US,2023-12-02,2023-12-02,1,0.05,1540.026123046875,5948.0,mist
US,2023-12-02,2023-12-02,1,0.1,1782.073486328125,5948.0,mist
US,2023-12-02,2023-12-02,1,0.15,2209.847900390625,5948.0,mist
US,2023-12-02,2023-12-02,1,0.2,2357.39306640625,5948.0,mist
US,2023-12-02,2023-12-02,1,0.25,2646.59765625,5948.0,mist
US,2023-12-02,2023-12-02,1,0.3,2684.93603515625,5948.0,mist
US,2023-12-02,2023-12-02,1,0.35,2974.6962890625,5948.0,mist
US,2023-12-02,2023-12-02,1,0.4,3013.0244140625,5948.0,mist
US,2023-12-02,2023-12-02,1,0.45,3060.63134765625,5948.0,mist
US,2023-12-02,2023-12-02,1,0.5,3521.08544921875,5948.0,mist
US,2023-12-02,2023-12-02,1,0.55,3812.1943359375,5948.0,mist
US,2023-12-02,2023-12-02,1,0.6,3987.1103515625,5948.0,mist
US,2023-12-02,2023-12-02,1,0.65,4060.805908203125,5948.0,mist
US,2023-12-02,2023-12-02,1,0.7,4095.727294921875,5948.0,mist
US,2023-12-02,2023-12-02,1,0.75,4485.17822265625,5948.0,mist
US,2023-12-02,2023-12-02,1,0.8,5111.1572265625,5948.0,mist
US,2023-12-02,2023-12-02,1,0.85,5332.421875,5948.0,mist
US,2023-12-02,2023-12-02,1,0.9,5720.03369140625,5948.0,mist
US,2023-12-02,2023-12-02,1,0.95,6139.82177734375,5948.0,mist
US,2023-12-02,2023-12-02,1,0.975,6963.662109375,5948.0,mist
US,2023-12-02,2023-12-02,1,0.99,7311.10009765625,5948.0,mist
US,2023-12-02,2023-12-09,2,0.01,181.813720703125,7474.0,mist
US,2023-12-02,2023-12-09,2,0.025,236.8160400390625,7474.0,mist
US,2023-12-02,2023-12-09,2,0.05,1614.84423828125,7474.0,mist
US,2023-12-02,2023-12-09,2,0.1,2490.668212890625,7474.0,mist
US,2023-12-02,2023-12-09,2,0.15,2712.28125,7474.0,mist
US,2023-12-02,2023-12-09,2,0.2,3036.473876953125,7474.0,mist
US,2023-12-02,2023-12-09,2,0.25,3045.94189453125,7474.0,mist
US,2023-12-02,2023-12-09,2,0.3,3505.66748046875,7474.0,mist
US,2023-12-02,2023-12-09,2,0.35,3896.135986328125,7474.0,mist
US,2023-12-02,2023-12-09,2,0.4,3991.493408203125,7474.0,mist
US,2023-12-02,2023-12-09,2,0.45,4181.09814453125,7474.0,mist
US,2023-12-02,2023-12-09,2,0.5,4330.798828125,7474.0,mist
US,2023-12-02,2023-12-09,2,0.55,4584.56494140625,7474.0,mist
US,2023-12-02,2023-12-09,2,0.6,4971.1748046875,7474.0,mist
US,2023-12-02,2023-12-09,2,0.65,5032.6943359375,7474.0,mist
US,2023-12-02,2023-12-09,2,0.7,5289.57421875,7474.0,mist
US,2023-12-02,2023-12-09,2,0.75,5958.5888671875,7474.0,mist
US,2023-12-02,2023-12-09,2,0.8,6271.681640625,7474.0,mist
US,2023-12-02,2023-12-09,2,0.85,6623.50146484375,7474.0,mist
US,2023-12-02,2023-12-09,2,0.9,7698.0546875,7474.0,mist
US,2023-12-02,2023-12-09,2,0.95,8746.974609375,7474.0,mist
US,2023-12-02,2023-12-09,2,0.975,9689.7021484375,7474.0,mist
US,2023-12-02,2023-12-09,2,0.99,9968.046875,7474.0,mist
US,2023-12-02,2023-12-16,3,0.01,211.0277099609375,10286.0,mist
US,2023-12-02,2023-12-16,3,0.025,627.7891845703125,10286.0,mist
US,2023-12-02,2023-12-16,3,0.05,2086.195068359375,10286.0,mist
US,2023-12-02,2023-12-16,3,0.1,2777.931640625,10286.0,mist
US,2023-12-02,2023-12-16,3,0.15,3062.260986328125,10286.0,mist
US,2023-12-02,2023-12-16,3,0.2,3459.72265625,10286.0,mist
US,2023-12-02,2023-12-16,3,0.25,3716.111572265625,10286.0,mist
US,2023-12-02,2023-12-16,3,0.3,3967.01611328125,10286.0,mist
US,2023-12-02,2023-12-16,3,0.35,4414.283203125,10286.0,mist
US,2023-12-02,2023-12-16,3,0.4,4715.634765625,10286.0,mist
US,2023-12-02,2023-12-16,3,0.45,4989.830078125,10286.0,mist
US,2023-12-02,2023-12-16,3,0.5,5383.45556640625,10286.0,mist
US,2023-12-02,2023-12-16,3,0.55,5675.3056640625,10286.0,mist
US,2023-12-02,2023-12-16,3,0.6,6339.65380859375,10286.0,mist
US,2023-12-02,2023-12-16,3,0.65,6465.46142578125,10286.0,mist
US,2023-12-02,2023-12-16,3,0.7,7055.92333984375,10286.0,mist
US,2023-12-02,2023-12-16,3,0.75,7759.22314453125,10286.0,mist
US,2023-12-02,2023-12-16,3,0.8,8374.6015625,10286.0,mist
US,2023-12-02,2023-12-16,3,0.85,9603.96484375,10286.0,mist
US,2023-12-02,2023-12-16,3,0.9,10787.791015625,10286.0,mist
US,2023-12-02,2023-12-16,3,0.95,12528.4453125,10286.0,mist
US,2023-12-02,2023-12-16,3,0.975,13022.572265625,10286.0,mist
US,2023-12-02,2023-12-16,3,0.99,13223.66796875,10286.0,mist
US,2023-12-02,2023-12-23,4,0.01,0.0,15727.0,mist
US,2023-12-02,2023-12-23,4,0.025,867.9310302734375,15727.0,mist
US,2023-12-02,2023-12-23,4,0.05,1621.6451416015625,15727.0,mist
US,2023-12-02,2023-12-23,4,0.1,2494.6689453125,15727.0,mist
US,2023-12-02,2023-12-23,4,0.15,2887.26318359375,15727.0,mist
US,2023-12-02,2023-12-23,4,0.2,3726.21923828125,15727.0,mist
US,2023-12-02,2023-12-23,4,0.25,3869.79541015625,15727.0,mist
US,2023-12-02,2023-12-23,4,0.3,4222.7802734375,15727.0,mist
US,2023-12-02,2023-12-23,4,0.35,4588.9951171875,15727.0,mist
US,2023-12-02,2023-12-23,4,0.4,5306.88720703125,15727.0,mist
US,2023-12-02,2023-12-23,4,0.45,5655.9814453125,15727.0,mist
US,2023-12-02,2023-12-23,4,0.5,6312.548828125,15727.0,mist
US,2023-12-02,2023-12-23,4,0.55,6989.6787109375,15727.0,mist
US,2023-12-02,2023-12-23,4,0.6,7487.31103515625,15727.0,mist
US,2023-12-02,2023-12-23,4,0.65,8168.46630859375,15727.0,mist
US,2023-12-02,2023-12-23,4,0.7,9039.2705078125,15727.0,mist
US,2023-12-02,2023-12-23,4,0.75,9692.7236328125,15727.0,mist
US,2023-12-02,2023-12-23,4,0.8,11428.486328125,15727.0,mist
US,2023-12-02,2023-12-23,4,0.85,12358.3984375,15727.0,mist
US,2023-12-02,2023-12-23,4,0.9,12936.158203125,15727.0,mist
US,2023-12-02,2023-12-23,4,0.95,14296.3466796875,15727.0,mist
US,2023-12-02,2023-12-23,4,0.975,15174.4794921875,15727.0,mist
US,2023-12-02,2023-12-23,4,0.99,16837.810546875,15727.0,mist
US,2023-12-09,2023-12-09,1,0.01,0.0,7474.0,mist
US,2023-12-09,2023-12-09,1,0.025,1511.843017578125,7474.0,mist
US,2023-12-09,2023-12-09,1,0.05,1782.8370361328125,7474.0,mist
US,2023-12-09,2023-12-09,1,0.1,2104.913818359375,7474.0,mist
US,2023-12-09,2023-12-09,1,0.15,2674.240234375,7474.0,mist
US,2023-12-09,2023-12-09,1,0.2,2907.43701171875,7474.0,mist
US,2023-12-09,2023-12-09,1,0.25,3355.452880859375,7474.0,mist
US,2023-12-09,2023-12-09,1,0.3,3380.774658203125,7474.0,mist
US,2023-12-09,2023-12-09,1,0.35,3783.10009765625,7474.0,mist
US,2023-12-09,2023-12-09,1,0.4,3807.075927734375,7474.0,mist
US,2023-12-09,2023-12-09,1,0.45,3879.09375,7474.0,mist
US,2023-12-09,2023-12-09,1,0.5,4557.8212890625,7474.0,mist
US,2023-12-09,2023-12-09,1,0.55,4923.51171875,7474.0,mist
US,2023-12-09,2023-12-09,1,0.6,5160.236328125,7474.0,mist
US,2023-12-09,2023-12-09,1,0.65,5297.99169921875,7474.0,mist
US,2023-12-09,2023-12-09,1,0.7,5320.49169921875,7474.0,mist
US,2023-12-09,2023-12-09,1,0.75,5875.35546875,7474.0,mist
US,2023-12-09,2023-12-09,1,0.8,6778.50732421875,7474.0,mist
US,2023-12-09,2023-12-09,1,0.85,7058.60546875,7474.0,mist
US,2023-12-09,2023-12-09,1,0.9,7603.13525390625,7474.0,mist
US,2023-12-09,2023-12-09,1,0.95,8191.623046875,7474.0,mist
US,2023-12-09,2023-12-09,1,0.975,9297.4423828125,7474.0,mist
US,2023-12-09,2023-12-09,1,0.99,9808.90234375,7474.0,mist
US,2023-12-09,2023-12-16,2,0.01,0.0,10286.0,mist
US,2023-12-09,2023-12-16,2,0.025,0.0,10286.0,mist
US,2023-12-09,2023-12-16,2,0.05,1893.0096435546875,10286.0,mist
US,2023-12-09,2023-12-16,2,0.1,3085.611328125,10286.0,mist
US,2023-12-09,2023-12-16,2,0.15,3419.4775390625,10286.0,mist
US,2023-12-09,2023-12-16,2,0.2,3834.63037109375,10286.0,mist
US,2023-12-09,2023-12-16,2,0.25,3872.9990234375,10286.0,mist
US,2023-12-09,2023-12-16,2,0.3,4516.111328125,10286.0,mist
US,2023-12-09,2023-12-16,2,0.35,5020.794921875,10286.0,mist
US,2023-12-09,2023-12-16,2,0.4,5151.8916015625,10286.0,mist
US,2023-12-09,2023-12-16,2,0.45,5427.392578125,10286.0,mist
US,2023-12-09,2023-12-16,2,0.5,5577.59130859375,10286.0,mist
US,2023-12-09,2023-12-16,2,0.55,5967.78564453125,10286.0,mist
US,2023-12-09,2023-12-16,2,0.6,6515.5927734375,10286.0,mist
US,2023-12-09,2023-12-16,2,0.65,6598.16650390625,10286.0,mist
US,2023-12-09,2023-12-16,2,0.7,6940.41748046875,10286.0,mist
US,2023-12-09,2023-12-16,2,0.75,7869.6796875,10286.0,mist
US,2023-12-09,2023-12-16,2,0.8,8294.951171875,10286.0,mist
US,2023-12-09,2023-12-16,2,0.85,8791.001953125,10286.0,mist
US,2023-12-09,2023-12-16,2,0.9,10279.6669921875,10286.0,mist
US,2023-12-09,2023-12-16,2,0.95,11709.6416015625,10286.0,mist
US,2023-12-09,2023-12-16,2,0.975,13037.26171875,10286.0,mist
US,2023-12-09,2023-12-16,2,0.99,13403.509765625,10286.0,mist
US,2023-12-09,2023-12-23,3,0.01,0.0,15727.0,mist
US,2023-12-09,2023-12-23,3,0.025,511.6453857421875,15727.0,mist
US,2023-12-09,2023-12-23,3,0.05,2535.740478515625,15727.0,mist
US,2023-12-09,2023-12-23,3,0.1,3471.03173828125,15727.0,mist
US,2023-12-09,2023-12-23,3,0.15,3886.7978515625,15727.0,mist
US,2023-12-09,2023-12-23,3,0.2,4448.361328125,15727.0,mist
US,2023-12-09,2023-12-23,3,0.25,4747.6962890625,15727.0,mist
US,2023-12-09,2023-12-23,3,0.3,5132.4853515625,15727.0,mist
US,2023-12-09,2023-12-23,3,0.35,5748.64453125,15727.0,mist
US,2023-12-09,2023-12-23,3,0.4,6143.84375,15727.0,mist
US,2023-12-09,2023-12-23,3,0.45,6462.775390625,15727.0,mist
US,2023-12-09,2023-12-23,3,0.5,7019.6865234375,15727.0,mist
US,2023-12-09,2023-12-23,3,0.55,7440.8017578125,15727.0,mist
US,2023-12-09,2023-12-23,3,0.6,8323.4072265625,15727.0,mist
US,2023-12-09,2023-12-23,3,0.65,8515.96484375,15727.0,mist
US,2023-12-09,2023-12-23,3,0.7,9318.361328125,15727.0,mist
US,2023-12-09,2023-12-23,3,0.75,10317.36328125,15727.0,mist
US,2023-12-09,2023-12-23,3,0.8,11173.2744140625,15727.0,mist
US,2023-12-09,2023-12-23,3,0.85,12875.4169921875,15727.0,mist
US,2023-12-09,2023-12-23,3,0.9,14516.3935546875,15727.0,mist
US,2023-12-09,2023-12-23,3,0.95,16847.3671875,15727.0,mist
US,2023-12-09,2023-12-23,3,0.975,17535.109375,15727.0,mist
US,2023-12-09,2023-12-23,3,0.99,17886.4921875,15727.0,mist
US,2023-12-09,2023-12-30,4,0.01,0.0,21684.0,mist
US,2023-12-09,2023-12-30,4,0.025,843.1221923828125,21684.0,mist
US,2023-12-09,2023-12-30,4,0.05,1863.24072265625,21684.0,mist
US,2023-12-09,2023-12-30,4,0.1,3094.540283203125,21684.0,mist
US,2023-12-09,2023-12-30,4,0.15,3647.78173828125,21684.0,mist
US,2023-12-09,2023-12-30,4,0.2,4788.287109375,21684.0,mist
US,2023-12-09,2023-12-30,4,0.25,4945.7890625,21684.0,mist
US,2023-12-09,2023-12-30,4,0.3,5452.025390625,21684.0,mist
US,2023-12-09,2023-12-30,4,0.35,5971.94482421875,21684.0,mist
US,2023-12-09,2023-12-30,4,0.4,6940.29833984375,21684.0,mist
US,2023-12-09,2023-12-30,4,0.45,7431.88818359375,21684.0,mist
US,2023-12-09,2023-12-30,4,0.5,8330.443359375,21684.0,mist
US,2023-12-09,2023-12-30,4,0.55,9216.91796875,21684.0,mist
US,2023-12-09,2023-12-30,4,0.6,9913.3271484375,21684.0,mist
US,2023-12-09,2023-12-30,4,0.65,10858.7900390625,21684.0,mist
US,2023-12-09,2023-12-30,4,0.7,12013.7060546875,21684.0,mist
US,2023-12-09,2023-12-30,4,0.75,12946.5771484375,21684.0,mist
US,2023-12-09,2023-12-30,4,0.8,15339.5576171875,21684.0,mist
US,2023-12-09,2023-12-30,4,0.85,16587.9296875,21684.0,mist
US,2023-12-09,2023-12-30,4,0.9,17436.64453125,21684.0,mist
US,2023-12-09,2023-12-30,4,0.95,19355.46484375,21684.0,mist
US,2023-12-09,2023-12-30,4,0.975,20518.58203125,21684.0,mist
US,2023-12-09,2023-12-30,4,0.99,22857.490234375,21684.0,mist
US,2023-12-16,2023-12-16,1,0.01,0.0,10286.0,mist
US,2023-12-16,2023-12-16,1,0.025,1130.70751953125,10286.0,mist
US,2023-12-16,2023-12-16,1,0.05,1622.79443359375,10286.0,mist
US,2023-12-16,2023-12-16,1,0.1,1682.05712890625,10286.0,mist
US,2023-12-16,2023-12-16,1,0.15,2581.021484375,10286.0,mist
US,2023-12-16,2023-12-16,1,0.2,2709.083984375,10286.0,mist
US,2023-12-16,2023-12-16,1,0.25,3239.99462890625,10286.0,mist
US,2023-12-16,2023-12-16,1,0.3,3310.637451171875,10286.0,mist
US,2023-12-16,2023-12-16,1,0.35,3635.2978515625,10286.0,mist
US,2023-12-16,2023-12-16,1,0.4,3638.40771484375,10286.0,mist
US,2023-12-16,2023-12-16,1,0.45,3751.51806640625,10286.0,mist
US,2023-12-16,2023-12-16,1,0.5,4686.71923828125,10286.0,mist
US,2023-12-16,2023-12-16,1,0.55,5034.298828125,10286.0,mist
US,2023-12-16,2023-12-16,1,0.6,5240.4609375,10286.0,mist
US,2023-12-16,2023-12-16,1,0.65,5383.1787109375,10286.0,mist
US,2023-12-16,2023-12-16,1,0.7,5502.83203125,10286.0,mist
US,2023-12-16,2023-12-16,1,0.75,6078.1650390625,10286.0,mist
US,2023-12-16,2023-12-16,1,0.8,7221.82373046875,10286.0,mist
US,2023-12-16,2023-12-16,1,0.85,7351.302734375,10286.0,mist
US,2023-12-16,2023-12-16,1,0.9,7975.38671875,10286.0,mist
US,2023-12-16,2023-12-16,1,0.95,8450.693359375,10286.0,mist
US,2023-12-16,2023-12-16,1,0.975,9528.298828125,10286.0,mist
US,2023-12-16,2023-12-16,1,0.99,10278.310546875,10286.0,mist
US,2023-12-16,2023-12-23,2,0.01,0.0,15727.0,mist
US,2023-12-16,2023-12-23,2,0.025,0.0,15727.0,mist
US,2023-12-16,2023-12-23,2,0.05,1447.662841796875,15727.0,mist
US,2023-12-16,2023-12-23,2,0.1,2711.2607421875,15727.0,mist
US,2023-12-16,2023-12-23,2,0.15,3288.0517578125,15727.0,mist
US,2023-12-16,2023-12-23,2,0.2,3470.33349609375,15727.0,mist
US,2023-12-16,2023-12-23,2,0.25,3528.42333984375,15727.0,mist
US,2023-12-16,2023-12-23,2,0.3,4302.8271484375,15727.0,mist
US,2023-12-16,2023-12-23,2,0.35,4767.265625,15727.0,mist
US,2023-12-16,2023-12-23,2,0.4,4966.8544921875,15727.0,mist
US,2023-12-16,2023-12-23,2,0.45,5029.826171875,15727.0,mist
US,2023-12-16,2023-12-23,2,0.5,5224.47509765625,15727.0,mist
US,2023-12-16,2023-12-23,2,0.55,5694.751953125,15727.0,mist
US,2023-12-16,2023-12-23,2,0.6,6208.275390625,15727.0,mist
US,2023-12-16,2023-12-23,2,0.65,6282.77294921875,15727.0,mist
US,2023-12-16,2023-12-23,2,0.7,6465.29052734375,15727.0,mist
US,2023-12-16,2023-12-23,2,0.75,7494.40771484375,15727.0,mist
US,2023-12-16,2023-12-23,2,0.8,7921.2509765625,15727.0,mist
US,2023-12-16,2023-12-23,2,0.85,8290.6162109375,15727.0,mist
US,2023-12-16,2023-12-23,2,0.9,10052.4921875,15727.0,mist
US,2023-12-16,2023-12-23,2,0.95,11306.6953125,15727.0,mist
US,2023-12-16,2023-12-23,2,0.975,12905.576171875,15727.0,mist
US,2023-12-16,2023-12-23,2,0.99,13115.681640625,15727.0,mist
US,2023-12-16,2023-12-30,3,0.01,0.0,21684.0,mist
US,2023-12-16,2023-12-30,3,0.025,0.0,21684.0,mist
US,2023-12-16,2023-12-30,3,0.05,2151.7685546875,21684.0,mist
US,2023-12-16,2023-12-30,3,0.1,2986.802490234375,21684.0,mist
US,2023-12-16,2023-12-30,3,0.15,3449.19921875,21684.0,mist
US,2023-12-16,2023-12-30,3,0.2,4069.119140625,21684.0,mist
US,2023-12-16,2023-12-30,3,0.25,4106.0361328125,21684.0,mist
US,2023-12-16,2023-12-30,3,0.3,4651.6962890625,21684.0,mist
US,2023-12-16,2023-12-30,3,0.35,5247.505859375,21684.0,mist
US,2023-12-16,2023-12-30,3,0.4,5572.9775390625,21684.0,mist
US,2023-12-16,2023-12-30,3,0.45,5764.328125,21684.0,mist
US,2023-12-16,2023-12-30,3,0.5,6314.6533203125,21684.0,mist
US,2023-12-16,2023-12-30,3,0.55,6637.30126953125,21684.0,mist
US,2023-12-16,2023-12-30,3,0.6,7690.9912109375,21684.0,mist
US,2023-12-16,2023-12-30,3,0.65,7748.4541015625,21684.0,mist
US,2023-12-16,2023-12-30,3,0.7,8384.845703125,21684.0,mist
US,2023-12-16,2023-12-30,3,0.75,9746.72265625,21684.0,mist
US,2023-12-16,2023-12-30,3,0.8,10236.189453125,21684.0,mist
US,2023-12-16,2023-12-30,3,0.85,12312.6357421875,21684.0,mist
US,2023-12-16,2023-12-30,3,0.9,14231.2724609375,21684.0,mist
US,2023-12-16,2023-12-30,3,0.95,15974.5556640625,21684.0,mist
US,2023-12-16,2023-12-30,3,0.975,17059.099609375,21684.0,mist
US,2023-12-16,2023-12-30,3,0.99,17318.21484375,21684.0,mist
US,2023-12-16,2024-01-06,4,0.01,0.0,19540.0,mist
US,2023-12-16,2024-01-06,4,0.025,543.8402099609375,19540.0,mist
US,2023-12-16,2024-01-06,4,0.05,1059.6676025390625,19540.0,mist
US,2023-12-16,2024-01-06,4,0.1,2685.6591796875,19540.0,mist
US,2023-12-16,2024-01-06,4,0.15,3148.248046875,19540.0,mist
US,2023-12-16,2024-01-06,4,0.2,4281.73046875,19540.0,mist
US,2023-12-16,2024-01-06,4,0.25,4440.36474609375,19540.0,mist
US,2023-12-16,2024-01-06,4,0.3,4650.17578125,19540.0,mist
US,2023-12-16,2024-01-06,4,0.35,5286.830078125,19540.0,mist
US,2023-12-16,2024-01-06,4,0.4,5996.95263671875,19540.0,mist
US,2023-12-16,2024-01-06,4,0.45,6603.83837890625,19540.0,mist
US,2023-12-16,2024-01-06,4,0.5,7818.86962890625,19540.0,mist
US,2023-12-16,2024-01-06,4,0.55,8328.7265625,19540.0,mist
US,2023-12-16,2024-01-06,4,0.6,8821.013671875,19540.0,mist
US,2023-12-16,2024-01-06,4,0.65,9688.513671875,19540.0,mist
US,2023-12-16,2024-01-06,4,0.7,10822.3134765625,19540.0,mist
US,2023-12-16,2024-01-06,4,0.75,11721.8916015625,19540.0,mist
US,2023-12-16,2024-01-06,4,0.8,14281.3818359375,19540.0,mist
US,2023-12-16,2024-01-06,4,0.85,15447.6640625,19540.0,mist
US,2023-12-16,2024-01-06,4,0.9,16434.810546875,19540.0,mist
US,2023-12-16,2024-01-06,4,0.95,19358.533203125,19540.0,mist
US,2023-12-16,2024-01-06,4,0.975,19833.146484375,19540.0,mist
US,2023-12-16,2024-01-06,4,0.99,22613.923828125,19540.0,mist
US,2023-12-23,2023-12-23,1,0.01,0.0,15727.0,mist
US,2023-12-23,2023-12-23,1,0.025,1439.8138427734375,15727.0,mist
US,2023-12-23,2023-12-23,1,0.05,2111.02197265625,15727.0,mist
US,2023-12-23,2023-12-23,1,0.1,2234.2216796875,15727.0,mist
US,2023-12-23,2023-12-23,1,0.15,3463.8935546875,15727.0,mist
US,2023-12-23,2023-12-23,1,0.2,3667.146484375,15727.0,mist
US,2023-12-23,2023-12-23,1,0.25,4388.609375,15727.0,mist
US,2023-12-23,2023-12-23,1,0.3,4491.1484375,15727.0,mist
US,2023-12-23,2023-12-23,1,0.35,4912.37646484375,15727.0,mist
US,2023-12-23,2023-12-23,1,0.4,4982.3056640625,15727.0,mist
US,2023-12-23,2023-12-23,1,0.45,5111.76806640625,15727.0,mist
US,2023-12-23,2023-12-23,1,0.5,6399.91943359375,15727.0,mist
US,2023-12-23,2023-12-23,1,0.55,6899.9853515625,15727.0,mist
US,2023-12-23,2023-12-23,1,0.6,7206.87451171875,15727.0,mist
US,2023-12-23,2023-12-23,1,0.65,7382.13134765625,15727.0,mist
US,2023-12-23,2023-12-23,1,0.7,7571.57763671875,15727.0,mist
US,2023-12-23,2023-12-23,1,0.75,8395.56640625,15727.0,mist
US,2023-12-23,2023-12-23,1,0.8,9981.3193359375,15727.0,mist
US,2023-12-23,2023-12-23,1,0.85,10184.84765625,15727.0,mist
US,2023-12-23,2023-12-23,1,0.9,11020.017578125,15727.0,mist
US,2023-12-23,2023-12-23,1,0.95,11683.5166015625,15727.0,mist
US,2023-12-23,2023-12-23,1,0.975,13198.8388671875,15727.0,mist
US,2023-12-23,2023-12-23,1,0.99,14271.86328125,15727.0,mist
US,2023-12-23,2023-12-30,2,0.01,0.0,21684.0,mist
US,2023-12-23,2023-12-30,2,0.025,0.0,21684.0,mist
US,2023-12-23,2023-12-30,2,0.05,1887.98193359375,21684.0,mist
US,2023-12-23,2023-12-30,2,0.1,3667.818115234375,21684.0,mist
US,2023-12-23,2023-12-30,2,0.15,4501.583984375,21684.0,mist
US,2023-12-23,2023-12-30,2,0.2,4756.236328125,21684.0,mist
US,2023-12-23,2023-12-30,2,0.25,4818.57861328125,21684.0,mist
US,2023-12-23,2023-12-30,2,0.3,5919.9375,21684.0,mist
US,2023-12-23,2023-12-30,2,0.35,6552.55517578125,21684.0,mist
US,2023-12-23,2023-12-30,2,0.4,6938.2578125,21684.0,mist
US,2023-12-23,2023-12-30,2,0.45,6976.3466796875,21684.0,mist
US,2023-12-23,2023-12-30,2,0.5,7218.02978515625,21684.0,mist
US,2023-12-23,2023-12-30,2,0.55,7935.31884765625,21684.0,mist
US,2023-12-23,2023-12-30,2,0.6,8653.841796875,21684.0,mist
US,2023-12-23,2023-12-30,2,0.65,8764.7158203125,21684.0,mist
US,2023-12-23,2023-12-30,2,0.7,9002.6806640625,21684.0,mist
US,2023-12-23,2023-12-30,2,0.75,10509.646484375,21684.0,mist
US,2023-12-23,2023-12-30,2,0.8,11090.5146484375,21684.0,mist
US,2023-12-23,2023-12-30,2,0.85,11584.7138671875,21684.0,mist
US,2023-12-23,2023-12-30,2,0.9,14075.2568359375,21684.0,mist
US,2023-12-23,2023-12-30,2,0.95,15856.65625,21684.0,mist
US,2023-12-23,2023-12-30,2,0.975,18212.68359375,21684.0,mist
US,2023-12-23,2023-12-30,2,0.99,18380.115234375,21684.0,mist
US,2023-12-23,2024-01-06,3,0.01,0.0,19540.0,mist
US,2023-12-23,2024-01-06,3,0.025,0.0,19540.0,mist
US,2023-12-23,2024-01-06,3,0.05,2906.33349609375,19540.0,mist
US,2023-12-23,2024-01-06,3,0.1,4119.05712890625,19540.0,mist
US,2023-12-23,2024-01-06,3,0.15,4747.80029296875,19540.0,mist
US,2023-12-23,2024-01-06,3,0.2,5631.30517578125,19540.0,mist
US,2023-12-23,2024-01-06,3,0.25,5724.9619140625,19540.0,mist
US,2023-12-23,2024-01-06,3,0.3,6487.1025390625,19540.0,mist
US,2023-12-23,2024-01-06,3,0.35,7319.6181640625,19540.0,mist
US,2023-12-23,2024-01-06,3,0.4,7790.392578125,19540.0,mist
US,2023-12-23,2024-01-06,3,0.45,8057.3349609375,19540.0,mist
US,2023-12-23,2024-01-06,3,0.5,8888.2939453125,19540.0,mist
US,2023-12-23,2024-01-06,3,0.55,9351.013671875,19540.0,mist
US,2023-12-23,2024-01-06,3,0.6,10826.1572265625,19540.0,mist
US,2023-12-23,2024-01-06,3,0.65,10891.275390625,19540.0,mist
US,2023-12-23,2024-01-06,3,0.7,11856.1767578125,19540.0,mist
US,2023-12-23,2024-01-06,3,0.75,13736.138671875,19540.0,mist
US,2023-12-23,2024-01-06,3,0.8,14474.44140625,19540.0,mist
US,2023-12-23,2024-01-06,3,0.85,17363.6953125,19540.0,mist
US,2023-12-23,2024-01-06,3,0.9,20060.14453125,19540.0,mist
US,2023-12-23,2024-01-06,3,0.95,22634.666015625,19540.0,mist
US,2023-12-23,2024-01-06,3,0.975,24110.58984375,19540.0,mist
US,2023-12-23,2024-01-06,3,0.99,24468.685546875,19540.0,mist
US,2023-12-23,2024-01-13,4,0.01,0.0,15919.0,mist
US,2023-12-23,2024-01-13,4,0.025,576.1123046875,15919.0,mist
US,2023-12-23,2024-01-13,4,0.05,1401.158203125,15919.0,mist
US,2023-12-23,2024-01-13,4,0.1,3647.737060546875,15919.0,mist
US,2023-12-23,2024-01-13,4,0.15,4320.1044921875,15919.0,mist
US,2023-12-23,2024-01-13,4,0.2,5947.943359375,15919.0,mist
US,2023-12-23,2024-01-13,4,0.25,6160.7451171875,15919.0,mist
US,2023-12-23,2024-01-13,4,0.3,6520.0048828125,15919.0,mist
US,2023-12-23,2024-01-13,4,0.35,7388.609375,15919.0,mist
US,2023-12-23,2024-01-13,4,0.4,8471.927734375,15919.0,mist
US,2023-12-23,2024-01-13,4,0.45,9296.6611328125,15919.0,mist
US,2023-12-23,2024-01-13,4,0.5,10955.857421875,15919.0,mist
US,2023-12-23,2024-01-13,4,0.55,11779.04296875,15919.0,mist
US,2023-12-23,2024-01-13,4,0.6,12508.5849609375,15919.0,mist
US,2023-12-23,2024-01-13,4,0.65,13784.08203125,15919.0,mist
US,2023-12-23,2024-01-13,4,0.7,15378.576171875,15919.0,mist
US,2023-12-23,2024-01-13,4,0.75,16651.296875,15919.0,mist
US,2023-12-23,2024-01-13,4,0.8,20281.287109375,15919.0,mist
US,2023-12-23,2024-01-13,4,0.85,21937.484375,15919.0,mist
US,2023-12-23,2024-01-13,4,0.9,23295.736328125,15919.0,mist
US,2023-12-23,2024-01-13,4,0.95,27283.9921875,15919.0,mist
US,2023-12-23,2024-01-13,4,0.975,28092.6796875,15919.0,mist
US,2023-12-23,2024-01-13,4,0.99,31924.447265625,15919.0,mist
US,2023-12-30,2023-12-30,1,0.01,0.0,21684.0,mist
US,2023-12-30,2023-12-30,1,0.025,912.419921875,21684.0,mist
US,2023-12-30,2023-12-30,1,0.05,1817.2969970703125,21684.0,mist
US,2023-12-30,2023-12-30,1,0.1,2088.015380859375,21684.0,mist
US,2023-12-30,2023-12-30,1,0.15,3675.990478515625,21684.0,mist
US,2023-12-30,2023-12-30,1,0.2,3930.32177734375,21684.0,mist
US,2023-12-30,2023-12-30,1,0.25,5019.70361328125,21684.0,mist
US,2023-12-30,2023-12-30,1,0.3,5164.59619140625,21684.0,mist
US,2023-12-30,2023-12-30,1,0.35,5699.2548828125,21684.0,mist
US,2023-12-30,2023-12-30,1,0.4,5743.92626953125,21684.0,mist
US,2023-12-30,2023-12-30,1,0.45,6055.095703125,21684.0,mist
US,2023-12-30,2023-12-30,1,0.5,7903.75927734375,21684.0,mist
US,2023-12-30,2023-12-30,1,0.55,8508.080078125,21684.0,mist
US,2023-12-30,2023-12-30,1,0.6,8787.849609375,21684.0,mist
US,2023-12-30,2023-12-30,1,0.65,9114.91015625,21684.0,mist
US,2023-12-30,2023-12-30,1,0.7,9573.0009765625,21684.0,mist
US,2023-12-30,2023-12-30,1,0.75,10703.716796875,21684.0,mist
US,2023-12-30,2023-12-30,1,0.8,12825.904296875,21684.0,mist
US,2023-12-30,2023-12-30,1,0.85,13084.4033203125,21684.0,mist
US,2023-12-30,2023-12-30,1,0.9,14247.18359375,21684.0,mist
US,2023-12-30,2023-12-30,1,0.95,15198.6689453125,21684.0,mist
US,2023-12-30,2023-12-30,1,0.975,17317.380859375,21684.0,mist
US,2023-12-30,2023-12-30,1,0.99,18736.15234375,21684.0,mist
US,2023-12-30,2024-01-06,2,0.01,0.0,19540.0,mist
US,2023-12-30,2024-01-06,2,0.025,0.0,19540.0,mist
US,2023-12-30,2024-01-06,2,0.05,1432.5390625,19540.0,mist
US,2023-12-30,2024-01-06,2,0.1,3799.3076171875,19540.0,mist
US,2023-12-30,2024-01-06,2,0.15,5006.2119140625,19540.0,mist
US,2023-12-30,2024-01-06,2,0.2,5196.341796875,19540.0,mist
US,2023-12-30,2024-01-06,2,0.25,5248.2509765625,19540.0,mist
US,2023-12-30,2024-01-06,2,0.3,6943.66796875,19540.0,mist
US,2023-12-30,2024-01-06,2,0.35,7657.658203125,19540.0,mist
US,2023-12-30,2024-01-06,2,0.4,8029.048828125,19540.0,mist
US,2023-12-30,2024-01-06,2,0.45,8319.005859375,19540.0,mist
US,2023-12-30,2024-01-06,2,0.5,8650.529296875,19540.0,mist
US,2023-12-30,2024-01-06,2,0.55,9454.3173828125,19540.0,mist
US,2023-12-30,2024-01-06,2,0.6,10354.939453125,19540.0,mist
US,2023-12-30,2024-01-06,2,0.65,10758.140625,19540.0,mist
US,2023-12-30,2024-01-06,2,0.7,10765.5185546875,19540.0,mist
US,2023-12-30,2024-01-06,2,0.75,12851.7744140625,19540.0,mist
US,2023-12-30,2024-01-06,2,0.8,13659.482421875,19540.0,mist
US,2023-12-30,2024-01-06,2,0.85,14148.0537109375,19540.0,mist
US,2023-12-30,2024-01-06,2,0.9,17625.0,19540.0,mist
US,2023-12-30,2024-01-06,2,0.95,19825.9921875,19540.0,mist
US,2023-12-30,2024-01-06,2,0.975,23085.73828125,19540.0,mist
US,2023-12-30,2024-01-06,2,0.99,23920.55859375,19540.0,mist
US,2023-12-30,2024-01-13,3,0.01,0.0,15919.0,mist
US,2023-12-30,2024-01-13,3,0.025,0.0,15919.0,mist
US,2023-12-30,2024-01-13,3,0.05,2715.87744140625,15919.0,mist
US,2023-12-30,2024-01-13,3,0.1,4122.17138671875,15919.0,mist
US,2023-12-30,2024-01-13,3,0.15,5211.0009765625,15919.0,mist
US,2023-12-30,2024-01-13,3,0.2,6358.4482421875,15919.0,mist
US,2023-12-30,2024-01-13,3,0.25,6387.12841796875,15919.0,mist
US,2023-12-30,2024-01-13,3,0.3,7449.4599609375,15919.0,mist
US,2023-12-30,2024-01-13,3,0.35,8540.07421875,15919.0,mist
US,2023-12-30,2024-01-13,3,0.4,9045.6162109375,15919.0,mist
US,2023-12-30,2024-01-13,3,0.45,9294.38671875,15919.0,mist
US,2023-12-30,2024-01-13,3,0.5,10404.927734375,15919.0,mist
US,2023-12-30,2024-01-13,3,0.55,10868.8349609375,15919.0,mist
US,2023-12-30,2024-01-13,3,0.6,12889.8408203125,15919.0,mist
US,2023-12-30,2024-01-13,3,0.65,12932.1845703125,15919.0,mist
US,2023-12-30,2024-01-13,3,0.7,14066.8193359375,15919.0,mist
US,2023-12-30,2024-01-13,3,0.75,16854.94140625,15919.0,mist
US,2023-12-30,2024-01-13,3,0.8,17446.55859375,15919.0,mist
US,2023-12-30,2024-01-13,3,0.85,21574.091796875,15919.0,mist
US,2023-12-30,2024-01-13,3,0.9,25481.990234375,15919.0,mist
US,2023-12-30,2024-01-13,3,0.95,28301.794921875,15919.0,mist
US,2023-12-30,2024-01-13,3,0.975,30578.484375,15919.0,mist
US,2023-12-30,2024-01-13,3,0.99,31369.044921875,15919.0,mist
US,2023-12-30,2024-01-20,4,0.01,0.0,13308.0,mist
US,2023-12-30,2024-01-20,4,0.025,0.0,13308.0,mist
US,2023-12-30,2024-01-20,4,0.05,466.674072265625,13308.0,mist
US,2023-12-30,2024-01-20,4,0.1,3794.741943359375,13308.0,mist
US,2023-12-30,2024-01-20,4,0.15,4607.85546875,13308.0,mist
US,2023-12-30,2024-01-20,4,0.2,6534.900390625,13308.0,mist
US,2023-12-30,2024-01-20,4,0.25,7012.70947265625,13308.0,mist
US,2023-12-30,2024-01-20,4,0.3,7219.53173828125,13308.0,mist
US,2023-12-30,2024-01-20,4,0.35,8496.1826171875,13308.0,mist
US,2023-12-30,2024-01-20,4,0.4,9610.4296875,13308.0,mist
US,2023-12-30,2024-01-20,4,0.45,10821.080078125,13308.0,mist
US,2023-12-30,2024-01-20,4,0.5,13274.2763671875,13308.0,mist
US,2023-12-30,2024-01-20,4,0.55,13973.0595703125,13308.0,mist
US,2023-12-30,2024-01-20,4,0.6,14865.279296875,13308.0,mist
US,2023-12-30,2024-01-20,4,0.65,16369.2421875,13308.0,mist
US,2023-12-30,2024-01-20,4,0.7,18385.220703125,13308.0,mist
US,2023-12-30,2024-01-20,4,0.75,20000.865234375,13308.0,mist
US,2023-12-30,2024-01-20,4,0.8,25023.291015625,13308.0,mist
US,2023-12-30,2024-01-20,4,0.85,27051.5703125,13308.0,mist
US,2023-12-30,2024-01-20,4,0.9,29169.798828125,13308.0,mist
US,2023-12-30,2024-01-20,4,0.95,35289.60546875,13308.0,mist
US,2023-12-30,2024-01-20,4,0.975,35643.390625,13308.0,mist
US,2023-12-30,2024-01-20,4,0.99,41303.4921875,13308.0,mist
US,2024-01-06,2024-01-06,1,0.01,0.0,19540.0,mist
US,2024-01-06,2024-01-06,1,0.025,900.64697265625,19540.0,mist
US,2024-01-06,2024-01-06,1,0.05,2215.889892578125,19540.0,mist
US,2024-01-06,2024-01-06,1,0.1,2478.156982421875,19540.0,mist
US,2024-01-06,2024-01-06,1,0.15,4782.9013671875,19540.0,mist
US,2024-01-06,2024-01-06,1,0.2,5115.01513671875,19540.0,mist
US,2024-01-06,2024-01-06,1,0.25,6585.2177734375,19540.0,mist
US,2024-01-06,2024-01-06,1,0.3,6769.64697265625,19540.0,mist
US,2024-01-06,2024-01-06,1,0.35,7459.08203125,19540.0,mist
US,2024-01-06,2024-01-06,1,0.4,7555.84375,19540.0,mist
US,2024-01-06,2024-01-06,1,0.45,7918.189453125,19540.0,mist
US,2024-01-06,2024-01-06,1,0.5,10603.3447265625,19540.0,mist
US,2024-01-06,2024-01-06,1,0.55,11441.2333984375,19540.0,mist
US,2024-01-06,2024-01-06,1,0.6,11859.1376953125,19540.0,mist
US,2024-01-06,2024-01-06,1,0.65,12191.771484375,19540.0,mist
US,2024-01-06,2024-01-06,1,0.7,12890.4990234375,19540.0,mist
US,2024-01-06,2024-01-06,1,0.75,14503.9365234375,19540.0,mist
US,2024-01-06,2024-01-06,1,0.8,17426.234375,19540.0,mist
US,2024-01-06,2024-01-06,1,0.85,17736.4921875,19540.0,mist
US,2024-01-06,2024-01-06,1,0.9,19346.7265625,19540.0,mist
US,2024-01-06,2024-01-06,1,0.95,20547.7890625,19540.0,mist
US,2024-01-06,2024-01-06,1,0.975,23387.623046875,19540.0,mist
US,2024-01-06,2024-01-06,1,0.99,25397.65625,19540.0,mist
US,2024-01-06,2024-01-13,2,0.01,0.0,15919.0,mist
US,2024-01-06,2024-01-13,2,0.025,0.0,15919.0,mist
US,2024-01-06,2024-01-13,2,0.05,1533.521484375,15919.0,mist
US,2024-01-06,2024-01-13,2,0.1,4758.4697265625,15919.0,mist
US,2024-01-06,2024-01-13,2,0.15,6598.18115234375,15919.0,mist
US,2024-01-06,2024-01-13,2,0.2,6625.6904296875,15919.0,mist
US,2024-01-06,2024-01-13,2,0.25,6755.72314453125,15919.0,mist
US,2024-01-06,2024-01-13,2,0.3,9099.9775390625,15919.0,mist
US,2024-01-06,2024-01-13,2,0.35,9986.90234375,15919.0,mist
US,2024-01-06,2024-01-13,2,0.4,10417.451171875,15919.0,mist
US,2024-01-06,2024-01-13,2,0.45,11133.412109375,15919.0,mist
US,2024-01-06,2024-01-13,2,0.5,11485.912109375,15919.0,mist
US,2024-01-06,2024-01-13,2,0.55,12577.59375,15919.0,mist
US,2024-01-06,2024-01-13,2,0.6,13661.7265625,15919.0,mist
US,2024-01-06,2024-01-13,2,0.65,14146.4404296875,15919.0,mist
US,2024-01-06,2024-01-13,2,0.7,14349.7509765625,15919.0,mist
US,2024-01-06,2024-01-13,2,0.75,17143.55859375,15919.0,mist
US,2024-01-06,2024-01-13,2,0.8,18122.6640625,15919.0,mist
US,2024-01-06,2024-01-13,2,0.85,18680.498046875,15919.0,mist
US,2024-01-06,2024-01-13,2,0.9,23564.828125,15919.0,mist
US,2024-01-06,2024-01-13,2,0.95,26460.357421875,15919.0,mist
US,2024-01-06,2024-01-13,2,0.975,30959.40234375,15919.0,mist
US,2024-01-06,2024-01-13,2,0.99,32405.400390625,15919.0,mist
US,2024-01-06,2024-01-20,3,0.01,0.0,13308.0,mist
US,2024-01-06,2024-01-20,3,0.025,0.0,13308.0,mist
US,2024-01-06,2024-01-20,3,0.05,3286.75830078125,13308.0,mist
US,2024-01-06,2024-01-20,3,0.1,5204.251953125,13308.0,mist
US,2024-01-06,2024-01-20,3,0.15,6706.3427734375,13308.0,mist
US,2024-01-06,2024-01-20,3,0.2,8187.3935546875,13308.0,mist
US,2024-01-06,2024-01-20,3,0.25,8235.912109375,13308.0,mist
US,2024-01-06,2024-01-20,3,0.3,9743.419921875,13308.0,mist
US,2024-01-06,2024-01-20,3,0.35,11186.14453125,13308.0,mist
US,2024-01-06,2024-01-20,3,0.4,11808.318359375,13308.0,mist
US,2024-01-06,2024-01-20,3,0.45,12048.7646484375,13308.0,mist
US,2024-01-06,2024-01-20,3,0.5,13686.6025390625,13308.0,mist
US,2024-01-06,2024-01-20,3,0.55,14227.9052734375,13308.0,mist
US,2024-01-06,2024-01-20,3,0.6,16869.96484375,13308.0,mist
US,2024-01-06,2024-01-20,3,0.65,17114.72265625,13308.0,mist
US,2024-01-06,2024-01-20,3,0.7,18526.859375,13308.0,mist
US,2024-01-06,2024-01-20,3,0.75,22418.15234375,13308.0,mist
US,2024-01-06,2024-01-20,3,0.8,23005.72265625,13308.0,mist
US,2024-01-06,2024-01-20,3,0.85,28793.568359375,13308.0,mist
US,2024-01-06,2024-01-20,3,0.9,34303.20703125,13308.0,mist
US,2024-01-06,2024-01-20,3,0.95,37780.609375,13308.0,mist
US,2024-01-06,2024-01-20,3,0.975,41072.1171875,13308.0,mist
US,2024-01-06,2024-01-20,3,0.99,42032.15625,13308.0,mist
US,2024-01-06,2024-01-27,4,0.01,0.0,12993.0,mist
US,2024-01-06,2024-01-27,4,0.025,0.0,12993.0,mist
US,2024-01-06,2024-01-27,4,0.05,27.4453125,12993.0,mist
US,2024-01-06,2024-01-27,4,0.1,4713.54150390625,12993.0,mist
US,2024-01-06,2024-01-27,4,0.15,5869.65185546875,12993.0,mist
US,2024-01-06,2024-01-27,4,0.2,8322.1376953125,12993.0,mist
US,2024-01-06,2024-01-27,4,0.25,9150.7734375,12993.0,mist
US,2024-01-06,2024-01-27,4,0.3,9280.3154296875,12993.0,mist
US,2024-01-06,2024-01-27,4,0.35,10991.2080078125,12993.0,mist
US,2024-01-06,2024-01-27,4,0.4,12431.0966796875,12993.0,mist
US,2024-01-06,2024-01-27,4,0.45,14084.0625,12993.0,mist
US,2024-01-06,2024-01-27,4,0.5,17525.328125,12993.0,mist
US,2024-01-06,2024-01-27,4,0.55,18302.142578125,12993.0,mist
US,2024-01-06,2024-01-27,4,0.6,19523.52734375,12993.0,mist
US,2024-01-06,2024-01-27,4,0.65,21596.4453125,12993.0,mist
US,2024-01-06,2024-01-27,4,0.7,24204.326171875,12993.0,mist
US,2024-01-06,2024-01-27,4,0.75,26356.095703125,12993.0,mist
US,2024-01-06,2024-01-27,4,0.8,33333.3125,12993.0,mist
US,2024-01-06,2024-01-27,4,0.85,35920.8828125,12993.0,mist
US,2024-01-06,2024-01-27,4,0.9,38897.65625,12993.0,mist
US,2024-01-06,2024-01-27,4,0.95,47687.49609375,12993.0,mist
US,2024-01-06,2024-01-27,4,0.975,47890.1171875,12993.0,mist
US,2024-01-06,2024-01-27,4,0.99,55749.6875,12993.0,mist
US,2024-01-13,2024-01-13,1,0.01,0.0,15919.0,mist
US,2024-01-13,2024-01-13,1,0.025,2344.97021484375,15919.0,mist
US,2024-01-13,2024-01-13,1,0.05,3188.5556640625,15919.0,mist
US,2024-01-13,2024-01-13,1,0.1,3189.314453125,15919.0,mist
US,2024-01-13,2024-01-13,1,0.15,4186.7177734375,15919.0,mist
US,2024-01-13,2024-01-13,1,0.2,4332.60693359375,15919.0,mist
US,2024-01-13,2024-01-13,1,0.25,4449.6240234375,15919.0,mist
US,2024-01-13,2024-01-13,1,0.3,4995.05322265625,15919.0,mist
US,2024-01-13,2024-01-13,1,0.35,5184.2412109375,15919.0,mist
US,2024-01-13,2024-01-13,1,0.4,5643.3486328125,15919.0,mist
US,2024-01-13,2024-01-13,1,0.45,5833.0966796875,15919.0,mist
US,2024-01-13,2024-01-13,1,0.5,7032.47900390625,15919.0,mist
US,2024-01-13,2024-01-13,1,0.55,7348.71630859375,15919.0,mist
US,2024-01-13,2024-01-13,1,0.6,7992.13427734375,15919.0,mist
US,2024-01-13,2024-01-13,1,0.65,8378.677734375,15919.0,mist
US,2024-01-13,2024-01-13,1,0.7,8386.3359375,15919.0,mist
US,2024-01-13,2024-01-13,1,0.75,9301.0322265625,15919.0,mist
US,2024-01-13,2024-01-13,1,0.8,10082.1142578125,15919.0,mist
US,2024-01-13,2024-01-13,1,0.85,10557.74609375,15919.0,mist
US,2024-01-13,2024-01-13,1,0.9,11689.01171875,15919.0,mist
US,2024-01-13,2024-01-13,1,0.95,11746.8662109375,15919.0,mist
US,2024-01-13,2024-01-13,1,0.975,12758.435546875,15919.0,mist
US,2024-01-13,2024-01-13,1,0.99,13616.716796875,15919.0,mist
US,2024-01-13,2024-01-20,2,0.01,0.0,13308.0,mist
US,2024-01-13,2024-01-20,2,0.025,741.5537109375,13308.0,mist
US,2024-01-13,2024-01-20,2,0.05,1523.40673828125,13308.0,mist
US,2024-01-13,2024-01-20,2,0.1,3461.398681640625,13308.0,mist
US,2024-01-13,2024-01-20,2,0.15,3651.66162109375,13308.0,mist
US,2024-01-13,2024-01-20,2,0.2,4574.44140625,13308.0,mist
US,2024-01-13,2024-01-20,2,0.25,4785.54638671875,13308.0,mist
US,2024-01-13,2024-01-20,2,0.3,5214.498046875,13308.0,mist
US,2024-01-13,2024-01-20,2,0.35,5605.03759765625,13308.0,mist
US,2024-01-13,2024-01-20,2,0.4,5712.59326171875,13308.0,mist
US,2024-01-13,2024-01-20,2,0.45,6372.40380859375,13308.0,mist
US,2024-01-13,2024-01-20,2,0.5,6470.86328125,13308.0,mist
US,2024-01-13,2024-01-20,2,0.55,7192.18310546875,13308.0,mist
US,2024-01-13,2024-01-20,2,0.6,7213.080078125,13308.0,mist
US,2024-01-13,2024-01-20,2,0.65,7536.5712890625,13308.0,mist
US,2024-01-13,2024-01-20,2,0.7,8203.5849609375,13308.0,mist
US,2024-01-13,2024-01-20,2,0.75,8284.13671875,13308.0,mist
US,2024-01-13,2024-01-20,2,0.8,8382.9619140625,13308.0,mist
US,2024-01-13,2024-01-20,2,0.85,8534.779296875,13308.0,mist
US,2024-01-13,2024-01-20,2,0.9,9773.1396484375,13308.0,mist
US,2024-01-13,2024-01-20,2,0.95,10494.8828125,13308.0,mist
US,2024-01-13,2024-01-20,2,0.975,12873.19921875,13308.0,mist
US,2024-01-13,2024-01-20,2,0.99,17350.43359375,13308.0,mist
US,2024-01-13,2024-01-27,3,0.01,169.67529296875,12993.0,mist
US,2024-01-13,2024-01-27,3,0.025,1749.39111328125,12993.0,mist
US,2024-01-13,2024-01-27,3,0.05,2843.70556640625,12993.0,mist
US,2024-01-13,2024-01-27,3,0.1,3752.409423828125,12993.0,mist
US,2024-01-13,2024-01-27,3,0.15,3807.673828125,12993.0,mist
US,2024-01-13,2024-01-27,3,0.2,4232.72900390625,12993.0,mist
US,2024-01-13,2024-01-27,3,0.25,4558.9697265625,12993.0,mist
US,2024-01-13,2024-01-27,3,0.3,5010.6787109375,12993.0,mist
US,2024-01-13,2024-01-27,3,0.35,5150.3798828125,12993.0,mist
US,2024-01-13,2024-01-27,3,0.4,5429.9140625,12993.0,mist
US,2024-01-13,2024-01-27,3,0.45,5488.5966796875,12993.0,mist
US,2024-01-13,2024-01-27,3,0.5,6250.61572265625,12993.0,mist
US,2024-01-13,2024-01-27,3,0.55,6399.119140625,12993.0,mist
US,2024-01-13,2024-01-27,3,0.6,6793.07470703125,12993.0,mist
US,2024-01-13,2024-01-27,3,0.65,7499.283203125,12993.0,mist
US,2024-01-13,2024-01-27,3,0.7,7656.57958984375,12993.0,mist
US,2024-01-13,2024-01-27,3,0.75,7843.29296875,12993.0,mist
US,2024-01-13,2024-01-27,3,0.8,9203.369140625,12993.0,mist
US,2024-01-13,2024-01-27,3,0.85,11027.5263671875,12993.0,mist
US,2024-01-13,2024-01-27,3,0.9,13222.9765625,12993.0,mist
US,2024-01-13,2024-01-27,3,0.95,15326.349609375,12993.0,mist
US,2024-01-13,2024-01-27,3,0.975,15522.099609375,12993.0,mist
US,2024-01-13,2024-01-27,3,0.99,16755.7265625,12993.0,mist
US,2024-01-13,2024-02-03,4,0.01,0.0,11965.0,mist
US,2024-01-13,2024-02-03,4,0.025,0.0,11965.0,mist
US,2024-01-13,2024-02-03,4,0.05,796.490234375,11965.0,mist
US,2024-01-13,2024-02-03,4,0.1,2555.471923828125,11965.0,mist
US,2024-01-13,2024-02-03,4,0.15,3812.6748046875,11965.0,mist
US,2024-01-13,2024-02-03,4,0.2,3850.8779296875,11965.0,mist
US,2024-01-13,2024-02-03,4,0.25,4147.0693359375,11965.0,mist
US,2024-01-13,2024-02-03,4,0.3,4566.826171875,11965.0,mist
US,2024-01-13,2024-02-03,4,0.35,4599.458984375,11965.0,mist
US,2024-01-13,2024-02-03,4,0.4,4892.654296875,11965.0,mist
US,2024-01-13,2024-02-03,4,0.45,5205.14501953125,11965.0,mist
US,2024-01-13,2024-02-03,4,0.5,6177.43212890625,11965.0,mist
US,2024-01-13,2024-02-03,4,0.55,6715.6162109375,11965.0,mist
US,2024-01-13,2024-02-03,4,0.6,7059.34619140625,11965.0,mist
US,2024-01-13,2024-02-03,4,0.65,7625.69873046875,11965.0,mist
US,2024-01-13,2024-02-03,4,0.7,8642.9228515625,11965.0,mist
US,2024-01-13,2024-02-03,4,0.75,8868.0361328125,11965.0,mist
US,2024-01-13,2024-02-03,4,0.8,11461.27734375,11965.0,mist
US,2024-01-13,2024-02-03,4,0.85,12591.67578125,11965.0,mist
US,2024-01-13,2024-02-03,4,0.9,13789.7783203125,11965.0,mist
US,2024-01-13,2024-02-03,4,0.95,18572.0546875,11965.0,mist
US,2024-01-13,2024-02-03,4,0.975,21702.30078125,11965.0,mist
US,2024-01-13,2024-02-03,4,0.99,23888.185546875,11965.0,mist
US,2024-01-20,2024-01-20,1,0.01,1050.513671875,13308.0,mist
US,2024-01-20,2024-01-20,1,0.025,3542.19482421875,13308.0,mist
US,2024-01-20,2024-01-20,1,0.05,3835.99755859375,13308.0,mist
US,2024-01-20,2024-01-20,1,0.1,3976.4775390625,13308.0,mist
US,2024-01-20,2024-01-20,1,0.15,4439.37109375,13308.0,mist
US,2024-01-20,2024-01-20,1,0.2,4459.0029296875,13308.0,mist
US,2024-01-20,2024-01-20,1,0.25,4751.38525390625,13308.0,mist
US,2024-01-20,2024-01-20,1,0.3,4777.7763671875,13308.0,mist
US,2024-01-20,2024-01-20,1,0.35,5466.8369140625,13308.0,mist
US,2024-01-20,2024-01-20,1,0.4,5688.58837890625,13308.0,mist
US,2024-01-20,2024-01-20,1,0.45,6046.908203125,13308.0,mist
US,2024-01-20,2024-01-20,1,0.5,6343.9716796875,13308.0,mist
US,2024-01-20,2024-01-20,1,0.55,6628.83203125,13308.0,mist
US,2024-01-20,2024-01-20,1,0.6,7429.93310546875,13308.0,mist
US,2024-01-20,2024-01-20,1,0.65,7614.92236328125,13308.0,mist
US,2024-01-20,2024-01-20,1,0.7,7637.0390625,13308.0,mist
US,2024-01-20,2024-01-20,1,0.75,8155.1123046875,13308.0,mist
US,2024-01-20,2024-01-20,1,0.8,8366.5458984375,13308.0,mist
US,2024-01-20,2024-01-20,1,0.85,9230.724609375,13308.0,mist
US,2024-01-20,2024-01-20,1,0.9,9835.0732421875,13308.0,mist
US,2024-01-20,2024-01-20,1,0.95,9946.7880859375,13308.0,mist
US,2024-01-20,2024-01-20,1,0.975,10297.064453125,13308.0,mist
US,2024-01-20,2024-01-20,1,0.99,12404.521484375,13308.0,mist
US,2024-01-20,2024-01-27,2,0.01,1234.54833984375,12993.0,mist
US,2024-01-20,2024-01-27,2,0.025,1899.0791015625,12993.0,mist
US,2024-01-20,2024-01-27,2,0.05,2076.791015625,12993.0,mist
US,2024-01-20,2024-01-27,2,0.1,3772.5869140625,12993.0,mist
US,2024-01-20,2024-01-27,2,0.15,4186.47509765625,12993.0,mist
US,2024-01-20,2024-01-27,2,0.2,4458.4892578125,12993.0,mist
US,2024-01-20,2024-01-27,2,0.25,5017.083984375,12993.0,mist
US,2024-01-20,2024-01-27,2,0.3,5095.1083984375,12993.0,mist
US,2024-01-20,2024-01-27,2,0.35,5508.18603515625,12993.0,mist
US,2024-01-20,2024-01-27,2,0.4,5669.927734375,12993.0,mist
US,2024-01-20,2024-01-27,2,0.45,5770.61181640625,12993.0,mist
US,2024-01-20,2024-01-27,2,0.5,5788.08935546875,12993.0,mist
US,2024-01-20,2024-01-27,2,0.55,6507.89599609375,12993.0,mist
US,2024-01-20,2024-01-27,2,0.6,6619.9921875,12993.0,mist
US,2024-01-20,2024-01-27,2,0.65,6732.7314453125,12993.0,mist
US,2024-01-20,2024-01-27,2,0.7,6959.9775390625,12993.0,mist
US,2024-01-20,2024-01-27,2,0.75,7102.84033203125,12993.0,mist
US,2024-01-20,2024-01-27,2,0.8,7178.0341796875,12993.0,mist
US,2024-01-20,2024-01-27,2,0.85,7252.88916015625,12993.0,mist
US,2024-01-20,2024-01-27,2,0.9,7268.92138671875,12993.0,mist
US,2024-01-20,2024-01-27,2,0.95,7611.0576171875,12993.0,mist
US,2024-01-20,2024-01-27,2,0.975,9514.1533203125,12993.0,mist
US,2024-01-20,2024-01-27,2,0.99,14040.6533203125,12993.0,mist
US,2024-01-20,2024-02-03,3,0.01,1600.3994140625,11965.0,mist
US,2024-01-20,2024-02-03,3,0.025,2982.2861328125,11965.0,mist
US,2024-01-20,2024-02-03,3,0.05,3446.701171875,11965.0,mist
US,2024-01-20,2024-02-03,3,0.1,3693.167724609375,11965.0,mist
US,2024-01-20,2024-02-03,3,0.15,4265.3955078125,11965.0,mist
US,2024-01-20,2024-02-03,3,0.2,4567.78369140625,11965.0,mist
US,2024-01-20,2024-02-03,3,0.25,4595.87939453125,11965.0,mist
US,2024-01-20,2024-02-03,3,0.3,4644.9541015625,11965.0,mist
US,2024-01-20,2024-02-03,3,0.35,4716.7412109375,11965.0,mist
US,2024-01-20,2024-02-03,3,0.4,4908.99609375,11965.0,mist
US,2024-01-20,2024-02-03,3,0.45,5039.9208984375,11965.0,mist
US,2024-01-20,2024-02-03,3,0.5,5222.0478515625,11965.0,mist
US,2024-01-20,2024-02-03,3,0.55,5430.7705078125,11965.0,mist
US,2024-01-20,2024-02-03,3,0.6,5447.53515625,11965.0,mist
US,2024-01-20,2024-02-03,3,0.65,5607.5673828125,11965.0,mist
US,2024-01-20,2024-02-03,3,0.7,6191.8173828125,11965.0,mist
US,2024-01-20,2024-02-03,3,0.75,6342.529296875,11965.0,mist
US,2024-01-20,2024-02-03,3,0.8,6747.017578125,11965.0,mist
US,2024-01-20,2024-02-03,3,0.85,7695.880859375,11965.0,mist
US,2024-01-20,2024-02-03,3,0.9,8618.1318359375,11965.0,mist
US,2024-01-20,2024-02-03,3,0.95,10679.93359375,11965.0,mist
US,2024-01-20,2024-02-03,3,0.975,11130.931640625,11965.0,mist
US,2024-01-20,2024-02-03,3,0.99,11751.755859375,11965.0,mist
US,2024-01-20,2024-02-10,4,0.01,0.0,11638.0,mist
US,2024-01-20,2024-02-10,4,0.025,156.0517578125,11638.0,mist
US,2024-01-20,2024-02-10,4,0.05,1833.31396484375,11638.0,mist
US,2024-01-20,2024-02-10,4,0.1,2734.8134765625,11638.0,mist
US,2024-01-20,2024-02-10,4,0.15,3836.046875,11638.0,mist
US,2024-01-20,2024-02-10,4,0.2,3947.826904296875,11638.0,mist
US,2024-01-20,2024-02-10,4,0.25,3989.656982421875,11638.0,mist
US,2024-01-20,2024-02-10,4,0.3,4063.504638671875,11638.0,mist
US,2024-01-20,2024-02-10,4,0.35,4370.71923828125,11638.0,mist
US,2024-01-20,2024-02-10,4,0.4,4391.2431640625,11638.0,mist
US,2024-01-20,2024-02-10,4,0.45,4484.22265625,11638.0,mist
US,2024-01-20,2024-02-10,4,0.5,4544.478515625,11638.0,mist
US,2024-01-20,2024-02-10,4,0.55,5146.052734375,11638.0,mist
US,2024-01-20,2024-02-10,4,0.6,5373.58154296875,11638.0,mist
US,2024-01-20,2024-02-10,4,0.65,5446.4609375,11638.0,mist
US,2024-01-20,2024-02-10,4,0.7,6294.22607421875,11638.0,mist
US,2024-01-20,2024-02-10,4,0.75,6441.83984375,11638.0,mist
US,2024-01-20,2024-02-10,4,0.8,6964.9306640625,11638.0,mist
US,2024-01-20,2024-02-10,4,0.85,8732.359375,11638.0,mist
US,2024-01-20,2024-02-10,4,0.9,8741.24609375,11638.0,mist
US,2024-01-20,2024-02-10,4,0.95,12099.318359375,11638.0,mist
US,2024-01-20,2024-02-10,4,0.975,16101.169921875,11638.0,mist
US,2024-01-20,2024-02-10,4,0.99,17211.5625,11638.0,mist
US,2024-01-27,2024-01-27,1,0.01,495.21875,12993.0,mist
US,2024-01-27,2024-01-27,1,0.025,2093.33935546875,12993.0,mist
US,2024-01-27,2024-01-27,1,0.05,2810.0234375,12993.0,mist
US,2024-01-27,2024-01-27,1,0.1,3216.666015625,12993.0,mist
US,2024-01-27,2024-01-27,1,0.15,3248.9951171875,12993.0,mist
US,2024-01-27,2024-01-27,1,0.2,3316.70068359375,12993.0,mist
US,2024-01-27,2024-01-27,1,0.25,3319.08642578125,12993.0,mist
US,2024-01-27,2024-01-27,1,0.3,3385.25537109375,12993.0,mist
US,2024-01-27,2024-01-27,1,0.35,4251.0830078125,12993.0,mist
US,2024-01-27,2024-01-27,1,0.4,4623.693359375,12993.0,mist
US,2024-01-27,2024-01-27,1,0.45,4640.798828125,12993.0,mist
US,2024-01-27,2024-01-27,1,0.5,4677.056640625,12993.0,mist
US,2024-01-27,2024-01-27,1,0.55,4816.53125,12993.0,mist
US,2024-01-27,2024-01-27,1,0.6,5467.6572265625,12993.0,mist
US,2024-01-27,2024-01-27,1,0.65,5728.11767578125,12993.0,mist
US,2024-01-27,2024-01-27,1,0.7,5889.4990234375,12993.0,mist
US,2024-01-27,2024-01-27,1,0.75,6343.169921875,12993.0,mist
US,2024-01-27,2024-01-27,1,0.8,6362.318359375,12993.0,mist
US,2024-01-27,2024-01-27,1,0.85,6919.07763671875,12993.0,mist
US,2024-01-27,2024-01-27,1,0.9,7640.3203125,12993.0,mist
US,2024-01-27,2024-01-27,1,0.95,8620.763671875,12993.0,mist
US,2024-01-27,2024-01-27,1,0.975,9487.96875,12993.0,mist
US,2024-01-27,2024-01-27,1,0.99,13269.94921875,12993.0,mist
US,2024-01-27,2024-02-03,2,0.01,532.02490234375,11965.0,mist
US,2024-01-27,2024-02-03,2,0.025,617.03857421875,11965.0,mist
US,2024-01-27,2024-02-03,2,0.05,1140.162109375,11965.0,mist
US,2024-01-27,2024-02-03,2,0.1,2620.234375,11965.0,mist
US,2024-01-27,2024-02-03,2,0.15,2868.76806640625,11965.0,mist
US,2024-01-27,2024-02-03,2,0.2,3413.3623046875,11965.0,mist
US,2024-01-27,2024-02-03,2,0.25,3509.80908203125,11965.0,mist
US,2024-01-27,2024-02-03,2,0.3,3812.5341796875,11965.0,mist
US,2024-01-27,2024-02-03,2,0.35,4164.275390625,11965.0,mist
US,2024-01-27,2024-02-03,2,0.4,4311.57275390625,11965.0,mist
US,2024-01-27,2024-02-03,2,0.45,4533.1201171875,11965.0,mist
US,2024-01-27,2024-02-03,2,0.5,4534.56982421875,11965.0,mist
US,2024-01-27,2024-02-03,2,0.55,4715.7333984375,11965.0,mist
US,2024-01-27,2024-02-03,2,0.6,4810.0986328125,11965.0,mist
US,2024-01-27,2024-02-03,2,0.65,4944.14453125,11965.0,mist
US,2024-01-27,2024-02-03,2,0.7,5036.1533203125,11965.0,mist
US,2024-01-27,2024-02-03,2,0.75,5251.6005859375,11965.0,mist
US,2024-01-27,2024-02-03,2,0.8,5318.15625,11965.0,mist
US,2024-01-27,2024-02-03,2,0.85,5770.3251953125,11965.0,mist
US,2024-01-27,2024-02-03,2,0.9,5829.45654296875,11965.0,mist
US,2024-01-27,2024-02-03,2,0.95,6155.279296875,11965.0,mist
US,2024-01-27,2024-02-03,2,0.975,8004.056640625,11965.0,mist
US,2024-01-27,2024-02-03,2,0.99,12462.326171875,11965.0,mist
US,2024-01-27,2024-02-10,3,0.01,995.59228515625,11638.0,mist
US,2024-01-27,2024-02-10,3,0.025,1196.55126953125,11638.0,mist
US,2024-01-27,2024-02-10,3,0.05,1856.013671875,11638.0,mist
US,2024-01-27,2024-02-10,3,0.1,2803.2294921875,11638.0,mist
US,2024-01-27,2024-02-10,3,0.15,2951.37841796875,11638.0,mist
US,2024-01-27,2024-02-10,3,0.2,3193.24267578125,11638.0,mist
US,2024-01-27,2024-02-10,3,0.25,3314.46435546875,11638.0,mist
US,2024-01-27,2024-02-10,3,0.3,3473.39404296875,11638.0,mist
US,2024-01-27,2024-02-10,3,0.35,3505.49658203125,11638.0,mist
US,2024-01-27,2024-02-10,3,0.4,3642.10009765625,11638.0,mist
US,2024-01-27,2024-02-10,3,0.45,3768.90771484375,11638.0,mist
US,2024-01-27,2024-02-10,3,0.5,3775.537109375,11638.0,mist
US,2024-01-27,2024-02-10,3,0.55,3862.09765625,11638.0,mist
US,2024-01-27,2024-02-10,3,0.6,3910.723388671875,11638.0,mist
US,2024-01-27,2024-02-10,3,0.65,4317.4296875,11638.0,mist
US,2024-01-27,2024-02-10,3,0.7,4352.92822265625,11638.0,mist
US,2024-01-27,2024-02-10,3,0.75,4424.98779296875,11638.0,mist
US,2024-01-27,2024-02-10,3,0.8,4622.97998046875,11638.0,mist
US,2024-01-27,2024-02-10,3,0.85,5109.3955078125,11638.0,mist
US,2024-01-27,2024-02-10,3,0.9,6257.91748046875,11638.0,mist
US,2024-01-27,2024-02-10,3,0.95,7522.36474609375,11638.0,mist
US,2024-01-27,2024-02-10,3,0.975,8973.2099609375,11638.0,mist
US,2024-01-27,2024-02-10,3,0.99,10191.724609375,11638.0,mist
US,2024-01-27,2024-02-17,4,0.01,0.0,11135.0,mist
US,2024-01-27,2024-02-17,4,0.025,70.3525390625,11135.0,mist
US,2024-01-27,2024-02-17,4,0.05,444.71826171875,11135.0,mist
US,2024-01-27,2024-02-17,4,0.1,1767.115234375,11135.0,mist
US,2024-01-27,2024-02-17,4,0.15,2507.19775390625,11135.0,mist
US,2024-01-27,2024-02-17,4,0.2,2723.2919921875,11135.0,mist
US,2024-01-27,2024-02-17,4,0.25,2828.720703125,11135.0,mist
US,2024-01-27,2024-02-17,4,0.3,2853.35986328125,11135.0,mist
US,2024-01-27,2024-02-17,4,0.35,3108.11328125,11135.0,mist
US,2024-01-27,2024-02-17,4,0.4,3218.599609375,11135.0,mist
US,2024-01-27,2024-02-17,4,0.45,3363.8134765625,11135.0,mist
US,2024-01-27,2024-02-17,4,0.5,3386.82275390625,11135.0,mist
US,2024-01-27,2024-02-17,4,0.55,3591.81396484375,11135.0,mist
US,2024-01-27,2024-02-17,4,0.6,3632.44970703125,11135.0,mist
US,2024-01-27,2024-02-17,4,0.65,3796.20263671875,11135.0,mist
US,2024-01-27,2024-02-17,4,0.7,4289.03173828125,11135.0,mist
US,2024-01-27,2024-02-17,4,0.75,4433.14013671875,11135.0,mist
US,2024-01-27,2024-02-17,4,0.8,4477.2080078125,11135.0,mist
US,2024-01-27,2024-02-17,4,0.85,5528.279296875,11135.0,mist
US,2024-01-27,2024-02-17,4,0.9,5531.2333984375,11135.0,mist
US,2024-01-27,2024-02-17,4,0.95,7877.015625,11135.0,mist
US,2024-01-27,2024-02-17,4,0.975,13323.97265625,11135.0,mist
US,2024-01-27,2024-02-17,4,0.99,14808.953125,11135.0,mist
US,2024-02-03,2024-02-03,1,0.01,0.0,11965.0,mist
US,2024-02-03,2024-02-03,1,0.025,736.45458984375,11965.0,mist
US,2024-02-03,2024-02-03,1,0.05,1669.443359375,11965.0,mist
US,2024-02-03,2024-02-03,1,0.1,2421.27001953125,11965.0,mist
US,2024-02-03,2024-02-03,1,0.15,2534.09375,11965.0,mist
US,2024-02-03,2024-02-03,1,0.2,2816.146484375,11965.0,mist
US,2024-02-03,2024-02-03,1,0.25,3186.67822265625,11965.0,mist
US,2024-02-03,2024-02-03,1,0.3,3240.33984375,11965.0,mist
US,2024-02-03,2024-02-03,1,0.35,3842.4267578125,11965.0,mist
US,2024-02-03,2024-02-03,1,0.4,4206.5283203125,11965.0,mist
US,2024-02-03,2024-02-03,1,0.45,4324.2216796875,11965.0,mist
US,2024-02-03,2024-02-03,1,0.5,4875.517578125,11965.0,mist
US,2024-02-03,2024-02-03,1,0.55,4998.921875,11965.0,mist
US,2024-02-03,2024-02-03,1,0.6,5654.7021484375,11965.0,mist
US,2024-02-03,2024-02-03,1,0.65,5792.61279296875,11965.0,mist
US,2024-02-03,2024-02-03,1,0.7,5847.2353515625,11965.0,mist
US,2024-02-03,2024-02-03,1,0.75,6818.28662109375,11965.0,mist
US,2024-02-03,2024-02-03,1,0.8,7109.015625,11965.0,mist
US,2024-02-03,2024-02-03,1,0.85,7338.14453125,11965.0,mist
US,2024-02-03,2024-02-03,1,0.9,9098.4091796875,11965.0,mist
US,2024-02-03,2024-02-03,1,0.95,10790.736328125,11965.0,mist
US,2024-02-03,2024-02-03,1,0.975,12183.9482421875,11965.0,mist
US,2024-02-03,2024-02-03,1,0.99,16175.6171875,11965.0,mist
US,2024-02-03,2024-02-10,2,0.01,0.0,11638.0,mist
US,2024-02-03,2024-02-10,2,0.025,0.0,11638.0,mist
US,2024-02-03,2024-02-10,2,0.05,520.7392578125,11638.0,mist
US,2024-02-03,2024-02-10,2,0.1,2094.50634765625,11638.0,mist
US,2024-02-03,2024-02-10,2,0.15,2167.78857421875,11638.0,mist
US,2024-02-03,2024-02-10,2,0.2,2518.728515625,11638.0,mist
US,2024-02-03,2024-02-10,2,0.25,2760.51513671875,11638.0,mist
US,2024-02-03,2024-02-10,2,0.3,3263.71240234375,11638.0,mist
US,2024-02-03,2024-02-10,2,0.35,3771.970703125,11638.0,mist
US,2024-02-03,2024-02-10,2,0.4,4138.3701171875,11638.0,mist
US,2024-02-03,2024-02-10,2,0.45,4309.45947265625,11638.0,mist
US,2024-02-03,2024-02-10,2,0.5,4418.8896484375,11638.0,mist
US,2024-02-03,2024-02-10,2,0.55,4512.9833984375,11638.0,mist
US,2024-02-03,2024-02-10,2,0.6,4639.93310546875,11638.0,mist
US,2024-02-03,2024-02-10,2,0.65,4736.9345703125,11638.0,mist
US,2024-02-03,2024-02-10,2,0.7,5262.19140625,11638.0,mist
US,2024-02-03,2024-02-10,2,0.75,6073.3876953125,11638.0,mist
US,2024-02-03,2024-02-10,2,0.8,6201.8955078125,11638.0,mist
US,2024-02-03,2024-02-10,2,0.85,6377.4462890625,11638.0,mist
US,2024-02-03,2024-02-10,2,0.9,7036.8271484375,11638.0,mist
US,2024-02-03,2024-02-10,2,0.95,8721.6484375,11638.0,mist
US,2024-02-03,2024-02-10,2,0.975,10820.341796875,11638.0,mist
US,2024-02-03,2024-02-10,2,0.99,16000.044921875,11638.0,mist
US,2024-02-03,2024-02-17,3,0.01,0.0,11135.0,mist
US,2024-02-03,2024-02-17,3,0.025,0.0,11135.0,mist
US,2024-02-03,2024-02-17,3,0.05,600.1748046875,11135.0,mist
US,2024-02-03,2024-02-17,3,0.1,1608.72412109375,11135.0,mist
US,2024-02-03,2024-02-17,3,0.15,1943.5576171875,11135.0,mist
US,2024-02-03,2024-02-17,3,0.2,2368.63525390625,11135.0,mist
US,2024-02-03,2024-02-17,3,0.25,3033.1474609375,11135.0,mist
US,2024-02-03,2024-02-17,3,0.3,3064.7314453125,11135.0,mist
US,2024-02-03,2024-02-17,3,0.35,3080.498046875,11135.0,mist
US,2024-02-03,2024-02-17,3,0.4,3246.0927734375,11135.0,mist
US,2024-02-03,2024-02-17,3,0.45,3656.83984375,11135.0,mist
US,2024-02-03,2024-02-17,3,0.5,3833.2451171875,11135.0,mist
US,2024-02-03,2024-02-17,3,0.55,4117.9814453125,11135.0,mist
US,2024-02-03,2024-02-17,3,0.6,4174.4365234375,11135.0,mist
US,2024-02-03,2024-02-17,3,0.65,4931.3134765625,11135.0,mist
US,2024-02-03,2024-02-17,3,0.7,4942.68505859375,11135.0,mist
US,2024-02-03,2024-02-17,3,0.75,5017.76513671875,11135.0,mist
US,2024-02-03,2024-02-17,3,0.8,5866.43505859375,11135.0,mist
US,2024-02-03,2024-02-17,3,0.85,6892.359375,11135.0,mist
US,2024-02-03,2024-02-17,3,0.9,9161.8955078125,11135.0,mist
US,2024-02-03,2024-02-17,3,0.95,10134.16796875,11135.0,mist
US,2024-02-03,2024-02-17,3,0.975,12677.0361328125,11135.0,mist
US,2024-02-03,2024-02-17,3,0.99,14773.72265625,11135.0,mist
US,2024-02-03,2024-02-24,4,0.01,0.0,10874.0,mist
US,2024-02-03,2024-02-24,4,0.025,0.0,10874.0,mist
US,2024-02-03,2024-02-24,4,0.05,0.0,10874.0,mist
US,2024-02-03,2024-02-24,4,0.1,1484.4189453125,10874.0,mist
US,2024-02-03,2024-02-24,4,0.15,1830.45849609375,10874.0,mist
US,2024-02-03,2024-02-24,4,0.2,1831.64404296875,10874.0,mist
US,2024-02-03,2024-02-24,4,0.25,2526.9052734375,10874.0,mist
US,2024-02-03,2024-02-24,4,0.3,2721.2607421875,10874.0,mist
US,2024-02-03,2024-02-24,4,0.35,2899.12744140625,10874.0,mist
US,2024-02-03,2024-02-24,4,0.4,2997.4375,10874.0,mist
US,2024-02-03,2024-02-24,4,0.45,3470.79443359375,10874.0,mist
US,2024-02-03,2024-02-24,4,0.5,3696.01611328125,10874.0,mist
US,2024-02-03,2024-02-24,4,0.55,4169.9775390625,10874.0,mist
US,2024-02-03,2024-02-24,4,0.6,4221.009765625,10874.0,mist
US,2024-02-03,2024-02-24,4,0.65,4619.17431640625,10874.0,mist
US,2024-02-03,2024-02-24,4,0.7,5087.8232421875,10874.0,mist
US,2024-02-03,2024-02-24,4,0.75,5251.24072265625,10874.0,mist
US,2024-02-03,2024-02-24,4,0.8,6650.7744140625,10874.0,mist
US,2024-02-03,2024-02-24,4,0.85,7123.04052734375,10874.0,mist
US,2024-02-03,2024-02-24,4,0.9,8759.4794921875,10874.0,mist
US,2024-02-03,2024-02-24,4,0.95,12197.9296875,10874.0,mist
US,2024-02-03,2024-02-24,4,0.975,18023.158203125,10874.0,mist
US,2024-02-03,2024-02-24,4,0.99,20997.56640625,10874.0,mist
US,2024-02-10,2024-02-10,1,0.01,0.0,11638.0,mist
US,2024-02-10,2024-02-10,1,0.025,221.1259765625,11638.0,mist
US,2024-02-10,2024-02-10,1,0.05,1405.6796875,11638.0,mist
US,2024-02-10,2024-02-10,1,0.1,2282.60498046875,11638.0,mist
US,2024-02-10,2024-02-10,1,0.15,2456.31005859375,11638.0,mist
US,2024-02-10,2024-02-10,1,0.2,2456.52783203125,11638.0,mist
US,2024-02-10,2024-02-10,1,0.25,2550.17626953125,11638.0,mist
US,2024-02-10,2024-02-10,1,0.3,2720.30908203125,11638.0,mist
US,2024-02-10,2024-02-10,1,0.35,3095.177734375,11638.0,mist
US,2024-02-10,2024-02-10,1,0.4,3299.61328125,11638.0,mist
US,2024-02-10,2024-02-10,1,0.45,3400.0712890625,11638.0,mist
US,2024-02-10,2024-02-10,1,0.5,3592.93896484375,11638.0,mist
US,2024-02-10,2024-02-10,1,0.55,3767.03076171875,11638.0,mist
US,2024-02-10,2024-02-10,1,0.6,4056.08154296875,11638.0,mist
US,2024-02-10,2024-02-10,1,0.65,4218.5419921875,11638.0,mist
US,2024-02-10,2024-02-10,1,0.7,4325.880859375,11638.0,mist
US,2024-02-10,2024-02-10,1,0.75,4827.384765625,11638.0,mist
US,2024-02-10,2024-02-10,1,0.8,4906.70263671875,11638.0,mist
US,2024-02-10,2024-02-10,1,0.85,5699.0234375,11638.0,mist
US,2024-02-10,2024-02-10,1,0.9,6404.13720703125,11638.0,mist
US,2024-02-10,2024-02-10,1,0.95,8153.18603515625,11638.0,mist
US,2024-02-10,2024-02-10,1,0.975,10367.908203125,11638.0,mist
US,2024-02-10,2024-02-10,1,0.99,15662.6611328125,11638.0,mist
US,2024-02-10,2024-02-17,2,0.01,0.0,11135.0,mist
US,2024-02-10,2024-02-17,2,0.025,0.0,11135.0,mist
US,2024-02-10,2024-02-17,2,0.05,707.37109375,11135.0,mist
US,2024-02-10,2024-02-17,2,0.1,1800.501953125,11135.0,mist
US,2024-02-10,2024-02-17,2,0.15,1842.50439453125,11135.0,mist
US,2024-02-10,2024-02-17,2,0.2,1942.3916015625,11135.0,mist
US,2024-02-10,2024-02-17,2,0.25,2428.9169921875,11135.0,mist
US,2024-02-10,2024-02-17,2,0.3,2547.3271484375,11135.0,mist
US,2024-02-10,2024-02-17,2,0.35,2775.21826171875,11135.0,mist
US,2024-02-10,2024-02-17,2,0.4,2826.98046875,11135.0,mist
US,2024-02-10,2024-02-17,2,0.45,3257.50390625,11135.0,mist
US,2024-02-10,2024-02-17,2,0.5,3439.58837890625,11135.0,mist
US,2024-02-10,2024-02-17,2,0.55,3460.19189453125,11135.0,mist
US,2024-02-10,2024-02-17,2,0.6,3657.376953125,11135.0,mist
US,2024-02-10,2024-02-17,2,0.65,3657.59130859375,11135.0,mist
US,2024-02-10,2024-02-17,2,0.7,3731.08984375,11135.0,mist
US,2024-02-10,2024-02-17,2,0.75,4614.052734375,11135.0,mist
US,2024-02-10,2024-02-17,2,0.8,4779.6396484375,11135.0,mist
US,2024-02-10,2024-02-17,2,0.85,4833.49462890625,11135.0,mist
US,2024-02-10,2024-02-17,2,0.9,5101.1123046875,11135.0,mist
US,2024-02-10,2024-02-17,2,0.95,6547.23583984375,11135.0,mist
US,2024-02-10,2024-02-17,2,0.975,8559.46484375,11135.0,mist
US,2024-02-10,2024-02-17,2,0.99,13112.375,11135.0,mist
US,2024-02-10,2024-02-24,3,0.01,0.0,10874.0,mist
US,2024-02-10,2024-02-24,3,0.025,0.0,10874.0,mist
US,2024-02-10,2024-02-24,3,0.05,262.0771484375,10874.0,mist
US,2024-02-10,2024-02-24,3,0.1,1326.18798828125,10874.0,mist
US,2024-02-10,2024-02-24,3,0.15,1562.39599609375,10874.0,mist
US,2024-02-10,2024-02-24,3,0.2,2078.6728515625,10874.0,mist
US,2024-02-10,2024-02-24,3,0.25,2141.9873046875,10874.0,mist
US,2024-02-10,2024-02-24,3,0.3,2449.35009765625,10874.0,mist
US,2024-02-10,2024-02-24,3,0.35,2496.24365234375,10874.0,mist
US,2024-02-10,2024-02-24,3,0.4,2765.0615234375,10874.0,mist
US,2024-02-10,2024-02-24,3,0.45,2937.16796875,10874.0,mist
US,2024-02-10,2024-02-24,3,0.5,3063.18603515625,10874.0,mist
US,2024-02-10,2024-02-24,3,0.55,3163.81787109375,10874.0,mist
US,2024-02-10,2024-02-24,3,0.6,3256.60986328125,10874.0,mist
US,2024-02-10,2024-02-24,3,0.65,3371.11767578125,10874.0,mist
US,2024-02-10,2024-02-24,3,0.7,3528.998046875,10874.0,mist
US,2024-02-10,2024-02-24,3,0.75,3573.19482421875,10874.0,mist
US,2024-02-10,2024-02-24,3,0.8,3607.29248046875,10874.0,mist
US,2024-02-10,2024-02-24,3,0.85,3978.40185546875,10874.0,mist
US,2024-02-10,2024-02-24,3,0.9,5002.30419921875,10874.0,mist
US,2024-02-10,2024-02-24,3,0.95,5889.673828125,10874.0,mist
US,2024-02-10,2024-02-24,3,0.975,8588.947265625,10874.0,mist
US,2024-02-10,2024-02-24,3,0.99,12954.6953125,10874.0,mist
US,2024-02-10,2024-03-02,4,0.01,0.0,10826.0,mist
US,2024-02-10,2024-03-02,4,0.025,0.0,10826.0,mist
US,2024-02-10,2024-03-02,4,0.05,405.521484375,10826.0,mist
US,2024-02-10,2024-03-02,4,0.1,1016.634765625,10826.0,mist
US,2024-02-10,2024-03-02,4,0.15,1035.05078125,10826.0,mist
US,2024-02-10,2024-03-02,4,0.2,1837.92822265625,10826.0,mist
US,2024-02-10,2024-03-02,4,0.25,1963.189453125,10826.0,mist
US,2024-02-10,2024-03-02,4,0.3,2053.92626953125,10826.0,mist
US,2024-02-10,2024-03-02,4,0.35,2278.6318359375,10826.0,mist
US,2024-02-10,2024-03-02,4,0.4,2311.490234375,10826.0,mist
US,2024-02-10,2024-03-02,4,0.45,2353.53369140625,10826.0,mist
US,2024-02-10,2024-03-02,4,0.5,2635.72314453125,10826.0,mist
US,2024-02-10,2024-03-02,4,0.55,2779.88916015625,10826.0,mist
US,2024-02-10,2024-03-02,4,0.6,2862.908203125,10826.0,mist
US,2024-02-10,2024-03-02,4,0.65,2866.95068359375,10826.0,mist
US,2024-02-10,2024-03-02,4,0.7,3122.3349609375,10826.0,mist
US,2024-02-10,2024-03-02,4,0.75,3302.6630859375,10826.0,mist
US,2024-02-10,2024-03-02,4,0.8,3600.79248046875,10826.0,mist
US,2024-02-10,2024-03-02,4,0.85,4182.3076171875,10826.0,mist
US,2024-02-10,2024-03-02,4,0.9,4515.6396484375,10826.0,mist
US,2024-02-10,2024-03-02,4,0.95,6255.5205078125,10826.0,mist
US,2024-02-10,2024-03-02,4,0.975,12947.2265625,10826.0,mist
US,2024-02-10,2024-03-02,4,0.99,15337.7138671875,10826.0,mist
US,2024-02-17,2024-02-17,1,0.01,2025.220703125,11135.0,mist
US,2024-02-17,2024-02-17,1,0.025,2158.95263671875,11135.0,mist
US,2024-02-17,2024-02-17,1,0.05,3243.16650390625,11135.0,mist
US,2024-02-17,2024-02-17,1,0.1,3883.6474609375,11135.0,mist
US,2024-02-17,2024-02-17,1,0.15,3926.1845703125,11135.0,mist
US,2024-02-17,2024-02-17,1,0.2,3988.23681640625,11135.0,mist
US,2024-02-17,2024-02-17,1,0.25,4077.38720703125,11135.0,mist
US,2024-02-17,2024-02-17,1,0.3,4255.0712890625,11135.0,mist
US,2024-02-17,2024-02-17,1,0.35,4658.90087890625,11135.0,mist
US,2024-02-17,2024-02-17,1,0.4,4688.416015625,11135.0,mist
US,2024-02-17,2024-02-17,1,0.45,4745.8935546875,11135.0,mist
US,2024-02-17,2024-02-17,1,0.5,5056.8369140625,11135.0,mist
US,2024-02-17,2024-02-17,1,0.55,5096.49169921875,11135.0,mist
US,2024-02-17,2024-02-17,1,0.6,5315.33154296875,11135.0,mist
US,2024-02-17,2024-02-17,1,0.65,5669.62744140625,11135.0,mist
US,2024-02-17,2024-02-17,1,0.7,5682.1220703125,11135.0,mist
US,2024-02-17,2024-02-17,1,0.75,6180.078125,11135.0,mist
US,2024-02-17,2024-02-17,1,0.8,6231.619140625,11135.0,mist
US,2024-02-17,2024-02-17,1,0.85,6710.81787109375,11135.0,mist
US,2024-02-17,2024-02-17,1,0.9,7376.291015625,11135.0,mist
US,2024-02-17,2024-02-17,1,0.95,8768.9638671875,11135.0,mist
US,2024-02-17,2024-02-17,1,0.975,10638.7060546875,11135.0,mist
US,2024-02-17,2024-02-17,1,0.99,15444.865234375,11135.0,mist
US,2024-02-17,2024-02-24,2,0.01,790.0791015625,10874.0,mist
US,2024-02-17,2024-02-24,2,0.025,1681.75390625,10874.0,mist
US,2024-02-17,2024-02-24,2,0.05,2357.263671875,10874.0,mist
US,2024-02-17,2024-02-24,2,0.1,3395.20654296875,10874.0,mist
US,2024-02-17,2024-02-24,2,0.15,3486.0888671875,10874.0,mist
US,2024-02-17,2024-02-24,2,0.2,3615.02392578125,10874.0,mist
US,2024-02-17,2024-02-24,2,0.25,4174.2109375,10874.0,mist
US,2024-02-17,2024-02-24,2,0.3,4187.2451171875,10874.0,mist
US,2024-02-17,2024-02-24,2,0.35,4355.9091796875,10874.0,mist
US,2024-02-17,2024-02-24,2,0.4,4365.94921875,10874.0,mist
US,2024-02-17,2024-02-24,2,0.45,4625.0166015625,10874.0,mist
US,2024-02-17,2024-02-24,2,0.5,4934.35791015625,10874.0,mist
US,2024-02-17,2024-02-24,2,0.55,4978.6025390625,10874.0,mist
US,2024-02-17,2024-02-24,2,0.6,5066.8369140625,10874.0,mist
US,2024-02-17,2024-02-24,2,0.65,5172.18896484375,10874.0,mist
US,2024-02-17,2024-02-24,2,0.7,5178.25390625,10874.0,mist
US,2024-02-17,2024-02-24,2,0.75,5753.25244140625,10874.0,mist
US,2024-02-17,2024-02-24,2,0.8,5803.54150390625,10874.0,mist
US,2024-02-17,2024-02-24,2,0.85,6091.09375,10874.0,mist
US,2024-02-17,2024-02-24,2,0.9,6397.8671875,10874.0,mist
US,2024-02-17,2024-02-24,2,0.95,7267.376953125,10874.0,mist
US,2024-02-17,2024-02-24,2,0.975,8937.470703125,10874.0,mist
US,2024-02-17,2024-02-24,2,0.99,13045.1376953125,10874.0,mist
US,2024-02-17,2024-03-02,3,0.01,1097.57421875,10826.0,mist
US,2024-02-17,2024-03-02,3,0.025,1972.94140625,10826.0,mist
US,2024-02-17,2024-03-02,3,0.05,2173.81640625,10826.0,mist
US,2024-02-17,2024-03-02,3,0.1,3305.9736328125,10826.0,mist
US,2024-02-17,2024-03-02,3,0.15,3373.1357421875,10826.0,mist
US,2024-02-17,2024-03-02,3,0.2,3670.3369140625,10826.0,mist
US,2024-02-17,2024-03-02,3,0.25,3806.87109375,10826.0,mist
US,2024-02-17,2024-03-02,3,0.3,3977.34521484375,10826.0,mist
US,2024-02-17,2024-03-02,3,0.35,4130.6767578125,10826.0,mist
US,2024-02-17,2024-03-02,3,0.4,4247.43115234375,10826.0,mist
US,2024-02-17,2024-03-02,3,0.45,4425.431640625,10826.0,mist
US,2024-02-17,2024-03-02,3,0.5,4508.37353515625,10826.0,mist
US,2024-02-17,2024-03-02,3,0.55,4589.7294921875,10826.0,mist
US,2024-02-17,2024-03-02,3,0.6,4608.0712890625,10826.0,mist
US,2024-02-17,2024-03-02,3,0.65,4782.0595703125,10826.0,mist
US,2024-02-17,2024-03-02,3,0.7,4817.68603515625,10826.0,mist
US,2024-02-17,2024-03-02,3,0.75,4848.42822265625,10826.0,mist
US,2024-02-17,2024-03-02,3,0.8,4884.46240234375,10826.0,mist
US,2024-02-17,2024-03-02,3,0.85,5180.35595703125,10826.0,mist
US,2024-02-17,2024-03-02,3,0.9,5952.208984375,10826.0,mist
US,2024-02-17,2024-03-02,3,0.95,6653.9794921875,10826.0,mist
US,2024-02-17,2024-03-02,3,0.975,8899.3759765625,10826.0,mist
US,2024-02-17,2024-03-02,3,0.99,12712.650390625,10826.0,mist
US,2024-02-17,2024-03-09,4,0.01,471.6298828125,9421.0,mist
US,2024-02-17,2024-03-09,4,0.025,1019.7158203125,9421.0,mist
US,2024-02-17,2024-03-09,4,0.05,2128.35546875,9421.0,mist
US,2024-02-17,2024-03-09,4,0.1,2744.43896484375,9421.0,mist
US,2024-02-17,2024-03-09,4,0.15,2839.966796875,9421.0,mist
US,2024-02-17,2024-03-09,4,0.2,3544.39892578125,9421.0,mist
US,2024-02-17,2024-03-09,4,0.25,3602.17919921875,9421.0,mist
US,2024-02-17,2024-03-09,4,0.3,3605.7841796875,9421.0,mist
US,2024-02-17,2024-03-09,4,0.35,3855.38818359375,9421.0,mist
US,2024-02-17,2024-03-09,4,0.4,3956.7861328125,9421.0,mist
US,2024-02-17,2024-03-09,4,0.45,4006.40478515625,9421.0,mist
US,2024-02-17,2024-03-09,4,0.5,4058.685546875,9421.0,mist
US,2024-02-17,2024-03-09,4,0.55,4244.0029296875,9421.0,mist
US,2024-02-17,2024-03-09,4,0.6,4292.9326171875,9421.0,mist
US,2024-02-17,2024-03-09,4,0.65,4341.27001953125,9421.0,mist
US,2024-02-17,2024-03-09,4,0.7,4517.630859375,9421.0,mist
US,2024-02-17,2024-03-09,4,0.75,4757.60888671875,9421.0,mist
US,2024-02-17,2024-03-09,4,0.8,4865.69140625,9421.0,mist
US,2024-02-17,2024-03-09,4,0.85,5216.423828125,9421.0,mist
US,2024-02-17,2024-03-09,4,0.9,5435.47265625,9421.0,mist
US,2024-02-17,2024-03-09,4,0.95,6740.93603515625,9421.0,mist
US,2024-02-17,2024-03-09,4,0.975,12840.0693359375,9421.0,mist
US,2024-02-17,2024-03-09,4,0.99,14633.32421875,9421.0,mist
US,2024-02-24,2024-02-24,1,0.01,2442.2470703125,10874.0,mist
US,2024-02-24,2024-02-24,1,0.025,2719.46142578125,10874.0,mist
US,2024-02-24,2024-02-24,1,0.05,3792.6083984375,10874.0,mist
US,2024-02-24,2024-02-24,1,0.1,4329.8671875,10874.0,mist
US,2024-02-24,2024-02-24,1,0.15,4471.0478515625,10874.0,mist
US,2024-02-24,2024-02-24,1,0.2,4508.96533203125,10874.0,mist
US,2024-02-24,2024-02-24,1,0.25,4569.4072265625,10874.0,mist
US,2024-02-24,2024-02-24,1,0.3,4839.17041015625,10874.0,mist
US,2024-02-24,2024-02-24,1,0.35,5255.3828125,10874.0,mist
US,2024-02-24,2024-02-24,1,0.4,5270.54638671875,10874.0,mist
US,2024-02-24,2024-02-24,1,0.45,5410.70947265625,10874.0,mist
US,2024-02-24,2024-02-24,1,0.5,5497.87158203125,10874.0,mist
US,2024-02-24,2024-02-24,1,0.55,5670.10107421875,10874.0,mist
US,2024-02-24,2024-02-24,1,0.6,5949.7705078125,10874.0,mist
US,2024-02-24,2024-02-24,1,0.65,6234.7822265625,10874.0,mist
US,2024-02-24,2024-02-24,1,0.7,6310.6279296875,10874.0,mist
US,2024-02-24,2024-02-24,1,0.75,6692.02001953125,10874.0,mist
US,2024-02-24,2024-02-24,1,0.8,6876.037109375,10874.0,mist
US,2024-02-24,2024-02-24,1,0.85,7378.671875,10874.0,mist
US,2024-02-24,2024-02-24,1,0.9,8172.97998046875,10874.0,mist
US,2024-02-24,2024-02-24,1,0.95,9777.87890625,10874.0,mist
US,2024-02-24,2024-02-24,1,0.975,11544.7158203125,10874.0,mist
US,2024-02-24,2024-02-24,1,0.99,16156.9462890625,10874.0,mist
US,2024-02-24,2024-03-02,2,0.01,1436.9384765625,10826.0,mist
US,2024-02-24,2024-03-02,2,0.025,2399.8876953125,10826.0,mist
US,2024-02-24,2024-03-02,2,0.05,2996.0078125,10826.0,mist
US,2024-02-24,2024-03-02,2,0.1,3846.36083984375,10826.0,mist
US,2024-02-24,2024-03-02,2,0.15,4066.6630859375,10826.0,mist
US,2024-02-24,2024-03-02,2,0.2,4217.775390625,10826.0,mist
US,2024-02-24,2024-03-02,2,0.25,4740.2822265625,10826.0,mist
US,2024-02-24,2024-03-02,2,0.3,4748.36328125,10826.0,mist
US,2024-02-24,2024-03-02,2,0.35,4927.51806640625,10826.0,mist
US,2024-02-24,2024-03-02,2,0.4,4975.58984375,10826.0,mist
US,2024-02-24,2024-03-02,2,0.45,5273.1318359375,10826.0,mist
US,2024-02-24,2024-03-02,2,0.5,5456.94677734375,10826.0,mist
US,2024-02-24,2024-03-02,2,0.55,5600.53271484375,10826.0,mist
US,2024-02-24,2024-03-02,2,0.6,5602.1708984375,10826.0,mist
US,2024-02-24,2024-03-02,2,0.65,5807.671875,10826.0,mist
US,2024-02-24,2024-03-02,2,0.7,5829.6181640625,10826.0,mist
US,2024-02-24,2024-03-02,2,0.75,6605.80322265625,10826.0,mist
US,2024-02-24,2024-03-02,2,0.8,6657.85888671875,10826.0,mist
US,2024-02-24,2024-03-02,2,0.85,6911.9375,10826.0,mist
US,2024-02-24,2024-03-02,2,0.9,6970.25,10826.0,mist
US,2024-02-24,2024-03-02,2,0.95,8333.421875,10826.0,mist
US,2024-02-24,2024-03-02,2,0.975,9926.052734375,10826.0,mist
US,2024-02-24,2024-03-02,2,0.99,13892.248046875,10826.0,mist
US,2024-02-24,2024-03-09,3,0.01,1523.1044921875,9421.0,mist
US,2024-02-24,2024-03-09,3,0.025,2566.91796875,9421.0,mist
US,2024-02-24,2024-03-09,3,0.05,2647.1123046875,9421.0,mist
US,2024-02-24,2024-03-09,3,0.1,3745.31640625,9421.0,mist
US,2024-02-24,2024-03-09,3,0.15,3910.5576171875,9421.0,mist
US,2024-02-24,2024-03-09,3,0.2,4347.5439453125,9421.0,mist
US,2024-02-24,2024-03-09,3,0.25,4382.92822265625,9421.0,mist
US,2024-02-24,2024-03-09,3,0.3,4542.33642578125,9421.0,mist
US,2024-02-24,2024-03-09,3,0.35,4734.7294921875,9421.0,mist
US,2024-02-24,2024-03-09,3,0.4,4878.39697265625,9421.0,mist
US,2024-02-24,2024-03-09,3,0.45,5047.470703125,9421.0,mist
US,2024-02-24,2024-03-09,3,0.5,5140.25146484375,9421.0,mist
US,2024-02-24,2024-03-09,3,0.55,5216.4521484375,9421.0,mist
US,2024-02-24,2024-03-09,3,0.6,5268.1748046875,9421.0,mist
US,2024-02-24,2024-03-09,3,0.65,5393.19970703125,9421.0,mist
US,2024-02-24,2024-03-09,3,0.7,5578.96826171875,9421.0,mist
US,2024-02-24,2024-03-09,3,0.75,5662.87548828125,9421.0,mist
US,2024-02-24,2024-03-09,3,0.8,5937.943359375,9421.0,mist
US,2024-02-24,2024-03-09,3,0.85,6208.16162109375,9421.0,mist
US,2024-02-24,2024-03-09,3,0.9,6939.69677734375,9421.0,mist
US,2024-02-24,2024-03-09,3,0.95,7711.87109375,9421.0,mist
US,2024-02-24,2024-03-09,3,0.975,10022.8095703125,9421.0,mist
US,2024-02-24,2024-03-09,3,0.99,13885.693359375,9421.0,mist
US,2024-02-24,2024-03-16,4,0.01,1019.8828125,7326.0,mist
US,2024-02-24,2024-03-16,4,0.025,1536.98828125,7326.0,mist
US,2024-02-24,2024-03-16,4,0.05,2625.0556640625,7326.0,mist
US,2024-02-24,2024-03-16,4,0.1,3258.00390625,7326.0,mist
US,2024-02-24,2024-03-16,4,0.15,3482.69140625,7326.0,mist
US,2024-02-24,2024-03-16,4,0.2,4102.66943359375,7326.0,mist
US,2024-02-24,2024-03-16,4,0.25,4287.08251953125,7326.0,mist
US,2024-02-24,2024-03-16,4,0.3,4312.12255859375,7326.0,mist
US,2024-02-24,2024-03-16,4,0.35,4421.2587890625,7326.0,mist
US,2024-02-24,2024-03-16,4,0.4,4664.90478515625,7326.0,mist
US,2024-02-24,2024-03-16,4,0.45,4719.103515625,7326.0,mist
US,2024-02-24,2024-03-16,4,0.5,4807.46923828125,7326.0,mist
US,2024-02-24,2024-03-16,4,0.55,4926.75439453125,7326.0,mist
US,2024-02-24,2024-03-16,4,0.6,5032.9521484375,7326.0,mist
US,2024-02-24,2024-03-16,4,0.65,5199.94580078125,7326.0,mist
US,2024-02-24,2024-03-16,4,0.7,5358.68994140625,7326.0,mist
US,2024-02-24,2024-03-16,4,0.75,5724.28369140625,7326.0,mist
US,2024-02-24,2024-03-16,4,0.8,5784.404296875,7326.0,mist
US,2024-02-24,2024-03-16,4,0.85,6111.24365234375,7326.0,mist
US,2024-02-24,2024-03-16,4,0.9,6588.521484375,7326.0,mist
US,2024-02-24,2024-03-16,4,0.95,8186.6201171875,7326.0,mist
US,2024-02-24,2024-03-16,4,0.975,14030.55859375,7326.0,mist
US,2024-02-24,2024-03-16,4,0.99,16019.4091796875,7326.0,mist
US,2024-03-02,2024-03-02,1,0.01,1713.505859375,10826.0,mist
US,2024-03-02,2024-03-02,1,0.025,2940.078125,10826.0,mist
US,2024-03-02,2024-03-02,1,0.05,3822.751953125,10826.0,mist
US,2024-03-02,2024-03-02,1,0.1,4628.42236328125,10826.0,mist
US,2024-03-02,2024-03-02,1,0.15,4804.099609375,10826.0,mist
US,2024-03-02,2024-03-02,1,0.2,5011.703125,10826.0,mist
US,2024-03-02,2024-03-02,1,0.25,5303.71337890625,10826.0,mist
US,2024-03-02,2024-03-02,1,0.3,5409.58154296875,10826.0,mist
US,2024-03-02,2024-03-02,1,0.35,5614.796875,10826.0,mist
US,2024-03-02,2024-03-02,1,0.4,5950.103515625,10826.0,mist
US,2024-03-02,2024-03-02,1,0.45,6251.1845703125,10826.0,mist
US,2024-03-02,2024-03-02,1,0.5,6536.189453125,10826.0,mist
US,2024-03-02,2024-03-02,1,0.55,6603.55419921875,10826.0,mist
US,2024-03-02,2024-03-02,1,0.6,6987.43359375,10826.0,mist
US,2024-03-02,2024-03-02,1,0.65,7127.4189453125,10826.0,mist
US,2024-03-02,2024-03-02,1,0.7,7268.09228515625,10826.0,mist
US,2024-03-02,2024-03-02,1,0.75,7770.38671875,10826.0,mist
US,2024-03-02,2024-03-02,1,0.8,7941.0244140625,10826.0,mist
US,2024-03-02,2024-03-02,1,0.85,8790.2568359375,10826.0,mist
US,2024-03-02,2024-03-02,1,0.9,10048.552734375,10826.0,mist
US,2024-03-02,2024-03-02,1,0.95,11919.091796875,10826.0,mist
US,2024-03-02,2024-03-02,1,0.975,13630.30078125,10826.0,mist
US,2024-03-02,2024-03-02,1,0.99,17750.58203125,10826.0,mist
US,2024-03-02,2024-03-09,2,0.01,1746.7255859375,9421.0,mist
US,2024-03-02,2024-03-09,2,0.025,2579.1396484375,9421.0,mist
US,2024-03-02,2024-03-09,2,0.05,3366.45654296875,9421.0,mist
US,2024-03-02,2024-03-09,2,0.1,4237.67236328125,9421.0,mist
US,2024-03-02,2024-03-09,2,0.15,4470.5419921875,9421.0,mist
US,2024-03-02,2024-03-09,2,0.2,4743.88623046875,9421.0,mist
US,2024-03-02,2024-03-09,2,0.25,4818.73876953125,9421.0,mist
US,2024-03-02,2024-03-09,2,0.3,5108.2890625,9421.0,mist
US,2024-03-02,2024-03-09,2,0.35,5550.8759765625,9421.0,mist
US,2024-03-02,2024-03-09,2,0.4,5702.3603515625,9421.0,mist
US,2024-03-02,2024-03-09,2,0.45,6058.78515625,9421.0,mist
US,2024-03-02,2024-03-09,2,0.5,6161.37548828125,9421.0,mist
US,2024-03-02,2024-03-09,2,0.55,6254.75537109375,9421.0,mist
US,2024-03-02,2024-03-09,2,0.6,6490.63818359375,9421.0,mist
US,2024-03-02,2024-03-09,2,0.65,6545.5830078125,9421.0,mist
US,2024-03-02,2024-03-09,2,0.7,6615.27001953125,9421.0,mist
US,2024-03-02,2024-03-09,2,0.75,7507.43408203125,9421.0,mist
US,2024-03-02,2024-03-09,2,0.8,7819.42919921875,9421.0,mist
US,2024-03-02,2024-03-09,2,0.85,8183.79296875,9421.0,mist
US,2024-03-02,2024-03-09,2,0.9,8863.603515625,9421.0,mist
US,2024-03-02,2024-03-09,2,0.95,10588.0,9421.0,mist
US,2024-03-02,2024-03-09,2,0.975,12341.59765625,9421.0,mist
US,2024-03-02,2024-03-09,2,0.99,16644.435546875,9421.0,mist
US,2024-03-02,2024-03-16,3,0.01,1736.330078125,7326.0,mist
US,2024-03-02,2024-03-16,3,0.025,2277.2216796875,7326.0,mist
US,2024-03-02,2024-03-16,3,0.05,2715.5947265625,7326.0,mist
US,2024-03-02,2024-03-16,3,0.1,3574.01708984375,7326.0,mist
US,2024-03-02,2024-03-16,3,0.15,4061.298828125,7326.0,mist
US,2024-03-02,2024-03-16,3,0.2,4559.1162109375,7326.0,mist
US,2024-03-02,2024-03-16,3,0.25,5014.7841796875,7326.0,mist
US,2024-03-02,2024-03-16,3,0.3,5069.9580078125,7326.0,mist
US,2024-03-02,2024-03-16,3,0.35,5131.89697265625,7326.0,mist
US,2024-03-02,2024-03-16,3,0.4,5379.947265625,7326.0,mist
US,2024-03-02,2024-03-16,3,0.45,5728.47216796875,7326.0,mist
US,2024-03-02,2024-03-16,3,0.5,5792.03125,7326.0,mist
US,2024-03-02,2024-03-16,3,0.55,5968.45458984375,7326.0,mist
US,2024-03-02,2024-03-16,3,0.6,6253.68017578125,7326.0,mist
US,2024-03-02,2024-03-16,3,0.65,6643.84521484375,7326.0,mist
US,2024-03-02,2024-03-16,3,0.7,6818.50439453125,7326.0,mist
US,2024-03-02,2024-03-16,3,0.75,7265.21044921875,7326.0,mist
US,2024-03-02,2024-03-16,3,0.8,7353.5888671875,7326.0,mist
US,2024-03-02,2024-03-16,3,0.85,8323.748046875,7326.0,mist
US,2024-03-02,2024-03-16,3,0.9,10063.09375,7326.0,mist
US,2024-03-02,2024-03-16,3,0.95,10401.1298828125,7326.0,mist
US,2024-03-02,2024-03-16,3,0.975,13339.908203125,7326.0,mist
US,2024-03-02,2024-03-16,3,0.99,16707.171875,7326.0,mist
US,2024-03-02,2024-03-23,4,0.01,43.8505859375,6043.0,mist
US,2024-03-02,2024-03-23,4,0.025,1413.748046875,6043.0,mist
US,2024-03-02,2024-03-23,4,0.05,2535.69140625,6043.0,mist
US,2024-03-02,2024-03-23,4,0.1,3833.26416015625,6043.0,mist
US,2024-03-02,2024-03-23,4,0.15,3951.54443359375,6043.0,mist
US,2024-03-02,2024-03-23,4,0.2,4234.0673828125,6043.0,mist
US,2024-03-02,2024-03-23,4,0.25,4810.80810546875,6043.0,mist
US,2024-03-02,2024-03-23,4,0.3,4861.08642578125,6043.0,mist
US,2024-03-02,2024-03-23,4,0.35,5046.4248046875,6043.0,mist
US,2024-03-02,2024-03-23,4,0.4,5140.52294921875,6043.0,mist
US,2024-03-02,2024-03-23,4,0.45,5436.2998046875,6043.0,mist
US,2024-03-02,2024-03-23,4,0.5,5852.8681640625,6043.0,mist
US,2024-03-02,2024-03-23,4,0.55,6020.6513671875,6043.0,mist
US,2024-03-02,2024-03-23,4,0.6,6238.72021484375,6043.0,mist
US,2024-03-02,2024-03-23,4,0.65,6410.09326171875,6043.0,mist
US,2024-03-02,2024-03-23,4,0.7,6853.8994140625,6043.0,mist
US,2024-03-02,2024-03-23,4,0.75,6886.40576171875,6043.0,mist
US,2024-03-02,2024-03-23,4,0.8,7974.0361328125,6043.0,mist
US,2024-03-02,2024-03-23,4,0.85,8262.203125,6043.0,mist
US,2024-03-02,2024-03-23,4,0.9,9760.2451171875,6043.0,mist
US,2024-03-02,2024-03-23,4,0.95,12397.494140625,6043.0,mist
US,2024-03-02,2024-03-23,4,0.975,17856.03515625,6043.0,mist
US,2024-03-02,2024-03-23,4,0.99,20761.6484375,6043.0,mist
US,2024-03-09,2024-03-09,1,0.01,3678.81005859375,9421.0,mist
US,2024-03-09,2024-03-09,1,0.025,3783.90283203125,9421.0,mist
US,2024-03-09,2024-03-09,1,0.05,4597.63720703125,9421.0,mist
US,2024-03-09,2024-03-09,1,0.1,5560.4267578125,9421.0,mist
US,2024-03-09,2024-03-09,1,0.15,5658.947265625,9421.0,mist
US,2024-03-09,2024-03-09,1,0.2,5757.8720703125,9421.0,mist
US,2024-03-09,2024-03-09,1,0.25,5796.02587890625,9421.0,mist
US,2024-03-09,2024-03-09,1,0.3,5960.8876953125,9421.0,mist
US,2024-03-09,2024-03-09,1,0.35,6095.6005859375,9421.0,mist
US,2024-03-09,2024-03-09,1,0.4,6469.36279296875,9421.0,mist
US,2024-03-09,2024-03-09,1,0.45,6492.63427734375,9421.0,mist
US,2024-03-09,2024-03-09,1,0.5,6527.84423828125,9421.0,mist
US,2024-03-09,2024-03-09,1,0.55,6898.173828125,9421.0,mist
US,2024-03-09,2024-03-09,1,0.6,6929.02490234375,9421.0,mist
US,2024-03-09,2024-03-09,1,0.65,7068.48779296875,9421.0,mist
US,2024-03-09,2024-03-09,1,0.7,7274.23095703125,9421.0,mist
US,2024-03-09,2024-03-09,1,0.75,7448.73388671875,9421.0,mist
US,2024-03-09,2024-03-09,1,0.8,7576.19580078125,9421.0,mist
US,2024-03-09,2024-03-09,1,0.85,8589.15625,9421.0,mist
US,2024-03-09,2024-03-09,1,0.9,9013.6904296875,9421.0,mist
US,2024-03-09,2024-03-09,1,0.95,10670.453125,9421.0,mist
US,2024-03-09,2024-03-09,1,0.975,12619.513671875,9421.0,mist
US,2024-03-09,2024-03-09,1,0.99,16949.126953125,9421.0,mist
US,2024-03-09,2024-03-16,2,0.01,2666.3076171875,7326.0,mist
US,2024-03-09,2024-03-16,2,0.025,3613.26904296875,7326.0,mist
US,2024-03-09,2024-03-16,2,0.05,4461.232421875,7326.0,mist
US,2024-03-09,2024-03-16,2,0.1,5101.482421875,7326.0,mist
US,2024-03-09,2024-03-16,2,0.15,5255.55810546875,7326.0,mist
US,2024-03-09,2024-03-16,2,0.2,5265.8447265625,7326.0,mist
US,2024-03-09,2024-03-16,2,0.25,5518.6806640625,7326.0,mist
US,2024-03-09,2024-03-16,2,0.3,5682.62744140625,7326.0,mist
US,2024-03-09,2024-03-16,2,0.35,5899.14794921875,7326.0,mist
US,2024-03-09,2024-03-16,2,0.4,5982.974609375,7326.0,mist
US,2024-03-09,2024-03-16,2,0.45,6399.048828125,7326.0,mist
US,2024-03-09,2024-03-16,2,0.5,6410.36279296875,7326.0,mist
US,2024-03-09,2024-03-16,2,0.55,6534.97998046875,7326.0,mist
US,2024-03-09,2024-03-16,2,0.6,6645.93408203125,7326.0,mist
US,2024-03-09,2024-03-16,2,0.65,6674.90869140625,7326.0,mist
US,2024-03-09,2024-03-16,2,0.7,6725.6611328125,7326.0,mist
US,2024-03-09,2024-03-16,2,0.75,7545.21728515625,7326.0,mist
US,2024-03-09,2024-03-16,2,0.8,7788.5869140625,7326.0,mist
US,2024-03-09,2024-03-16,2,0.85,7821.67626953125,7326.0,mist
US,2024-03-09,2024-03-16,2,0.9,8075.1005859375,7326.0,mist
US,2024-03-09,2024-03-16,2,0.95,9584.751953125,7326.0,mist
US,2024-03-09,2024-03-16,2,0.975,11308.8359375,7326.0,mist
US,2024-03-09,2024-03-16,2,0.99,14925.68359375,7326.0,mist
US,2024-03-09,2024-03-23,3,0.01,2656.0400390625,6043.0,mist
US,2024-03-09,2024-03-23,3,0.025,3524.85791015625,6043.0,mist
US,2024-03-09,2024-03-23,3,0.05,3824.400390625,6043.0,mist
US,2024-03-09,2024-03-23,3,0.1,4484.59814453125,6043.0,mist
US,2024-03-09,2024-03-23,3,0.15,4899.21435546875,6043.0,mist
US,2024-03-09,2024-03-23,3,0.2,5276.51220703125,6043.0,mist
US,2024-03-09,2024-03-23,3,0.25,5391.41943359375,6043.0,mist
US,2024-03-09,2024-03-23,3,0.3,5644.84912109375,6043.0,mist
US,2024-03-09,2024-03-23,3,0.35,5748.7568359375,6043.0,mist
US,2024-03-09,2024-03-23,3,0.4,6030.78125,6043.0,mist
US,2024-03-09,2024-03-23,3,0.45,6148.93310546875,6043.0,mist
US,2024-03-09,2024-03-23,3,0.5,6231.041015625,6043.0,mist
US,2024-03-09,2024-03-23,3,0.55,6351.31298828125,6043.0,mist
US,2024-03-09,2024-03-23,3,0.6,6389.98974609375,6043.0,mist
US,2024-03-09,2024-03-23,3,0.65,6604.1162109375,6043.0,mist
US,2024-03-09,2024-03-23,3,0.7,6700.30859375,6043.0,mist
US,2024-03-09,2024-03-23,3,0.75,6840.04833984375,6043.0,mist
US,2024-03-09,2024-03-23,3,0.8,7048.8193359375,6043.0,mist
US,2024-03-09,2024-03-23,3,0.85,7192.67236328125,6043.0,mist
US,2024-03-09,2024-03-23,3,0.9,7853.9140625,6043.0,mist
US,2024-03-09,2024-03-23,3,0.95,8970.6318359375,6043.0,mist
US,2024-03-09,2024-03-23,3,0.975,11272.3427734375,6043.0,mist
US,2024-03-09,2024-03-23,3,0.99,15281.03125,6043.0,mist
US,2024-03-09,2024-03-30,4,0.01,2009.60546875,5581.0,mist
US,2024-03-09,2024-03-30,4,0.025,2828.66796875,5581.0,mist
US,2024-03-09,2024-03-30,4,0.05,4135.52294921875,5581.0,mist
US,2024-03-09,2024-03-30,4,0.1,4486.9951171875,5581.0,mist
US,2024-03-09,2024-03-30,4,0.15,4508.673828125,5581.0,mist
US,2024-03-09,2024-03-30,4,0.2,5217.669921875,5581.0,mist
US,2024-03-09,2024-03-30,4,0.25,5335.103515625,5581.0,mist
US,2024-03-09,2024-03-30,4,0.3,5435.19140625,5581.0,mist
US,2024-03-09,2024-03-30,4,0.35,5446.14501953125,5581.0,mist
US,2024-03-09,2024-03-30,4,0.4,5554.1142578125,5581.0,mist
US,2024-03-09,2024-03-30,4,0.45,5684.6728515625,5581.0,mist
US,2024-03-09,2024-03-30,4,0.5,5985.61376953125,5581.0,mist
US,2024-03-09,2024-03-30,4,0.55,6064.1181640625,5581.0,mist
US,2024-03-09,2024-03-30,4,0.6,6129.6748046875,5581.0,mist
US,2024-03-09,2024-03-30,4,0.65,6167.7470703125,5581.0,mist
US,2024-03-09,2024-03-30,4,0.7,6308.48193359375,5581.0,mist
US,2024-03-09,2024-03-30,4,0.75,6553.20654296875,5581.0,mist
US,2024-03-09,2024-03-30,4,0.8,6774.53271484375,5581.0,mist
US,2024-03-09,2024-03-30,4,0.85,7541.3857421875,5581.0,mist
US,2024-03-09,2024-03-30,4,0.9,7883.736328125,5581.0,mist
US,2024-03-09,2024-03-30,4,0.95,9455.2783203125,5581.0,mist
US,2024-03-09,2024-03-30,4,0.975,14827.994140625,5581.0,mist
US,2024-03-09,2024-03-30,4,0.99,17069.81640625,5581.0,mist
US,2024-03-16,2024-03-16,1,0.01,5222.6591796875,7326.0,mist
US,2024-03-16,2024-03-16,1,0.025,5557.2802734375,7326.0,mist
US,2024-03-16,2024-03-16,1,0.05,5966.822265625,7326.0,mist
US,2024-03-16,2024-03-16,1,0.1,6592.76806640625,7326.0,mist
US,2024-03-16,2024-03-16,1,0.15,6715.9208984375,7326.0,mist
US,2024-03-16,2024-03-16,1,0.2,6740.71728515625,7326.0,mist
US,2024-03-16,2024-03-16,1,0.25,6914.0732421875,7326.0,mist
US,2024-03-16,2024-03-16,1,0.3,6977.5224609375,7326.0,mist
US,2024-03-16,2024-03-16,1,0.35,7159.53662109375,7326.0,mist
US,2024-03-16,2024-03-16,1,0.4,7170.43115234375,7326.0,mist
US,2024-03-16,2024-03-16,1,0.45,7173.2587890625,7326.0,mist
US,2024-03-16,2024-03-16,1,0.5,7445.81103515625,7326.0,mist
US,2024-03-16,2024-03-16,1,0.55,7567.79052734375,7326.0,mist
US,2024-03-16,2024-03-16,1,0.6,7593.48779296875,7326.0,mist
US,2024-03-16,2024-03-16,1,0.65,7764.42529296875,7326.0,mist
US,2024-03-16,2024-03-16,1,0.7,7977.3935546875,7326.0,mist
US,2024-03-16,2024-03-16,1,0.75,8197.1171875,7326.0,mist
US,2024-03-16,2024-03-16,1,0.8,8206.9912109375,7326.0,mist
US,2024-03-16,2024-03-16,1,0.85,8939.78125,7326.0,mist
US,2024-03-16,2024-03-16,1,0.9,9096.609375,7326.0,mist
US,2024-03-16,2024-03-16,1,0.95,10388.9345703125,7326.0,mist
US,2024-03-16,2024-03-16,1,0.975,12199.66015625,7326.0,mist
US,2024-03-16,2024-03-16,1,0.99,16295.05078125,7326.0,mist
US,2024-03-16,2024-03-23,2,0.01,4071.6435546875,6043.0,mist
US,2024-03-16,2024-03-23,2,0.025,5008.8955078125,6043.0,mist
US,2024-03-16,2024-03-23,2,0.05,5688.39794921875,6043.0,mist
US,2024-03-16,2024-03-23,2,0.1,6187.23095703125,6043.0,mist
US,2024-03-16,2024-03-23,2,0.15,6335.91162109375,6043.0,mist
US,2024-03-16,2024-03-23,2,0.2,6421.00146484375,6043.0,mist
US,2024-03-16,2024-03-23,2,0.25,6807.98388671875,6043.0,mist
US,2024-03-16,2024-03-23,2,0.3,6842.68212890625,6043.0,mist
US,2024-03-16,2024-03-23,2,0.35,6910.193359375,6043.0,mist
US,2024-03-16,2024-03-23,2,0.4,6918.80029296875,6043.0,mist
US,2024-03-16,2024-03-23,2,0.45,7007.884765625,6043.0,mist
US,2024-03-16,2024-03-23,2,0.5,7331.9130859375,6043.0,mist
US,2024-03-16,2024-03-23,2,0.55,7359.83203125,6043.0,mist
US,2024-03-16,2024-03-23,2,0.6,7569.56103515625,6043.0,mist
US,2024-03-16,2024-03-23,2,0.65,7604.6103515625,6043.0,mist
US,2024-03-16,2024-03-23,2,0.7,7611.744140625,6043.0,mist
US,2024-03-16,2024-03-23,2,0.75,8182.3662109375,6043.0,mist
US,2024-03-16,2024-03-23,2,0.8,8200.2041015625,6043.0,mist
US,2024-03-16,2024-03-23,2,0.85,8326.4921875,6043.0,mist
US,2024-03-16,2024-03-23,2,0.9,8454.810546875,6043.0,mist
US,2024-03-16,2024-03-23,2,0.95,9466.9892578125,6043.0,mist
US,2024-03-16,2024-03-23,2,0.975,10972.876953125,6043.0,mist
US,2024-03-16,2024-03-23,2,0.99,14008.4052734375,6043.0,mist
US,2024-03-16,2024-03-30,3,0.01,4102.93603515625,5581.0,mist
US,2024-03-16,2024-03-30,3,0.025,5044.4521484375,5581.0,mist
US,2024-03-16,2024-03-30,3,0.05,5434.34765625,5581.0,mist
US,2024-03-16,2024-03-30,3,0.1,6088.04052734375,5581.0,mist
US,2024-03-16,2024-03-30,3,0.15,6262.248046875,5581.0,mist
US,2024-03-16,2024-03-30,3,0.2,6519.990234375,5581.0,mist
US,2024-03-16,2024-03-30,3,0.25,6561.22509765625,5581.0,mist
US,2024-03-16,2024-03-30,3,0.3,6710.23486328125,5581.0,mist
US,2024-03-16,2024-03-30,3,0.35,6969.1796875,5581.0,mist
US,2024-03-16,2024-03-30,3,0.4,7032.86474609375,5581.0,mist
US,2024-03-16,2024-03-30,3,0.45,7114.50439453125,5581.0,mist
US,2024-03-16,2024-03-30,3,0.5,7119.62158203125,5581.0,mist
US,2024-03-16,2024-03-30,3,0.55,7264.81396484375,5581.0,mist
US,2024-03-16,2024-03-30,3,0.6,7268.63330078125,5581.0,mist
US,2024-03-16,2024-03-30,3,0.65,7315.4580078125,5581.0,mist
US,2024-03-16,2024-03-30,3,0.7,7323.86328125,5581.0,mist
US,2024-03-16,2024-03-30,3,0.75,7358.76220703125,5581.0,mist
US,2024-03-16,2024-03-30,3,0.8,7473.3193359375,5581.0,mist
US,2024-03-16,2024-03-30,3,0.85,7473.54931640625,5581.0,mist
US,2024-03-16,2024-03-30,3,0.9,7758.841796875,5581.0,mist
US,2024-03-16,2024-03-30,3,0.95,8786.4345703125,5581.0,mist
US,2024-03-16,2024-03-30,3,0.975,10471.2666015625,5581.0,mist
US,2024-03-16,2024-03-30,3,0.99,14512.146484375,5581.0,mist
US,2024-03-16,2024-04-06,4,0.01,4206.154296875,5074.0,mist
US,2024-03-16,2024-04-06,4,0.025,4467.5888671875,5074.0,mist
US,2024-03-16,2024-04-06,4,0.05,5673.984375,5074.0,mist
US,2024-03-16,2024-04-06,4,0.1,5678.1201171875,5074.0,mist
US,2024-03-16,2024-04-06,4,0.15,5791.75244140625,5074.0,mist
US,2024-03-16,2024-04-06,4,0.2,6409.5322265625,5074.0,mist
US,2024-03-16,2024-04-06,4,0.25,6545.45458984375,5074.0,mist
US,2024-03-16,2024-04-06,4,0.3,6548.68603515625,5074.0,mist
US,2024-03-16,2024-04-06,4,0.35,6558.29296875,5074.0,mist
US,2024-03-16,2024-04-06,4,0.4,6680.8271484375,5074.0,mist
US,2024-03-16,2024-04-06,4,0.45,6693.05908203125,5074.0,mist
US,2024-03-16,2024-04-06,4,0.5,6852.00634765625,5074.0,mist
US,2024-03-16,2024-04-06,4,0.55,6875.2392578125,5074.0,mist
US,2024-03-16,2024-04-06,4,0.6,7036.12646484375,5074.0,mist
US,2024-03-16,2024-04-06,4,0.65,7036.95361328125,5074.0,mist
US,2024-03-16,2024-04-06,4,0.7,7050.75439453125,5074.0,mist
US,2024-03-16,2024-04-06,4,0.75,7123.06640625,5074.0,mist
US,2024-03-16,2024-04-06,4,0.8,7375.66357421875,5074.0,mist
US,2024-03-16,2024-04-06,4,0.85,7655.80859375,5074.0,mist
US,2024-03-16,2024-04-06,4,0.9,7731.05078125,5074.0,mist
US,2024-03-16,2024-04-06,4,0.95,8468.8076171875,5074.0,mist
US,2024-03-16,2024-04-06,4,0.975,13634.177734375,5074.0,mist
US,2024-03-16,2024-04-06,4,0.99,15108.2451171875,5074.0,mist
US,2024-03-23,2024-03-23,1,0.01,5563.44482421875,6043.0,mist
US,2024-03-23,2024-03-23,1,0.025,5682.138671875,6043.0,mist
US,2024-03-23,2024-03-23,1,0.05,6259.1328125,6043.0,mist
US,2024-03-23,2024-03-23,1,0.1,6711.15673828125,6043.0,mist
US,2024-03-23,2024-03-23,1,0.15,6896.9970703125,6043.0,mist
US,2024-03-23,2024-03-23,1,0.2,7021.17919921875,6043.0,mist
US,2024-03-23,2024-03-23,1,0.25,7126.12451171875,6043.0,mist
US,2024-03-23,2024-03-23,1,0.3,7247.392578125,6043.0,mist
US,2024-03-23,2024-03-23,1,0.35,7424.71337890625,6043.0,mist
US,2024-03-23,2024-03-23,1,0.4,7516.240234375,6043.0,mist
US,2024-03-23,2024-03-23,1,0.45,7528.2646484375,6043.0,mist
US,2024-03-23,2024-03-23,1,0.5,7578.46923828125,6043.0,mist
US,2024-03-23,2024-03-23,1,0.55,7857.15185546875,6043.0,mist
US,2024-03-23,2024-03-23,1,0.6,7915.65478515625,6043.0,mist
US,2024-03-23,2024-03-23,1,0.65,8097.4326171875,6043.0,mist
US,2024-03-23,2024-03-23,1,0.7,8287.4755859375,6043.0,mist
US,2024-03-23,2024-03-23,1,0.75,8416.5654296875,6043.0,mist
US,2024-03-23,2024-03-23,1,0.8,8666.880859375,6043.0,mist
US,2024-03-23,2024-03-23,1,0.85,9272.67578125,6043.0,mist
US,2024-03-23,2024-03-23,1,0.9,9602.5751953125,6043.0,mist
US,2024-03-23,2024-03-23,1,0.95,10983.490234375,6043.0,mist
US,2024-03-23,2024-03-23,1,0.975,12645.2734375,6043.0,mist
US,2024-03-23,2024-03-23,1,0.99,16513.994140625,6043.0,mist
US,2024-03-23,2024-03-30,2,0.01,4414.67822265625,5581.0,mist
US,2024-03-23,2024-03-30,2,0.025,5443.07958984375,5581.0,mist
US,2024-03-23,2024-03-30,2,0.05,5974.9765625,5581.0,mist
US,2024-03-23,2024-03-30,2,0.1,6379.2685546875,5581.0,mist
US,2024-03-23,2024-03-30,2,0.15,6701.9267578125,5581.0,mist
US,2024-03-23,2024-03-30,2,0.2,6722.021484375,5581.0,mist
US,2024-03-23,2024-03-30,2,0.25,7102.72021484375,5581.0,mist
US,2024-03-23,2024-03-30,2,0.3,7105.1923828125,5581.0,mist
US,2024-03-23,2024-03-30,2,0.35,7235.125,5581.0,mist
US,2024-03-23,2024-03-30,2,0.4,7240.3466796875,5581.0,mist
US,2024-03-23,2024-03-30,2,0.45,7313.8154296875,5581.0,mist
US,2024-03-23,2024-03-30,2,0.5,7565.451171875,5581.0,mist
US,2024-03-23,2024-03-30,2,0.55,7673.7431640625,5581.0,mist
US,2024-03-23,2024-03-30,2,0.6,7732.52734375,5581.0,mist
US,2024-03-23,2024-03-30,2,0.65,7932.07177734375,5581.0,mist
US,2024-03-23,2024-03-30,2,0.7,8089.88134765625,5581.0,mist
US,2024-03-23,2024-03-30,2,0.75,8406.416015625,5581.0,mist
US,2024-03-23,2024-03-30,2,0.8,8728.552734375,5581.0,mist
US,2024-03-23,2024-03-30,2,0.85,8736.861328125,5581.0,mist
US,2024-03-23,2024-03-30,2,0.9,9017.15625,5581.0,mist
US,2024-03-23,2024-03-30,2,0.95,10046.0654296875,5581.0,mist
US,2024-03-23,2024-03-30,2,0.975,11504.48828125,5581.0,mist
US,2024-03-23,2024-03-30,2,0.99,14433.9619140625,5581.0,mist
US,2024-03-23,2024-04-06,3,0.01,4353.8359375,5074.0,mist
US,2024-03-23,2024-04-06,3,0.025,5412.60986328125,5074.0,mist
US,2024-03-23,2024-04-06,3,0.05,5604.072265625,5074.0,mist
US,2024-03-23,2024-04-06,3,0.1,6331.02392578125,5074.0,mist
US,2024-03-23,2024-04-06,3,0.15,6535.14599609375,5074.0,mist
US,2024-03-23,2024-04-06,3,0.2,6827.025390625,5074.0,mist
US,2024-03-23,2024-04-06,3,0.25,6945.03564453125,5074.0,mist
US,2024-03-23,2024-04-06,3,0.3,6987.83740234375,5074.0,mist
US,2024-03-23,2024-04-06,3,0.35,7225.978515625,5074.0,mist
US,2024-03-23,2024-04-06,3,0.4,7365.66259765625,5074.0,mist
US,2024-03-23,2024-04-06,3,0.45,7401.91015625,5074.0,mist
US,2024-03-23,2024-04-06,3,0.5,7402.111328125,5074.0,mist
US,2024-03-23,2024-04-06,3,0.55,7518.09521484375,5074.0,mist
US,2024-03-23,2024-04-06,3,0.6,7570.99658203125,5074.0,mist
US,2024-03-23,2024-04-06,3,0.65,7695.91943359375,5074.0,mist
US,2024-03-23,2024-04-06,3,0.7,7761.24658203125,5074.0,mist
US,2024-03-23,2024-04-06,3,0.75,7804.3095703125,5074.0,mist
US,2024-03-23,2024-04-06,3,0.8,8161.76171875,5074.0,mist
US,2024-03-23,2024-04-06,3,0.85,8162.65234375,5074.0,mist
US,2024-03-23,2024-04-06,3,0.9,8415.00390625,5074.0,mist
US,2024-03-23,2024-04-06,3,0.95,9354.8505859375,5074.0,mist
US,2024-03-23,2024-04-06,3,0.975,11125.85546875,5074.0,mist
US,2024-03-23,2024-04-06,3,0.99,15055.505859375,5074.0,mist
US,2024-03-23,2024-04-13,4,0.01,4485.3955078125,4077.0,mist
US,2024-03-23,2024-04-13,4,0.025,4695.37158203125,4077.0,mist
US,2024-03-23,2024-04-13,4,0.05,5787.2236328125,4077.0,mist
US,2024-03-23,2024-04-13,4,0.1,5868.82080078125,4077.0,mist
US,2024-03-23,2024-04-13,4,0.15,6180.49658203125,4077.0,mist
US,2024-03-23,2024-04-13,4,0.2,6765.5322265625,4077.0,mist
US,2024-03-23,2024-04-13,4,0.25,6798.31494140625,4077.0,mist
US,2024-03-23,2024-04-13,4,0.3,6886.88916015625,4077.0,mist
US,2024-03-23,2024-04-13,4,0.35,6963.4091796875,4077.0,mist
US,2024-03-23,2024-04-13,4,0.4,6989.19873046875,4077.0,mist
US,2024-03-23,2024-04-13,4,0.45,7028.62060546875,4077.0,mist
US,2024-03-23,2024-04-13,4,0.5,7248.6630859375,4077.0,mist
US,2024-03-23,2024-04-13,4,0.55,7280.22412109375,4077.0,mist
US,2024-03-23,2024-04-13,4,0.6,7364.9453125,4077.0,mist
US,2024-03-23,2024-04-13,4,0.65,7557.9033203125,4077.0,mist
US,2024-03-23,2024-04-13,4,0.7,7654.57275390625,4077.0,mist
US,2024-03-23,2024-04-13,4,0.75,7662.9248046875,4077.0,mist
US,2024-03-23,2024-04-13,4,0.8,8006.60205078125,4077.0,mist
US,2024-03-23,2024-04-13,4,0.85,8160.2841796875,4077.0,mist
US,2024-03-23,2024-04-13,4,0.9,8388.9306640625,4077.0,mist
US,2024-03-23,2024-04-13,4,0.95,9440.439453125,4077.0,mist
US,2024-03-23,2024-04-13,4,0.975,14415.6796875,4077.0,mist
US,2024-03-23,2024-04-13,4,0.99,15973.5625,4077.0,mist
US,2024-03-30,2024-03-30,1,0.01,3126.58203125,5581.0,mist
US,2024-03-30,2024-03-30,1,0.025,4846.47021484375,5581.0,mist
US,2024-03-30,2024-03-30,1,0.05,5192.22998046875,5581.0,mist
US,2024-03-30,2024-03-30,1,0.1,5926.32421875,5581.0,mist
US,2024-03-30,2024-03-30,1,0.15,6488.908203125,5581.0,mist
US,2024-03-30,2024-03-30,1,0.2,6526.95263671875,5581.0,mist
US,2024-03-30,2024-03-30,1,0.25,7118.9150390625,5581.0,mist
US,2024-03-30,2024-03-30,1,0.3,7164.21728515625,5581.0,mist
US,2024-03-30,2024-03-30,1,0.35,7268.65234375,5581.0,mist
US,2024-03-30,2024-03-30,1,0.4,7505.02685546875,5581.0,mist
US,2024-03-30,2024-03-30,1,0.45,8052.00146484375,5581.0,mist
US,2024-03-30,2024-03-30,1,0.5,8467.2421875,5581.0,mist
US,2024-03-30,2024-03-30,1,0.55,8518.2587890625,5581.0,mist
US,2024-03-30,2024-03-30,1,0.6,8791.751953125,5581.0,mist
US,2024-03-30,2024-03-30,1,0.65,8858.607421875,5581.0,mist
US,2024-03-30,2024-03-30,1,0.7,9179.4697265625,5581.0,mist
US,2024-03-30,2024-03-30,1,0.75,9627.447265625,5581.0,mist
US,2024-03-30,2024-03-30,1,0.8,10169.5703125,5581.0,mist
US,2024-03-30,2024-03-30,1,0.85,10948.568359375,5581.0,mist
US,2024-03-30,2024-03-30,1,0.9,12153.623046875,5581.0,mist
US,2024-03-30,2024-03-30,1,0.95,13907.6767578125,5581.0,mist
US,2024-03-30,2024-03-30,1,0.975,15612.0615234375,5581.0,mist
US,2024-03-30,2024-03-30,1,0.99,18866.74609375,5581.0,mist
US,2024-03-30,2024-04-06,2,0.01,3332.5546875,5074.0,mist
US,2024-03-30,2024-04-06,2,0.025,4212.4912109375,5074.0,mist
US,2024-03-30,2024-04-06,2,0.05,5127.236328125,5074.0,mist
US,2024-03-30,2024-04-06,2,0.1,5757.4228515625,5074.0,mist
US,2024-03-30,2024-04-06,2,0.15,6238.35205078125,5074.0,mist
US,2024-03-30,2024-04-06,2,0.2,6383.82958984375,5074.0,mist
US,2024-03-30,2024-04-06,2,0.25,6706.6103515625,5074.0,mist
US,2024-03-30,2024-04-06,2,0.3,6874.572265625,5074.0,mist
US,2024-03-30,2024-04-06,2,0.35,7176.49365234375,5074.0,mist
US,2024-03-30,2024-04-06,2,0.4,7636.4052734375,5074.0,mist
US,2024-03-30,2024-04-06,2,0.45,7746.259765625,5074.0,mist
US,2024-03-30,2024-04-06,2,0.5,7807.662109375,5074.0,mist
US,2024-03-30,2024-04-06,2,0.55,7947.93896484375,5074.0,mist
US,2024-03-30,2024-04-06,2,0.6,8387.681640625,5074.0,mist
US,2024-03-30,2024-04-06,2,0.65,8460.3056640625,5074.0,mist
US,2024-03-30,2024-04-06,2,0.7,8834.6552734375,5074.0,mist
US,2024-03-30,2024-04-06,2,0.75,9182.3125,5074.0,mist
US,2024-03-30,2024-04-06,2,0.8,9594.892578125,5074.0,mist
US,2024-03-30,2024-04-06,2,0.85,10504.0302734375,5074.0,mist
US,2024-03-30,2024-04-06,2,0.9,11649.6552734375,5074.0,mist
US,2024-03-30,2024-04-06,2,0.95,13018.3232421875,5074.0,mist
US,2024-03-30,2024-04-06,2,0.975,14973.2158203125,5074.0,mist
US,2024-03-30,2024-04-06,2,0.99,18805.693359375,5074.0,mist
US,2024-03-30,2024-04-13,3,0.01,3406.556640625,4077.0,mist
US,2024-03-30,2024-04-13,3,0.025,3660.625,4077.0,mist
US,2024-03-30,2024-04-13,3,0.05,4645.0576171875,4077.0,mist
US,2024-03-30,2024-04-13,3,0.1,5228.39892578125,4077.0,mist
US,2024-03-30,2024-04-13,3,0.15,5866.2822265625,4077.0,mist
US,2024-03-30,2024-04-13,3,0.2,6314.736328125,4077.0,mist
US,2024-03-30,2024-04-13,3,0.25,6878.603515625,4077.0,mist
US,2024-03-30,2024-04-13,3,0.3,6958.38720703125,4077.0,mist
US,2024-03-30,2024-04-13,3,0.35,7036.302734375,4077.0,mist
US,2024-03-30,2024-04-13,3,0.4,7357.05712890625,4077.0,mist
US,2024-03-30,2024-04-13,3,0.45,7700.94482421875,4077.0,mist
US,2024-03-30,2024-04-13,3,0.5,7769.8115234375,4077.0,mist
US,2024-03-30,2024-04-13,3,0.55,7831.994140625,4077.0,mist
US,2024-03-30,2024-04-13,3,0.6,8627.7548828125,4077.0,mist
US,2024-03-30,2024-04-13,3,0.65,8805.775390625,4077.0,mist
US,2024-03-30,2024-04-13,3,0.7,8980.5361328125,4077.0,mist
US,2024-03-30,2024-04-13,3,0.75,9854.509765625,4077.0,mist
US,2024-03-30,2024-04-13,3,0.8,9861.3388671875,4077.0,mist
US,2024-03-30,2024-04-13,3,0.85,11173.125,4077.0,mist
US,2024-03-30,2024-04-13,3,0.9,13062.5927734375,4077.0,mist
US,2024-03-30,2024-04-13,3,0.95,13436.0263671875,4077.0,mist
US,2024-03-30,2024-04-13,3,0.975,16279.828125,4077.0,mist
US,2024-03-30,2024-04-13,3,0.99,19674.951171875,4077.0,mist
US,2024-03-30,2024-04-20,4,0.01,1521.8818359375,2943.0,mist
US,2024-03-30,2024-04-20,4,0.025,3196.5625,2943.0,mist
US,2024-03-30,2024-04-20,4,0.05,4148.4921875,2943.0,mist
US,2024-03-30,2024-04-20,4,0.1,5707.701171875,2943.0,mist
US,2024-03-30,2024-04-20,4,0.15,6026.74609375,2943.0,mist
US,2024-03-30,2024-04-20,4,0.2,6078.43310546875,2943.0,mist
US,2024-03-30,2024-04-20,4,0.25,6490.51904296875,2943.0,mist
US,2024-03-30,2024-04-20,4,0.3,6889.1494140625,2943.0,mist
US,2024-03-30,2024-04-20,4,0.35,7048.359375,2943.0,mist
US,2024-03-30,2024-04-20,4,0.4,7233.4423828125,2943.0,mist
US,2024-03-30,2024-04-20,4,0.45,7590.21533203125,2943.0,mist
US,2024-03-30,2024-04-20,4,0.5,8197.84375,2943.0,mist
US,2024-03-30,2024-04-20,4,0.55,8236.5234375,2943.0,mist
US,2024-03-30,2024-04-20,4,0.6,8748.849609375,2943.0,mist
US,2024-03-30,2024-04-20,4,0.65,8835.3623046875,2943.0,mist
US,2024-03-30,2024-04-20,4,0.7,9502.384765625,2943.0,mist
US,2024-03-30,2024-04-20,4,0.75,9508.33984375,2943.0,mist
US,2024-03-30,2024-04-20,4,0.8,10979.857421875,2943.0,mist
US,2024-03-30,2024-04-20,4,0.85,11209.0087890625,2943.0,mist
US,2024-03-30,2024-04-20,4,0.9,13428.0361328125,2943.0,mist
US,2024-03-30,2024-04-20,4,0.95,16141.888671875,2943.0,mist
US,2024-03-30,2024-04-20,4,0.975,21115.6640625,2943.0,mist
US,2024-03-30,2024-04-20,4,0.99,24148.935546875,2943.0,mist
US,2024-04-06,2024-04-06,1,0.01,3676.162109375,5074.0,mist
US,2024-04-06,2024-04-06,1,0.025,3937.421875,5074.0,mist
US,2024-04-06,2024-04-06,1,0.05,4568.07177734375,5074.0,mist
US,2024-04-06,2024-04-06,1,0.1,5514.140625,5074.0,mist
US,2024-04-06,2024-04-06,1,0.15,5821.53076171875,5074.0,mist
US,2024-04-06,2024-04-06,1,0.2,5923.6875,5074.0,mist
US,2024-04-06,2024-04-06,1,0.25,6161.79638671875,5074.0,mist
US,2024-04-06,2024-04-06,1,0.3,6164.5986328125,5074.0,mist
US,2024-04-06,2024-04-06,1,0.35,6271.216796875,5074.0,mist
US,2024-04-06,2024-04-06,1,0.4,6505.90576171875,5074.0,mist
US,2024-04-06,2024-04-06,1,0.45,6759.81201171875,5074.0,mist
US,2024-04-06,2024-04-06,1,0.5,6823.40283203125,5074.0,mist
US,2024-04-06,2024-04-06,1,0.55,7106.51611328125,5074.0,mist
US,2024-04-06,2024-04-06,1,0.6,7246.84814453125,5074.0,mist
US,2024-04-06,2024-04-06,1,0.65,7407.1259765625,5074.0,mist
US,2024-04-06,2024-04-06,1,0.7,7583.4814453125,5074.0,mist
US,2024-04-06,2024-04-06,1,0.75,7795.21875,5074.0,mist
US,2024-04-06,2024-04-06,1,0.8,7937.5458984375,5074.0,mist
US,2024-04-06,2024-04-06,1,0.85,9182.09765625,5074.0,mist
US,2024-04-06,2024-04-06,1,0.9,9571.0478515625,5074.0,mist
US,2024-04-06,2024-04-06,1,0.95,11366.810546875,5074.0,mist
US,2024-04-06,2024-04-06,1,0.975,13429.1123046875,5074.0,mist
US,2024-04-06,2024-04-06,1,0.99,17608.576171875,5074.0,mist
US,2024-04-06,2024-04-13,2,0.01,2725.9345703125,4077.0,mist
US,2024-04-06,2024-04-13,2,0.025,3898.4697265625,4077.0,mist
US,2024-04-06,2024-04-13,2,0.05,4712.59228515625,4077.0,mist
US,2024-04-06,2024-04-13,2,0.1,5169.2080078125,4077.0,mist
US,2024-04-06,2024-04-13,2,0.15,5476.05029296875,4077.0,mist
US,2024-04-06,2024-04-13,2,0.2,5557.17529296875,4077.0,mist
US,2024-04-06,2024-04-13,2,0.25,5612.06884765625,4077.0,mist
US,2024-04-06,2024-04-13,2,0.3,5799.54150390625,4077.0,mist
US,2024-04-06,2024-04-13,2,0.35,6002.27392578125,4077.0,mist
US,2024-04-06,2024-04-13,2,0.4,6235.58544921875,4077.0,mist
US,2024-04-06,2024-04-13,2,0.45,6544.20849609375,4077.0,mist
US,2024-04-06,2024-04-13,2,0.5,6567.85546875,4077.0,mist
US,2024-04-06,2024-04-13,2,0.55,6789.11865234375,4077.0,mist
US,2024-04-06,2024-04-13,2,0.6,6892.67138671875,4077.0,mist
US,2024-04-06,2024-04-13,2,0.65,6995.78173828125,4077.0,mist
US,2024-04-06,2024-04-13,2,0.7,7024.865234375,4077.0,mist
US,2024-04-06,2024-04-13,2,0.75,7678.93212890625,4077.0,mist
US,2024-04-06,2024-04-13,2,0.8,8011.03173828125,4077.0,mist
US,2024-04-06,2024-04-13,2,0.85,8480.478515625,4077.0,mist
US,2024-04-06,2024-04-13,2,0.9,9014.63671875,4077.0,mist
US,2024-04-06,2024-04-13,2,0.95,10419.697265625,4077.0,mist
US,2024-04-06,2024-04-13,2,0.975,12418.1552734375,4077.0,mist
US,2024-04-06,2024-04-13,2,0.99,15948.7666015625,4077.0,mist
US,2024-04-06,2024-04-20,3,0.01,2646.349609375,2943.0,mist
US,2024-04-06,2024-04-20,3,0.025,3728.0947265625,2943.0,mist
US,2024-04-06,2024-04-20,3,0.05,3737.1552734375,2943.0,mist
US,2024-04-06,2024-04-20,3,0.1,4504.9580078125,2943.0,mist
US,2024-04-06,2024-04-20,3,0.15,5011.1455078125,2943.0,mist
US,2024-04-06,2024-04-20,3,0.2,5401.6376953125,2943.0,mist
US,2024-04-06,2024-04-20,3,0.25,5759.39990234375,2943.0,mist
US,2024-04-06,2024-04-20,3,0.3,5877.81396484375,2943.0,mist
US,2024-04-06,2024-04-20,3,0.35,6123.0107421875,2943.0,mist
US,2024-04-06,2024-04-20,3,0.4,6183.3876953125,2943.0,mist
US,2024-04-06,2024-04-20,3,0.45,6427.4111328125,2943.0,mist
US,2024-04-06,2024-04-20,3,0.5,6468.9951171875,2943.0,mist
US,2024-04-06,2024-04-20,3,0.55,6635.326171875,2943.0,mist
US,2024-04-06,2024-04-20,3,0.6,6948.44873046875,2943.0,mist
US,2024-04-06,2024-04-20,3,0.65,7027.29443359375,2943.0,mist
US,2024-04-06,2024-04-20,3,0.7,7170.453125,2943.0,mist
US,2024-04-06,2024-04-20,3,0.75,7457.98583984375,2943.0,mist
US,2024-04-06,2024-04-20,3,0.8,7853.94775390625,2943.0,mist
US,2024-04-06,2024-04-20,3,0.85,7964.76025390625,2943.0,mist
US,2024-04-06,2024-04-20,3,0.9,8595.7783203125,2943.0,mist
US,2024-04-06,2024-04-20,3,0.95,9823.8232421875,2943.0,mist
US,2024-04-06,2024-04-20,3,0.975,12350.541015625,2943.0,mist
US,2024-04-06,2024-04-20,3,0.99,16769.4765625,2943.0,mist
US,2024-04-06,2024-04-27,4,0.01,1925.111328125,2417.0,mist
US,2024-04-06,2024-04-27,4,0.025,2866.3388671875,2417.0,mist
US,2024-04-06,2024-04-27,4,0.05,4250.52392578125,2417.0,mist
US,2024-04-06,2024-04-27,4,0.1,4619.166015625,2417.0,mist
US,2024-04-06,2024-04-27,4,0.15,4789.642578125,2417.0,mist
US,2024-04-06,2024-04-27,4,0.2,5386.60107421875,2417.0,mist
US,2024-04-06,2024-04-27,4,0.25,5732.9541015625,2417.0,mist
US,2024-04-06,2024-04-27,4,0.3,5754.326171875,2417.0,mist
US,2024-04-06,2024-04-27,4,0.35,5765.99755859375,2417.0,mist
US,2024-04-06,2024-04-27,4,0.4,5785.8603515625,2417.0,mist
US,2024-04-06,2024-04-27,4,0.45,5853.65283203125,2417.0,mist
US,2024-04-06,2024-04-27,4,0.5,6243.45751953125,2417.0,mist
US,2024-04-06,2024-04-27,4,0.55,6439.61669921875,2417.0,mist
US,2024-04-06,2024-04-27,4,0.6,6556.68115234375,2417.0,mist
US,2024-04-06,2024-04-27,4,0.65,6766.640625,2417.0,mist
US,2024-04-06,2024-04-27,4,0.7,6852.1591796875,2417.0,mist
US,2024-04-06,2024-04-27,4,0.75,7193.728515625,2417.0,mist
US,2024-04-06,2024-04-27,4,0.8,7499.0673828125,2417.0,mist
US,2024-04-06,2024-04-27,4,0.85,8230.43359375,2417.0,mist
US,2024-04-06,2024-04-27,4,0.9,8962.1904296875,2417.0,mist
US,2024-04-06,2024-04-27,4,0.95,10804.009765625,2417.0,mist
US,2024-04-06,2024-04-27,4,0.975,16260.6650390625,2417.0,mist
US,2024-04-06,2024-04-27,4,0.99,18771.45703125,2417.0,mist
US,2024-04-13,2024-04-13,1,0.01,3425.15234375,4077.0,mist
US,2024-04-13,2024-04-13,1,0.025,3855.3203125,4077.0,mist
US,2024-04-13,2024-04-13,1,0.05,4187.634765625,4077.0,mist
US,2024-04-13,2024-04-13,1,0.1,4823.76416015625,4077.0,mist
US,2024-04-13,2024-04-13,1,0.15,5187.19580078125,4077.0,mist
US,2024-04-13,2024-04-13,1,0.2,5372.99853515625,4077.0,mist
US,2024-04-13,2024-04-13,1,0.25,5479.80322265625,4077.0,mist
US,2024-04-13,2024-04-13,1,0.3,5580.11572265625,4077.0,mist
US,2024-04-13,2024-04-13,1,0.35,5743.08251953125,4077.0,mist
US,2024-04-13,2024-04-13,1,0.4,5746.32275390625,4077.0,mist
US,2024-04-13,2024-04-13,1,0.45,5788.890625,4077.0,mist
US,2024-04-13,2024-04-13,1,0.5,5790.10009765625,4077.0,mist
US,2024-04-13,2024-04-13,1,0.55,6262.13330078125,4077.0,mist
US,2024-04-13,2024-04-13,1,0.6,6267.99365234375,4077.0,mist
US,2024-04-13,2024-04-13,1,0.65,6334.708984375,4077.0,mist
US,2024-04-13,2024-04-13,1,0.7,6612.30615234375,4077.0,mist
US,2024-04-13,2024-04-13,1,0.75,6784.82666015625,4077.0,mist
US,2024-04-13,2024-04-13,1,0.8,7024.7626953125,4077.0,mist
US,2024-04-13,2024-04-13,1,0.85,8073.28466796875,4077.0,mist
US,2024-04-13,2024-04-13,1,0.9,8210.9716796875,4077.0,mist
US,2024-04-13,2024-04-13,1,0.95,9872.6875,4077.0,mist
US,2024-04-13,2024-04-13,1,0.975,12196.6376953125,4077.0,mist
US,2024-04-13,2024-04-13,1,0.99,16907.62890625,4077.0,mist
US,2024-04-13,2024-04-20,2,0.01,2062.8544921875,2943.0,mist
US,2024-04-13,2024-04-20,2,0.025,3524.1318359375,2943.0,mist
US,2024-04-13,2024-04-20,2,0.05,4171.1298828125,2943.0,mist
US,2024-04-13,2024-04-20,2,0.1,4549.662109375,2943.0,mist
US,2024-04-13,2024-04-20,2,0.15,4821.39794921875,2943.0,mist
US,2024-04-13,2024-04-20,2,0.2,4966.44384765625,2943.0,mist
US,2024-04-13,2024-04-20,2,0.25,5201.07373046875,2943.0,mist
US,2024-04-13,2024-04-20,2,0.3,5260.77978515625,2943.0,mist
US,2024-04-13,2024-04-20,2,0.35,5385.31103515625,2943.0,mist
US,2024-04-13,2024-04-20,2,0.4,5390.130859375,2943.0,mist
US,2024-04-13,2024-04-20,2,0.45,5462.39794921875,2943.0,mist
US,2024-04-13,2024-04-20,2,0.5,5795.2685546875,2943.0,mist
US,2024-04-13,2024-04-20,2,0.55,5949.0712890625,2943.0,mist
US,2024-04-13,2024-04-20,2,0.6,6088.83984375,2943.0,mist
US,2024-04-13,2024-04-20,2,0.65,6277.52490234375,2943.0,mist
US,2024-04-13,2024-04-20,2,0.7,6395.638671875,2943.0,mist
US,2024-04-13,2024-04-20,2,0.75,6797.82080078125,2943.0,mist
US,2024-04-13,2024-04-20,2,0.8,7209.42626953125,2943.0,mist
US,2024-04-13,2024-04-20,2,0.85,7316.78515625,2943.0,mist
US,2024-04-13,2024-04-20,2,0.9,7756.69775390625,2943.0,mist
US,2024-04-13,2024-04-20,2,0.95,9037.08984375,2943.0,mist
US,2024-04-13,2024-04-20,2,0.975,10869.6455078125,2943.0,mist
US,2024-04-13,2024-04-20,2,0.99,14267.3837890625,2943.0,mist
US,2024-04-13,2024-04-27,3,0.01,1961.1328125,2417.0,mist
US,2024-04-13,2024-04-27,3,0.025,3277.5888671875,2417.0,mist
US,2024-04-13,2024-04-27,3,0.05,3634.95556640625,2417.0,mist
US,2024-04-13,2024-04-27,3,0.1,4298.9560546875,2417.0,mist
US,2024-04-13,2024-04-27,3,0.15,4660.3818359375,2417.0,mist
US,2024-04-13,2024-04-27,3,0.2,4991.40673828125,2417.0,mist
US,2024-04-13,2024-04-27,3,0.25,5078.8994140625,2417.0,mist
US,2024-04-13,2024-04-27,3,0.3,5137.7265625,2417.0,mist
US,2024-04-13,2024-04-27,3,0.35,5439.16162109375,2417.0,mist
US,2024-04-13,2024-04-27,3,0.4,5624.08203125,2417.0,mist
US,2024-04-13,2024-04-27,3,0.45,5731.8203125,2417.0,mist
US,2024-04-13,2024-04-27,3,0.5,5735.763671875,2417.0,mist
US,2024-04-13,2024-04-27,3,0.55,5834.8076171875,2417.0,mist
US,2024-04-13,2024-04-27,3,0.6,5913.21435546875,2417.0,mist
US,2024-04-13,2024-04-27,3,0.65,6136.29248046875,2417.0,mist
US,2024-04-13,2024-04-27,3,0.7,6154.35107421875,2417.0,mist
US,2024-04-13,2024-04-27,3,0.75,6172.01953125,2417.0,mist
US,2024-04-13,2024-04-27,3,0.8,6251.1865234375,2417.0,mist
US,2024-04-13,2024-04-27,3,0.85,6551.37353515625,2417.0,mist
US,2024-04-13,2024-04-27,3,0.9,7084.5986328125,2417.0,mist
US,2024-04-13,2024-04-27,3,0.95,8033.06640625,2417.0,mist
US,2024-04-13,2024-04-27,3,0.975,10217.9658203125,2417.0,mist
US,2024-04-13,2024-04-27,3,0.99,15458.908203125,2417.0,mist
US,2024-04-13,2024-05-04,4,0.01,2243.6962890625,1486.0,mist
US,2024-04-13,2024-05-04,4,0.025,2436.9755859375,1486.0,mist
US,2024-04-13,2024-05-04,4,0.05,3919.66064453125,1486.0,mist
US,2024-04-13,2024-05-04,4,0.1,4088.23876953125,1486.0,mist
US,2024-04-13,2024-05-04,4,0.15,4180.36572265625,1486.0,mist
US,2024-04-13,2024-05-04,4,0.2,4961.185546875,1486.0,mist
US,2024-04-13,2024-05-04,4,0.25,5019.9169921875,1486.0,mist
US,2024-04-13,2024-05-04,4,0.3,5114.5771484375,1486.0,mist
US,2024-04-13,2024-05-04,4,0.35,5121.78857421875,1486.0,mist
US,2024-04-13,2024-05-04,4,0.4,5176.78125,1486.0,mist
US,2024-04-13,2024-05-04,4,0.45,5177.76025390625,1486.0,mist
US,2024-04-13,2024-05-04,4,0.5,5458.2490234375,1486.0,mist
US,2024-04-13,2024-05-04,4,0.55,5522.7880859375,1486.0,mist
US,2024-04-13,2024-05-04,4,0.6,5753.99658203125,1486.0,mist
US,2024-04-13,2024-05-04,4,0.65,5823.9423828125,1486.0,mist
US,2024-04-13,2024-05-04,4,0.7,5846.7724609375,1486.0,mist
US,2024-04-13,2024-05-04,4,0.75,6090.25390625,1486.0,mist
US,2024-04-13,2024-05-04,4,0.8,6362.4619140625,1486.0,mist
US,2024-04-13,2024-05-04,4,0.85,6731.63427734375,1486.0,mist
US,2024-04-13,2024-05-04,4,0.9,6874.85986328125,1486.0,mist
US,2024-04-13,2024-05-04,4,0.95,8006.751953125,1486.0,mist
US,2024-04-13,2024-05-04,4,0.975,14074.990234375,1486.0,mist
US,2024-04-13,2024-05-04,4,0.99,16019.4072265625,1486.0,mist
US,2024-04-20,2024-04-20,1,0.01,2915.29541015625,2943.0,mist
US,2024-04-20,2024-04-20,1,0.025,3622.07470703125,2943.0,mist
US,2024-04-20,2024-04-20,1,0.05,3798.94580078125,2943.0,mist
US,2024-04-20,2024-04-20,1,0.1,4387.1552734375,2943.0,mist
US,2024-04-20,2024-04-20,1,0.15,4638.646484375,2943.0,mist
US,2024-04-20,2024-04-20,1,0.2,4744.77587890625,2943.0,mist
US,2024-04-20,2024-04-20,1,0.25,5001.87890625,2943.0,mist
US,2024-04-20,2024-04-20,1,0.3,5009.5537109375,2943.0,mist
US,2024-04-20,2024-04-20,1,0.35,5054.47998046875,2943.0,mist
US,2024-04-20,2024-04-20,1,0.4,5089.48193359375,2943.0,mist
US,2024-04-20,2024-04-20,1,0.45,5120.46337890625,2943.0,mist
US,2024-04-20,2024-04-20,1,0.5,5327.50634765625,2943.0,mist
US,2024-04-20,2024-04-20,1,0.55,5522.39794921875,2943.0,mist
US,2024-04-20,2024-04-20,1,0.6,5648.6943359375,2943.0,mist
US,2024-04-20,2024-04-20,1,0.65,5802.1962890625,2943.0,mist
US,2024-04-20,2024-04-20,1,0.7,5927.3525390625,2943.0,mist
US,2024-04-20,2024-04-20,1,0.75,6167.96875,2943.0,mist
US,2024-04-20,2024-04-20,1,0.8,6320.13623046875,2943.0,mist
US,2024-04-20,2024-04-20,1,0.85,7258.1279296875,2943.0,mist
US,2024-04-20,2024-04-20,1,0.9,7290.0302734375,2943.0,mist
US,2024-04-20,2024-04-20,1,0.95,8795.4140625,2943.0,mist
US,2024-04-20,2024-04-20,1,0.975,11100.02734375,2943.0,mist
US,2024-04-20,2024-04-20,1,0.99,15911.43359375,2943.0,mist
US,2024-04-20,2024-04-27,2,0.01,1536.4599609375,2417.0,mist
US,2024-04-20,2024-04-27,2,0.025,2967.46435546875,2417.0,mist
US,2024-04-20,2024-04-27,2,0.05,3618.33154296875,2417.0,mist
US,2024-04-20,2024-04-27,2,0.1,4028.90087890625,2417.0,mist
US,2024-04-20,2024-04-27,2,0.15,4200.3466796875,2417.0,mist
US,2024-04-20,2024-04-27,2,0.2,4458.1494140625,2417.0,mist
US,2024-04-20,2024-04-27,2,0.25,4597.23583984375,2417.0,mist
US,2024-04-20,2024-04-27,2,0.3,4756.66259765625,2417.0,mist
US,2024-04-20,2024-04-27,2,0.35,4778.81494140625,2417.0,mist
US,2024-04-20,2024-04-27,2,0.4,4810.908203125,2417.0,mist
US,2024-04-20,2024-04-27,2,0.45,4956.6025390625,2417.0,mist
US,2024-04-20,2024-04-27,2,0.5,5236.79150390625,2417.0,mist
US,2024-04-20,2024-04-27,2,0.55,5264.107421875,2417.0,mist
US,2024-04-20,2024-04-27,2,0.6,5616.8525390625,2417.0,mist
US,2024-04-20,2024-04-27,2,0.65,5741.4375,2417.0,mist
US,2024-04-20,2024-04-27,2,0.7,5766.10107421875,2417.0,mist
US,2024-04-20,2024-04-27,2,0.75,6207.9873046875,2417.0,mist
US,2024-04-20,2024-04-27,2,0.8,6379.51513671875,2417.0,mist
US,2024-04-20,2024-04-27,2,0.85,6675.16552734375,2417.0,mist
US,2024-04-20,2024-04-27,2,0.9,6689.509765625,2417.0,mist
US,2024-04-20,2024-04-27,2,0.95,7962.1328125,2417.0,mist
US,2024-04-20,2024-04-27,2,0.975,9644.462890625,2417.0,mist
US,2024-04-20,2024-04-27,2,0.99,13004.85546875,2417.0,mist
US,2024-04-20,2024-05-04,3,0.01,1563.5126953125,1486.0,mist
US,2024-04-20,2024-05-04,3,0.025,2810.005859375,1486.0,mist
US,2024-04-20,2024-05-04,3,0.05,3384.1826171875,1486.0,mist
US,2024-04-20,2024-05-04,3,0.1,3934.74365234375,1486.0,mist
US,2024-04-20,2024-05-04,3,0.15,4240.87353515625,1486.0,mist
US,2024-04-20,2024-05-04,3,0.2,4465.4130859375,1486.0,mist
US,2024-04-20,2024-05-04,3,0.25,4551.0859375,1486.0,mist
US,2024-04-20,2024-05-04,3,0.3,4575.2255859375,1486.0,mist
US,2024-04-20,2024-05-04,3,0.35,4884.0810546875,1486.0,mist
US,2024-04-20,2024-05-04,3,0.4,4953.4814453125,1486.0,mist
US,2024-04-20,2024-05-04,3,0.45,5072.3408203125,1486.0,mist
US,2024-04-20,2024-05-04,3,0.5,5088.66162109375,1486.0,mist
US,2024-04-20,2024-05-04,3,0.55,5218.6611328125,1486.0,mist
US,2024-04-20,2024-05-04,3,0.6,5236.130859375,1486.0,mist
US,2024-04-20,2024-05-04,3,0.65,5336.8134765625,1486.0,mist
US,2024-04-20,2024-05-04,3,0.7,5381.6572265625,1486.0,mist
US,2024-04-20,2024-05-04,3,0.75,5410.06689453125,1486.0,mist
US,2024-04-20,2024-05-04,3,0.8,5458.74560546875,1486.0,mist
US,2024-04-20,2024-05-04,3,0.85,5595.513671875,1486.0,mist
US,2024-04-20,2024-05-04,3,0.9,6174.94287109375,1486.0,mist
US,2024-04-20,2024-05-04,3,0.95,6953.7294921875,1486.0,mist
US,2024-04-20,2024-05-04,3,0.975,8843.1298828125,1486.0,mist
US,2024-04-20,2024-05-04,3,0.99,14113.4970703125,1486.0,mist
US,2024-04-20,2024-05-11,4,0.01,2071.1552734375,852.0,mist
US,2024-04-20,2024-05-11,4,0.025,2084.7216796875,852.0,mist
US,2024-04-20,2024-05-11,4,0.05,3493.79248046875,852.0,mist
US,2024-04-20,2024-05-11,4,0.1,3635.5556640625,852.0,mist
US,2024-04-20,2024-05-11,4,0.15,3730.0224609375,852.0,mist
US,2024-04-20,2024-05-11,4,0.2,4341.890625,852.0,mist
US,2024-04-20,2024-05-11,4,0.25,4467.3134765625,852.0,mist
US,2024-04-20,2024-05-11,4,0.3,4569.08349609375,852.0,mist
US,2024-04-20,2024-05-11,4,0.35,4596.62548828125,852.0,mist
US,2024-04-20,2024-05-11,4,0.4,4605.0126953125,852.0,mist
US,2024-04-20,2024-05-11,4,0.45,4638.037109375,852.0,mist
US,2024-04-20,2024-05-11,4,0.5,4766.482421875,852.0,mist
US,2024-04-20,2024-05-11,4,0.55,4873.52294921875,852.0,mist
US,2024-04-20,2024-05-11,4,0.6,4957.58740234375,852.0,mist
US,2024-04-20,2024-05-11,4,0.65,5066.38037109375,852.0,mist
US,2024-04-20,2024-05-11,4,0.7,5166.15966796875,852.0,mist
US,2024-04-20,2024-05-11,4,0.75,5379.50390625,852.0,mist
US,2024-04-20,2024-05-11,4,0.8,5549.07421875,852.0,mist
US,2024-04-20,2024-05-11,4,0.85,5662.1787109375,852.0,mist
US,2024-04-20,2024-05-11,4,0.9,5829.68017578125,852.0,mist
US,2024-04-20,2024-05-11,4,0.95,6408.34716796875,852.0,mist
US,2024-04-20,2024-05-11,4,0.975,12491.201171875,852.0,mist
US,2024-04-20,2024-05-11,4,0.99,14123.095703125,852.0,mist
US,2024-04-27,2024-04-27,1,0.01,2008.9169921875,2417.0,mist
US,2024-04-27,2024-04-27,1,0.025,2647.599609375,2417.0,mist
US,2024-04-27,2024-04-27,1,0.05,2856.6513671875,2417.0,mist
US,2024-04-27,2024-04-27,1,0.1,3413.21337890625,2417.0,mist
US,2024-04-27,2024-04-27,1,0.15,3727.1923828125,2417.0,mist
US,2024-04-27,2024-04-27,1,0.2,3785.91650390625,2417.0,mist
US,2024-04-27,2024-04-27,1,0.25,4003.51318359375,2417.0,mist
US,2024-04-27,2024-04-27,1,0.3,4015.21826171875,2417.0,mist
US,2024-04-27,2024-04-27,1,0.35,4063.86083984375,2417.0,mist
US,2024-04-27,2024-04-27,1,0.4,4115.76611328125,2417.0,mist
US,2024-04-27,2024-04-27,1,0.45,4152.2724609375,2417.0,mist
US,2024-04-27,2024-04-27,1,0.5,4319.6337890625,2417.0,mist
US,2024-04-27,2024-04-27,1,0.55,4527.974609375,2417.0,mist
US,2024-04-27,2024-04-27,1,0.6,4647.82666015625,2417.0,mist
US,2024-04-27,2024-04-27,1,0.65,4719.60302734375,2417.0,mist
US,2024-04-27,2024-04-27,1,0.7,4912.15087890625,2417.0,mist
US,2024-04-27,2024-04-27,1,0.75,5099.169921875,2417.0,mist
US,2024-04-27,2024-04-27,1,0.8,5271.91064453125,2417.0,mist
US,2024-04-27,2024-04-27,1,0.85,6188.140625,2417.0,mist
US,2024-04-27,2024-04-27,1,0.9,6226.099609375,2417.0,mist
US,2024-04-27,2024-04-27,1,0.95,7765.521484375,2417.0,mist
US,2024-04-27,2024-04-27,1,0.975,9988.2119140625,2417.0,mist
US,2024-04-27,2024-04-27,1,0.99,14540.498046875,2417.0,mist
US,2024-04-27,2024-05-04,2,0.01,813.923828125,1486.0,mist
US,2024-04-27,2024-05-04,2,0.025,2168.919921875,1486.0,mist
US,2024-04-27,2024-05-04,2,0.05,2710.3662109375,1486.0,mist
US,2024-04-27,2024-05-04,2,0.1,3034.89697265625,1486.0,mist
US,2024-04-27,2024-05-04,2,0.15,3232.86474609375,1486.0,mist
US,2024-04-27,2024-05-04,2,0.2,3456.79541015625,1486.0,mist
US,2024-04-27,2024-05-04,2,0.25,3609.703125,1486.0,mist
US,2024-04-27,2024-05-04,2,0.3,3755.3125,1486.0,mist
US,2024-04-27,2024-05-04,2,0.35,3825.13037109375,1486.0,mist
US,2024-04-27,2024-05-04,2,0.4,3847.86328125,1486.0,mist
US,2024-04-27,2024-05-04,2,0.45,3948.37451171875,1486.0,mist
US,2024-04-27,2024-05-04,2,0.5,4213.52685546875,1486.0,mist
US,2024-04-27,2024-05-04,2,0.55,4245.3076171875,1486.0,mist
US,2024-04-27,2024-05-04,2,0.6,4595.15283203125,1486.0,mist
US,2024-04-27,2024-05-04,2,0.65,4694.60888671875,1486.0,mist
US,2024-04-27,2024-05-04,2,0.7,4730.3046875,1486.0,mist
US,2024-04-27,2024-05-04,2,0.75,5127.8427734375,1486.0,mist
US,2024-04-27,2024-05-04,2,0.8,5405.169921875,1486.0,mist
US,2024-04-27,2024-05-04,2,0.85,5572.1083984375,1486.0,mist
US,2024-04-27,2024-05-04,2,0.9,5795.30615234375,1486.0,mist
US,2024-04-27,2024-05-04,2,0.95,6991.107421875,1486.0,mist
US,2024-04-27,2024-05-04,2,0.975,8619.7041015625,1486.0,mist
US,2024-04-27,2024-05-04,2,0.99,11717.12109375,1486.0,mist
US,2024-04-27,2024-05-11,3,0.01,651.4541015625,852.0,mist
US,2024-04-27,2024-05-11,3,0.025,1926.822265625,852.0,mist
US,2024-04-27,2024-05-11,3,0.05,2458.1748046875,852.0,mist
US,2024-04-27,2024-05-11,3,0.1,2958.9169921875,852.0,mist
US,2024-04-27,2024-05-11,3,0.15,3251.07958984375,852.0,mist
US,2024-04-27,2024-05-11,3,0.2,3500.67236328125,852.0,mist
US,2024-04-27,2024-05-11,3,0.25,3587.251953125,852.0,mist
US,2024-04-27,2024-05-11,3,0.3,3608.65576171875,852.0,mist
US,2024-04-27,2024-05-11,3,0.35,3920.1767578125,852.0,mist
US,2024-04-27,2024-05-11,3,0.4,4037.66064453125,852.0,mist
US,2024-04-27,2024-05-11,3,0.45,4111.53515625,852.0,mist
US,2024-04-27,2024-05-11,3,0.5,4118.93994140625,852.0,mist
US,2024-04-27,2024-05-11,3,0.55,4202.10302734375,852.0,mist
US,2024-04-27,2024-05-11,3,0.6,4297.921875,852.0,mist
US,2024-04-27,2024-05-11,3,0.65,4327.51025390625,852.0,mist
US,2024-04-27,2024-05-11,3,0.7,4392.5546875,852.0,mist
US,2024-04-27,2024-05-11,3,0.75,4462.62060546875,852.0,mist
US,2024-04-27,2024-05-11,3,0.8,4477.64990234375,852.0,mist
US,2024-04-27,2024-05-11,3,0.85,4655.9228515625,852.0,mist
US,2024-04-27,2024-05-11,3,0.9,5251.96875,852.0,mist
US,2024-04-27,2024-05-11,3,0.95,6016.82421875,852.0,mist
US,2024-04-27,2024-05-11,3,0.975,7871.78955078125,852.0,mist
US,2024-04-27,2024-05-11,3,0.99,13001.5556640625,852.0,mist
US,2024-04-27,2024-05-18,4,0.01,1225.771484375,681.0,mist
US,2024-04-27,2024-05-18,4,0.025,1225.9873046875,681.0,mist
US,2024-04-27,2024-05-18,4,0.05,2558.48974609375,681.0,mist
US,2024-04-27,2024-05-18,4,0.1,2695.77294921875,681.0,mist
US,2024-04-27,2024-05-18,4,0.15,2836.0341796875,681.0,mist
US,2024-04-27,2024-05-18,4,0.2,3391.96240234375,681.0,mist
US,2024-04-27,2024-05-18,4,0.25,3533.20751953125,681.0,mist
US,2024-04-27,2024-05-18,4,0.3,3626.75634765625,681.0,mist
US,2024-04-27,2024-05-18,4,0.35,3643.95458984375,681.0,mist
US,2024-04-27,2024-05-18,4,0.4,3654.51611328125,681.0,mist
US,2024-04-27,2024-05-18,4,0.45,3674.03466796875,681.0,mist
US,2024-04-27,2024-05-18,4,0.5,3821.0908203125,681.0,mist
US,2024-04-27,2024-05-18,4,0.55,3924.95556640625,681.0,mist
US,2024-04-27,2024-05-18,4,0.6,4005.767578125,681.0,mist
US,2024-04-27,2024-05-18,4,0.65,4111.4599609375,681.0,mist
US,2024-04-27,2024-05-18,4,0.7,4206.90380859375,681.0,mist
US,2024-04-27,2024-05-18,4,0.75,4396.541015625,681.0,mist
US,2024-04-27,2024-05-18,4,0.8,4620.3408203125,681.0,mist
US,2024-04-27,2024-05-18,4,0.85,4715.982421875,681.0,mist
US,2024-04-27,2024-05-18,4,0.9,4845.77685546875,681.0,mist
US,2024-04-27,2024-05-18,4,0.95,5575.6845703125,681.0,mist
US,2024-04-27,2024-05-18,4,0.975,11317.427734375,681.0,mist
US,2024-04-27,2024-05-18,4,0.99,12987.0,681.0,mist
06,2023-11-04,2023-11-04,1,0.01,25.518789291381836,97.0,mist
06,2023-11-04,2023-11-04,1,0.025,46.378318786621094,97.0,mist
06,2023-11-04,2023-11-04,1,0.05,47.203826904296875,97.0,mist
06,2023-11-04,2023-11-04,1,0.1,56.86826705932617,97.0,mist
06,2023-11-04,2023-11-04,1,0.15,58.23930358886719,97.0,mist
06,2023-11-04,2023-11-04,1,0.2,62.94850158691406,97.0,mist
06,2023-11-04,2023-11-04,1,0.25,67.55823516845703,97.0,mist
06,2023-11-04,2023-11-04,1,0.3,68.85736846923828,97.0,mist
06,2023-11-04,2023-11-04,1,0.35,72.84640502929688,97.0,mist
06,2023-11-04,2023-11-04,1,0.4,76.40476989746094,97.0,mist
06,2023-11-04,2023-11-04,1,0.45,77.62649536132812,97.0,mist
06,2023-11-04,2023-11-04,1,0.5,81.75743865966797,97.0,mist
06,2023-11-04,2023-11-04,1,0.55,85.32072448730469,97.0,mist
06,2023-11-04,2023-11-04,1,0.6,88.55705261230469,97.0,mist
06,2023-11-04,2023-11-04,1,0.65,90.48033142089844,97.0,mist
06,2023-11-04,2023-11-04,1,0.7,94.28040313720703,97.0,mist
06,2023-11-04,2023-11-04,1,0.75,98.22456359863281,97.0,mist
06,2023-11-04,2023-11-04,1,0.8,105.26742553710938,97.0,mist
06,2023-11-04,2023-11-04,1,0.85,112.4720230102539,97.0,mist
06,2023-11-04,2023-11-04,1,0.9,122.38140869140625,97.0,mist
06,2023-11-04,2023-11-04,1,0.95,135.74798583984375,97.0,mist
06,2023-11-04,2023-11-04,1,0.975,151.7398681640625,97.0,mist
06,2023-11-04,2023-11-04,1,0.99,152.555908203125,97.0,mist
06,2023-11-04,2023-11-11,2,0.01,20.893049240112305,231.0,mist
06,2023-11-04,2023-11-11,2,0.025,26.851999282836914,231.0,mist
06,2023-11-04,2023-11-11,2,0.05,54.358253479003906,231.0,mist
06,2023-11-04,2023-11-11,2,0.1,65.53526306152344,231.0,mist
06,2023-11-04,2023-11-11,2,0.15,69.26573181152344,231.0,mist
06,2023-11-04,2023-11-11,2,0.2,76.93376922607422,231.0,mist
06,2023-11-04,2023-11-11,2,0.25,80.55268859863281,231.0,mist
06,2023-11-04,2023-11-11,2,0.3,85.8559799194336,231.0,mist
06,2023-11-04,2023-11-11,2,0.35,90.77544403076172,231.0,mist
06,2023-11-04,2023-11-11,2,0.4,95.35453796386719,231.0,mist
06,2023-11-04,2023-11-11,2,0.45,98.47895812988281,231.0,mist
06,2023-11-04,2023-11-11,2,0.5,103.90150451660156,231.0,mist
06,2023-11-04,2023-11-11,2,0.55,108.71041870117188,231.0,mist
06,2023-11-04,2023-11-11,2,0.6,113.2950439453125,231.0,mist
06,2023-11-04,2023-11-11,2,0.65,118.41449737548828,231.0,mist
06,2023-11-04,2023-11-11,2,0.7,125.8466567993164,231.0,mist
06,2023-11-04,2023-11-11,2,0.75,134.39590454101562,231.0,mist
06,2023-11-04,2023-11-11,2,0.8,141.9769287109375,231.0,mist
06,2023-11-04,2023-11-11,2,0.85,152.43212890625,231.0,mist
06,2023-11-04,2023-11-11,2,0.9,167.72488403320312,231.0,mist
06,2023-11-04,2023-11-11,2,0.95,191.7370147705078,231.0,mist
06,2023-11-04,2023-11-11,2,0.975,204.84503173828125,231.0,mist
06,2023-11-04,2023-11-11,2,0.99,216.11643981933594,231.0,mist
06,2023-11-04,2023-11-18,3,0.01,23.147388458251953,372.0,mist
06,2023-11-04,2023-11-18,3,0.025,37.84729766845703,372.0,mist
06,2023-11-04,2023-11-18,3,0.05,60.018218994140625,372.0,mist
06,2023-11-04,2023-11-18,3,0.1,73.48442840576172,372.0,mist
06,2023-11-04,2023-11-18,3,0.15,79.62161254882812,372.0,mist
06,2023-11-04,2023-11-18,3,0.2,87.0523452758789,372.0,mist
06,2023-11-04,2023-11-18,3,0.25,96.38336181640625,372.0,mist
06,2023-11-04,2023-11-18,3,0.3,98.36808776855469,372.0,mist
06,2023-11-04,2023-11-18,3,0.35,106.84101867675781,372.0,mist
06,2023-11-04,2023-11-18,3,0.4,113.63220977783203,372.0,mist
06,2023-11-04,2023-11-18,3,0.45,121.84676361083984,372.0,mist
06,2023-11-04,2023-11-18,3,0.5,127.4775390625,372.0,mist
06,2023-11-04,2023-11-18,3,0.55,135.447265625,372.0,mist
06,2023-11-04,2023-11-18,3,0.6,145.0860595703125,372.0,mist
06,2023-11-04,2023-11-18,3,0.65,150.69801330566406,372.0,mist
06,2023-11-04,2023-11-18,3,0.7,164.38079833984375,372.0,mist
06,2023-11-04,2023-11-18,3,0.75,172.5044708251953,372.0,mist
06,2023-11-04,2023-11-18,3,0.8,189.6612091064453,372.0,mist
06,2023-11-04,2023-11-18,3,0.85,208.6426239013672,372.0,mist
06,2023-11-04,2023-11-18,3,0.9,227.40673828125,372.0,mist
06,2023-11-04,2023-11-18,3,0.95,269.1990966796875,372.0,mist
06,2023-11-04,2023-11-18,3,0.975,271.4867858886719,372.0,mist
06,2023-11-04,2023-11-18,3,0.99,282.981689453125,372.0,mist
06,2023-11-04,2023-11-25,4,0.01,17.545286178588867,459.0,mist
06,2023-11-04,2023-11-25,4,0.025,35.43622589111328,459.0,mist
06,2023-11-04,2023-11-25,4,0.05,59.16693878173828,459.0,mist
06,2023-11-04,2023-11-25,4,0.1,70.91242218017578,459.0,mist
06,2023-11-04,2023-11-25,4,0.15,79.17292022705078,459.0,mist
06,2023-11-04,2023-11-25,4,0.2,89.42066192626953,459.0,mist
06,2023-11-04,2023-11-25,4,0.25,98.58302307128906,459.0,mist
06,2023-11-04,2023-11-25,4,0.3,108.27072143554688,459.0,mist
06,2023-11-04,2023-11-25,4,0.35,116.78121185302734,459.0,mist
06,2023-11-04,2023-11-25,4,0.4,130.94403076171875,459.0,mist
06,2023-11-04,2023-11-25,4,0.45,137.59201049804688,459.0,mist
06,2023-11-04,2023-11-25,4,0.5,145.05523681640625,459.0,mist
06,2023-11-04,2023-11-25,4,0.55,162.92611694335938,459.0,mist
06,2023-11-04,2023-11-25,4,0.6,177.14239501953125,459.0,mist
06,2023-11-04,2023-11-25,4,0.65,187.5677947998047,459.0,mist
06,2023-11-04,2023-11-25,4,0.7,207.0267791748047,459.0,mist
06,2023-11-04,2023-11-25,4,0.75,217.6822052001953,459.0,mist
06,2023-11-04,2023-11-25,4,0.8,248.2837677001953,459.0,mist
06,2023-11-04,2023-11-25,4,0.85,266.85284423828125,459.0,mist
06,2023-11-04,2023-11-25,4,0.9,281.15960693359375,459.0,mist
06,2023-11-04,2023-11-25,4,0.95,293.14404296875,459.0,mist
06,2023-11-04,2023-11-25,4,0.975,317.3679504394531,459.0,mist
06,2023-11-04,2023-11-25,4,0.99,347.5332336425781,459.0,mist
06,2023-11-11,2023-11-11,1,0.01,20.781288146972656,231.0,mist
06,2023-11-11,2023-11-11,1,0.025,48.914161682128906,231.0,mist
06,2023-11-11,2023-11-11,1,0.05,51.37751388549805,231.0,mist
06,2023-11-11,2023-11-11,1,0.1,64.36679077148438,231.0,mist
06,2023-11-11,2023-11-11,1,0.15,66.33024597167969,231.0,mist
06,2023-11-11,2023-11-11,1,0.2,72.72840881347656,231.0,mist
06,2023-11-11,2023-11-11,1,0.25,78.9215087890625,231.0,mist
06,2023-11-11,2023-11-11,1,0.3,79.81886291503906,231.0,mist
06,2023-11-11,2023-11-11,1,0.35,85.06784057617188,231.0,mist
06,2023-11-11,2023-11-11,1,0.4,91.55908203125,231.0,mist
06,2023-11-11,2023-11-11,1,0.45,92.54241943359375,231.0,mist
06,2023-11-11,2023-11-11,1,0.5,98.19734191894531,231.0,mist
06,2023-11-11,2023-11-11,1,0.55,103.86797332763672,231.0,mist
06,2023-11-11,2023-11-11,1,0.6,107.25180053710938,231.0,mist
06,2023-11-11,2023-11-11,1,0.65,111.98761749267578,231.0,mist
06,2023-11-11,2023-11-11,1,0.7,114.22803497314453,231.0,mist
06,2023-11-11,2023-11-11,1,0.75,123.5312728881836,231.0,mist
06,2023-11-11,2023-11-11,1,0.8,130.80859375,231.0,mist
06,2023-11-11,2023-11-11,1,0.85,141.6212158203125,231.0,mist
06,2023-11-11,2023-11-11,1,0.9,152.90892028808594,231.0,mist
06,2023-11-11,2023-11-11,1,0.95,170.0086669921875,231.0,mist
06,2023-11-11,2023-11-11,1,0.975,193.55735778808594,231.0,mist
06,2023-11-11,2023-11-11,1,0.99,194.2725067138672,231.0,mist
06,2023-11-11,2023-11-18,2,0.01,14.106197357177734,372.0,mist
06,2023-11-11,2023-11-18,2,0.025,22.10654640197754,372.0,mist
06,2023-11-11,2023-11-18,2,0.05,59.53308868408203,372.0,mist
06,2023-11-11,2023-11-18,2,0.1,76.21897888183594,372.0,mist
06,2023-11-11,2023-11-18,2,0.15,81.03880310058594,372.0,mist
06,2023-11-11,2023-11-18,2,0.2,90.034423828125,372.0,mist
06,2023-11-11,2023-11-18,2,0.25,94.77547454833984,372.0,mist
06,2023-11-11,2023-11-18,2,0.3,103.31378936767578,372.0,mist
06,2023-11-11,2023-11-18,2,0.35,110.64065551757812,372.0,mist
06,2023-11-11,2023-11-18,2,0.4,113.3810806274414,372.0,mist
06,2023-11-11,2023-11-18,2,0.45,119.64537048339844,372.0,mist
06,2023-11-11,2023-11-18,2,0.5,128.5942840576172,372.0,mist
06,2023-11-11,2023-11-18,2,0.55,134.48968505859375,372.0,mist
06,2023-11-11,2023-11-18,2,0.6,141.5703887939453,372.0,mist
06,2023-11-11,2023-11-18,2,0.65,147.59500122070312,372.0,mist
06,2023-11-11,2023-11-18,2,0.7,155.33627319335938,372.0,mist
06,2023-11-11,2023-11-18,2,0.75,169.1107177734375,372.0,mist
06,2023-11-11,2023-11-18,2,0.8,178.71897888183594,372.0,mist
06,2023-11-11,2023-11-18,2,0.85,191.43382263183594,372.0,mist
06,2023-11-11,2023-11-18,2,0.9,214.63999938964844,372.0,mist
06,2023-11-11,2023-11-18,2,0.95,245.88275146484375,372.0,mist
06,2023-11-11,2023-11-18,2,0.975,264.7752685546875,372.0,mist
06,2023-11-11,2023-11-18,2,0.99,279.97802734375,372.0,mist
06,2023-11-11,2023-11-25,3,0.01,17.857465744018555,459.0,mist
06,2023-11-11,2023-11-25,3,0.025,38.47007751464844,459.0,mist
06,2023-11-11,2023-11-25,3,0.05,68.32521057128906,459.0,mist
06,2023-11-11,2023-11-25,3,0.1,85.10769653320312,459.0,mist
06,2023-11-11,2023-11-25,3,0.15,95.8428955078125,459.0,mist
06,2023-11-11,2023-11-25,3,0.2,105.22465515136719,459.0,mist
06,2023-11-11,2023-11-25,3,0.25,116.34222412109375,459.0,mist
06,2023-11-11,2023-11-25,3,0.3,120.7463150024414,459.0,mist
06,2023-11-11,2023-11-25,3,0.35,130.91864013671875,459.0,mist
06,2023-11-11,2023-11-25,3,0.4,139.76084899902344,459.0,mist
06,2023-11-11,2023-11-25,3,0.45,150.8184051513672,459.0,mist
06,2023-11-11,2023-11-25,3,0.5,159.93927001953125,459.0,mist
06,2023-11-11,2023-11-25,3,0.55,169.149658203125,459.0,mist
06,2023-11-11,2023-11-25,3,0.6,182.3033447265625,459.0,mist
06,2023-11-11,2023-11-25,3,0.65,190.18255615234375,459.0,mist
06,2023-11-11,2023-11-25,3,0.7,208.1342315673828,459.0,mist
06,2023-11-11,2023-11-25,3,0.75,220.48977661132812,459.0,mist
06,2023-11-11,2023-11-25,3,0.8,242.57589721679688,459.0,mist
06,2023-11-11,2023-11-25,3,0.85,268.35357666015625,459.0,mist
06,2023-11-11,2023-11-25,3,0.9,295.4375,459.0,mist
06,2023-11-11,2023-11-25,3,0.95,351.6223449707031,459.0,mist
06,2023-11-11,2023-11-25,3,0.975,355.03375244140625,459.0,mist
06,2023-11-11,2023-11-25,3,0.99,370.74713134765625,459.0,mist
06,2023-11-11,2023-12-02,4,0.01,7.8777008056640625,683.0,mist
06,2023-11-11,2023-12-02,4,0.025,34.761131286621094,683.0,mist
06,2023-11-11,2023-12-02,4,0.05,66.31896209716797,683.0,mist
06,2023-11-11,2023-12-02,4,0.1,83.08369445800781,683.0,mist
06,2023-11-11,2023-12-02,4,0.15,93.29023742675781,683.0,mist
06,2023-11-11,2023-12-02,4,0.2,107.7896957397461,683.0,mist
06,2023-11-11,2023-12-02,4,0.25,121.43685150146484,683.0,mist
06,2023-11-11,2023-12-02,4,0.3,133.46209716796875,683.0,mist
06,2023-11-11,2023-12-02,4,0.35,143.21705627441406,683.0,mist
06,2023-11-11,2023-12-02,4,0.4,162.95977783203125,683.0,mist
06,2023-11-11,2023-12-02,4,0.45,172.5465087890625,683.0,mist
06,2023-11-11,2023-12-02,4,0.5,183.14492797851562,683.0,mist
06,2023-11-11,2023-12-02,4,0.55,207.2062530517578,683.0,mist
06,2023-11-11,2023-12-02,4,0.6,225.54779052734375,683.0,mist
06,2023-11-11,2023-12-02,4,0.65,241.0885467529297,683.0,mist
06,2023-11-11,2023-12-02,4,0.7,265.83551025390625,683.0,mist
06,2023-11-11,2023-12-02,4,0.75,280.34490966796875,683.0,mist
06,2023-11-11,2023-12-02,4,0.8,322.71234130859375,683.0,mist
06,2023-11-11,2023-12-02,4,0.85,348.3750915527344,683.0,mist
06,2023-11-11,2023-12-02,4,0.9,367.1216735839844,683.0,mist
06,2023-11-11,2023-12-02,4,0.95,383.90167236328125,683.0,mist
06,2023-11-11,2023-12-02,4,0.975,416.7872619628906,683.0,mist
06,2023-11-11,2023-12-02,4,0.99,456.6475524902344,683.0,mist
06,2023-11-18,2023-11-18,1,0.01,23.177631378173828,372.0,mist
06,2023-11-18,2023-11-18,1,0.025,103.92973327636719,372.0,mist
06,2023-11-18,2023-11-18,1,0.05,126.08870697021484,372.0,mist
06,2023-11-18,2023-11-18,1,0.1,162.1387481689453,372.0,mist
06,2023-11-18,2023-11-18,1,0.15,179.3932342529297,372.0,mist
06,2023-11-18,2023-11-18,1,0.2,197.1399383544922,372.0,mist
06,2023-11-18,2023-11-18,1,0.25,216.4668731689453,372.0,mist
06,2023-11-18,2023-11-18,1,0.3,224.47886657714844,372.0,mist
06,2023-11-18,2023-11-18,1,0.35,245.99562072753906,372.0,mist
06,2023-11-18,2023-11-18,1,0.4,266.6004333496094,372.0,mist
06,2023-11-18,2023-11-18,1,0.45,274.589111328125,372.0,mist
06,2023-11-18,2023-11-18,1,0.5,281.9458923339844,372.0,mist
06,2023-11-18,2023-11-18,1,0.55,307.75299072265625,372.0,mist
06,2023-11-18,2023-11-18,1,0.6,320.1833190917969,372.0,mist
06,2023-11-18,2023-11-18,1,0.65,332.0177307128906,372.0,mist
06,2023-11-18,2023-11-18,1,0.7,352.526611328125,372.0,mist
06,2023-11-18,2023-11-18,1,0.75,381.6709289550781,372.0,mist
06,2023-11-18,2023-11-18,1,0.8,395.38018798828125,372.0,mist
06,2023-11-18,2023-11-18,1,0.85,446.2106628417969,372.0,mist
06,2023-11-18,2023-11-18,1,0.9,486.0197448730469,372.0,mist
06,2023-11-18,2023-11-18,1,0.95,560.66455078125,372.0,mist
06,2023-11-18,2023-11-18,1,0.975,636.1348876953125,372.0,mist
06,2023-11-18,2023-11-18,1,0.99,651.7386474609375,372.0,mist
06,2023-11-18,2023-11-25,2,0.01,0.0,459.0,mist
06,2023-11-18,2023-11-25,2,0.025,5.528270721435547,459.0,mist
06,2023-11-18,2023-11-25,2,0.05,162.19979858398438,459.0,mist
06,2023-11-18,2023-11-25,2,0.1,205.3662567138672,459.0,mist
06,2023-11-18,2023-11-25,2,0.15,243.41278076171875,459.0,mist
06,2023-11-18,2023-11-25,2,0.2,277.95062255859375,459.0,mist
06,2023-11-18,2023-11-25,2,0.25,298.3564758300781,459.0,mist
06,2023-11-18,2023-11-25,2,0.3,321.327880859375,459.0,mist
06,2023-11-18,2023-11-25,2,0.35,346.1368103027344,459.0,mist
06,2023-11-18,2023-11-25,2,0.4,366.2979431152344,459.0,mist
06,2023-11-18,2023-11-25,2,0.45,389.8436279296875,459.0,mist
06,2023-11-18,2023-11-25,2,0.5,433.9834289550781,459.0,mist
06,2023-11-18,2023-11-25,2,0.55,469.0082702636719,459.0,mist
06,2023-11-18,2023-11-25,2,0.6,476.33563232421875,459.0,mist
06,2023-11-18,2023-11-25,2,0.65,508.766357421875,459.0,mist
06,2023-11-18,2023-11-25,2,0.7,549.3124389648438,459.0,mist
06,2023-11-18,2023-11-25,2,0.75,594.0390014648438,459.0,mist
06,2023-11-18,2023-11-25,2,0.8,633.2093505859375,459.0,mist
06,2023-11-18,2023-11-25,2,0.85,690.924072265625,459.0,mist
06,2023-11-18,2023-11-25,2,0.9,763.7982788085938,459.0,mist
06,2023-11-18,2023-11-25,2,0.95,900.5374145507812,459.0,mist
06,2023-11-18,2023-11-25,2,0.975,950.219970703125,459.0,mist
06,2023-11-18,2023-11-25,2,0.99,1040.8741455078125,459.0,mist
06,2023-11-18,2023-12-02,3,0.01,0.0,683.0,mist
06,2023-11-18,2023-12-02,3,0.025,86.40533447265625,683.0,mist
06,2023-11-18,2023-12-02,3,0.05,191.1624298095703,683.0,mist
06,2023-11-18,2023-12-02,3,0.1,265.3546142578125,683.0,mist
06,2023-11-18,2023-12-02,3,0.15,307.70477294921875,683.0,mist
06,2023-11-18,2023-12-02,3,0.2,338.79461669921875,683.0,mist
06,2023-11-18,2023-12-02,3,0.25,400.5098876953125,683.0,mist
06,2023-11-18,2023-12-02,3,0.3,410.5835876464844,683.0,mist
06,2023-11-18,2023-12-02,3,0.35,450.2102355957031,683.0,mist
06,2023-11-18,2023-12-02,3,0.4,492.1862487792969,683.0,mist
06,2023-11-18,2023-12-02,3,0.45,541.1739501953125,683.0,mist
06,2023-11-18,2023-12-02,3,0.5,581.7821044921875,683.0,mist
06,2023-11-18,2023-12-02,3,0.55,624.5319213867188,683.0,mist
06,2023-11-18,2023-12-02,3,0.6,660.4758911132812,683.0,mist
06,2023-11-18,2023-12-02,3,0.65,706.462646484375,683.0,mist
06,2023-11-18,2023-12-02,3,0.7,779.1810913085938,683.0,mist
06,2023-11-18,2023-12-02,3,0.75,813.1771850585938,683.0,mist
06,2023-11-18,2023-12-02,3,0.8,919.0333862304688,683.0,mist
06,2023-11-18,2023-12-02,3,0.85,999.8790893554688,683.0,mist
06,2023-11-18,2023-12-02,3,0.9,1088.09619140625,683.0,mist
06,2023-11-18,2023-12-02,3,0.95,1335.9102783203125,683.0,mist
06,2023-11-18,2023-12-02,3,0.975,1347.6602783203125,683.0,mist
06,2023-11-18,2023-12-02,3,0.99,1406.6634521484375,683.0,mist
06,2023-11-18,2023-12-09,4,0.01,0.0,868.0,mist
06,2023-11-18,2023-12-09,4,0.025,55.98654556274414,868.0,mist
06,2023-11-18,2023-12-09,4,0.05,206.07530212402344,868.0,mist
06,2023-11-18,2023-12-09,4,0.1,251.75987243652344,868.0,mist
06,2023-11-18,2023-12-09,4,0.15,306.50830078125,868.0,mist
06,2023-11-18,2023-12-09,4,0.2,344.9694519042969,868.0,mist
06,2023-11-18,2023-12-09,4,0.25,422.4280090332031,868.0,mist
06,2023-11-18,2023-12-09,4,0.3,482.60992431640625,868.0,mist
06,2023-11-18,2023-12-09,4,0.35,504.5248107910156,868.0,mist
06,2023-11-18,2023-12-09,4,0.4,602.9063110351562,868.0,mist
06,2023-11-18,2023-12-09,4,0.45,630.4365234375,868.0,mist
06,2023-11-18,2023-12-09,4,0.5,656.5422973632812,868.0,mist
06,2023-11-18,2023-12-09,4,0.55,773.97265625,868.0,mist
06,2023-11-18,2023-12-09,4,0.6,860.6189575195312,868.0,mist
06,2023-11-18,2023-12-09,4,0.65,935.8050537109375,868.0,mist
06,2023-11-18,2023-12-09,4,0.7,1024.020751953125,868.0,mist
06,2023-11-18,2023-12-09,4,0.75,1091.5648193359375,868.0,mist
06,2023-11-18,2023-12-09,4,0.8,1245.5843505859375,868.0,mist
06,2023-11-18,2023-12-09,4,0.85,1353.7064208984375,868.0,mist
06,2023-11-18,2023-12-09,4,0.9,1418.9342041015625,868.0,mist
06,2023-11-18,2023-12-09,4,0.95,1425.5380859375,868.0,mist
06,2023-11-18,2023-12-09,4,0.975,1596.501220703125,868.0,mist
06,2023-11-18,2023-12-09,4,0.99,1726.4686279296875,868.0,mist
06,2023-11-25,2023-11-25,1,0.01,22.548938751220703,459.0,mist
06,2023-11-25,2023-11-25,1,0.025,165.0977783203125,459.0,mist
06,2023-11-25,2023-11-25,1,0.05,190.44345092773438,459.0,mist
06,2023-11-25,2023-11-25,1,0.1,262.88751220703125,459.0,mist
06,2023-11-25,2023-11-25,1,0.15,283.99151611328125,459.0,mist
06,2023-11-25,2023-11-25,1,0.2,327.6595458984375,459.0,mist
06,2023-11-25,2023-11-25,1,0.25,360.8809509277344,459.0,mist
06,2023-11-25,2023-11-25,1,0.3,371.6833801269531,459.0,mist
06,2023-11-25,2023-11-25,1,0.35,414.5950622558594,459.0,mist
06,2023-11-25,2023-11-25,1,0.4,439.07379150390625,459.0,mist
06,2023-11-25,2023-11-25,1,0.45,451.33795166015625,459.0,mist
06,2023-11-25,2023-11-25,1,0.5,471.834228515625,459.0,mist
06,2023-11-25,2023-11-25,1,0.55,522.0476684570312,459.0,mist
06,2023-11-25,2023-11-25,1,0.6,547.1171875,459.0,mist
06,2023-11-25,2023-11-25,1,0.65,558.2999877929688,459.0,mist
06,2023-11-25,2023-11-25,1,0.7,595.9049682617188,459.0,mist
06,2023-11-25,2023-11-25,1,0.75,646.0792236328125,459.0,mist
06,2023-11-25,2023-11-25,1,0.8,676.47216796875,459.0,mist
06,2023-11-25,2023-11-25,1,0.85,764.2774047851562,459.0,mist
06,2023-11-25,2023-11-25,1,0.9,823.7499389648438,459.0,mist
06,2023-11-25,2023-11-25,1,0.95,946.1016235351562,459.0,mist
06,2023-11-25,2023-11-25,1,0.975,1085.68115234375,459.0,mist
06,2023-11-25,2023-11-25,1,0.99,1103.2750244140625,459.0,mist
06,2023-11-25,2023-12-02,2,0.01,0.0,683.0,mist
06,2023-11-25,2023-12-02,2,0.025,0.0,683.0,mist
06,2023-11-25,2023-12-02,2,0.05,260.20648193359375,683.0,mist
06,2023-11-25,2023-12-02,2,0.1,351.22283935546875,683.0,mist
06,2023-11-25,2023-12-02,2,0.15,398.0892333984375,683.0,mist
06,2023-11-25,2023-12-02,2,0.2,463.9188537597656,683.0,mist
06,2023-11-25,2023-12-02,2,0.25,495.6097412109375,683.0,mist
06,2023-11-25,2023-12-02,2,0.3,540.7603759765625,683.0,mist
06,2023-11-25,2023-12-02,2,0.35,590.86376953125,683.0,mist
06,2023-11-25,2023-12-02,2,0.4,612.5328369140625,683.0,mist
06,2023-11-25,2023-12-02,2,0.45,653.5819091796875,683.0,mist
06,2023-11-25,2023-12-02,2,0.5,742.0578002929688,683.0,mist
06,2023-11-25,2023-12-02,2,0.55,788.0108642578125,683.0,mist
06,2023-11-25,2023-12-02,2,0.6,813.1177978515625,683.0,mist
06,2023-11-25,2023-12-02,2,0.65,859.7959594726562,683.0,mist
06,2023-11-25,2023-12-02,2,0.7,926.6506958007812,683.0,mist
06,2023-11-25,2023-12-02,2,0.75,1015.4140625,683.0,mist
06,2023-11-25,2023-12-02,2,0.8,1078.12548828125,683.0,mist
06,2023-11-25,2023-12-02,2,0.85,1170.9976806640625,683.0,mist
06,2023-11-25,2023-12-02,2,0.9,1301.913330078125,683.0,mist
06,2023-11-25,2023-12-02,2,0.95,1533.2591552734375,683.0,mist
06,2023-11-25,2023-12-02,2,0.975,1627.2393798828125,683.0,mist
06,2023-11-25,2023-12-02,2,0.99,1781.209716796875,683.0,mist
06,2023-11-25,2023-12-09,3,0.01,0.0,868.0,mist
06,2023-11-25,2023-12-09,3,0.025,123.48196411132812,868.0,mist
06,2023-11-25,2023-12-09,3,0.05,311.5638427734375,868.0,mist
06,2023-11-25,2023-12-09,3,0.1,446.2701416015625,868.0,mist
06,2023-11-25,2023-12-09,3,0.15,516.0296630859375,868.0,mist
06,2023-11-25,2023-12-09,3,0.2,571.42138671875,868.0,mist
06,2023-11-25,2023-12-09,3,0.25,670.77880859375,868.0,mist
06,2023-11-25,2023-12-09,3,0.3,691.4161987304688,868.0,mist
06,2023-11-25,2023-12-09,3,0.35,764.66357421875,868.0,mist
06,2023-11-25,2023-12-09,3,0.4,839.1145629882812,868.0,mist
06,2023-11-25,2023-12-09,3,0.45,911.8593139648438,868.0,mist
06,2023-11-25,2023-12-09,3,0.5,993.6038208007812,868.0,mist
06,2023-11-25,2023-12-09,3,0.55,1059.8372802734375,868.0,mist
06,2023-11-25,2023-12-09,3,0.6,1127.200927734375,868.0,mist
06,2023-11-25,2023-12-09,3,0.65,1201.331298828125,868.0,mist
06,2023-11-25,2023-12-09,3,0.7,1324.7618408203125,868.0,mist
06,2023-11-25,2023-12-09,3,0.75,1388.90380859375,868.0,mist
06,2023-11-25,2023-12-09,3,0.8,1567.9791259765625,868.0,mist
06,2023-11-25,2023-12-09,3,0.85,1707.8511962890625,868.0,mist
06,2023-11-25,2023-12-09,3,0.9,1864.4241943359375,868.0,mist
06,2023-11-25,2023-12-09,3,0.95,2294.50439453125,868.0,mist
06,2023-11-25,2023-12-09,3,0.975,2311.683837890625,868.0,mist
06,2023-11-25,2023-12-09,3,0.99,2412.93115234375,868.0,mist
06,2023-11-25,2023-12-16,4,0.01,0.0,1077.0,mist
06,2023-11-25,2023-12-16,4,0.025,77.6402587890625,1077.0,mist
06,2023-11-25,2023-12-16,4,0.05,331.610107421875,1077.0,mist
06,2023-11-25,2023-12-16,4,0.1,411.05181884765625,1077.0,mist
06,2023-11-25,2023-12-16,4,0.15,508.0712890625,1077.0,mist
06,2023-11-25,2023-12-16,4,0.2,587.2252197265625,1077.0,mist
06,2023-11-25,2023-12-16,4,0.25,706.1915283203125,1077.0,mist
06,2023-11-25,2023-12-16,4,0.3,814.4600830078125,1077.0,mist
06,2023-11-25,2023-12-16,4,0.35,847.9216918945312,1077.0,mist
06,2023-11-25,2023-12-16,4,0.4,1025.3619384765625,1077.0,mist
06,2023-11-25,2023-12-16,4,0.45,1060.4462890625,1077.0,mist
06,2023-11-25,2023-12-16,4,0.5,1114.9869384765625,1077.0,mist
06,2023-11-25,2023-12-16,4,0.55,1319.1033935546875,1077.0,mist
06,2023-11-25,2023-12-16,4,0.6,1460.2181396484375,1077.0,mist
06,2023-11-25,2023-12-16,4,0.65,1600.9127197265625,1077.0,mist
06,2023-11-25,2023-12-16,4,0.7,1746.7213134765625,1077.0,mist
06,2023-11-25,2023-12-16,4,0.75,1868.4261474609375,1077.0,mist
06,2023-11-25,2023-12-16,4,0.8,2138.2177734375,1077.0,mist
06,2023-11-25,2023-12-16,4,0.85,2326.61767578125,1077.0,mist
06,2023-11-25,2023-12-16,4,0.9,2429.943603515625,1077.0,mist
06,2023-11-25,2023-12-16,4,0.95,2452.652587890625,1077.0,mist
06,2023-11-25,2023-12-16,4,0.975,2742.472412109375,1077.0,mist
06,2023-11-25,2023-12-16,4,0.99,2970.62255859375,1077.0,mist
06,2023-12-02,2023-12-02,1,0.01,0.0,683.0,mist
06,2023-12-02,2023-12-02,1,0.025,142.58889770507812,683.0,mist
06,2023-12-02,2023-12-02,1,0.05,154.64352416992188,683.0,mist
06,2023-12-02,2023-12-02,1,0.1,212.36807250976562,683.0,mist
06,2023-12-02,2023-12-02,1,0.15,250.84701538085938,683.0,mist
06,2023-12-02,2023-12-02,1,0.2,284.4291076660156,683.0,mist
06,2023-12-02,2023-12-02,1,0.25,317.36669921875,683.0,mist
06,2023-12-02,2023-12-02,1,0.3,325.6524658203125,683.0,mist
06,2023-12-02,2023-12-02,1,0.35,364.51947021484375,683.0,mist
06,2023-12-02,2023-12-02,1,0.4,376.0744323730469,683.0,mist
06,2023-12-02,2023-12-02,1,0.45,381.74163818359375,683.0,mist
06,2023-12-02,2023-12-02,1,0.5,428.562744140625,683.0,mist
06,2023-12-02,2023-12-02,1,0.55,481.6320495605469,683.0,mist
06,2023-12-02,2023-12-02,1,0.6,505.2618103027344,683.0,mist
06,2023-12-02,2023-12-02,1,0.65,507.6112365722656,683.0,mist
06,2023-12-02,2023-12-02,1,0.7,521.4339599609375,683.0,mist
06,2023-12-02,2023-12-02,1,0.75,576.7049560546875,683.0,mist
06,2023-12-02,2023-12-02,1,0.8,639.3317260742188,683.0,mist
06,2023-12-02,2023-12-02,1,0.85,694.4236450195312,683.0,mist
06,2023-12-02,2023-12-02,1,0.9,739.3101806640625,683.0,mist
06,2023-12-02,2023-12-02,1,0.95,806.970703125,683.0,mist
06,2023-12-02,2023-12-02,1,0.975,934.2877197265625,683.0,mist
06,2023-12-02,2023-12-02,1,0.99,962.711669921875,683.0,mist
06,2023-12-02,2023-12-09,2,0.01,0.0,868.0,mist
06,2023-12-02,2023-12-09,2,0.025,0.0,868.0,mist
06,2023-12-02,2023-12-09,2,0.05,192.5296630859375,868.0,mist
06,2023-12-02,2023-12-09,2,0.1,319.5791015625,868.0,mist
06,2023-12-02,2023-12-09,2,0.15,327.6090087890625,868.0,mist
06,2023-12-02,2023-12-09,2,0.2,391.52191162109375,868.0,mist
06,2023-12-02,2023-12-09,2,0.25,392.9970397949219,868.0,mist
06,2023-12-02,2023-12-09,2,0.3,450.863037109375,868.0,mist
06,2023-12-02,2023-12-09,2,0.35,509.3431091308594,868.0,mist
06,2023-12-02,2023-12-09,2,0.4,521.03076171875,868.0,mist
06,2023-12-02,2023-12-09,2,0.45,551.7445068359375,868.0,mist
06,2023-12-02,2023-12-09,2,0.5,615.0213012695312,868.0,mist
06,2023-12-02,2023-12-09,2,0.55,628.6503295898438,868.0,mist
06,2023-12-02,2023-12-09,2,0.6,681.584716796875,868.0,mist
06,2023-12-02,2023-12-09,2,0.65,697.1156005859375,868.0,mist
06,2023-12-02,2023-12-09,2,0.7,743.3046875,868.0,mist
06,2023-12-02,2023-12-09,2,0.75,834.7470703125,868.0,mist
06,2023-12-02,2023-12-09,2,0.8,883.6332397460938,868.0,mist
06,2023-12-02,2023-12-09,2,0.85,940.3914184570312,868.0,mist
06,2023-12-02,2023-12-09,2,0.9,1081.4305419921875,868.0,mist
06,2023-12-02,2023-12-09,2,0.95,1254.215087890625,868.0,mist
06,2023-12-02,2023-12-09,2,0.975,1367.0615234375,868.0,mist
06,2023-12-02,2023-12-09,2,0.99,1446.366943359375,868.0,mist
06,2023-12-02,2023-12-16,3,0.01,0.0,1077.0,mist
06,2023-12-02,2023-12-16,3,0.025,60.31216049194336,1077.0,mist
06,2023-12-02,2023-12-16,3,0.05,254.447265625,1077.0,mist
06,2023-12-02,2023-12-16,3,0.1,363.0575866699219,1077.0,mist
06,2023-12-02,2023-12-16,3,0.15,413.0669860839844,1077.0,mist
06,2023-12-02,2023-12-16,3,0.2,459.2590637207031,1077.0,mist
06,2023-12-02,2023-12-16,3,0.25,519.27197265625,1077.0,mist
06,2023-12-02,2023-12-16,3,0.3,547.7327270507812,1077.0,mist
06,2023-12-02,2023-12-16,3,0.35,611.209716796875,1077.0,mist
06,2023-12-02,2023-12-16,3,0.4,670.8927612304688,1077.0,mist
06,2023-12-02,2023-12-16,3,0.45,717.8776245117188,1077.0,mist
06,2023-12-02,2023-12-16,3,0.5,788.752685546875,1077.0,mist
06,2023-12-02,2023-12-16,3,0.55,831.05029296875,1077.0,mist
06,2023-12-02,2023-12-16,3,0.6,915.8986206054688,1077.0,mist
06,2023-12-02,2023-12-16,3,0.65,951.2962646484375,1077.0,mist
06,2023-12-02,2023-12-16,3,0.7,1044.144287109375,1077.0,mist
06,2023-12-02,2023-12-16,3,0.75,1123.7265625,1077.0,mist
06,2023-12-02,2023-12-16,3,0.8,1239.268798828125,1077.0,mist
06,2023-12-02,2023-12-16,3,0.85,1393.9091796875,1077.0,mist
06,2023-12-02,2023-12-16,3,0.9,1550.2236328125,1077.0,mist
06,2023-12-02,2023-12-16,3,0.95,1860.8946533203125,1077.0,mist
06,2023-12-02,2023-12-16,3,0.975,1902.2388916015625,1077.0,mist
06,2023-12-02,2023-12-16,3,0.99,1944.0982666015625,1077.0,mist
06,2023-12-02,2023-12-23,4,0.01,0.0,1763.0,mist
06,2023-12-02,2023-12-23,4,0.025,66.50660705566406,1763.0,mist
06,2023-12-02,2023-12-23,4,0.05,220.9248504638672,1763.0,mist
06,2023-12-02,2023-12-23,4,0.1,322.07073974609375,1763.0,mist
06,2023-12-02,2023-12-23,4,0.15,391.3624267578125,1763.0,mist
06,2023-12-02,2023-12-23,4,0.2,493.51031494140625,1763.0,mist
06,2023-12-02,2023-12-23,4,0.25,550.795654296875,1763.0,mist
06,2023-12-02,2023-12-23,4,0.3,618.9735717773438,1763.0,mist
06,2023-12-02,2023-12-23,4,0.35,650.9199829101562,1763.0,mist
06,2023-12-02,2023-12-23,4,0.4,782.148681640625,1763.0,mist
06,2023-12-02,2023-12-23,4,0.45,821.1621704101562,1763.0,mist
06,2023-12-02,2023-12-23,4,0.5,896.2219848632812,1763.0,mist
06,2023-12-02,2023-12-23,4,0.55,1034.492919921875,1763.0,mist
06,2023-12-02,2023-12-23,4,0.6,1124.186279296875,1763.0,mist
06,2023-12-02,2023-12-23,4,0.65,1244.0023193359375,1763.0,mist
06,2023-12-02,2023-12-23,4,0.7,1363.786376953125,1763.0,mist
06,2023-12-02,2023-12-23,4,0.75,1463.3125,1763.0,mist
06,2023-12-02,2023-12-23,4,0.8,1713.416748046875,1763.0,mist
06,2023-12-02,2023-12-23,4,0.85,1862.96533203125,1763.0,mist
06,2023-12-02,2023-12-23,4,0.9,1938.0238037109375,1763.0,mist
06,2023-12-02,2023-12-23,4,0.95,2054.324462890625,1763.0,mist
06,2023-12-02,2023-12-23,4,0.975,2243.210693359375,1763.0,mist
06,2023-12-02,2023-12-23,4,0.99,2450.732421875,1763.0,mist
06,2023-12-09,2023-12-09,1,0.01,0.0,868.0,mist
06,2023-12-09,2023-12-09,1,0.025,138.8101043701172,868.0,mist
06,2023-12-09,2023-12-09,1,0.05,176.9220428466797,868.0,mist
06,2023-12-09,2023-12-09,1,0.1,221.56045532226562,868.0,mist
06,2023-12-09,2023-12-09,1,0.15,291.0108642578125,868.0,mist
06,2023-12-09,2023-12-09,1,0.2,329.06414794921875,868.0,mist
06,2023-12-09,2023-12-09,1,0.25,379.5640869140625,868.0,mist
06,2023-12-09,2023-12-09,1,0.3,387.41650390625,868.0,mist
06,2023-12-09,2023-12-09,1,0.35,440.7718505859375,868.0,mist
06,2023-12-09,2023-12-09,1,0.4,442.1422119140625,868.0,mist
06,2023-12-09,2023-12-09,1,0.45,443.23974609375,868.0,mist
06,2023-12-09,2023-12-09,1,0.5,529.2113037109375,868.0,mist
06,2023-12-09,2023-12-09,1,0.55,587.051513671875,868.0,mist
06,2023-12-09,2023-12-09,1,0.6,624.1275634765625,868.0,mist
06,2023-12-09,2023-12-09,1,0.65,627.1232299804688,868.0,mist
06,2023-12-09,2023-12-09,1,0.7,637.884033203125,868.0,mist
06,2023-12-09,2023-12-09,1,0.75,707.5184326171875,868.0,mist
06,2023-12-09,2023-12-09,1,0.8,816.5045166015625,868.0,mist
06,2023-12-09,2023-12-09,1,0.85,865.1367797851562,868.0,mist
06,2023-12-09,2023-12-09,1,0.9,929.6495361328125,868.0,mist
06,2023-12-09,2023-12-09,1,0.95,1003.7379760742188,868.0,mist
06,2023-12-09,2023-12-09,1,0.975,1150.210205078125,868.0,mist
06,2023-12-09,2023-12-09,1,0.99,1209.979248046875,868.0,mist
06,2023-12-09,2023-12-16,2,0.01,0.0,1077.0,mist
06,2023-12-09,2023-12-16,2,0.025,0.0,1077.0,mist
06,2023-12-09,2023-12-16,2,0.05,198.59449768066406,1077.0,mist
06,2023-12-09,2023-12-16,2,0.1,356.9832763671875,1077.0,mist
06,2023-12-09,2023-12-16,2,0.15,396.6256103515625,1077.0,mist
06,2023-12-09,2023-12-16,2,0.2,455.7705383300781,1077.0,mist
06,2023-12-09,2023-12-16,2,0.25,456.95855712890625,1077.0,mist
06,2023-12-09,2023-12-16,2,0.3,536.757080078125,1077.0,mist
06,2023-12-09,2023-12-16,2,0.35,606.0103149414062,1077.0,mist
06,2023-12-09,2023-12-16,2,0.4,631.06787109375,1077.0,mist
06,2023-12-09,2023-12-16,2,0.45,659.686767578125,1077.0,mist
06,2023-12-09,2023-12-16,2,0.5,701.173095703125,1077.0,mist
06,2023-12-09,2023-12-16,2,0.55,746.56396484375,1077.0,mist
06,2023-12-09,2023-12-16,2,0.6,816.75537109375,1077.0,mist
06,2023-12-09,2023-12-16,2,0.65,824.6466064453125,1077.0,mist
06,2023-12-09,2023-12-16,2,0.7,878.2578735351562,1077.0,mist
06,2023-12-09,2023-12-16,2,0.75,1000.2900390625,1077.0,mist
06,2023-12-09,2023-12-16,2,0.8,1057.27001953125,1077.0,mist
06,2023-12-09,2023-12-16,2,0.85,1119.26611328125,1077.0,mist
06,2023-12-09,2023-12-16,2,0.9,1309.6390380859375,1077.0,mist
06,2023-12-09,2023-12-16,2,0.95,1507.2249755859375,1077.0,mist
06,2023-12-09,2023-12-16,2,0.975,1674.4542236328125,1077.0,mist
06,2023-12-09,2023-12-16,2,0.99,1740.595947265625,1077.0,mist
06,2023-12-09,2023-12-23,3,0.01,0.0,1763.0,mist
06,2023-12-09,2023-12-23,3,0.025,21.042221069335938,1763.0,mist
06,2023-12-09,2023-12-23,3,0.05,281.65234375,1763.0,mist
06,2023-12-09,2023-12-23,3,0.1,414.9684143066406,1763.0,mist
06,2023-12-09,2023-12-23,3,0.15,472.6236877441406,1763.0,mist
06,2023-12-09,2023-12-23,3,0.2,537.0099487304688,1763.0,mist
06,2023-12-09,2023-12-23,3,0.25,587.895263671875,1763.0,mist
06,2023-12-09,2023-12-23,3,0.3,633.9989624023438,1763.0,mist
06,2023-12-09,2023-12-23,3,0.35,718.1549682617188,1763.0,mist
06,2023-12-09,2023-12-23,3,0.4,781.3348999023438,1763.0,mist
06,2023-12-09,2023-12-23,3,0.45,822.7608642578125,1763.0,mist
06,2023-12-09,2023-12-23,3,0.5,909.8757934570312,1763.0,mist
06,2023-12-09,2023-12-23,3,0.55,962.345458984375,1763.0,mist
06,2023-12-09,2023-12-23,3,0.6,1077.0345458984375,1763.0,mist
06,2023-12-09,2023-12-23,3,0.65,1107.127197265625,1763.0,mist
06,2023-12-09,2023-12-23,3,0.7,1217.728515625,1763.0,mist
06,2023-12-09,2023-12-23,3,0.75,1335.457763671875,1763.0,mist
06,2023-12-09,2023-12-23,3,0.8,1461.9644775390625,1763.0,mist
06,2023-12-09,2023-12-23,3,0.85,1677.5643310546875,1763.0,mist
06,2023-12-09,2023-12-23,3,0.9,1884.6243896484375,1763.0,mist
06,2023-12-09,2023-12-23,3,0.95,2222.631591796875,1763.0,mist
06,2023-12-09,2023-12-23,3,0.975,2300.8857421875,1763.0,mist
06,2023-12-09,2023-12-23,3,0.99,2343.19091796875,1763.0,mist
06,2023-12-09,2023-12-30,4,0.01,0.0,1810.0,mist
06,2023-12-09,2023-12-30,4,0.025,52.893943786621094,1810.0,mist
06,2023-12-09,2023-12-30,4,0.05,205.71548461914062,1810.0,mist
06,2023-12-09,2023-12-30,4,0.1,355.4739990234375,1810.0,mist
06,2023-12-09,2023-12-30,4,0.15,439.2641296386719,1810.0,mist
06,2023-12-09,2023-12-30,4,0.2,585.5040283203125,1810.0,mist
06,2023-12-09,2023-12-30,4,0.25,615.668212890625,1810.0,mist
06,2023-12-09,2023-12-30,4,0.3,694.8536987304688,1810.0,mist
06,2023-12-09,2023-12-30,4,0.35,752.4442138671875,1810.0,mist
06,2023-12-09,2023-12-30,4,0.4,897.7470092773438,1810.0,mist
06,2023-12-09,2023-12-30,4,0.45,949.7062377929688,1810.0,mist
06,2023-12-09,2023-12-30,4,0.5,1060.512451171875,1810.0,mist
06,2023-12-09,2023-12-30,4,0.55,1203.6357421875,1810.0,mist
06,2023-12-09,2023-12-30,4,0.6,1301.3792724609375,1810.0,mist
06,2023-12-09,2023-12-30,4,0.65,1445.402587890625,1810.0,mist
06,2023-12-09,2023-12-30,4,0.7,1592.590087890625,1810.0,mist
06,2023-12-09,2023-12-30,4,0.75,1718.7147216796875,1810.0,mist
06,2023-12-09,2023-12-30,4,0.8,2037.5184326171875,1810.0,mist
06,2023-12-09,2023-12-30,4,0.85,2207.501953125,1810.0,mist
06,2023-12-09,2023-12-30,4,0.9,2309.887939453125,1810.0,mist
06,2023-12-09,2023-12-30,4,0.95,2522.705078125,1810.0,mist
06,2023-12-09,2023-12-30,4,0.975,2711.214599609375,1810.0,mist
06,2023-12-09,2023-12-30,4,0.99,2996.986083984375,1810.0,mist
06,2023-12-16,2023-12-16,1,0.01,0.0,1077.0,mist
06,2023-12-16,2023-12-16,1,0.025,55.45854187011719,1077.0,mist
06,2023-12-16,2023-12-16,1,0.05,120.90675354003906,1077.0,mist
06,2023-12-16,2023-12-16,1,0.1,122.3401870727539,1077.0,mist
06,2023-12-16,2023-12-16,1,0.15,240.162841796875,1077.0,mist
06,2023-12-16,2023-12-16,1,0.2,255.23336791992188,1077.0,mist
06,2023-12-16,2023-12-16,1,0.25,320.6006774902344,1077.0,mist
06,2023-12-16,2023-12-16,1,0.3,331.6177673339844,1077.0,mist
06,2023-12-16,2023-12-16,1,0.35,368.12054443359375,1077.0,mist
06,2023-12-16,2023-12-16,1,0.4,370.93450927734375,1077.0,mist
06,2023-12-16,2023-12-16,1,0.45,380.549560546875,1077.0,mist
06,2023-12-16,2023-12-16,1,0.5,501.32073974609375,1077.0,mist
06,2023-12-16,2023-12-16,1,0.55,547.2654418945312,1077.0,mist
06,2023-12-16,2023-12-16,1,0.6,574.1009521484375,1077.0,mist
06,2023-12-16,2023-12-16,1,0.65,587.498046875,1077.0,mist
06,2023-12-16,2023-12-16,1,0.7,604.4962768554688,1077.0,mist
06,2023-12-16,2023-12-16,1,0.75,676.7421875,1077.0,mist
06,2023-12-16,2023-12-16,1,0.8,820.8330688476562,1077.0,mist
06,2023-12-16,2023-12-16,1,0.85,835.9947509765625,1077.0,mist
06,2023-12-16,2023-12-16,1,0.9,911.2276611328125,1077.0,mist
06,2023-12-16,2023-12-16,1,0.95,964.7822265625,1077.0,mist
06,2023-12-16,2023-12-16,1,0.975,1094.05224609375,1077.0,mist
06,2023-12-16,2023-12-16,1,0.99,1192.383544921875,1077.0,mist
06,2023-12-16,2023-12-23,2,0.01,0.0,1763.0,mist
06,2023-12-16,2023-12-23,2,0.025,0.0,1763.0,mist
06,2023-12-16,2023-12-23,2,0.05,95.15489959716797,1763.0,mist
06,2023-12-16,2023-12-23,2,0.1,252.99588012695312,1763.0,mist
06,2023-12-16,2023-12-23,2,0.15,330.80828857421875,1763.0,mist
06,2023-12-16,2023-12-23,2,0.2,344.8720703125,1763.0,mist
06,2023-12-16,2023-12-23,2,0.25,356.1436767578125,1763.0,mist
06,2023-12-16,2023-12-23,2,0.3,451.29412841796875,1763.0,mist
06,2023-12-16,2023-12-23,2,0.35,506.8233337402344,1763.0,mist
06,2023-12-16,2023-12-23,2,0.4,530.466552734375,1763.0,mist
06,2023-12-16,2023-12-23,2,0.45,547.2498168945312,1763.0,mist
06,2023-12-16,2023-12-23,2,0.5,566.37255859375,1763.0,mist
06,2023-12-16,2023-12-23,2,0.55,629.0018310546875,1763.0,mist
06,2023-12-16,2023-12-23,2,0.6,686.4219970703125,1763.0,mist
06,2023-12-16,2023-12-23,2,0.65,701.410888671875,1763.0,mist
06,2023-12-16,2023-12-23,2,0.7,718.470458984375,1763.0,mist
06,2023-12-16,2023-12-23,2,0.75,848.5615234375,1763.0,mist
06,2023-12-16,2023-12-23,2,0.8,901.2926025390625,1763.0,mist
06,2023-12-16,2023-12-23,2,0.85,941.6183471679688,1763.0,mist
06,2023-12-16,2023-12-23,2,0.9,1162.5587158203125,1763.0,mist
06,2023-12-16,2023-12-23,2,0.95,1316.29345703125,1763.0,mist
06,2023-12-16,2023-12-23,2,0.975,1515.095947265625,1763.0,mist
06,2023-12-16,2023-12-23,2,0.99,1546.01953125,1763.0,mist
06,2023-12-16,2023-12-30,3,0.01,0.0,1810.0,mist
06,2023-12-16,2023-12-30,3,0.025,0.0,1810.0,mist
06,2023-12-16,2023-12-30,3,0.05,184.33071899414062,1810.0,mist
06,2023-12-16,2023-12-30,3,0.1,288.5788269042969,1810.0,mist
06,2023-12-16,2023-12-30,3,0.15,348.10260009765625,1810.0,mist
06,2023-12-16,2023-12-30,3,0.2,421.69049072265625,1810.0,mist
06,2023-12-16,2023-12-30,3,0.25,423.10626220703125,1810.0,mist
06,2023-12-16,2023-12-30,3,0.3,493.7872314453125,1810.0,mist
06,2023-12-16,2023-12-30,3,0.35,568.582275390625,1810.0,mist
06,2023-12-16,2023-12-30,3,0.4,609.9685668945312,1810.0,mist
06,2023-12-16,2023-12-30,3,0.45,628.77294921875,1810.0,mist
06,2023-12-16,2023-12-30,3,0.5,702.4767456054688,1810.0,mist
06,2023-12-16,2023-12-30,3,0.55,739.6543579101562,1810.0,mist
06,2023-12-16,2023-12-30,3,0.6,871.248046875,1810.0,mist
06,2023-12-16,2023-12-30,3,0.65,877.056640625,1810.0,mist
06,2023-12-16,2023-12-30,3,0.7,954.2730102539062,1810.0,mist
06,2023-12-16,2023-12-30,3,0.75,1125.7431640625,1810.0,mist
06,2023-12-16,2023-12-30,3,0.8,1182.929443359375,1810.0,mist
06,2023-12-16,2023-12-30,3,0.85,1444.3729248046875,1810.0,mist
06,2023-12-16,2023-12-30,3,0.9,1684.3150634765625,1810.0,mist
06,2023-12-16,2023-12-30,3,0.95,1895.0928955078125,1810.0,mist
06,2023-12-16,2023-12-30,3,0.975,2033.2191162109375,1810.0,mist
06,2023-12-16,2023-12-30,3,0.99,2059.23486328125,1810.0,mist
06,2023-12-16,2024-01-06,4,0.01,0.0,1470.0,mist
06,2023-12-16,2024-01-06,4,0.025,0.0,1470.0,mist
06,2023-12-16,2024-01-06,4,0.05,42.76399230957031,1470.0,mist
06,2023-12-16,2024-01-06,4,0.1,248.44931030273438,1470.0,mist
06,2023-12-16,2024-01-06,4,0.15,307.9541931152344,1470.0,mist
06,2023-12-16,2024-01-06,4,0.2,445.4947814941406,1470.0,mist
06,2023-12-16,2024-01-06,4,0.25,469.8639221191406,1470.0,mist
06,2023-12-16,2024-01-06,4,0.3,492.26531982421875,1470.0,mist
06,2023-12-16,2024-01-06,4,0.35,568.2559814453125,1470.0,mist
06,2023-12-16,2024-01-06,4,0.4,657.779296875,1470.0,mist
06,2023-12-16,2024-01-06,4,0.45,730.3306884765625,1470.0,mist
06,2023-12-16,2024-01-06,4,0.5,884.3748779296875,1470.0,mist
06,2023-12-16,2024-01-06,4,0.55,946.5787963867188,1470.0,mist
06,2023-12-16,2024-01-06,4,0.6,1005.7838745117188,1470.0,mist
06,2023-12-16,2024-01-06,4,0.65,1119.2652587890625,1470.0,mist
06,2023-12-16,2024-01-06,4,0.7,1254.30419921875,1470.0,mist
06,2023-12-16,2024-01-06,4,0.75,1367.817138671875,1470.0,mist
06,2023-12-16,2024-01-06,4,0.8,1689.7276611328125,1470.0,mist
06,2023-12-16,2024-01-06,4,0.85,1832.170166015625,1470.0,mist
06,2023-12-16,2024-01-06,4,0.9,1952.5196533203125,1470.0,mist
06,2023-12-16,2024-01-06,4,0.95,2318.98876953125,1470.0,mist
06,2023-12-16,2024-01-06,4,0.975,2377.88720703125,1470.0,mist
06,2023-12-16,2024-01-06,4,0.99,2718.3583984375,1470.0,mist
06,2023-12-23,2023-12-23,1,0.01,0.0,1763.0,mist
06,2023-12-23,2023-12-23,1,0.025,59.92430114746094,1763.0,mist
06,2023-12-23,2023-12-23,1,0.05,136.93804931640625,1763.0,mist
06,2023-12-23,2023-12-23,1,0.1,152.12835693359375,1763.0,mist
06,2023-12-23,2023-12-23,1,0.15,286.1464538574219,1763.0,mist
06,2023-12-23,2023-12-23,1,0.2,302.131591796875,1763.0,mist
06,2023-12-23,2023-12-23,1,0.25,374.10150146484375,1763.0,mist
06,2023-12-23,2023-12-23,1,0.3,388.9927062988281,1763.0,mist
06,2023-12-23,2023-12-23,1,0.35,420.3646545410156,1763.0,mist
06,2023-12-23,2023-12-23,1,0.4,436.1717529296875,1763.0,mist
06,2023-12-23,2023-12-23,1,0.45,440.57989501953125,1763.0,mist
06,2023-12-23,2023-12-23,1,0.5,593.2205810546875,1763.0,mist
06,2023-12-23,2023-12-23,1,0.55,644.5589599609375,1763.0,mist
06,2023-12-23,2023-12-23,1,0.6,682.8818969726562,1763.0,mist
06,2023-12-23,2023-12-23,1,0.65,692.7286376953125,1763.0,mist
06,2023-12-23,2023-12-23,1,0.7,716.1550903320312,1763.0,mist
06,2023-12-23,2023-12-23,1,0.75,800.8584594726562,1763.0,mist
06,2023-12-23,2023-12-23,1,0.8,977.4762573242188,1763.0,mist
06,2023-12-23,2023-12-23,1,0.85,982.4113159179688,1763.0,mist
06,2023-12-23,2023-12-23,1,0.9,1077.087646484375,1763.0,mist
06,2023-12-23,2023-12-23,1,0.95,1131.4447021484375,1763.0,mist
06,2023-12-23,2023-12-23,1,0.975,1273.890869140625,1763.0,mist
06,2023-12-23,2023-12-23,1,0.99,1390.86181640625,1763.0,mist
06,2023-12-23,2023-12-30,2,0.01,0.0,1810.0,mist
06,2023-12-23,2023-12-30,2,0.025,0.0,1810.0,mist
06,2023-12-23,2023-12-30,2,0.05,96.74354553222656,1810.0,mist
06,2023-12-23,2023-12-30,2,0.1,280.71673583984375,1810.0,mist
06,2023-12-23,2023-12-30,2,0.15,387.2684326171875,1810.0,mist
06,2023-12-23,2023-12-30,2,0.2,387.3477783203125,1810.0,mist
06,2023-12-23,2023-12-30,2,0.25,403.66241455078125,1810.0,mist
06,2023-12-23,2023-12-30,2,0.3,515.4684448242188,1810.0,mist
06,2023-12-23,2023-12-30,2,0.35,575.75,1810.0,mist
06,2023-12-23,2023-12-30,2,0.4,587.9240112304688,1810.0,mist
06,2023-12-23,2023-12-30,2,0.45,643.9758911132812,1810.0,mist
06,2023-12-23,2023-12-30,2,0.5,647.7586669921875,1810.0,mist
06,2023-12-23,2023-12-30,2,0.55,720.3868408203125,1810.0,mist
06,2023-12-23,2023-12-30,2,0.6,773.0968017578125,1810.0,mist
06,2023-12-23,2023-12-30,2,0.65,805.8330078125,1810.0,mist
06,2023-12-23,2023-12-30,2,0.7,808.4180908203125,1810.0,mist
06,2023-12-23,2023-12-30,2,0.75,965.2881469726562,1810.0,mist
06,2023-12-23,2023-12-30,2,0.8,1016.1882934570312,1810.0,mist
06,2023-12-23,2023-12-30,2,0.85,1053.481689453125,1810.0,mist
06,2023-12-23,2023-12-30,2,0.9,1320.5523681640625,1810.0,mist
06,2023-12-23,2023-12-30,2,0.95,1480.578369140625,1810.0,mist
06,2023-12-23,2023-12-30,2,0.975,1711.122802734375,1810.0,mist
06,2023-12-23,2023-12-30,2,0.99,1788.5404052734375,1810.0,mist
06,2023-12-23,2024-01-06,3,0.01,0.0,1470.0,mist
06,2023-12-23,2024-01-06,3,0.025,0.0,1470.0,mist
06,2023-12-23,2024-01-06,3,0.05,204.97962951660156,1470.0,mist
06,2023-12-23,2024-01-06,3,0.1,326.207275390625,1470.0,mist
06,2023-12-23,2024-01-06,3,0.15,391.5743103027344,1470.0,mist
06,2023-12-23,2024-01-06,3,0.2,466.10406494140625,1470.0,mist
06,2023-12-23,2024-01-06,3,0.25,470.8414001464844,1470.0,mist
06,2023-12-23,2024-01-06,3,0.3,554.9848022460938,1470.0,mist
06,2023-12-23,2024-01-06,3,0.35,635.7823486328125,1470.0,mist
06,2023-12-23,2024-01-06,3,0.4,679.246826171875,1470.0,mist
06,2023-12-23,2024-01-06,3,0.45,691.6221923828125,1470.0,mist
06,2023-12-23,2024-01-06,3,0.5,782.8272094726562,1470.0,mist
06,2023-12-23,2024-01-06,3,0.55,816.80224609375,1470.0,mist
06,2023-12-23,2024-01-06,3,0.6,966.0685424804688,1470.0,mist
06,2023-12-23,2024-01-06,3,0.65,978.34765625,1470.0,mist
06,2023-12-23,2024-01-06,3,0.7,1055.183837890625,1470.0,mist
06,2023-12-23,2024-01-06,3,0.75,1263.8338623046875,1470.0,mist
06,2023-12-23,2024-01-06,3,0.8,1303.3330078125,1470.0,mist
06,2023-12-23,2024-01-06,3,0.85,1623.99609375,1470.0,mist
06,2023-12-23,2024-01-06,3,0.9,1917.0460205078125,1470.0,mist
06,2023-12-23,2024-01-06,3,0.95,2116.61181640625,1470.0,mist
06,2023-12-23,2024-01-06,3,0.975,2298.87548828125,1470.0,mist
06,2023-12-23,2024-01-06,3,0.99,2316.3564453125,1470.0,mist
06,2023-12-23,2024-01-13,4,0.01,0.0,1075.0,mist
06,2023-12-23,2024-01-13,4,0.025,0.0,1075.0,mist
06,2023-12-23,2024-01-13,4,0.05,12.000625610351562,1075.0,mist
06,2023-12-23,2024-01-13,4,0.1,267.695068359375,1075.0,mist
06,2023-12-23,2024-01-13,4,0.15,341.7532043457031,1075.0,mist
06,2023-12-23,2024-01-13,4,0.2,476.9377136230469,1075.0,mist
06,2023-12-23,2024-01-13,4,0.25,532.9163208007812,1075.0,mist
06,2023-12-23,2024-01-13,4,0.3,534.94970703125,1075.0,mist
06,2023-12-23,2024-01-13,4,0.35,624.005615234375,1075.0,mist
06,2023-12-23,2024-01-13,4,0.4,718.6475830078125,1075.0,mist
06,2023-12-23,2024-01-13,4,0.45,797.0771484375,1075.0,mist
06,2023-12-23,2024-01-13,4,0.5,987.3543090820312,1075.0,mist
06,2023-12-23,2024-01-13,4,0.55,1039.924072265625,1075.0,mist
06,2023-12-23,2024-01-13,4,0.6,1101.588623046875,1075.0,mist
06,2023-12-23,2024-01-13,4,0.65,1230.403564453125,1075.0,mist
06,2023-12-23,2024-01-13,4,0.7,1380.6453857421875,1075.0,mist
06,2023-12-23,2024-01-13,4,0.75,1504.285888671875,1075.0,mist
06,2023-12-23,2024-01-13,4,0.8,1882.5279541015625,1075.0,mist
06,2023-12-23,2024-01-13,4,0.85,2022.1700439453125,1075.0,mist
06,2023-12-23,2024-01-13,4,0.9,2171.57470703125,1075.0,mist
06,2023-12-23,2024-01-13,4,0.95,2660.29345703125,1075.0,mist
06,2023-12-23,2024-01-13,4,0.975,2682.192626953125,1075.0,mist
06,2023-12-23,2024-01-13,4,0.99,3100.109619140625,1075.0,mist
06,2023-12-30,2023-12-30,1,0.01,0.0,1810.0,mist
06,2023-12-30,2023-12-30,1,0.025,0.0,1810.0,mist
06,2023-12-30,2023-12-30,1,0.05,98.19488525390625,1810.0,mist
06,2023-12-30,2023-12-30,1,0.1,123.91377258300781,1810.0,mist
06,2023-12-30,2023-12-30,1,0.15,293.7207946777344,1810.0,mist
06,2023-12-30,2023-12-30,1,0.2,325.5749206542969,1810.0,mist
06,2023-12-30,2023-12-30,1,0.25,448.1614685058594,1810.0,mist
06,2023-12-30,2023-12-30,1,0.3,463.31988525390625,1810.0,mist
06,2023-12-30,2023-12-30,1,0.35,521.5706787109375,1810.0,mist
06,2023-12-30,2023-12-30,1,0.4,524.0202026367188,1810.0,mist
06,2023-12-30,2023-12-30,1,0.45,553.1295166015625,1810.0,mist
06,2023-12-30,2023-12-30,1,0.5,772.173095703125,1810.0,mist
06,2023-12-30,2023-12-30,1,0.55,832.223876953125,1810.0,mist
06,2023-12-30,2023-12-30,1,0.6,864.87451171875,1810.0,mist
06,2023-12-30,2023-12-30,1,0.65,902.56201171875,1810.0,mist
06,2023-12-30,2023-12-30,1,0.7,956.645751953125,1810.0,mist
06,2023-12-30,2023-12-30,1,0.75,1083.57763671875,1810.0,mist
06,2023-12-30,2023-12-30,1,0.8,1319.4638671875,1810.0,mist
06,2023-12-30,2023-12-30,1,0.85,1337.790771484375,1810.0,mist
06,2023-12-30,2023-12-30,1,0.9,1475.544677734375,1810.0,mist
06,2023-12-30,2023-12-30,1,0.95,1580.885498046875,1810.0,mist
06,2023-12-30,2023-12-30,1,0.975,1811.309814453125,1810.0,mist
06,2023-12-30,2023-12-30,1,0.99,1957.2044677734375,1810.0,mist
06,2023-12-30,2024-01-06,2,0.01,0.0,1470.0,mist
06,2023-12-30,2024-01-06,2,0.025,0.0,1470.0,mist
06,2023-12-30,2024-01-06,2,0.05,37.18646240234375,1470.0,mist
06,2023-12-30,2024-01-06,2,0.1,295.9308166503906,1470.0,mist
06,2023-12-30,2024-01-06,2,0.15,433.62005615234375,1470.0,mist
06,2023-12-30,2024-01-06,2,0.2,445.5081787109375,1470.0,mist
06,2023-12-30,2024-01-06,2,0.25,451.95172119140625,1470.0,mist
06,2023-12-30,2024-01-06,2,0.3,642.593505859375,1470.0,mist
06,2023-12-30,2024-01-06,2,0.35,714.086181640625,1470.0,mist
06,2023-12-30,2024-01-06,2,0.4,739.1572265625,1470.0,mist
06,2023-12-30,2024-01-06,2,0.45,799.15283203125,1470.0,mist
06,2023-12-30,2024-01-06,2,0.5,825.2674560546875,1470.0,mist
06,2023-12-30,2024-01-06,2,0.55,906.74658203125,1470.0,mist
06,2023-12-30,2024-01-06,2,0.6,997.5892333984375,1470.0,mist
06,2023-12-30,2024-01-06,2,0.65,1042.432373046875,1470.0,mist
06,2023-12-30,2024-01-06,2,0.7,1055.98876953125,1470.0,mist
06,2023-12-30,2024-01-06,2,0.75,1267.5584716796875,1470.0,mist
06,2023-12-30,2024-01-06,2,0.8,1348.2674560546875,1470.0,mist
06,2023-12-30,2024-01-06,2,0.85,1399.1304931640625,1470.0,mist
06,2023-12-30,2024-01-06,2,0.9,1785.656005859375,1470.0,mist
06,2023-12-30,2024-01-06,2,0.95,2008.11474609375,1470.0,mist
06,2023-12-30,2024-01-06,2,0.975,2363.955078125,1470.0,mist
06,2023-12-30,2024-01-06,2,0.99,2509.190185546875,1470.0,mist
06,2023-12-30,2024-01-13,3,0.01,0.0,1075.0,mist
06,2023-12-30,2024-01-13,3,0.025,0.0,1075.0,mist
06,2023-12-30,2024-01-13,3,0.05,177.15809631347656,1075.0,mist
06,2023-12-30,2024-01-13,3,0.1,323.6317443847656,1075.0,mist
06,2023-12-30,2024-01-13,3,0.15,450.487548828125,1075.0,mist
06,2023-12-30,2024-01-13,3,0.2,557.1289672851562,1075.0,mist
06,2023-12-30,2024-01-13,3,0.25,567.4697875976562,1075.0,mist
06,2023-12-30,2024-01-13,3,0.3,684.4652099609375,1075.0,mist
06,2023-12-30,2024-01-13,3,0.35,795.5712890625,1075.0,mist
06,2023-12-30,2024-01-13,3,0.4,845.16259765625,1075.0,mist
06,2023-12-30,2024-01-13,3,0.45,860.96044921875,1075.0,mist
06,2023-12-30,2024-01-13,3,0.5,985.3650512695312,1075.0,mist
06,2023-12-30,2024-01-13,3,0.55,1026.7860107421875,1075.0,mist
06,2023-12-30,2024-01-13,3,0.6,1238.1470947265625,1075.0,mist
06,2023-12-30,2024-01-13,3,0.65,1255.525146484375,1075.0,mist
06,2023-12-30,2024-01-13,3,0.7,1362.578369140625,1075.0,mist
06,2023-12-30,2024-01-13,3,0.75,1676.663818359375,1075.0,mist
06,2023-12-30,2024-01-13,3,0.8,1714.0587158203125,1075.0,mist
06,2023-12-30,2024-01-13,3,0.85,2180.38232421875,1075.0,mist
06,2023-12-30,2024-01-13,3,0.9,2625.012451171875,1075.0,mist
06,2023-12-30,2024-01-13,3,0.95,2876.623779296875,1075.0,mist
06,2023-12-30,2024-01-13,3,0.975,3149.64794921875,1075.0,mist
06,2023-12-30,2024-01-13,3,0.99,3245.676025390625,1075.0,mist
06,2023-12-30,2024-01-20,4,0.01,0.0,1096.0,mist
06,2023-12-30,2024-01-20,4,0.025,0.0,1096.0,mist
06,2023-12-30,2024-01-20,4,0.05,0.0,1096.0,mist
06,2023-12-30,2024-01-20,4,0.1,289.0945739746094,1096.0,mist
06,2023-12-30,2024-01-20,4,0.15,383.5640563964844,1096.0,mist
06,2023-12-30,2024-01-20,4,0.2,562.6328735351562,1096.0,mist
06,2023-12-30,2024-01-20,4,0.25,635.8687744140625,1096.0,mist
06,2023-12-30,2024-01-20,4,0.3,640.91748046875,1096.0,mist
06,2023-12-30,2024-01-20,4,0.35,781.7808837890625,1096.0,mist
06,2023-12-30,2024-01-20,4,0.4,886.4927978515625,1096.0,mist
06,2023-12-30,2024-01-20,4,0.45,1018.0511474609375,1096.0,mist
06,2023-12-30,2024-01-20,4,0.5,1293.9716796875,1096.0,mist
06,2023-12-30,2024-01-20,4,0.55,1341.8507080078125,1096.0,mist
06,2023-12-30,2024-01-20,4,0.6,1438.168701171875,1096.0,mist
06,2023-12-30,2024-01-20,4,0.65,1591.3919677734375,1096.0,mist
06,2023-12-30,2024-01-20,4,0.7,1800.451416015625,1096.0,mist
06,2023-12-30,2024-01-20,4,0.75,1968.7509765625,1096.0,mist
06,2023-12-30,2024-01-20,4,0.8,2522.237060546875,1096.0,mist
06,2023-12-30,2024-01-20,4,0.85,2710.725830078125,1096.0,mist
06,2023-12-30,2024-01-20,4,0.9,2967.751953125,1096.0,mist
06,2023-12-30,2024-01-20,4,0.95,3683.5595703125,1096.0,mist
06,2023-12-30,2024-01-20,4,0.975,3705.905029296875,1096.0,mist
06,2023-12-30,2024-01-20,4,0.99,4340.7646484375,1096.0,mist
06,2024-01-06,2024-01-06,1,0.01,0.0,1470.0,mist
06,2024-01-06,2024-01-06,1,0.025,0.0,1470.0,mist
06,2024-01-06,2024-01-06,1,0.05,98.81549072265625,1470.0,mist
06,2024-01-06,2024-01-06,1,0.1,110.66546630859375,1470.0,mist
06,2024-01-06,2024-01-06,1,0.15,281.7889099121094,1470.0,mist
06,2024-01-06,2024-01-06,1,0.2,323.890625,1470.0,mist
06,2024-01-06,2024-01-06,1,0.25,436.5888671875,1470.0,mist
06,2024-01-06,2024-01-06,1,0.3,457.08074951171875,1470.0,mist
06,2024-01-06,2024-01-06,1,0.35,517.1942138671875,1470.0,mist
06,2024-01-06,2024-01-06,1,0.4,529.9111328125,1470.0,mist
06,2024-01-06,2024-01-06,1,0.45,530.6021118164062,1470.0,mist
06,2024-01-06,2024-01-06,1,0.5,792.3385009765625,1470.0,mist
06,2024-01-06,2024-01-06,1,0.55,840.7896728515625,1470.0,mist
06,2024-01-06,2024-01-06,1,0.6,896.850341796875,1470.0,mist
06,2024-01-06,2024-01-06,1,0.65,934.8551025390625,1470.0,mist
06,2024-01-06,2024-01-06,1,0.7,983.5745849609375,1470.0,mist
06,2024-01-06,2024-01-06,1,0.75,1123.5025634765625,1470.0,mist
06,2024-01-06,2024-01-06,1,0.8,1358.5419921875,1470.0,mist
06,2024-01-06,2024-01-06,1,0.85,1360.0166015625,1470.0,mist
06,2024-01-06,2024-01-06,1,0.9,1534.4755859375,1470.0,mist
06,2024-01-06,2024-01-06,1,0.95,1645.93115234375,1470.0,mist
06,2024-01-06,2024-01-06,1,0.975,1894.2060546875,1470.0,mist
06,2024-01-06,2024-01-06,1,0.99,1998.406494140625,1470.0,mist
06,2024-01-06,2024-01-13,2,0.01,0.0,1075.0,mist
06,2024-01-06,2024-01-13,2,0.025,0.0,1075.0,mist
06,2024-01-06,2024-01-13,2,0.05,0.0,1075.0,mist
06,2024-01-06,2024-01-13,2,0.1,259.11865234375,1075.0,mist
06,2024-01-06,2024-01-13,2,0.15,403.265380859375,1075.0,mist
06,2024-01-06,2024-01-13,2,0.2,405.71514892578125,1075.0,mist
06,2024-01-06,2024-01-13,2,0.25,417.43853759765625,1075.0,mist
06,2024-01-06,2024-01-13,2,0.3,608.4376831054688,1075.0,mist
06,2024-01-06,2024-01-13,2,0.35,671.885986328125,1075.0,mist
06,2024-01-06,2024-01-13,2,0.4,680.4930419921875,1075.0,mist
06,2024-01-06,2024-01-13,2,0.45,791.7703857421875,1075.0,mist
06,2024-01-06,2024-01-13,2,0.5,803.121337890625,1075.0,mist
06,2024-01-06,2024-01-13,2,0.55,872.5391235351562,1075.0,mist
06,2024-01-06,2024-01-13,2,0.6,937.919677734375,1075.0,mist
06,2024-01-06,2024-01-13,2,0.65,991.9727783203125,1075.0,mist
06,2024-01-06,2024-01-13,2,0.7,1034.10205078125,1075.0,mist
06,2024-01-06,2024-01-13,2,0.75,1220.099365234375,1075.0,mist
06,2024-01-06,2024-01-13,2,0.8,1273.32568359375,1075.0,mist
06,2024-01-06,2024-01-13,2,0.85,1329.3905029296875,1075.0,mist
06,2024-01-06,2024-01-13,2,0.9,1732.0701904296875,1075.0,mist
06,2024-01-06,2024-01-13,2,0.95,1921.827880859375,1075.0,mist
06,2024-01-06,2024-01-13,2,0.975,2290.70166015625,1075.0,mist
06,2024-01-06,2024-01-13,2,0.99,2565.771728515625,1075.0,mist
06,2024-01-06,2024-01-20,3,0.01,0.0,1096.0,mist
06,2024-01-06,2024-01-20,3,0.025,0.0,1096.0,mist
06,2024-01-06,2024-01-20,3,0.05,129.65805053710938,1096.0,mist
06,2024-01-06,2024-01-20,3,0.1,276.3980407714844,1096.0,mist
06,2024-01-06,2024-01-20,3,0.15,412.3625183105469,1096.0,mist
06,2024-01-06,2024-01-20,3,0.2,496.9800720214844,1096.0,mist
06,2024-01-06,2024-01-20,3,0.25,506.64404296875,1096.0,mist
06,2024-01-06,2024-01-20,3,0.3,638.878662109375,1096.0,mist
06,2024-01-06,2024-01-20,3,0.35,727.0148315429688,1096.0,mist
06,2024-01-06,2024-01-20,3,0.4,768.796630859375,1096.0,mist
06,2024-01-06,2024-01-20,3,0.45,775.5349731445312,1096.0,mist
06,2024-01-06,2024-01-20,3,0.5,909.4749755859375,1096.0,mist
06,2024-01-06,2024-01-20,3,0.55,926.59521484375,1096.0,mist
06,2024-01-06,2024-01-20,3,0.6,1126.798095703125,1096.0,mist
06,2024-01-06,2024-01-20,3,0.65,1175.780029296875,1096.0,mist
06,2024-01-06,2024-01-20,3,0.7,1246.335205078125,1096.0,mist
06,2024-01-06,2024-01-20,3,0.75,1556.5045166015625,1096.0,mist
06,2024-01-06,2024-01-20,3,0.8,1583.354736328125,1096.0,mist
06,2024-01-06,2024-01-20,3,0.85,2057.55078125,1096.0,mist
06,2024-01-06,2024-01-20,3,0.9,2553.677490234375,1096.0,mist
06,2024-01-06,2024-01-20,3,0.95,2703.485595703125,1096.0,mist
06,2024-01-06,2024-01-20,3,0.975,3034.147216796875,1096.0,mist
06,2024-01-06,2024-01-20,3,0.99,3136.85888671875,1096.0,mist
06,2024-01-06,2024-01-27,4,0.01,0.0,732.0,mist
06,2024-01-06,2024-01-27,4,0.025,0.0,732.0,mist
06,2024-01-06,2024-01-27,4,0.05,0.0,732.0,mist
06,2024-01-06,2024-01-27,4,0.1,217.53750610351562,732.0,mist
06,2024-01-06,2024-01-27,4,0.15,341.6049499511719,732.0,mist
06,2024-01-06,2024-01-27,4,0.2,466.6251220703125,732.0,mist
06,2024-01-06,2024-01-27,4,0.25,564.724365234375,732.0,mist
06,2024-01-06,2024-01-27,4,0.3,575.08935546875,732.0,mist
06,2024-01-06,2024-01-27,4,0.35,697.639404296875,732.0,mist
06,2024-01-06,2024-01-27,4,0.4,783.2564697265625,732.0,mist
06,2024-01-06,2024-01-27,4,0.45,896.0322265625,732.0,mist
06,2024-01-06,2024-01-27,4,0.5,1199.072509765625,732.0,mist
06,2024-01-06,2024-01-27,4,0.55,1199.76611328125,732.0,mist
06,2024-01-06,2024-01-27,4,0.6,1292.87255859375,732.0,mist
06,2024-01-06,2024-01-27,4,0.65,1440.4000244140625,732.0,mist
06,2024-01-06,2024-01-27,4,0.7,1636.926025390625,732.0,mist
06,2024-01-06,2024-01-27,4,0.75,1787.840087890625,732.0,mist
06,2024-01-06,2024-01-27,4,0.8,2350.56298828125,732.0,mist
06,2024-01-06,2024-01-27,4,0.85,2470.547119140625,732.0,mist
06,2024-01-06,2024-01-27,4,0.9,2775.20458984375,732.0,mist
06,2024-01-06,2024-01-27,4,0.95,3538.29443359375,732.0,mist
06,2024-01-06,2024-01-27,4,0.975,3699.33935546875,732.0,mist
06,2024-01-06,2024-01-27,4,0.99,4308.66748046875,732.0,mist
06,2024-01-13,2024-01-13,1,0.01,0.0,1075.0,mist
06,2024-01-13,2024-01-13,1,0.025,179.9395751953125,1075.0,mist
06,2024-01-13,2024-01-13,1,0.05,236.24969482421875,1075.0,mist
06,2024-01-13,2024-01-13,1,0.1,242.04531860351562,1075.0,mist
06,2024-01-13,2024-01-13,1,0.15,313.49713134765625,1075.0,mist
06,2024-01-13,2024-01-13,1,0.2,328.70892333984375,1075.0,mist
06,2024-01-13,2024-01-13,1,0.25,335.2469177246094,1075.0,mist
06,2024-01-13,2024-01-13,1,0.3,370.0821533203125,1075.0,mist
06,2024-01-13,2024-01-13,1,0.35,413.62445068359375,1075.0,mist
06,2024-01-13,2024-01-13,1,0.4,440.1645812988281,1075.0,mist
06,2024-01-13,2024-01-13,1,0.45,475.849365234375,1075.0,mist
06,2024-01-13,2024-01-13,1,0.5,555.5684814453125,1075.0,mist
06,2024-01-13,2024-01-13,1,0.55,569.5081787109375,1075.0,mist
06,2024-01-13,2024-01-13,1,0.6,657.6712646484375,1075.0,mist
06,2024-01-13,2024-01-13,1,0.65,665.947021484375,1075.0,mist
06,2024-01-13,2024-01-13,1,0.7,670.0407104492188,1075.0,mist
06,2024-01-13,2024-01-13,1,0.75,745.02392578125,1075.0,mist
06,2024-01-13,2024-01-13,1,0.8,795.486083984375,1075.0,mist
06,2024-01-13,2024-01-13,1,0.85,860.1531982421875,1075.0,mist
06,2024-01-13,2024-01-13,1,0.9,956.0576171875,1075.0,mist
06,2024-01-13,2024-01-13,1,0.95,987.7093505859375,1075.0,mist
06,2024-01-13,2024-01-13,1,0.975,1051.748291015625,1075.0,mist
06,2024-01-13,2024-01-13,1,0.99,1194.784912109375,1075.0,mist
06,2024-01-13,2024-01-20,2,0.01,0.0,1096.0,mist
06,2024-01-13,2024-01-20,2,0.025,32.215576171875,1096.0,mist
06,2024-01-13,2024-01-20,2,0.05,77.32839965820312,1096.0,mist
06,2024-01-13,2024-01-20,2,0.1,246.26080322265625,1096.0,mist
06,2024-01-13,2024-01-20,2,0.15,291.33404541015625,1096.0,mist
06,2024-01-13,2024-01-20,2,0.2,318.64654541015625,1096.0,mist
06,2024-01-13,2024-01-20,2,0.25,369.43463134765625,1096.0,mist
06,2024-01-13,2024-01-20,2,0.3,401.23260498046875,1096.0,mist
06,2024-01-13,2024-01-20,2,0.35,436.5640869140625,1096.0,mist
06,2024-01-13,2024-01-20,2,0.4,456.7751159667969,1096.0,mist
06,2024-01-13,2024-01-20,2,0.45,493.4669189453125,1096.0,mist
06,2024-01-13,2024-01-20,2,0.5,499.23541259765625,1096.0,mist
06,2024-01-13,2024-01-20,2,0.55,558.1826782226562,1096.0,mist
06,2024-01-13,2024-01-20,2,0.6,582.7288818359375,1096.0,mist
06,2024-01-13,2024-01-20,2,0.65,592.0938720703125,1096.0,mist
06,2024-01-13,2024-01-20,2,0.7,639.6046142578125,1096.0,mist
06,2024-01-13,2024-01-20,2,0.75,654.19580078125,1096.0,mist
06,2024-01-13,2024-01-20,2,0.8,655.6630249023438,1096.0,mist
06,2024-01-13,2024-01-20,2,0.85,658.8798217773438,1096.0,mist
06,2024-01-13,2024-01-20,2,0.9,766.5888061523438,1096.0,mist
06,2024-01-13,2024-01-20,2,0.95,820.7680053710938,1096.0,mist
06,2024-01-13,2024-01-20,2,0.975,1033.475830078125,1096.0,mist
06,2024-01-13,2024-01-20,2,0.99,1456.078857421875,1096.0,mist
06,2024-01-13,2024-01-27,3,0.01,0.0,732.0,mist
06,2024-01-13,2024-01-27,3,0.025,99.69720458984375,732.0,mist
06,2024-01-13,2024-01-27,3,0.05,195.46038818359375,732.0,mist
06,2024-01-13,2024-01-27,3,0.1,264.0166320800781,732.0,mist
06,2024-01-13,2024-01-27,3,0.15,295.3948974609375,732.0,mist
06,2024-01-13,2024-01-27,3,0.2,304.1913146972656,732.0,mist
06,2024-01-13,2024-01-27,3,0.25,357.9458923339844,732.0,mist
06,2024-01-13,2024-01-27,3,0.3,381.49169921875,732.0,mist
06,2024-01-13,2024-01-27,3,0.35,381.973876953125,732.0,mist
06,2024-01-13,2024-01-27,3,0.4,407.9638671875,732.0,mist
06,2024-01-13,2024-01-27,3,0.45,419.282470703125,732.0,mist
06,2024-01-13,2024-01-27,3,0.5,475.4875183105469,732.0,mist
06,2024-01-13,2024-01-27,3,0.55,476.47723388671875,732.0,mist
06,2024-01-13,2024-01-27,3,0.6,505.01593017578125,732.0,mist
06,2024-01-13,2024-01-27,3,0.65,557.1472778320312,732.0,mist
06,2024-01-13,2024-01-27,3,0.7,584.4384155273438,732.0,mist
06,2024-01-13,2024-01-27,3,0.75,597.1893920898438,732.0,mist
06,2024-01-13,2024-01-27,3,0.8,705.4395141601562,732.0,mist
06,2024-01-13,2024-01-27,3,0.85,839.5587158203125,732.0,mist
06,2024-01-13,2024-01-27,3,0.9,1010.3496704101562,732.0,mist
06,2024-01-13,2024-01-27,3,0.95,1206.16650390625,732.0,mist
06,2024-01-13,2024-01-27,3,0.975,1248.854736328125,732.0,mist
06,2024-01-13,2024-01-27,3,0.99,1325.2904052734375,732.0,mist
06,2024-01-13,2024-02-03,4,0.01,0.0,547.0,mist
06,2024-01-13,2024-02-03,4,0.025,0.0,547.0,mist
06,2024-01-13,2024-02-03,4,0.05,21.365234375,547.0,mist
06,2024-01-13,2024-02-03,4,0.1,152.02334594726562,547.0,mist
06,2024-01-13,2024-02-03,4,0.15,266.7640380859375,547.0,mist
06,2024-01-13,2024-02-03,4,0.2,285.4027404785156,547.0,mist
06,2024-01-13,2024-02-03,4,0.25,296.4627380371094,547.0,mist
06,2024-01-13,2024-02-03,4,0.3,334.59197998046875,547.0,mist
06,2024-01-13,2024-02-03,4,0.35,341.8725280761719,547.0,mist
06,2024-01-13,2024-02-03,4,0.4,369.60858154296875,547.0,mist
06,2024-01-13,2024-02-03,4,0.45,384.6682434082031,547.0,mist
06,2024-01-13,2024-02-03,4,0.5,440.45587158203125,547.0,mist
06,2024-01-13,2024-02-03,4,0.55,499.42425537109375,547.0,mist
06,2024-01-13,2024-02-03,4,0.6,527.3973999023438,547.0,mist
06,2024-01-13,2024-02-03,4,0.65,555.5211791992188,547.0,mist
06,2024-01-13,2024-02-03,4,0.7,650.8086547851562,547.0,mist
06,2024-01-13,2024-02-03,4,0.75,673.5842895507812,547.0,mist
06,2024-01-13,2024-02-03,4,0.8,823.5006713867188,547.0,mist
06,2024-01-13,2024-02-03,4,0.85,956.288818359375,547.0,mist
06,2024-01-13,2024-02-03,4,0.9,1038.963623046875,547.0,mist
06,2024-01-13,2024-02-03,4,0.95,1447.73291015625,547.0,mist
06,2024-01-13,2024-02-03,4,0.975,1797.5042724609375,547.0,mist
06,2024-01-13,2024-02-03,4,0.99,1980.4227294921875,547.0,mist
06,2024-01-20,2024-01-20,1,0.01,0.0,1096.0,mist
06,2024-01-20,2024-01-20,1,0.025,135.93270874023438,1096.0,mist
06,2024-01-20,2024-01-20,1,0.05,179.3519287109375,1096.0,mist
06,2024-01-20,2024-01-20,1,0.1,215.91268920898438,1096.0,mist
06,2024-01-20,2024-01-20,1,0.15,226.64581298828125,1096.0,mist
06,2024-01-20,2024-01-20,1,0.2,237.1976318359375,1096.0,mist
06,2024-01-20,2024-01-20,1,0.25,237.55819702148438,1096.0,mist
06,2024-01-20,2024-01-20,1,0.3,240.86233520507812,1096.0,mist
06,2024-01-20,2024-01-20,1,0.35,323.8372497558594,1096.0,mist
06,2024-01-20,2024-01-20,1,0.4,346.4762268066406,1096.0,mist
06,2024-01-20,2024-01-20,1,0.45,361.20489501953125,1096.0,mist
06,2024-01-20,2024-01-20,1,0.5,371.3253173828125,1096.0,mist
06,2024-01-20,2024-01-20,1,0.55,384.880615234375,1096.0,mist
06,2024-01-20,2024-01-20,1,0.6,451.04962158203125,1096.0,mist
06,2024-01-20,2024-01-20,1,0.65,473.87109375,1096.0,mist
06,2024-01-20,2024-01-20,1,0.7,480.783447265625,1096.0,mist
06,2024-01-20,2024-01-20,1,0.75,524.0734252929688,1096.0,mist
06,2024-01-20,2024-01-20,1,0.8,533.92333984375,1096.0,mist
06,2024-01-20,2024-01-20,1,0.85,592.904052734375,1096.0,mist
06,2024-01-20,2024-01-20,1,0.9,658.3070678710938,1096.0,mist
06,2024-01-20,2024-01-20,1,0.95,743.2091064453125,1096.0,mist
06,2024-01-20,2024-01-20,1,0.975,805.5505981445312,1096.0,mist
06,2024-01-20,2024-01-20,1,0.99,1119.4732666015625,1096.0,mist
06,2024-01-20,2024-01-27,2,0.01,0.0,732.0,mist
06,2024-01-20,2024-01-27,2,0.025,0.0,732.0,mist
06,2024-01-20,2024-01-27,2,0.05,30.8592529296875,732.0,mist
06,2024-01-20,2024-01-27,2,0.1,167.73095703125,732.0,mist
06,2024-01-20,2024-01-27,2,0.15,188.32861328125,732.0,mist
06,2024-01-20,2024-01-27,2,0.2,243.3641357421875,732.0,mist
06,2024-01-20,2024-01-27,2,0.25,252.64459228515625,732.0,mist
06,2024-01-20,2024-01-27,2,0.3,280.8128662109375,732.0,mist
06,2024-01-20,2024-01-27,2,0.35,323.3629150390625,732.0,mist
06,2024-01-20,2024-01-27,2,0.4,330.89959716796875,732.0,mist
06,2024-01-20,2024-01-27,2,0.45,339.9061584472656,732.0,mist
06,2024-01-20,2024-01-27,2,0.5,347.1423034667969,732.0,mist
06,2024-01-20,2024-01-27,2,0.55,378.4566955566406,732.0,mist
06,2024-01-20,2024-01-27,2,0.6,380.9705505371094,732.0,mist
06,2024-01-20,2024-01-27,2,0.65,403.6649169921875,732.0,mist
06,2024-01-20,2024-01-27,2,0.7,408.4915771484375,732.0,mist
06,2024-01-20,2024-01-27,2,0.75,429.4434814453125,732.0,mist
06,2024-01-20,2024-01-27,2,0.8,452.6849365234375,732.0,mist
06,2024-01-20,2024-01-27,2,0.85,456.88970947265625,732.0,mist
06,2024-01-20,2024-01-27,2,0.9,463.70013427734375,732.0,mist
06,2024-01-20,2024-01-27,2,0.95,511.9394226074219,732.0,mist
06,2024-01-20,2024-01-27,2,0.975,690.89208984375,732.0,mist
06,2024-01-20,2024-01-27,2,0.99,1099.332763671875,732.0,mist
06,2024-01-20,2024-02-03,3,0.01,4.0484619140625,547.0,mist
06,2024-01-20,2024-02-03,3,0.025,41.686279296875,547.0,mist
06,2024-01-20,2024-02-03,3,0.05,108.731689453125,547.0,mist
06,2024-01-20,2024-02-03,3,0.1,188.3515625,547.0,mist
06,2024-01-20,2024-02-03,3,0.15,188.45950317382812,547.0,mist
06,2024-01-20,2024-02-03,3,0.2,223.17849731445312,547.0,mist
06,2024-01-20,2024-02-03,3,0.25,244.64675903320312,547.0,mist
06,2024-01-20,2024-02-03,3,0.3,248.5684814453125,547.0,mist
06,2024-01-20,2024-02-03,3,0.35,255.09408569335938,547.0,mist
06,2024-01-20,2024-02-03,3,0.4,266.4392395019531,547.0,mist
06,2024-01-20,2024-02-03,3,0.45,289.40252685546875,547.0,mist
06,2024-01-20,2024-02-03,3,0.5,289.47869873046875,547.0,mist
06,2024-01-20,2024-02-03,3,0.55,294.7605895996094,547.0,mist
06,2024-01-20,2024-02-03,3,0.6,294.99652099609375,547.0,mist
06,2024-01-20,2024-02-03,3,0.65,325.2891540527344,547.0,mist
06,2024-01-20,2024-02-03,3,0.7,346.1711120605469,547.0,mist
06,2024-01-20,2024-02-03,3,0.75,349.6205749511719,547.0,mist
06,2024-01-20,2024-02-03,3,0.8,384.72320556640625,547.0,mist
06,2024-01-20,2024-02-03,3,0.85,435.935791015625,547.0,mist
06,2024-01-20,2024-02-03,3,0.9,540.8972778320312,547.0,mist
06,2024-01-20,2024-02-03,3,0.95,675.4743041992188,547.0,mist
06,2024-01-20,2024-02-03,3,0.975,798.5013427734375,547.0,mist
06,2024-01-20,2024-02-03,3,0.99,879.4818725585938,547.0,mist
06,2024-01-20,2024-02-10,4,0.01,0.0,464.0,mist
06,2024-01-20,2024-02-10,4,0.025,0.0,464.0,mist
06,2024-01-20,2024-02-10,4,0.05,0.0,464.0,mist
06,2024-01-20,2024-02-10,4,0.1,83.00146484375,464.0,mist
06,2024-01-20,2024-02-10,4,0.15,172.09768676757812,464.0,mist
06,2024-01-20,2024-02-10,4,0.2,180.58059692382812,464.0,mist
06,2024-01-20,2024-02-10,4,0.25,184.30831909179688,464.0,mist
06,2024-01-20,2024-02-10,4,0.3,192.554443359375,464.0,mist
06,2024-01-20,2024-02-10,4,0.35,224.29348754882812,464.0,mist
06,2024-01-20,2024-02-10,4,0.4,230.42138671875,464.0,mist
06,2024-01-20,2024-02-10,4,0.45,238.55514526367188,464.0,mist
06,2024-01-20,2024-02-10,4,0.5,241.711181640625,464.0,mist
06,2024-01-20,2024-02-10,4,0.55,271.95751953125,464.0,mist
06,2024-01-20,2024-02-10,4,0.6,280.9780578613281,464.0,mist
06,2024-01-20,2024-02-10,4,0.65,292.71246337890625,464.0,mist
06,2024-01-20,2024-02-10,4,0.7,344.6778259277344,464.0,mist
06,2024-01-20,2024-02-10,4,0.75,361.1189880371094,464.0,mist
06,2024-01-20,2024-02-10,4,0.8,365.3151550292969,464.0,mist
06,2024-01-20,2024-02-10,4,0.85,482.17474365234375,464.0,mist
06,2024-01-20,2024-02-10,4,0.9,491.0113830566406,464.0,mist
06,2024-01-20,2024-02-10,4,0.95,736.4734497070312,464.0,mist
06,2024-01-20,2024-02-10,4,0.975,1213.7933349609375,464.0,mist
06,2024-01-20,2024-02-10,4,0.99,1345.1297607421875,464.0,mist
06,2024-01-27,2024-01-27,1,0.01,0.0,732.0,mist
06,2024-01-27,2024-01-27,1,0.025,47.0343017578125,732.0,mist
06,2024-01-27,2024-01-27,1,0.05,138.26171875,732.0,mist
06,2024-01-27,2024-01-27,1,0.1,186.32708740234375,732.0,mist
06,2024-01-27,2024-01-27,1,0.15,193.63720703125,732.0,mist
06,2024-01-27,2024-01-27,1,0.2,204.53634643554688,732.0,mist
06,2024-01-27,2024-01-27,1,0.25,225.49575805664062,732.0,mist
06,2024-01-27,2024-01-27,1,0.3,231.50625610351562,732.0,mist
06,2024-01-27,2024-01-27,1,0.35,297.2584228515625,732.0,mist
06,2024-01-27,2024-01-27,1,0.4,310.02398681640625,732.0,mist
06,2024-01-27,2024-01-27,1,0.45,322.796875,732.0,mist
06,2024-01-27,2024-01-27,1,0.5,351.1418151855469,732.0,mist
06,2024-01-27,2024-01-27,1,0.55,355.0779113769531,732.0,mist
06,2024-01-27,2024-01-27,1,0.6,414.63739013671875,732.0,mist
06,2024-01-27,2024-01-27,1,0.65,418.9853515625,732.0,mist
06,2024-01-27,2024-01-27,1,0.7,438.6357116699219,732.0,mist
06,2024-01-27,2024-01-27,1,0.75,495.701171875,732.0,mist
06,2024-01-27,2024-01-27,1,0.8,524.4039916992188,732.0,mist
06,2024-01-27,2024-01-27,1,0.85,525.180908203125,732.0,mist
06,2024-01-27,2024-01-27,1,0.9,664.367919921875,732.0,mist
06,2024-01-27,2024-01-27,1,0.95,784.2415161132812,732.0,mist
06,2024-01-27,2024-01-27,1,0.975,899.8745727539062,732.0,mist
06,2024-01-27,2024-01-27,1,0.99,1272.0224609375,732.0,mist
06,2024-01-27,2024-02-03,2,0.01,0.0,547.0,mist
06,2024-01-27,2024-02-03,2,0.025,0.0,547.0,mist
06,2024-01-27,2024-02-03,2,0.05,19.44091796875,547.0,mist
06,2024-01-27,2024-02-03,2,0.1,148.43896484375,547.0,mist
06,2024-01-27,2024-02-03,2,0.15,162.88421630859375,547.0,mist
06,2024-01-27,2024-02-03,2,0.2,198.23831176757812,547.0,mist
06,2024-01-27,2024-02-03,2,0.25,203.0289306640625,547.0,mist
06,2024-01-27,2024-02-03,2,0.3,236.604248046875,547.0,mist
06,2024-01-27,2024-02-03,2,0.35,275.0251159667969,547.0,mist
06,2024-01-27,2024-02-03,2,0.4,303.14495849609375,547.0,mist
06,2024-01-27,2024-02-03,2,0.45,319.5858154296875,547.0,mist
06,2024-01-27,2024-02-03,2,0.5,325.1435546875,547.0,mist
06,2024-01-27,2024-02-03,2,0.55,334.7435302734375,547.0,mist
06,2024-01-27,2024-02-03,2,0.6,338.9532165527344,547.0,mist
06,2024-01-27,2024-02-03,2,0.65,346.2393798828125,547.0,mist
06,2024-01-27,2024-02-03,2,0.7,371.3512878417969,547.0,mist
06,2024-01-27,2024-02-03,2,0.75,433.5296936035156,547.0,mist
06,2024-01-27,2024-02-03,2,0.8,455.8824768066406,547.0,mist
06,2024-01-27,2024-02-03,2,0.85,459.70233154296875,547.0,mist
06,2024-01-27,2024-02-03,2,0.9,474.23895263671875,547.0,mist
06,2024-01-27,2024-02-03,2,0.95,595.1591796875,547.0,mist
06,2024-01-27,2024-02-03,2,0.975,750.8219604492188,547.0,mist
06,2024-01-27,2024-02-03,2,0.99,1185.05810546875,547.0,mist
06,2024-01-27,2024-02-10,3,0.01,0.0,464.0,mist
06,2024-01-27,2024-02-10,3,0.025,0.0,464.0,mist
06,2024-01-27,2024-02-10,3,0.05,31.2747802734375,464.0,mist
06,2024-01-27,2024-02-10,3,0.1,134.40875244140625,464.0,mist
06,2024-01-27,2024-02-10,3,0.15,135.2210693359375,464.0,mist
06,2024-01-27,2024-02-10,3,0.2,177.8602294921875,464.0,mist
06,2024-01-27,2024-02-10,3,0.25,205.346435546875,464.0,mist
06,2024-01-27,2024-02-10,3,0.3,214.181640625,464.0,mist
06,2024-01-27,2024-02-10,3,0.35,223.51803588867188,464.0,mist
06,2024-01-27,2024-02-10,3,0.4,228.81219482421875,464.0,mist
06,2024-01-27,2024-02-10,3,0.45,259.866455078125,464.0,mist
06,2024-01-27,2024-02-10,3,0.5,268.1550598144531,464.0,mist
06,2024-01-27,2024-02-10,3,0.55,278.2663269042969,464.0,mist
06,2024-01-27,2024-02-10,3,0.6,308.28594970703125,464.0,mist
06,2024-01-27,2024-02-10,3,0.65,312.99603271484375,464.0,mist
06,2024-01-27,2024-02-10,3,0.7,334.01373291015625,464.0,mist
06,2024-01-27,2024-02-10,3,0.75,343.6336975097656,464.0,mist
06,2024-01-27,2024-02-10,3,0.8,376.1272888183594,464.0,mist
06,2024-01-27,2024-02-10,3,0.85,451.369140625,464.0,mist
06,2024-01-27,2024-02-10,3,0.9,594.220947265625,464.0,mist
06,2024-01-27,2024-02-10,3,0.95,676.4913940429688,464.0,mist
06,2024-01-27,2024-02-10,3,0.975,869.331787109375,464.0,mist
06,2024-01-27,2024-02-10,3,0.99,1040.910400390625,464.0,mist
06,2024-01-27,2024-02-17,4,0.01,0.0,342.0,mist
06,2024-01-27,2024-02-17,4,0.025,0.0,342.0,mist
06,2024-01-27,2024-02-17,4,0.05,0.0,342.0,mist
06,2024-01-27,2024-02-17,4,0.1,94.98004150390625,342.0,mist
06,2024-01-27,2024-02-17,4,0.15,117.83367919921875,342.0,mist
06,2024-01-27,2024-02-17,4,0.2,127.03240966796875,342.0,mist
06,2024-01-27,2024-02-17,4,0.25,173.4937744140625,342.0,mist
06,2024-01-27,2024-02-17,4,0.3,181.96331787109375,342.0,mist
06,2024-01-27,2024-02-17,4,0.35,191.46783447265625,342.0,mist
06,2024-01-27,2024-02-17,4,0.4,207.7879638671875,342.0,mist
06,2024-01-27,2024-02-17,4,0.45,240.4403076171875,342.0,mist
06,2024-01-27,2024-02-17,4,0.5,241.70523071289062,342.0,mist
06,2024-01-27,2024-02-17,4,0.55,265.2790222167969,342.0,mist
06,2024-01-27,2024-02-17,4,0.6,276.9111633300781,342.0,mist
06,2024-01-27,2024-02-17,4,0.65,300.7589111328125,342.0,mist
06,2024-01-27,2024-02-17,4,0.7,332.90582275390625,342.0,mist
06,2024-01-27,2024-02-17,4,0.75,345.92999267578125,342.0,mist
06,2024-01-27,2024-02-17,4,0.8,411.5216064453125,342.0,mist
06,2024-01-27,2024-02-17,4,0.85,455.94989013671875,342.0,mist
06,2024-01-27,2024-02-17,4,0.9,539.9752807617188,342.0,mist
06,2024-01-27,2024-02-17,4,0.95,766.6350708007812,342.0,mist
06,2024-01-27,2024-02-17,4,0.975,1281.4267578125,342.0,mist
06,2024-01-27,2024-02-17,4,0.99,1483.54541015625,342.0,mist
06,2024-02-03,2024-02-03,1,0.01,0.0,547.0,mist
06,2024-02-03,2024-02-03,1,0.025,0.0,547.0,mist
06,2024-02-03,2024-02-03,1,0.05,25.73736572265625,547.0,mist
06,2024-02-03,2024-02-03,1,0.1,108.9122314453125,547.0,mist
06,2024-02-03,2024-02-03,1,0.15,124.12188720703125,547.0,mist
06,2024-02-03,2024-02-03,1,0.2,145.2301025390625,547.0,mist
06,2024-02-03,2024-02-03,1,0.25,171.2725830078125,547.0,mist
06,2024-02-03,2024-02-03,1,0.3,177.352294921875,547.0,mist
06,2024-02-03,2024-02-03,1,0.35,213.29205322265625,547.0,mist
06,2024-02-03,2024-02-03,1,0.4,246.45950317382812,547.0,mist
06,2024-02-03,2024-02-03,1,0.45,264.7010498046875,547.0,mist
06,2024-02-03,2024-02-03,1,0.5,300.9007568359375,547.0,mist
06,2024-02-03,2024-02-03,1,0.55,313.261474609375,547.0,mist
06,2024-02-03,2024-02-03,1,0.6,367.1607971191406,547.0,mist
06,2024-02-03,2024-02-03,1,0.65,368.6128234863281,547.0,mist
06,2024-02-03,2024-02-03,1,0.7,378.2992248535156,547.0,mist
06,2024-02-03,2024-02-03,1,0.75,445.2815246582031,547.0,mist
06,2024-02-03,2024-02-03,1,0.8,467.364990234375,547.0,mist
06,2024-02-03,2024-02-03,1,0.85,529.492919921875,547.0,mist
06,2024-02-03,2024-02-03,1,0.9,652.09228515625,547.0,mist
06,2024-02-03,2024-02-03,1,0.95,819.9348754882812,547.0,mist
06,2024-02-03,2024-02-03,1,0.975,981.5689086914062,547.0,mist
06,2024-02-03,2024-02-03,1,0.99,1392.65185546875,547.0,mist
06,2024-02-03,2024-02-10,2,0.01,0.0,464.0,mist
06,2024-02-03,2024-02-10,2,0.025,0.0,464.0,mist
06,2024-02-03,2024-02-10,2,0.05,0.0,464.0,mist
06,2024-02-03,2024-02-10,2,0.1,74.683837890625,464.0,mist
06,2024-02-03,2024-02-10,2,0.15,83.1666259765625,464.0,mist
06,2024-02-03,2024-02-10,2,0.2,110.38006591796875,464.0,mist
06,2024-02-03,2024-02-10,2,0.25,122.62353515625,464.0,mist
06,2024-02-03,2024-02-10,2,0.3,159.00701904296875,464.0,mist
06,2024-02-03,2024-02-10,2,0.35,206.9549560546875,464.0,mist
06,2024-02-03,2024-02-10,2,0.4,220.98486328125,464.0,mist
06,2024-02-03,2024-02-10,2,0.45,259.3668212890625,464.0,mist
06,2024-02-03,2024-02-10,2,0.5,261.93475341796875,464.0,mist
06,2024-02-03,2024-02-10,2,0.55,262.48834228515625,464.0,mist
06,2024-02-03,2024-02-10,2,0.6,283.3797302246094,464.0,mist
06,2024-02-03,2024-02-10,2,0.65,294.7796630859375,464.0,mist
06,2024-02-03,2024-02-10,2,0.7,324.81536865234375,464.0,mist
06,2024-02-03,2024-02-10,2,0.75,398.117919921875,464.0,mist
06,2024-02-03,2024-02-10,2,0.8,425.49365234375,464.0,mist
06,2024-02-03,2024-02-10,2,0.85,438.84271240234375,464.0,mist
06,2024-02-03,2024-02-10,2,0.9,494.1996765136719,464.0,mist
06,2024-02-03,2024-02-10,2,0.95,651.4304809570312,464.0,mist
06,2024-02-03,2024-02-10,2,0.975,850.9944458007812,464.0,mist
06,2024-02-03,2024-02-10,2,0.99,1305.919677734375,464.0,mist
06,2024-02-03,2024-02-17,3,0.01,0.0,342.0,mist
06,2024-02-03,2024-02-17,3,0.025,0.0,342.0,mist
06,2024-02-03,2024-02-17,3,0.05,0.0,342.0,mist
06,2024-02-03,2024-02-17,3,0.1,13.082763671875,342.0,mist
06,2024-02-03,2024-02-17,3,0.15,54.53912353515625,342.0,mist
06,2024-02-03,2024-02-17,3,0.2,94.7347412109375,342.0,mist
06,2024-02-03,2024-02-17,3,0.25,144.30572509765625,342.0,mist
06,2024-02-03,2024-02-17,3,0.3,149.28265380859375,342.0,mist
06,2024-02-03,2024-02-17,3,0.35,157.93255615234375,342.0,mist
06,2024-02-03,2024-02-17,3,0.4,170.70343017578125,342.0,mist
06,2024-02-03,2024-02-17,3,0.45,208.8704833984375,342.0,mist
06,2024-02-03,2024-02-17,3,0.5,224.95635986328125,342.0,mist
06,2024-02-03,2024-02-17,3,0.55,235.43280029296875,342.0,mist
06,2024-02-03,2024-02-17,3,0.6,251.76693725585938,342.0,mist
06,2024-02-03,2024-02-17,3,0.65,301.62957763671875,342.0,mist
06,2024-02-03,2024-02-17,3,0.7,311.5237121582031,342.0,mist
06,2024-02-03,2024-02-17,3,0.75,327.0022277832031,342.0,mist
06,2024-02-03,2024-02-17,3,0.8,365.97076416015625,342.0,mist
06,2024-02-03,2024-02-17,3,0.85,448.6354675292969,342.0,mist
06,2024-02-03,2024-02-17,3,0.9,645.3598022460938,342.0,mist
06,2024-02-03,2024-02-17,3,0.95,655.7134399414062,342.0,mist
06,2024-02-03,2024-02-17,3,0.975,951.2279052734375,342.0,mist
06,2024-02-03,2024-02-17,3,0.99,1250.6861572265625,342.0,mist
06,2024-02-03,2024-02-24,4,0.01,0.0,302.0,mist
06,2024-02-03,2024-02-24,4,0.025,0.0,302.0,mist
06,2024-02-03,2024-02-24,4,0.05,0.0,302.0,mist
06,2024-02-03,2024-02-24,4,0.1,12.44329833984375,302.0,mist
06,2024-02-03,2024-02-24,4,0.15,36.18597412109375,302.0,mist
06,2024-02-03,2024-02-24,4,0.2,60.7843017578125,302.0,mist
06,2024-02-03,2024-02-24,4,0.25,115.928466796875,302.0,mist
06,2024-02-03,2024-02-24,4,0.3,122.4976806640625,302.0,mist
06,2024-02-03,2024-02-24,4,0.35,134.89752197265625,302.0,mist
06,2024-02-03,2024-02-24,4,0.4,140.00299072265625,302.0,mist
06,2024-02-03,2024-02-24,4,0.45,166.72393798828125,302.0,mist
06,2024-02-03,2024-02-24,4,0.5,203.95965576171875,302.0,mist
06,2024-02-03,2024-02-24,4,0.55,224.896484375,302.0,mist
06,2024-02-03,2024-02-24,4,0.6,244.0775146484375,302.0,mist
06,2024-02-03,2024-02-24,4,0.65,262.3555603027344,302.0,mist
06,2024-02-03,2024-02-24,4,0.7,305.8995361328125,302.0,mist
06,2024-02-03,2024-02-24,4,0.75,306.7525939941406,302.0,mist
06,2024-02-03,2024-02-24,4,0.8,433.7852783203125,302.0,mist
06,2024-02-03,2024-02-24,4,0.85,437.2422790527344,302.0,mist
06,2024-02-03,2024-02-24,4,0.9,582.9947509765625,302.0,mist
06,2024-02-03,2024-02-24,4,0.95,851.6242065429688,302.0,mist
06,2024-02-03,2024-02-24,4,0.975,1418.8076171875,302.0,mist
06,2024-02-03,2024-02-24,4,0.99,1682.876708984375,302.0,mist
06,2024-02-10,2024-02-10,1,0.01,10.4432373046875,464.0,mist
06,2024-02-10,2024-02-10,1,0.025,13.57965087890625,464.0,mist
06,2024-02-10,2024-02-10,1,0.05,108.2821044921875,464.0,mist
06,2024-02-10,2024-02-10,1,0.1,178.10076904296875,464.0,mist
06,2024-02-10,2024-02-10,1,0.15,178.10943603515625,464.0,mist
06,2024-02-10,2024-02-10,1,0.2,192.2586669921875,464.0,mist
06,2024-02-10,2024-02-10,1,0.25,194.17474365234375,464.0,mist
06,2024-02-10,2024-02-10,1,0.3,204.51715087890625,464.0,mist
06,2024-02-10,2024-02-10,1,0.35,240.02301025390625,464.0,mist
06,2024-02-10,2024-02-10,1,0.4,245.27581787109375,464.0,mist
06,2024-02-10,2024-02-10,1,0.45,248.1170654296875,464.0,mist
06,2024-02-10,2024-02-10,1,0.5,287.99505615234375,464.0,mist
06,2024-02-10,2024-02-10,1,0.55,289.037353515625,464.0,mist
06,2024-02-10,2024-02-10,1,0.6,298.80718994140625,464.0,mist
06,2024-02-10,2024-02-10,1,0.65,326.0715637207031,464.0,mist
06,2024-02-10,2024-02-10,1,0.7,344.5224914550781,464.0,mist
06,2024-02-10,2024-02-10,1,0.75,383.2904052734375,464.0,mist
06,2024-02-10,2024-02-10,1,0.8,383.4394836425781,464.0,mist
06,2024-02-10,2024-02-10,1,0.85,440.2093200683594,464.0,mist
06,2024-02-10,2024-02-10,1,0.9,473.4454345703125,464.0,mist
06,2024-02-10,2024-02-10,1,0.95,617.9824829101562,464.0,mist
06,2024-02-10,2024-02-10,1,0.975,804.050537109375,464.0,mist
06,2024-02-10,2024-02-10,1,0.99,1269.027099609375,464.0,mist
06,2024-02-10,2024-02-17,2,0.01,0.0,342.0,mist
06,2024-02-10,2024-02-17,2,0.025,0.0,342.0,mist
06,2024-02-10,2024-02-17,2,0.05,35.6470947265625,342.0,mist
06,2024-02-10,2024-02-17,2,0.1,122.467041015625,342.0,mist
06,2024-02-10,2024-02-17,2,0.15,130.43951416015625,342.0,mist
06,2024-02-10,2024-02-17,2,0.2,142.12640380859375,342.0,mist
06,2024-02-10,2024-02-17,2,0.25,201.132568359375,342.0,mist
06,2024-02-10,2024-02-17,2,0.3,202.091796875,342.0,mist
06,2024-02-10,2024-02-17,2,0.35,213.00830078125,342.0,mist
06,2024-02-10,2024-02-17,2,0.4,214.375,342.0,mist
06,2024-02-10,2024-02-17,2,0.45,232.91900634765625,342.0,mist
06,2024-02-10,2024-02-17,2,0.5,269.4507141113281,342.0,mist
06,2024-02-10,2024-02-17,2,0.55,271.4727783203125,342.0,mist
06,2024-02-10,2024-02-17,2,0.6,272.4847412109375,342.0,mist
06,2024-02-10,2024-02-17,2,0.65,281.546875,342.0,mist
06,2024-02-10,2024-02-17,2,0.7,297.9259033203125,342.0,mist
06,2024-02-10,2024-02-17,2,0.75,342.11761474609375,342.0,mist
06,2024-02-10,2024-02-17,2,0.8,345.4666442871094,342.0,mist
06,2024-02-10,2024-02-17,2,0.85,371.0733337402344,342.0,mist
06,2024-02-10,2024-02-17,2,0.9,389.2569885253906,342.0,mist
06,2024-02-10,2024-02-17,2,0.95,474.59466552734375,342.0,mist
06,2024-02-10,2024-02-17,2,0.975,656.617431640625,342.0,mist
06,2024-02-10,2024-02-17,2,0.99,1027.470703125,342.0,mist
06,2024-02-10,2024-02-24,3,0.01,0.0,302.0,mist
06,2024-02-10,2024-02-24,3,0.025,0.0,302.0,mist
06,2024-02-10,2024-02-24,3,0.05,17.25830078125,302.0,mist
06,2024-02-10,2024-02-24,3,0.1,120.36907958984375,302.0,mist
06,2024-02-10,2024-02-24,3,0.15,121.2574462890625,302.0,mist
06,2024-02-10,2024-02-24,3,0.2,156.18719482421875,302.0,mist
06,2024-02-10,2024-02-24,3,0.25,164.0517578125,302.0,mist
06,2024-02-10,2024-02-24,3,0.3,192.6180419921875,302.0,mist
06,2024-02-10,2024-02-24,3,0.35,200.627685546875,302.0,mist
06,2024-02-10,2024-02-24,3,0.4,209.0465087890625,302.0,mist
06,2024-02-10,2024-02-24,3,0.45,225.64117431640625,302.0,mist
06,2024-02-10,2024-02-24,3,0.5,228.67816162109375,302.0,mist
06,2024-02-10,2024-02-24,3,0.55,241.38665771484375,302.0,mist
06,2024-02-10,2024-02-24,3,0.6,249.43536376953125,302.0,mist
06,2024-02-10,2024-02-24,3,0.65,251.96539306640625,302.0,mist
06,2024-02-10,2024-02-24,3,0.7,253.75140380859375,302.0,mist
06,2024-02-10,2024-02-24,3,0.75,255.1014404296875,302.0,mist
06,2024-02-10,2024-02-24,3,0.8,259.337890625,302.0,mist
06,2024-02-10,2024-02-24,3,0.85,262.296142578125,302.0,mist
06,2024-02-10,2024-02-24,3,0.9,319.66961669921875,302.0,mist
06,2024-02-10,2024-02-24,3,0.95,417.0849609375,302.0,mist
06,2024-02-10,2024-02-24,3,0.975,622.5286254882812,302.0,mist
06,2024-02-10,2024-02-24,3,0.99,1021.4692993164062,302.0,mist
06,2024-02-10,2024-03-02,4,0.01,0.0,266.0,mist
06,2024-02-10,2024-03-02,4,0.025,0.0,266.0,mist
06,2024-02-10,2024-03-02,4,0.05,25.279296875,266.0,mist
06,2024-02-10,2024-03-02,4,0.1,57.74444580078125,266.0,mist
06,2024-02-10,2024-03-02,4,0.15,71.630859375,266.0,mist
06,2024-02-10,2024-03-02,4,0.2,136.193603515625,266.0,mist
06,2024-02-10,2024-03-02,4,0.25,150.80792236328125,266.0,mist
06,2024-02-10,2024-03-02,4,0.3,151.46405029296875,266.0,mist
06,2024-02-10,2024-03-02,4,0.35,163.8306884765625,266.0,mist
06,2024-02-10,2024-03-02,4,0.4,169.5,266.0,mist
06,2024-02-10,2024-03-02,4,0.45,181.12591552734375,266.0,mist
06,2024-02-10,2024-03-02,4,0.5,189.1204833984375,266.0,mist
06,2024-02-10,2024-03-02,4,0.55,198.60723876953125,266.0,mist
06,2024-02-10,2024-03-02,4,0.6,203.2630615234375,266.0,mist
06,2024-02-10,2024-03-02,4,0.65,203.2744140625,266.0,mist
06,2024-02-10,2024-03-02,4,0.7,213.31549072265625,266.0,mist
06,2024-02-10,2024-03-02,4,0.75,235.32470703125,266.0,mist
06,2024-02-10,2024-03-02,4,0.8,244.31341552734375,266.0,mist
06,2024-02-10,2024-03-02,4,0.85,277.8287048339844,266.0,mist
06,2024-02-10,2024-03-02,4,0.9,279.38153076171875,266.0,mist
06,2024-02-10,2024-03-02,4,0.95,400.7484436035156,266.0,mist
06,2024-02-10,2024-03-02,4,0.975,994.3019409179688,266.0,mist
06,2024-02-10,2024-03-02,4,0.99,1163.898193359375,266.0,mist
06,2024-02-17,2024-02-17,1,0.01,103.7869873046875,342.0,mist
06,2024-02-17,2024-02-17,1,0.025,133.91998291015625,342.0,mist
06,2024-02-17,2024-02-17,1,0.05,207.0426025390625,342.0,mist
06,2024-02-17,2024-02-17,1,0.1,252.48779296875,342.0,mist
06,2024-02-17,2024-02-17,1,0.15,258.1319580078125,342.0,mist
06,2024-02-17,2024-02-17,1,0.2,265.3831787109375,342.0,mist
06,2024-02-17,2024-02-17,1,0.25,280.3016357421875,342.0,mist
06,2024-02-17,2024-02-17,1,0.3,285.66082763671875,342.0,mist
06,2024-02-17,2024-02-17,1,0.35,307.5786437988281,342.0,mist
06,2024-02-17,2024-02-17,1,0.4,309.6152648925781,342.0,mist
06,2024-02-17,2024-02-17,1,0.45,319.2834777832031,342.0,mist
06,2024-02-17,2024-02-17,1,0.5,351.38946533203125,342.0,mist
06,2024-02-17,2024-02-17,1,0.55,353.5386047363281,342.0,mist
06,2024-02-17,2024-02-17,1,0.6,360.1075439453125,342.0,mist
06,2024-02-17,2024-02-17,1,0.65,398.98529052734375,342.0,mist
06,2024-02-17,2024-02-17,1,0.7,400.21685791015625,342.0,mist
06,2024-02-17,2024-02-17,1,0.75,438.991943359375,342.0,mist
06,2024-02-17,2024-02-17,1,0.8,440.8785095214844,342.0,mist
06,2024-02-17,2024-02-17,1,0.85,482.5716247558594,342.0,mist
06,2024-02-17,2024-02-17,1,0.9,511.0570983886719,342.0,mist
06,2024-02-17,2024-02-17,1,0.95,633.223388671875,342.0,mist
06,2024-02-17,2024-02-17,1,0.975,808.1356811523438,342.0,mist
06,2024-02-17,2024-02-17,1,0.99,1242.58349609375,342.0,mist
06,2024-02-17,2024-02-24,2,0.01,0.0,302.0,mist
06,2024-02-17,2024-02-24,2,0.025,69.9158935546875,302.0,mist
06,2024-02-17,2024-02-24,2,0.05,130.4742431640625,302.0,mist
06,2024-02-17,2024-02-24,2,0.1,210.76959228515625,302.0,mist
06,2024-02-17,2024-02-24,2,0.15,222.19451904296875,302.0,mist
06,2024-02-17,2024-02-24,2,0.2,222.209716796875,302.0,mist
06,2024-02-17,2024-02-24,2,0.25,284.89093017578125,302.0,mist
06,2024-02-17,2024-02-24,2,0.3,285.84002685546875,302.0,mist
06,2024-02-17,2024-02-24,2,0.35,286.54736328125,302.0,mist
06,2024-02-17,2024-02-24,2,0.4,295.5685119628906,302.0,mist
06,2024-02-17,2024-02-24,2,0.45,301.5499572753906,302.0,mist
06,2024-02-17,2024-02-24,2,0.5,333.43511962890625,302.0,mist
06,2024-02-17,2024-02-24,2,0.55,343.3775329589844,302.0,mist
06,2024-02-17,2024-02-24,2,0.6,348.1924133300781,302.0,mist
06,2024-02-17,2024-02-24,2,0.65,362.6827697753906,302.0,mist
06,2024-02-17,2024-02-24,2,0.7,370.39300537109375,302.0,mist
06,2024-02-17,2024-02-24,2,0.75,388.7977600097656,302.0,mist
06,2024-02-17,2024-02-24,2,0.8,393.0702209472656,302.0,mist
06,2024-02-17,2024-02-24,2,0.85,435.1078796386719,302.0,mist
06,2024-02-17,2024-02-24,2,0.9,461.5378723144531,302.0,mist
06,2024-02-17,2024-02-24,2,0.95,510.4291687011719,302.0,mist
06,2024-02-17,2024-02-24,2,0.975,658.81640625,302.0,mist
06,2024-02-17,2024-02-24,2,0.99,995.5775756835938,302.0,mist
06,2024-02-17,2024-03-02,3,0.01,8.88037109375,266.0,mist
06,2024-02-17,2024-03-02,3,0.025,95.970703125,266.0,mist
06,2024-02-17,2024-03-02,3,0.05,133.47021484375,266.0,mist
06,2024-02-17,2024-03-02,3,0.1,219.74493408203125,266.0,mist
06,2024-02-17,2024-03-02,3,0.15,219.96630859375,266.0,mist
06,2024-02-17,2024-03-02,3,0.2,236.965087890625,266.0,mist
06,2024-02-17,2024-03-02,3,0.25,261.0595703125,266.0,mist
06,2024-02-17,2024-03-02,3,0.3,264.2889404296875,266.0,mist
06,2024-02-17,2024-03-02,3,0.35,287.1361083984375,266.0,mist
06,2024-02-17,2024-03-02,3,0.4,289.88726806640625,266.0,mist
06,2024-02-17,2024-03-02,3,0.45,293.5011291503906,266.0,mist
06,2024-02-17,2024-03-02,3,0.5,302.0440368652344,266.0,mist
06,2024-02-17,2024-03-02,3,0.55,302.437744140625,266.0,mist
06,2024-02-17,2024-03-02,3,0.6,306.708740234375,266.0,mist
06,2024-02-17,2024-03-02,3,0.65,319.42425537109375,266.0,mist
06,2024-02-17,2024-03-02,3,0.7,320.5609130859375,266.0,mist
06,2024-02-17,2024-03-02,3,0.75,322.517578125,266.0,mist
06,2024-02-17,2024-03-02,3,0.8,327.3931579589844,266.0,mist
06,2024-02-17,2024-03-02,3,0.85,336.29876708984375,266.0,mist
06,2024-02-17,2024-03-02,3,0.9,348.5417175292969,266.0,mist
06,2024-02-17,2024-03-02,3,0.95,449.6493835449219,266.0,mist
06,2024-02-17,2024-03-02,3,0.975,616.1005859375,266.0,mist
06,2024-02-17,2024-03-02,3,0.99,998.8651123046875,266.0,mist
06,2024-02-17,2024-03-09,4,0.01,1.04132080078125,207.0,mist
06,2024-02-17,2024-03-09,4,0.025,25.53070068359375,207.0,mist
06,2024-02-17,2024-03-09,4,0.05,135.2567138671875,207.0,mist
06,2024-02-17,2024-03-09,4,0.1,156.10565185546875,207.0,mist
06,2024-02-17,2024-03-09,4,0.15,162.8101806640625,207.0,mist
06,2024-02-17,2024-03-09,4,0.2,221.9881591796875,207.0,mist
06,2024-02-17,2024-03-09,4,0.25,236.63348388671875,207.0,mist
06,2024-02-17,2024-03-09,4,0.3,240.55291748046875,207.0,mist
06,2024-02-17,2024-03-09,4,0.35,255.00634765625,207.0,mist
06,2024-02-17,2024-03-09,4,0.4,256.14947509765625,207.0,mist
06,2024-02-17,2024-03-09,4,0.45,258.15777587890625,207.0,mist
06,2024-02-17,2024-03-09,4,0.5,269.167724609375,207.0,mist
06,2024-02-17,2024-03-09,4,0.55,276.4107666015625,207.0,mist
06,2024-02-17,2024-03-09,4,0.6,283.92266845703125,207.0,mist
06,2024-02-17,2024-03-09,4,0.65,284.76422119140625,207.0,mist
06,2024-02-17,2024-03-09,4,0.7,285.12957763671875,207.0,mist
06,2024-02-17,2024-03-09,4,0.75,290.9587707519531,207.0,mist
06,2024-02-17,2024-03-09,4,0.8,317.86285400390625,207.0,mist
06,2024-02-17,2024-03-09,4,0.85,319.0828857421875,207.0,mist
06,2024-02-17,2024-03-09,4,0.9,338.67254638671875,207.0,mist
06,2024-02-17,2024-03-09,4,0.95,401.7569580078125,207.0,mist
06,2024-02-17,2024-03-09,4,0.975,946.5510864257812,207.0,mist
06,2024-02-17,2024-03-09,4,0.99,1084.175048828125,207.0,mist
06,2024-02-24,2024-02-24,1,0.01,120.2393798828125,302.0,mist
06,2024-02-24,2024-02-24,1,0.025,125.5767822265625,302.0,mist
06,2024-02-24,2024-02-24,1,0.05,228.101806640625,302.0,mist
06,2024-02-24,2024-02-24,1,0.1,277.95904541015625,302.0,mist
06,2024-02-24,2024-02-24,1,0.15,284.6708984375,302.0,mist
06,2024-02-24,2024-02-24,1,0.2,294.8306884765625,302.0,mist
06,2024-02-24,2024-02-24,1,0.25,297.0040283203125,302.0,mist
06,2024-02-24,2024-02-24,1,0.3,314.202880859375,302.0,mist
06,2024-02-24,2024-02-24,1,0.35,340.885498046875,302.0,mist
06,2024-02-24,2024-02-24,1,0.4,344.1084899902344,302.0,mist
06,2024-02-24,2024-02-24,1,0.45,352.2026672363281,302.0,mist
06,2024-02-24,2024-02-24,1,0.5,380.318115234375,302.0,mist
06,2024-02-24,2024-02-24,1,0.55,384.2281799316406,302.0,mist
06,2024-02-24,2024-02-24,1,0.6,395.7142333984375,302.0,mist
06,2024-02-24,2024-02-24,1,0.65,423.6439208984375,302.0,mist
06,2024-02-24,2024-02-24,1,0.7,426.8886413574219,302.0,mist
06,2024-02-24,2024-02-24,1,0.75,469.4230041503906,302.0,mist
06,2024-02-24,2024-02-24,1,0.8,471.0009765625,302.0,mist
06,2024-02-24,2024-02-24,1,0.85,517.6119995117188,302.0,mist
06,2024-02-24,2024-02-24,1,0.9,572.56640625,302.0,mist
06,2024-02-24,2024-02-24,1,0.95,699.8775634765625,302.0,mist
06,2024-02-24,2024-02-24,1,0.975,867.9998168945312,302.0,mist
06,2024-02-24,2024-02-24,1,0.99,1286.25,302.0,mist
06,2024-02-24,2024-03-02,2,0.01,15.842529296875,266.0,mist
06,2024-02-24,2024-03-02,2,0.025,98.15301513671875,266.0,mist
06,2024-02-24,2024-03-02,2,0.05,154.739501953125,266.0,mist
06,2024-02-24,2024-03-02,2,0.1,238.7908935546875,266.0,mist
06,2024-02-24,2024-03-02,2,0.15,245.35614013671875,266.0,mist
06,2024-02-24,2024-03-02,2,0.2,251.23162841796875,266.0,mist
06,2024-02-24,2024-03-02,2,0.25,301.52874755859375,266.0,mist
06,2024-02-24,2024-03-02,2,0.3,305.235107421875,266.0,mist
06,2024-02-24,2024-03-02,2,0.35,310.2810974121094,266.0,mist
06,2024-02-24,2024-03-02,2,0.4,316.16448974609375,266.0,mist
06,2024-02-24,2024-03-02,2,0.45,344.217529296875,266.0,mist
06,2024-02-24,2024-03-02,2,0.5,364.9961242675781,266.0,mist
06,2024-02-24,2024-03-02,2,0.55,365.7297668457031,266.0,mist
06,2024-02-24,2024-03-02,2,0.6,370.8924865722656,266.0,mist
06,2024-02-24,2024-03-02,2,0.65,390.1268310546875,266.0,mist
06,2024-02-24,2024-03-02,2,0.7,395.1319580078125,266.0,mist
06,2024-02-24,2024-03-02,2,0.75,433.3607177734375,266.0,mist
06,2024-02-24,2024-03-02,2,0.8,442.0567626953125,266.0,mist
06,2024-02-24,2024-03-02,2,0.85,471.42724609375,266.0,mist
06,2024-02-24,2024-03-02,2,0.9,498.0478820800781,266.0,mist
06,2024-02-24,2024-03-02,2,0.95,577.5933837890625,266.0,mist
06,2024-02-24,2024-03-02,2,0.975,713.7501220703125,266.0,mist
06,2024-02-24,2024-03-02,2,0.99,1059.4429931640625,266.0,mist
06,2024-02-24,2024-03-09,3,0.01,36.01898193359375,207.0,mist
06,2024-02-24,2024-03-09,3,0.025,110.53570556640625,207.0,mist
06,2024-02-24,2024-03-09,3,0.05,141.23309326171875,207.0,mist
06,2024-02-24,2024-03-09,3,0.1,223.6556396484375,207.0,mist
06,2024-02-24,2024-03-09,3,0.15,229.7467041015625,207.0,mist
06,2024-02-24,2024-03-09,3,0.2,260.41534423828125,207.0,mist
06,2024-02-24,2024-03-09,3,0.25,281.66900634765625,207.0,mist
06,2024-02-24,2024-03-09,3,0.3,290.046630859375,207.0,mist
06,2024-02-24,2024-03-09,3,0.35,299.2281494140625,207.0,mist
06,2024-02-24,2024-03-09,3,0.4,311.96563720703125,207.0,mist
06,2024-02-24,2024-03-09,3,0.45,329.1127014160156,207.0,mist
06,2024-02-24,2024-03-09,3,0.5,330.10894775390625,207.0,mist
06,2024-02-24,2024-03-09,3,0.55,342.6527404785156,207.0,mist
06,2024-02-24,2024-03-09,3,0.6,343.6796875,207.0,mist
06,2024-02-24,2024-03-09,3,0.65,353.9582824707031,207.0,mist
06,2024-02-24,2024-03-09,3,0.7,362.0657653808594,207.0,mist
06,2024-02-24,2024-03-09,3,0.75,363.53076171875,207.0,mist
06,2024-02-24,2024-03-09,3,0.8,366.4886779785156,207.0,mist
06,2024-02-24,2024-03-09,3,0.85,390.8397216796875,207.0,mist
06,2024-02-24,2024-03-09,3,0.9,447.1841125488281,207.0,mist
06,2024-02-24,2024-03-09,3,0.95,523.4288330078125,207.0,mist
06,2024-02-24,2024-03-09,3,0.975,712.484375,207.0,mist
06,2024-02-24,2024-03-09,3,0.99,1052.8636474609375,207.0,mist
06,2024-02-24,2024-03-16,4,0.01,0.0,188.0,mist
06,2024-02-24,2024-03-16,4,0.025,29.32916259765625,188.0,mist
06,2024-02-24,2024-03-16,4,0.05,147.4100341796875,188.0,mist
06,2024-02-24,2024-03-16,4,0.1,185.63897705078125,188.0,mist
06,2024-02-24,2024-03-16,4,0.15,194.18463134765625,188.0,mist
06,2024-02-24,2024-03-16,4,0.2,251.112548828125,188.0,mist
06,2024-02-24,2024-03-16,4,0.25,252.4344482421875,188.0,mist
06,2024-02-24,2024-03-16,4,0.3,259.9874267578125,188.0,mist
06,2024-02-24,2024-03-16,4,0.35,275.92462158203125,188.0,mist
06,2024-02-24,2024-03-16,4,0.4,292.23114013671875,188.0,mist
06,2024-02-24,2024-03-16,4,0.45,293.06329345703125,188.0,mist
06,2024-02-24,2024-03-16,4,0.5,297.673583984375,188.0,mist
06,2024-02-24,2024-03-16,4,0.55,319.9002380371094,188.0,mist
06,2024-02-24,2024-03-16,4,0.6,321.0642395019531,188.0,mist
06,2024-02-24,2024-03-16,4,0.65,321.75860595703125,188.0,mist
06,2024-02-24,2024-03-16,4,0.7,338.1258850097656,188.0,mist
06,2024-02-24,2024-03-16,4,0.75,349.3021240234375,188.0,mist
06,2024-02-24,2024-03-16,4,0.8,352.6009826660156,188.0,mist
06,2024-02-24,2024-03-16,4,0.85,397.35211181640625,188.0,mist
06,2024-02-24,2024-03-16,4,0.9,409.9073791503906,188.0,mist
06,2024-02-24,2024-03-16,4,0.95,514.1231689453125,188.0,mist
06,2024-02-24,2024-03-16,4,0.975,1038.2266845703125,188.0,mist
06,2024-02-24,2024-03-16,4,0.99,1202.185791015625,188.0,mist
06,2024-03-02,2024-03-02,1,0.01,0.959716796875,266.0,mist
06,2024-03-02,2024-03-02,1,0.025,74.192626953125,266.0,mist
06,2024-03-02,2024-03-02,1,0.05,153.36456298828125,266.0,mist
06,2024-03-02,2024-03-02,1,0.1,233.443359375,266.0,mist
06,2024-03-02,2024-03-02,1,0.15,245.7904052734375,266.0,mist
06,2024-03-02,2024-03-02,1,0.2,261.482421875,266.0,mist
06,2024-03-02,2024-03-02,1,0.25,277.43682861328125,266.0,mist
06,2024-03-02,2024-03-02,1,0.3,281.96759033203125,266.0,mist
06,2024-03-02,2024-03-02,1,0.35,305.7005615234375,266.0,mist
06,2024-03-02,2024-03-02,1,0.4,341.36956787109375,266.0,mist
06,2024-03-02,2024-03-02,1,0.45,349.7513732910156,266.0,mist
06,2024-03-02,2024-03-02,1,0.5,361.5508728027344,266.0,mist
06,2024-03-02,2024-03-02,1,0.55,390.387451171875,266.0,mist
06,2024-03-02,2024-03-02,1,0.6,412.98858642578125,266.0,mist
06,2024-03-02,2024-03-02,1,0.65,422.71209716796875,266.0,mist
06,2024-03-02,2024-03-02,1,0.7,441.37677001953125,266.0,mist
06,2024-03-02,2024-03-02,1,0.75,478.59283447265625,266.0,mist
06,2024-03-02,2024-03-02,1,0.8,495.4029541015625,266.0,mist
06,2024-03-02,2024-03-02,1,0.85,567.781982421875,266.0,mist
06,2024-03-02,2024-03-02,1,0.9,651.0032958984375,266.0,mist
06,2024-03-02,2024-03-02,1,0.95,811.1287841796875,266.0,mist
06,2024-03-02,2024-03-02,1,0.975,973.448486328125,266.0,mist
06,2024-03-02,2024-03-02,1,0.99,1382.604736328125,266.0,mist
06,2024-03-02,2024-03-09,2,0.01,0.0,207.0,mist
06,2024-03-02,2024-03-09,2,0.025,38.204833984375,207.0,mist
06,2024-03-02,2024-03-09,2,0.05,106.3846435546875,207.0,mist
06,2024-03-02,2024-03-09,2,0.1,182.9046630859375,207.0,mist
06,2024-03-02,2024-03-09,2,0.15,204.5494384765625,207.0,mist
06,2024-03-02,2024-03-09,2,0.2,228.30322265625,207.0,mist
06,2024-03-02,2024-03-09,2,0.25,234.5582275390625,207.0,mist
06,2024-03-02,2024-03-09,2,0.3,256.4608154296875,207.0,mist
06,2024-03-02,2024-03-09,2,0.35,290.84375,207.0,mist
06,2024-03-02,2024-03-09,2,0.4,307.56005859375,207.0,mist
06,2024-03-02,2024-03-09,2,0.45,339.301513671875,207.0,mist
06,2024-03-02,2024-03-09,2,0.5,339.4504699707031,207.0,mist
06,2024-03-02,2024-03-09,2,0.55,359.0885009765625,207.0,mist
06,2024-03-02,2024-03-09,2,0.6,368.6375427246094,207.0,mist
06,2024-03-02,2024-03-09,2,0.65,374.73968505859375,207.0,mist
06,2024-03-02,2024-03-09,2,0.7,377.62127685546875,207.0,mist
06,2024-03-02,2024-03-09,2,0.75,453.9524230957031,207.0,mist
06,2024-03-02,2024-03-09,2,0.8,486.25616455078125,207.0,mist
06,2024-03-02,2024-03-09,2,0.85,491.5155334472656,207.0,mist
06,2024-03-02,2024-03-09,2,0.9,532.9637451171875,207.0,mist
06,2024-03-02,2024-03-09,2,0.95,678.780029296875,207.0,mist
06,2024-03-02,2024-03-09,2,0.975,848.63427734375,207.0,mist
06,2024-03-02,2024-03-09,2,0.99,1237.572509765625,207.0,mist
06,2024-03-02,2024-03-16,3,0.01,0.0,188.0,mist
06,2024-03-02,2024-03-16,3,0.025,33.32171630859375,188.0,mist
06,2024-03-02,2024-03-16,3,0.05,49.9703369140625,188.0,mist
06,2024-03-02,2024-03-16,3,0.1,143.62841796875,188.0,mist
06,2024-03-02,2024-03-16,3,0.15,173.139404296875,188.0,mist
06,2024-03-02,2024-03-16,3,0.2,210.22674560546875,188.0,mist
06,2024-03-02,2024-03-16,3,0.25,239.1492919921875,188.0,mist
06,2024-03-02,2024-03-16,3,0.3,256.5369873046875,188.0,mist
06,2024-03-02,2024-03-16,3,0.35,268.32452392578125,188.0,mist
06,2024-03-02,2024-03-16,3,0.4,275.003173828125,188.0,mist
06,2024-03-02,2024-03-16,3,0.45,315.15380859375,188.0,mist
06,2024-03-02,2024-03-16,3,0.5,323.92236328125,188.0,mist
06,2024-03-02,2024-03-16,3,0.55,329.2783508300781,188.0,mist
06,2024-03-02,2024-03-16,3,0.6,338.6550598144531,188.0,mist
06,2024-03-02,2024-03-16,3,0.65,373.1628723144531,188.0,mist
06,2024-03-02,2024-03-16,3,0.7,383.3971862792969,188.0,mist
06,2024-03-02,2024-03-16,3,0.75,407.6207580566406,188.0,mist
06,2024-03-02,2024-03-16,3,0.8,408.2987365722656,188.0,mist
06,2024-03-02,2024-03-16,3,0.85,474.10919189453125,188.0,mist
06,2024-03-02,2024-03-16,3,0.9,587.4896240234375,188.0,mist
06,2024-03-02,2024-03-16,3,0.95,641.8568115234375,188.0,mist
06,2024-03-02,2024-03-16,3,0.975,895.8677368164062,188.0,mist
06,2024-03-02,2024-03-16,3,0.99,1233.369873046875,188.0,mist
06,2024-03-02,2024-03-23,4,0.01,0.0,175.0,mist
06,2024-03-02,2024-03-23,4,0.025,0.0,175.0,mist
06,2024-03-02,2024-03-23,4,0.05,50.8062744140625,175.0,mist
06,2024-03-02,2024-03-23,4,0.1,143.38287353515625,175.0,mist
06,2024-03-02,2024-03-23,4,0.15,154.57635498046875,175.0,mist
06,2024-03-02,2024-03-23,4,0.2,197.4664306640625,175.0,mist
06,2024-03-02,2024-03-23,4,0.25,226.71978759765625,175.0,mist
06,2024-03-02,2024-03-23,4,0.3,234.43853759765625,175.0,mist
06,2024-03-02,2024-03-23,4,0.35,239.05169677734375,175.0,mist
06,2024-03-02,2024-03-23,4,0.4,248.00189208984375,175.0,mist
06,2024-03-02,2024-03-23,4,0.45,261.98175048828125,175.0,mist
06,2024-03-02,2024-03-23,4,0.5,303.61376953125,175.0,mist
06,2024-03-02,2024-03-23,4,0.55,304.30572509765625,175.0,mist
06,2024-03-02,2024-03-23,4,0.6,323.3025207519531,175.0,mist
06,2024-03-02,2024-03-23,4,0.65,339.2572326660156,175.0,mist
06,2024-03-02,2024-03-23,4,0.7,363.9389953613281,175.0,mist
06,2024-03-02,2024-03-23,4,0.75,368.74749755859375,175.0,mist
06,2024-03-02,2024-03-23,4,0.8,438.4308776855469,175.0,mist
06,2024-03-02,2024-03-23,4,0.85,463.9676208496094,175.0,mist
06,2024-03-02,2024-03-23,4,0.9,560.037109375,175.0,mist
06,2024-03-02,2024-03-23,4,0.95,755.7044067382812,175.0,mist
06,2024-03-02,2024-03-23,4,0.975,1291.6485595703125,175.0,mist
06,2024-03-02,2024-03-23,4,0.99,1514.923583984375,175.0,mist
06,2024-03-09,2024-03-09,1,0.01,8.3677978515625,207.0,mist
06,2024-03-09,2024-03-09,1,0.025,41.81072998046875,207.0,mist
06,2024-03-09,2024-03-09,1,0.05,94.197265625,207.0,mist
06,2024-03-09,2024-03-09,1,0.1,173.45159912109375,207.0,mist
06,2024-03-09,2024-03-09,1,0.15,190.25482177734375,207.0,mist
06,2024-03-09,2024-03-09,1,0.2,199.81884765625,207.0,mist
06,2024-03-09,2024-03-09,1,0.25,206.68023681640625,207.0,mist
06,2024-03-09,2024-03-09,1,0.3,217.846923828125,207.0,mist
06,2024-03-09,2024-03-09,1,0.35,242.59295654296875,207.0,mist
06,2024-03-09,2024-03-09,1,0.4,243.94293212890625,207.0,mist
06,2024-03-09,2024-03-09,1,0.45,245.43621826171875,207.0,mist
06,2024-03-09,2024-03-09,1,0.5,276.71484375,207.0,mist
06,2024-03-09,2024-03-09,1,0.55,291.3424072265625,207.0,mist
06,2024-03-09,2024-03-09,1,0.6,295.9078369140625,207.0,mist
06,2024-03-09,2024-03-09,1,0.65,305.08673095703125,207.0,mist
06,2024-03-09,2024-03-09,1,0.7,344.8316650390625,207.0,mist
06,2024-03-09,2024-03-09,1,0.75,365.1212158203125,207.0,mist
06,2024-03-09,2024-03-09,1,0.8,365.8999328613281,207.0,mist
06,2024-03-09,2024-03-09,1,0.85,460.1734619140625,207.0,mist
06,2024-03-09,2024-03-09,1,0.9,468.2966003417969,207.0,mist
06,2024-03-09,2024-03-09,1,0.95,638.61474609375,207.0,mist
06,2024-03-09,2024-03-09,1,0.975,852.8179931640625,207.0,mist
06,2024-03-09,2024-03-09,1,0.99,1332.6734619140625,207.0,mist
06,2024-03-09,2024-03-16,2,0.01,0.0,188.0,mist
06,2024-03-09,2024-03-16,2,0.025,0.0,188.0,mist
06,2024-03-09,2024-03-16,2,0.05,68.935302734375,188.0,mist
06,2024-03-09,2024-03-16,2,0.1,120.0703125,188.0,mist
06,2024-03-09,2024-03-16,2,0.15,139.1358642578125,188.0,mist
06,2024-03-09,2024-03-16,2,0.2,148.6888427734375,188.0,mist
06,2024-03-09,2024-03-16,2,0.25,199.9400634765625,188.0,mist
06,2024-03-09,2024-03-16,2,0.3,202.90435791015625,188.0,mist
06,2024-03-09,2024-03-16,2,0.35,210.3502197265625,188.0,mist
06,2024-03-09,2024-03-16,2,0.4,213.58795166015625,188.0,mist
06,2024-03-09,2024-03-16,2,0.45,225.310546875,188.0,mist
06,2024-03-09,2024-03-16,2,0.5,261.02130126953125,188.0,mist
06,2024-03-09,2024-03-16,2,0.55,267.732177734375,188.0,mist
06,2024-03-09,2024-03-16,2,0.6,285.04461669921875,188.0,mist
06,2024-03-09,2024-03-16,2,0.65,288.1954345703125,188.0,mist
06,2024-03-09,2024-03-16,2,0.7,292.444580078125,188.0,mist
06,2024-03-09,2024-03-16,2,0.75,358.7284851074219,188.0,mist
06,2024-03-09,2024-03-16,2,0.8,378.5438537597656,188.0,mist
06,2024-03-09,2024-03-16,2,0.85,381.489501953125,188.0,mist
06,2024-03-09,2024-03-16,2,0.9,397.0639953613281,188.0,mist
06,2024-03-09,2024-03-16,2,0.95,528.942626953125,188.0,mist
06,2024-03-09,2024-03-16,2,0.975,720.31689453125,188.0,mist
06,2024-03-09,2024-03-16,2,0.99,1065.883056640625,188.0,mist
06,2024-03-09,2024-03-23,3,0.01,0.0,175.0,mist
06,2024-03-09,2024-03-23,3,0.025,0.0,175.0,mist
06,2024-03-09,2024-03-23,3,0.05,28.31732177734375,175.0,mist
06,2024-03-09,2024-03-23,3,0.1,109.06329345703125,175.0,mist
06,2024-03-09,2024-03-23,3,0.15,129.92559814453125,175.0,mist
06,2024-03-09,2024-03-23,3,0.2,164.9033203125,175.0,mist
06,2024-03-09,2024-03-23,3,0.25,170.49334716796875,175.0,mist
06,2024-03-09,2024-03-23,3,0.3,194.69537353515625,175.0,mist
06,2024-03-09,2024-03-23,3,0.35,223.8907470703125,175.0,mist
06,2024-03-09,2024-03-23,3,0.4,225.468017578125,175.0,mist
06,2024-03-09,2024-03-23,3,0.45,240.25299072265625,175.0,mist
06,2024-03-09,2024-03-23,3,0.5,247.9495849609375,175.0,mist
06,2024-03-09,2024-03-23,3,0.55,249.779052734375,175.0,mist
06,2024-03-09,2024-03-23,3,0.6,255.91357421875,175.0,mist
06,2024-03-09,2024-03-23,3,0.65,264.00164794921875,175.0,mist
06,2024-03-09,2024-03-23,3,0.7,271.399169921875,175.0,mist
06,2024-03-09,2024-03-23,3,0.75,272.29010009765625,175.0,mist
06,2024-03-09,2024-03-23,3,0.8,280.653076171875,175.0,mist
06,2024-03-09,2024-03-23,3,0.85,283.19219970703125,175.0,mist
06,2024-03-09,2024-03-23,3,0.9,322.4429626464844,175.0,mist
06,2024-03-09,2024-03-23,3,0.95,449.8089904785156,175.0,mist
06,2024-03-09,2024-03-23,3,0.975,654.8151245117188,175.0,mist
06,2024-03-09,2024-03-23,3,0.99,1145.76513671875,175.0,mist
06,2024-03-09,2024-03-30,4,0.01,0.0,180.0,mist
06,2024-03-09,2024-03-30,4,0.025,0.0,180.0,mist
06,2024-03-09,2024-03-30,4,0.05,58.8519287109375,180.0,mist
06,2024-03-09,2024-03-30,4,0.1,68.5264892578125,180.0,mist
06,2024-03-09,2024-03-30,4,0.15,77.90252685546875,180.0,mist
06,2024-03-09,2024-03-30,4,0.2,150.77130126953125,180.0,mist
06,2024-03-09,2024-03-30,4,0.25,166.50115966796875,180.0,mist
06,2024-03-09,2024-03-30,4,0.3,171.2587890625,180.0,mist
06,2024-03-09,2024-03-30,4,0.35,172.96087646484375,180.0,mist
06,2024-03-09,2024-03-30,4,0.4,185.56890869140625,180.0,mist
06,2024-03-09,2024-03-30,4,0.45,190.0438232421875,180.0,mist
06,2024-03-09,2024-03-30,4,0.5,206.91619873046875,180.0,mist
06,2024-03-09,2024-03-30,4,0.55,213.05224609375,180.0,mist
06,2024-03-09,2024-03-30,4,0.6,226.01513671875,180.0,mist
06,2024-03-09,2024-03-30,4,0.65,227.4520263671875,180.0,mist
06,2024-03-09,2024-03-30,4,0.7,232.36065673828125,180.0,mist
06,2024-03-09,2024-03-30,4,0.75,233.416259765625,180.0,mist
06,2024-03-09,2024-03-30,4,0.8,273.687744140625,180.0,mist
06,2024-03-09,2024-03-30,4,0.85,308.03912353515625,180.0,mist
06,2024-03-09,2024-03-30,4,0.9,314.6536865234375,180.0,mist
06,2024-03-09,2024-03-30,4,0.95,423.78375244140625,180.0,mist
06,2024-03-09,2024-03-30,4,0.975,1030.1798095703125,180.0,mist
06,2024-03-09,2024-03-30,4,0.99,1220.7847900390625,180.0,mist
06,2024-03-16,2024-03-16,1,0.01,2.6546630859375,188.0,mist
06,2024-03-16,2024-03-16,1,0.025,51.08221435546875,188.0,mist
06,2024-03-16,2024-03-16,1,0.05,89.66290283203125,188.0,mist
06,2024-03-16,2024-03-16,1,0.1,157.79052734375,188.0,mist
06,2024-03-16,2024-03-16,1,0.15,173.49090576171875,188.0,mist
06,2024-03-16,2024-03-16,1,0.2,175.79248046875,188.0,mist
06,2024-03-16,2024-03-16,1,0.25,202.897216796875,188.0,mist
06,2024-03-16,2024-03-16,1,0.3,206.1226806640625,188.0,mist
06,2024-03-16,2024-03-16,1,0.35,219.58685302734375,188.0,mist
06,2024-03-16,2024-03-16,1,0.4,224.56317138671875,188.0,mist
06,2024-03-16,2024-03-16,1,0.45,231.16461181640625,188.0,mist
06,2024-03-16,2024-03-16,1,0.5,256.9141845703125,188.0,mist
06,2024-03-16,2024-03-16,1,0.55,269.1568603515625,188.0,mist
06,2024-03-16,2024-03-16,1,0.6,279.68084716796875,188.0,mist
06,2024-03-16,2024-03-16,1,0.65,295.048828125,188.0,mist
06,2024-03-16,2024-03-16,1,0.7,323.45697021484375,188.0,mist
06,2024-03-16,2024-03-16,1,0.75,339.1805419921875,188.0,mist
06,2024-03-16,2024-03-16,1,0.8,352.32391357421875,188.0,mist
06,2024-03-16,2024-03-16,1,0.85,438.77325439453125,188.0,mist
06,2024-03-16,2024-03-16,1,0.9,448.7305908203125,188.0,mist
06,2024-03-16,2024-03-16,1,0.95,614.079833984375,188.0,mist
06,2024-03-16,2024-03-16,1,0.975,829.92822265625,188.0,mist
06,2024-03-16,2024-03-16,1,0.99,1319.2298583984375,188.0,mist
06,2024-03-16,2024-03-23,2,0.01,0.0,175.0,mist
06,2024-03-16,2024-03-23,2,0.025,0.0,175.0,mist
06,2024-03-16,2024-03-23,2,0.05,59.1141357421875,175.0,mist
06,2024-03-16,2024-03-23,2,0.1,102.07403564453125,175.0,mist
06,2024-03-16,2024-03-23,2,0.15,127.825927734375,175.0,mist
06,2024-03-16,2024-03-23,2,0.2,144.178955078125,175.0,mist
06,2024-03-16,2024-03-23,2,0.25,181.70782470703125,175.0,mist
06,2024-03-16,2024-03-23,2,0.3,191.09967041015625,175.0,mist
06,2024-03-16,2024-03-23,2,0.35,201.96697998046875,175.0,mist
06,2024-03-16,2024-03-23,2,0.4,202.31292724609375,175.0,mist
06,2024-03-16,2024-03-23,2,0.45,208.009765625,175.0,mist
06,2024-03-16,2024-03-23,2,0.5,241.28912353515625,175.0,mist
06,2024-03-16,2024-03-23,2,0.55,243.62762451171875,175.0,mist
06,2024-03-16,2024-03-23,2,0.6,275.8082275390625,175.0,mist
06,2024-03-16,2024-03-23,2,0.65,284.84527587890625,175.0,mist
06,2024-03-16,2024-03-23,2,0.7,290.48370361328125,175.0,mist
06,2024-03-16,2024-03-23,2,0.75,338.3609313964844,175.0,mist
06,2024-03-16,2024-03-23,2,0.8,356.44195556640625,175.0,mist
06,2024-03-16,2024-03-23,2,0.85,378.5423278808594,175.0,mist
06,2024-03-16,2024-03-23,2,0.9,383.6849365234375,175.0,mist
06,2024-03-16,2024-03-23,2,0.95,510.7110595703125,175.0,mist
06,2024-03-16,2024-03-23,2,0.975,684.2550048828125,175.0,mist
06,2024-03-16,2024-03-23,2,0.99,1029.719482421875,175.0,mist
06,2024-03-16,2024-03-30,3,0.01,0.0,180.0,mist
06,2024-03-16,2024-03-30,3,0.025,0.0,180.0,mist
06,2024-03-16,2024-03-30,3,0.05,34.632080078125,180.0,mist
06,2024-03-16,2024-03-30,3,0.1,106.948486328125,180.0,mist
06,2024-03-16,2024-03-30,3,0.15,127.6923828125,180.0,mist
06,2024-03-16,2024-03-30,3,0.2,156.010009765625,180.0,mist
06,2024-03-16,2024-03-30,3,0.25,157.75775146484375,180.0,mist
06,2024-03-16,2024-03-30,3,0.3,173.96630859375,180.0,mist
06,2024-03-16,2024-03-30,3,0.35,207.19622802734375,180.0,mist
06,2024-03-16,2024-03-30,3,0.4,216.0181884765625,180.0,mist
06,2024-03-16,2024-03-30,3,0.45,223.61248779296875,180.0,mist
06,2024-03-16,2024-03-30,3,0.5,228.66485595703125,180.0,mist
06,2024-03-16,2024-03-30,3,0.55,241.012451171875,180.0,mist
06,2024-03-16,2024-03-30,3,0.6,242.97796630859375,180.0,mist
06,2024-03-16,2024-03-30,3,0.65,244.1016845703125,180.0,mist
06,2024-03-16,2024-03-30,3,0.7,249.95025634765625,180.0,mist
06,2024-03-16,2024-03-30,3,0.75,250.40380859375,180.0,mist
06,2024-03-16,2024-03-30,3,0.8,253.8277587890625,180.0,mist
06,2024-03-16,2024-03-30,3,0.85,270.88592529296875,180.0,mist
06,2024-03-16,2024-03-30,3,0.9,320.4593200683594,180.0,mist
06,2024-03-16,2024-03-30,3,0.95,421.6043701171875,180.0,mist
06,2024-03-16,2024-03-30,3,0.975,616.9852294921875,180.0,mist
06,2024-03-16,2024-03-30,3,0.99,1124.615478515625,180.0,mist
06,2024-03-16,2024-04-06,4,0.01,0.0,151.0,mist
06,2024-03-16,2024-04-06,4,0.025,0.0,151.0,mist
06,2024-03-16,2024-04-06,4,0.05,48.6480712890625,151.0,mist
06,2024-03-16,2024-04-06,4,0.1,61.55987548828125,151.0,mist
06,2024-03-16,2024-04-06,4,0.15,71.4423828125,151.0,mist
06,2024-03-16,2024-04-06,4,0.2,140.055419921875,151.0,mist
06,2024-03-16,2024-04-06,4,0.25,163.6048583984375,151.0,mist
06,2024-03-16,2024-04-06,4,0.3,164.4410400390625,151.0,mist
06,2024-03-16,2024-04-06,4,0.35,168.629638671875,151.0,mist
06,2024-03-16,2024-04-06,4,0.4,170.5703125,151.0,mist
06,2024-03-16,2024-04-06,4,0.45,174.12457275390625,151.0,mist
06,2024-03-16,2024-04-06,4,0.5,191.2711181640625,151.0,mist
06,2024-03-16,2024-04-06,4,0.55,207.3841552734375,151.0,mist
06,2024-03-16,2024-04-06,4,0.6,207.78326416015625,151.0,mist
06,2024-03-16,2024-04-06,4,0.65,217.87158203125,151.0,mist
06,2024-03-16,2024-04-06,4,0.7,222.4383544921875,151.0,mist
06,2024-03-16,2024-04-06,4,0.75,234.363525390625,151.0,mist
06,2024-03-16,2024-04-06,4,0.8,269.7230224609375,151.0,mist
06,2024-03-16,2024-04-06,4,0.85,281.86224365234375,151.0,mist
06,2024-03-16,2024-04-06,4,0.9,292.5711669921875,151.0,mist
06,2024-03-16,2024-04-06,4,0.95,377.9985046386719,151.0,mist
06,2024-03-16,2024-04-06,4,0.975,992.6477661132812,151.0,mist
06,2024-03-16,2024-04-06,4,0.99,1163.477783203125,151.0,mist
06,2024-03-23,2024-03-23,1,0.01,0.0,175.0,mist
06,2024-03-23,2024-03-23,1,0.025,12.52789306640625,175.0,mist
06,2024-03-23,2024-03-23,1,0.05,81.38079833984375,175.0,mist
06,2024-03-23,2024-03-23,1,0.1,144.02001953125,175.0,mist
06,2024-03-23,2024-03-23,1,0.15,166.75347900390625,175.0,mist
06,2024-03-23,2024-03-23,1,0.2,167.78936767578125,175.0,mist
06,2024-03-23,2024-03-23,1,0.25,194.57598876953125,175.0,mist
06,2024-03-23,2024-03-23,1,0.3,198.1129150390625,175.0,mist
06,2024-03-23,2024-03-23,1,0.35,220.813232421875,175.0,mist
06,2024-03-23,2024-03-23,1,0.4,221.2960205078125,175.0,mist
06,2024-03-23,2024-03-23,1,0.45,223.77923583984375,175.0,mist
06,2024-03-23,2024-03-23,1,0.5,253.3170166015625,175.0,mist
06,2024-03-23,2024-03-23,1,0.55,270.34637451171875,175.0,mist
06,2024-03-23,2024-03-23,1,0.6,272.220947265625,175.0,mist
06,2024-03-23,2024-03-23,1,0.65,295.40887451171875,175.0,mist
06,2024-03-23,2024-03-23,1,0.7,308.9170837402344,175.0,mist
06,2024-03-23,2024-03-23,1,0.75,335.2657165527344,175.0,mist
06,2024-03-23,2024-03-23,1,0.8,352.3011474609375,175.0,mist
06,2024-03-23,2024-03-23,1,0.85,430.09051513671875,175.0,mist
06,2024-03-23,2024-03-23,1,0.9,471.277587890625,175.0,mist
06,2024-03-23,2024-03-23,1,0.95,625.5343017578125,175.0,mist
06,2024-03-23,2024-03-23,1,0.975,842.6911010742188,175.0,mist
06,2024-03-23,2024-03-23,1,0.99,1333.622314453125,175.0,mist
06,2024-03-23,2024-03-30,2,0.01,0.0,180.0,mist
06,2024-03-23,2024-03-30,2,0.025,0.0,180.0,mist
06,2024-03-23,2024-03-30,2,0.05,38.5477294921875,180.0,mist
06,2024-03-23,2024-03-30,2,0.1,97.66558837890625,180.0,mist
06,2024-03-23,2024-03-30,2,0.15,124.48406982421875,180.0,mist
06,2024-03-23,2024-03-30,2,0.2,131.55413818359375,180.0,mist
06,2024-03-23,2024-03-30,2,0.25,171.91998291015625,180.0,mist
06,2024-03-23,2024-03-30,2,0.3,172.29241943359375,180.0,mist
06,2024-03-23,2024-03-30,2,0.35,190.4599609375,180.0,mist
06,2024-03-23,2024-03-30,2,0.4,198.1754150390625,180.0,mist
06,2024-03-23,2024-03-30,2,0.45,201.01202392578125,180.0,mist
06,2024-03-23,2024-03-30,2,0.5,229.94915771484375,180.0,mist
06,2024-03-23,2024-03-30,2,0.55,231.6927490234375,180.0,mist
06,2024-03-23,2024-03-30,2,0.6,277.50836181640625,180.0,mist
06,2024-03-23,2024-03-30,2,0.65,280.98443603515625,180.0,mist
06,2024-03-23,2024-03-30,2,0.7,282.995361328125,180.0,mist
06,2024-03-23,2024-03-30,2,0.75,339.5152282714844,180.0,mist
06,2024-03-23,2024-03-30,2,0.8,344.33123779296875,180.0,mist
06,2024-03-23,2024-03-30,2,0.85,378.5538635253906,180.0,mist
06,2024-03-23,2024-03-30,2,0.9,389.5681457519531,180.0,mist
06,2024-03-23,2024-03-30,2,0.95,515.4777221679688,180.0,mist
06,2024-03-23,2024-03-30,2,0.975,672.732666015625,180.0,mist
06,2024-03-23,2024-03-30,2,0.99,1045.4766845703125,180.0,mist
06,2024-03-23,2024-04-06,3,0.01,0.0,151.0,mist
06,2024-03-23,2024-04-06,3,0.025,0.0,151.0,mist
06,2024-03-23,2024-04-06,3,0.05,15.3748779296875,151.0,mist
06,2024-03-23,2024-04-06,3,0.1,89.63739013671875,151.0,mist
06,2024-03-23,2024-04-06,3,0.15,105.631103515625,151.0,mist
06,2024-03-23,2024-04-06,3,0.2,135.2811279296875,151.0,mist
06,2024-03-23,2024-04-06,3,0.25,149.6207275390625,151.0,mist
06,2024-03-23,2024-04-06,3,0.3,164.743408203125,151.0,mist
06,2024-03-23,2024-04-06,3,0.35,184.36785888671875,151.0,mist
06,2024-03-23,2024-04-06,3,0.4,204.2685546875,151.0,mist
06,2024-03-23,2024-04-06,3,0.45,220.56011962890625,151.0,mist
06,2024-03-23,2024-04-06,3,0.5,223.60015869140625,151.0,mist
06,2024-03-23,2024-04-06,3,0.55,235.1697998046875,151.0,mist
06,2024-03-23,2024-04-06,3,0.6,235.33258056640625,151.0,mist
06,2024-03-23,2024-04-06,3,0.65,235.62969970703125,151.0,mist
06,2024-03-23,2024-04-06,3,0.7,240.35345458984375,151.0,mist
06,2024-03-23,2024-04-06,3,0.75,253.7421875,151.0,mist
06,2024-03-23,2024-04-06,3,0.8,285.53228759765625,151.0,mist
06,2024-03-23,2024-04-06,3,0.85,290.156494140625,151.0,mist
06,2024-03-23,2024-04-06,3,0.9,302.7479248046875,151.0,mist
06,2024-03-23,2024-04-06,3,0.95,435.1835632324219,151.0,mist
06,2024-03-23,2024-04-06,3,0.975,650.100830078125,151.0,mist
06,2024-03-23,2024-04-06,3,0.99,1111.01416015625,151.0,mist
06,2024-03-23,2024-04-13,4,0.01,0.0,179.0,mist
06,2024-03-23,2024-04-13,4,0.025,0.0,179.0,mist
06,2024-03-23,2024-04-13,4,0.05,36.81719970703125,179.0,mist
06,2024-03-23,2024-04-13,4,0.1,54.87628173828125,179.0,mist
06,2024-03-23,2024-04-13,4,0.15,57.4471435546875,179.0,mist
06,2024-03-23,2024-04-13,4,0.2,137.85443115234375,179.0,mist
06,2024-03-23,2024-04-13,4,0.25,141.92913818359375,179.0,mist
06,2024-03-23,2024-04-13,4,0.3,146.906982421875,179.0,mist
06,2024-03-23,2024-04-13,4,0.35,149.542236328125,179.0,mist
06,2024-03-23,2024-04-13,4,0.4,166.3826904296875,179.0,mist
06,2024-03-23,2024-04-13,4,0.45,169.61865234375,179.0,mist
06,2024-03-23,2024-04-13,4,0.5,186.67938232421875,179.0,mist
06,2024-03-23,2024-04-13,4,0.55,201.12322998046875,179.0,mist
06,2024-03-23,2024-04-13,4,0.6,218.40826416015625,179.0,mist
06,2024-03-23,2024-04-13,4,0.65,227.29632568359375,179.0,mist
06,2024-03-23,2024-04-13,4,0.7,229.9420166015625,179.0,mist
06,2024-03-23,2024-04-13,4,0.75,235.15667724609375,179.0,mist
06,2024-03-23,2024-04-13,4,0.8,253.0091552734375,179.0,mist
06,2024-03-23,2024-04-13,4,0.85,295.51751708984375,179.0,mist
06,2024-03-23,2024-04-13,4,0.9,310.94110107421875,179.0,mist
06,2024-03-23,2024-04-13,4,0.95,403.779052734375,179.0,mist
06,2024-03-23,2024-04-13,4,0.975,1026.238525390625,179.0,mist
06,2024-03-23,2024-04-13,4,0.99,1206.8038330078125,179.0,mist
06,2024-03-30,2024-03-30,1,0.01,0.0,180.0,mist
06,2024-03-30,2024-03-30,1,0.025,0.0,180.0,mist
06,2024-03-30,2024-03-30,1,0.05,0.0,180.0,mist
06,2024-03-30,2024-03-30,1,0.1,0.0,180.0,mist
06,2024-03-30,2024-03-30,1,0.15,21.50140380859375,180.0,mist
06,2024-03-30,2024-03-30,1,0.2,49.72943115234375,180.0,mist
06,2024-03-30,2024-03-30,1,0.25,118.17913818359375,180.0,mist
06,2024-03-30,2024-03-30,1,0.3,131.22076416015625,180.0,mist
06,2024-03-30,2024-03-30,1,0.35,147.66845703125,180.0,mist
06,2024-03-30,2024-03-30,1,0.4,152.39276123046875,180.0,mist
06,2024-03-30,2024-03-30,1,0.45,252.32861328125,180.0,mist
06,2024-03-30,2024-03-30,1,0.5,303.9268493652344,180.0,mist
06,2024-03-30,2024-03-30,1,0.55,316.8257751464844,180.0,mist
06,2024-03-30,2024-03-30,1,0.6,366.1416320800781,180.0,mist
06,2024-03-30,2024-03-30,1,0.65,378.13214111328125,180.0,mist
06,2024-03-30,2024-03-30,1,0.7,426.866455078125,180.0,mist
06,2024-03-30,2024-03-30,1,0.75,478.0526428222656,180.0,mist
06,2024-03-30,2024-03-30,1,0.8,576.7517700195312,180.0,mist
06,2024-03-30,2024-03-30,1,0.85,651.5791015625,180.0,mist
06,2024-03-30,2024-03-30,1,0.9,847.2503051757812,180.0,mist
06,2024-03-30,2024-03-30,1,0.95,1063.1416015625,180.0,mist
06,2024-03-30,2024-03-30,1,0.975,1277.8673095703125,180.0,mist
06,2024-03-30,2024-03-30,1,0.99,1675.1119384765625,180.0,mist
06,2024-03-30,2024-04-06,2,0.01,0.0,151.0,mist
06,2024-03-30,2024-04-06,2,0.025,0.0,151.0,mist
06,2024-03-30,2024-04-06,2,0.05,0.0,151.0,mist
06,2024-03-30,2024-04-06,2,0.1,0.0,151.0,mist
06,2024-03-30,2024-04-06,2,0.15,4.0540771484375,151.0,mist
06,2024-03-30,2024-04-06,2,0.2,28.3551025390625,151.0,mist
06,2024-03-30,2024-04-06,2,0.25,67.01873779296875,151.0,mist
06,2024-03-30,2024-04-06,2,0.3,101.46881103515625,151.0,mist
06,2024-03-30,2024-04-06,2,0.35,152.2684326171875,151.0,mist
06,2024-03-30,2024-04-06,2,0.4,197.99432373046875,151.0,mist
06,2024-03-30,2024-04-06,2,0.45,201.8402099609375,151.0,mist
06,2024-03-30,2024-04-06,2,0.5,204.01727294921875,151.0,mist
06,2024-03-30,2024-04-06,2,0.55,224.55023193359375,151.0,mist
06,2024-03-30,2024-04-06,2,0.6,313.5760803222656,151.0,mist
06,2024-03-30,2024-04-06,2,0.65,324.61492919921875,151.0,mist
06,2024-03-30,2024-04-06,2,0.7,381.0655212402344,151.0,mist
06,2024-03-30,2024-04-06,2,0.75,411.8016662597656,151.0,mist
06,2024-03-30,2024-04-06,2,0.8,469.2997131347656,151.0,mist
06,2024-03-30,2024-04-06,2,0.85,610.1616821289062,151.0,mist
06,2024-03-30,2024-04-06,2,0.9,792.9606323242188,151.0,mist
06,2024-03-30,2024-04-06,2,0.95,959.6651611328125,151.0,mist
06,2024-03-30,2024-04-06,2,0.975,1191.131591796875,151.0,mist
06,2024-03-30,2024-04-06,2,0.99,1722.1669921875,151.0,mist
06,2024-03-30,2024-04-13,3,0.01,0.0,179.0,mist
06,2024-03-30,2024-04-13,3,0.025,0.0,179.0,mist
06,2024-03-30,2024-04-13,3,0.05,0.0,179.0,mist
06,2024-03-30,2024-04-13,3,0.1,0.0,179.0,mist
06,2024-03-30,2024-04-13,3,0.15,0.0,179.0,mist
06,2024-03-30,2024-04-13,3,0.2,2.65234375,179.0,mist
06,2024-03-30,2024-04-13,3,0.25,63.08905029296875,179.0,mist
06,2024-03-30,2024-04-13,3,0.3,90.50885009765625,179.0,mist
06,2024-03-30,2024-04-13,3,0.35,114.5103759765625,179.0,mist
06,2024-03-30,2024-04-13,3,0.4,182.279296875,179.0,mist
06,2024-03-30,2024-04-13,3,0.45,207.6871337890625,179.0,mist
06,2024-03-30,2024-04-13,3,0.5,214.96435546875,179.0,mist
06,2024-03-30,2024-04-13,3,0.55,221.203857421875,179.0,mist
06,2024-03-30,2024-04-13,3,0.6,348.880859375,179.0,mist
06,2024-03-30,2024-04-13,3,0.65,365.1440124511719,179.0,mist
06,2024-03-30,2024-04-13,3,0.7,407.9044494628906,179.0,mist
06,2024-03-30,2024-04-13,3,0.75,539.9066162109375,179.0,mist
06,2024-03-30,2024-04-13,3,0.8,553.6117553710938,179.0,mist
06,2024-03-30,2024-04-13,3,0.85,748.8008422851562,179.0,mist
06,2024-03-30,2024-04-13,3,0.9,988.451904296875,179.0,mist
06,2024-03-30,2024-04-13,3,0.95,1037.3250732421875,179.0,mist
06,2024-03-30,2024-04-13,3,0.975,1419.093017578125,179.0,mist
06,2024-03-30,2024-04-13,3,0.99,1860.071044921875,179.0,mist
06,2024-03-30,2024-04-20,4,0.01,0.0,157.0,mist
06,2024-03-30,2024-04-20,4,0.025,0.0,157.0,mist
06,2024-03-30,2024-04-20,4,0.05,0.0,157.0,mist
06,2024-03-30,2024-04-20,4,0.1,0.0,157.0,mist
06,2024-03-30,2024-04-20,4,0.15,0.0,157.0,mist
06,2024-03-30,2024-04-20,4,0.2,0.0,157.0,mist
06,2024-03-30,2024-04-20,4,0.25,19.44146728515625,157.0,mist
06,2024-03-30,2024-04-20,4,0.3,99.51324462890625,157.0,mist
06,2024-03-30,2024-04-20,4,0.35,146.70166015625,157.0,mist
06,2024-03-30,2024-04-20,4,0.4,159.95208740234375,157.0,mist
06,2024-03-30,2024-04-20,4,0.45,224.00726318359375,157.0,mist
06,2024-03-30,2024-04-20,4,0.5,286.912109375,157.0,mist
06,2024-03-30,2024-04-20,4,0.55,309.4436950683594,157.0,mist
06,2024-03-30,2024-04-20,4,0.6,375.3832702636719,157.0,mist
06,2024-03-30,2024-04-20,4,0.65,382.05511474609375,157.0,mist
06,2024-03-30,2024-04-20,4,0.7,501.1669616699219,157.0,mist
06,2024-03-30,2024-04-20,4,0.75,506.5731506347656,157.0,mist
06,2024-03-30,2024-04-20,4,0.8,722.1546630859375,157.0,mist
06,2024-03-30,2024-04-20,4,0.85,733.7091674804688,157.0,mist
06,2024-03-30,2024-04-20,4,0.9,1062.7498779296875,157.0,mist
06,2024-03-30,2024-04-20,4,0.95,1461.030517578125,157.0,mist
06,2024-03-30,2024-04-20,4,0.975,2095.4775390625,157.0,mist
06,2024-03-30,2024-04-20,4,0.99,2467.848388671875,157.0,mist
06,2024-04-06,2024-04-06,1,0.01,0.0,151.0,mist
06,2024-04-06,2024-04-06,1,0.025,0.0,151.0,mist
06,2024-04-06,2024-04-06,1,0.05,0.0,151.0,mist
06,2024-04-06,2024-04-06,1,0.1,0.0,151.0,mist
06,2024-04-06,2024-04-06,1,0.15,0.0,151.0,mist
06,2024-04-06,2024-04-06,1,0.2,25.498779296875,151.0,mist
06,2024-04-06,2024-04-06,1,0.25,26.53887939453125,151.0,mist
06,2024-04-06,2024-04-06,1,0.3,50.11029052734375,151.0,mist
06,2024-04-06,2024-04-06,1,0.35,88.8367919921875,151.0,mist
06,2024-04-06,2024-04-06,1,0.4,89.1414794921875,151.0,mist
06,2024-04-06,2024-04-06,1,0.45,90.21875,151.0,mist
06,2024-04-06,2024-04-06,1,0.5,112.01324462890625,151.0,mist
06,2024-04-06,2024-04-06,1,0.55,137.39447021484375,151.0,mist
06,2024-04-06,2024-04-06,1,0.6,162.2559814453125,151.0,mist
06,2024-04-06,2024-04-06,1,0.65,165.68743896484375,151.0,mist
06,2024-04-06,2024-04-06,1,0.7,209.423583984375,151.0,mist
06,2024-04-06,2024-04-06,1,0.75,227.65777587890625,151.0,mist
06,2024-04-06,2024-04-06,1,0.8,274.2352294921875,151.0,mist
06,2024-04-06,2024-04-06,1,0.85,354.5282897949219,151.0,mist
06,2024-04-06,2024-04-06,1,0.9,427.5251770019531,151.0,mist
06,2024-04-06,2024-04-06,1,0.95,610.0776977539062,151.0,mist
06,2024-04-06,2024-04-06,1,0.975,835.890380859375,151.0,mist
06,2024-04-06,2024-04-06,1,0.99,1356.9130859375,151.0,mist
06,2024-04-06,2024-04-13,2,0.01,0.0,179.0,mist
06,2024-04-06,2024-04-13,2,0.025,0.0,179.0,mist
06,2024-04-06,2024-04-13,2,0.05,0.0,179.0,mist
06,2024-04-06,2024-04-13,2,0.1,0.0,179.0,mist
06,2024-04-06,2024-04-13,2,0.15,0.0,179.0,mist
06,2024-04-06,2024-04-13,2,0.2,0.0,179.0,mist
06,2024-04-06,2024-04-13,2,0.25,21.1951904296875,179.0,mist
06,2024-04-06,2024-04-13,2,0.3,25.3875732421875,179.0,mist
06,2024-04-06,2024-04-13,2,0.35,39.14105224609375,179.0,mist
06,2024-04-06,2024-04-13,2,0.4,59.68572998046875,179.0,mist
06,2024-04-06,2024-04-13,2,0.45,61.28948974609375,179.0,mist
06,2024-04-06,2024-04-13,2,0.5,90.9271240234375,179.0,mist
06,2024-04-06,2024-04-13,2,0.55,114.80548095703125,179.0,mist
06,2024-04-06,2024-04-13,2,0.6,118.85809326171875,179.0,mist
06,2024-04-06,2024-04-13,2,0.65,140.919189453125,179.0,mist
06,2024-04-06,2024-04-13,2,0.7,175.1126708984375,179.0,mist
06,2024-04-06,2024-04-13,2,0.75,215.06695556640625,179.0,mist
06,2024-04-06,2024-04-13,2,0.8,246.55303955078125,179.0,mist
06,2024-04-06,2024-04-13,2,0.85,286.3460998535156,179.0,mist
06,2024-04-06,2024-04-13,2,0.9,337.4089660644531,179.0,mist
06,2024-04-06,2024-04-13,2,0.95,481.0546875,179.0,mist
06,2024-04-06,2024-04-13,2,0.975,694.8544921875,179.0,mist
06,2024-04-06,2024-04-13,2,0.99,1124.3983154296875,179.0,mist
06,2024-04-06,2024-04-20,3,0.01,0.0,157.0,mist
06,2024-04-06,2024-04-20,3,0.025,0.0,157.0,mist
06,2024-04-06,2024-04-20,3,0.05,0.0,157.0,mist
06,2024-04-06,2024-04-20,3,0.1,0.0,157.0,mist
06,2024-04-06,2024-04-20,3,0.15,0.0,157.0,mist
06,2024-04-06,2024-04-20,3,0.2,0.0,157.0,mist
06,2024-04-06,2024-04-20,3,0.25,2.04461669921875,157.0,mist
06,2024-04-06,2024-04-20,3,0.3,15.5859375,157.0,mist
06,2024-04-06,2024-04-20,3,0.35,30.1448974609375,157.0,mist
06,2024-04-06,2024-04-20,3,0.4,59.84033203125,157.0,mist
06,2024-04-06,2024-04-20,3,0.45,67.4996337890625,157.0,mist
06,2024-04-06,2024-04-20,3,0.5,85.01727294921875,157.0,mist
06,2024-04-06,2024-04-20,3,0.55,85.42724609375,157.0,mist
06,2024-04-06,2024-04-20,3,0.6,109.3212890625,157.0,mist
06,2024-04-06,2024-04-20,3,0.65,120.910400390625,157.0,mist
06,2024-04-06,2024-04-20,3,0.7,147.2318115234375,157.0,mist
06,2024-04-06,2024-04-20,3,0.75,162.3328857421875,157.0,mist
06,2024-04-06,2024-04-20,3,0.8,227.10992431640625,157.0,mist
06,2024-04-06,2024-04-20,3,0.85,228.27908325195312,157.0,mist
06,2024-04-06,2024-04-20,3,0.9,274.6034851074219,157.0,mist
06,2024-04-06,2024-04-20,3,0.95,398.435302734375,157.0,mist
06,2024-04-06,2024-04-20,3,0.975,686.9278564453125,157.0,mist
06,2024-04-06,2024-04-20,3,0.99,1181.67724609375,157.0,mist
06,2024-04-06,2024-04-27,4,0.01,0.0,156.0,mist
06,2024-04-06,2024-04-27,4,0.025,0.0,156.0,mist
06,2024-04-06,2024-04-27,4,0.05,0.0,156.0,mist
06,2024-04-06,2024-04-27,4,0.1,0.0,156.0,mist
06,2024-04-06,2024-04-27,4,0.15,0.0,156.0,mist
06,2024-04-06,2024-04-27,4,0.2,0.0,156.0,mist
06,2024-04-06,2024-04-27,4,0.25,0.0,156.0,mist
06,2024-04-06,2024-04-27,4,0.3,0.0,156.0,mist
06,2024-04-06,2024-04-27,4,0.35,0.0,156.0,mist
06,2024-04-06,2024-04-27,4,0.4,18.885986328125,156.0,mist
06,2024-04-06,2024-04-27,4,0.45,27.11737060546875,156.0,mist
06,2024-04-06,2024-04-27,4,0.5,47.31201171875,156.0,mist
06,2024-04-06,2024-04-27,4,0.55,75.5809326171875,156.0,mist
06,2024-04-06,2024-04-27,4,0.6,78.11553955078125,156.0,mist
06,2024-04-06,2024-04-27,4,0.65,113.58416748046875,156.0,mist
06,2024-04-06,2024-04-27,4,0.7,131.9825439453125,156.0,mist
06,2024-04-06,2024-04-27,4,0.75,163.48193359375,156.0,mist
06,2024-04-06,2024-04-27,4,0.8,165.7044677734375,156.0,mist
06,2024-04-06,2024-04-27,4,0.85,216.68994140625,156.0,mist
06,2024-04-06,2024-04-27,4,0.9,304.55804443359375,156.0,mist
06,2024-04-06,2024-04-27,4,0.95,477.31072998046875,156.0,mist
06,2024-04-06,2024-04-27,4,0.975,1176.1611328125,156.0,mist
06,2024-04-06,2024-04-27,4,0.99,1410.59765625,156.0,mist
06,2024-04-13,2024-04-13,1,0.01,0.0,179.0,mist
06,2024-04-13,2024-04-13,1,0.025,0.0,179.0,mist
06,2024-04-13,2024-04-13,1,0.05,0.0,179.0,mist
06,2024-04-13,2024-04-13,1,0.1,0.0,179.0,mist
06,2024-04-13,2024-04-13,1,0.15,0.0,179.0,mist
06,2024-04-13,2024-04-13,1,0.2,0.0,179.0,mist
06,2024-04-13,2024-04-13,1,0.25,13.48193359375,179.0,mist
06,2024-04-13,2024-04-13,1,0.3,15.6263427734375,179.0,mist
06,2024-04-13,2024-04-13,1,0.35,34.5517578125,179.0,mist
06,2024-04-13,2024-04-13,1,0.4,34.75372314453125,179.0,mist
06,2024-04-13,2024-04-13,1,0.45,43.03759765625,179.0,mist
06,2024-04-13,2024-04-13,1,0.5,56.9493408203125,179.0,mist
06,2024-04-13,2024-04-13,1,0.55,86.44671630859375,179.0,mist
06,2024-04-13,2024-04-13,1,0.6,86.90338134765625,179.0,mist
06,2024-04-13,2024-04-13,1,0.65,118.31878662109375,179.0,mist
06,2024-04-13,2024-04-13,1,0.7,136.47662353515625,179.0,mist
06,2024-04-13,2024-04-13,1,0.75,156.93194580078125,179.0,mist
06,2024-04-13,2024-04-13,1,0.8,190.12490844726562,179.0,mist
06,2024-04-13,2024-04-13,1,0.85,267.1661071777344,179.0,mist
06,2024-04-13,2024-04-13,1,0.9,306.7603454589844,179.0,mist
06,2024-04-13,2024-04-13,1,0.95,466.0999755859375,179.0,mist
06,2024-04-13,2024-04-13,1,0.975,699.0916748046875,179.0,mist
06,2024-04-13,2024-04-13,1,0.99,1230.7017822265625,179.0,mist
06,2024-04-13,2024-04-20,2,0.01,0.0,157.0,mist
06,2024-04-13,2024-04-20,2,0.025,0.0,157.0,mist
06,2024-04-13,2024-04-20,2,0.05,0.0,157.0,mist
06,2024-04-13,2024-04-20,2,0.1,0.0,157.0,mist
06,2024-04-13,2024-04-20,2,0.15,0.0,157.0,mist
06,2024-04-13,2024-04-20,2,0.2,0.0,157.0,mist
06,2024-04-13,2024-04-20,2,0.25,0.0,157.0,mist
06,2024-04-13,2024-04-20,2,0.3,0.0,157.0,mist
06,2024-04-13,2024-04-20,2,0.35,3.07269287109375,157.0,mist
06,2024-04-13,2024-04-20,2,0.4,12.2291259765625,157.0,mist
06,2024-04-13,2024-04-20,2,0.45,13.17877197265625,157.0,mist
06,2024-04-13,2024-04-20,2,0.5,44.61810302734375,157.0,mist
06,2024-04-13,2024-04-20,2,0.55,50.420166015625,157.0,mist
06,2024-04-13,2024-04-20,2,0.6,83.975830078125,157.0,mist
06,2024-04-13,2024-04-20,2,0.65,104.94287109375,157.0,mist
06,2024-04-13,2024-04-20,2,0.7,122.22357177734375,157.0,mist
06,2024-04-13,2024-04-20,2,0.75,160.2955322265625,157.0,mist
06,2024-04-13,2024-04-20,2,0.8,179.24148559570312,157.0,mist
06,2024-04-13,2024-04-20,2,0.85,209.76675415039062,157.0,mist
06,2024-04-13,2024-04-20,2,0.9,216.0968017578125,157.0,mist
06,2024-04-13,2024-04-20,2,0.95,353.1873779296875,157.0,mist
06,2024-04-13,2024-04-20,2,0.975,533.057861328125,157.0,mist
06,2024-04-13,2024-04-20,2,0.99,930.9163208007812,157.0,mist
06,2024-04-13,2024-04-27,3,0.01,0.0,156.0,mist
06,2024-04-13,2024-04-27,3,0.025,0.0,156.0,mist
06,2024-04-13,2024-04-27,3,0.05,0.0,156.0,mist
06,2024-04-13,2024-04-27,3,0.1,0.0,156.0,mist
06,2024-04-13,2024-04-27,3,0.15,0.0,156.0,mist
06,2024-04-13,2024-04-27,3,0.2,0.0,156.0,mist
06,2024-04-13,2024-04-27,3,0.25,0.0,156.0,mist
06,2024-04-13,2024-04-27,3,0.3,0.0,156.0,mist
06,2024-04-13,2024-04-27,3,0.35,0.0,156.0,mist
06,2024-04-13,2024-04-27,3,0.4,23.87725830078125,156.0,mist
06,2024-04-13,2024-04-27,3,0.45,28.16839599609375,156.0,mist
06,2024-04-13,2024-04-27,3,0.5,31.99298095703125,156.0,mist
06,2024-04-13,2024-04-27,3,0.55,51.04412841796875,156.0,mist
06,2024-04-13,2024-04-27,3,0.6,54.28082275390625,156.0,mist
06,2024-04-13,2024-04-27,3,0.65,54.93121337890625,156.0,mist
06,2024-04-13,2024-04-27,3,0.7,65.4677734375,156.0,mist
06,2024-04-13,2024-04-27,3,0.75,72.2576904296875,156.0,mist
06,2024-04-13,2024-04-27,3,0.8,88.3857421875,156.0,mist
06,2024-04-13,2024-04-27,3,0.85,112.7978515625,156.0,mist
06,2024-04-13,2024-04-27,3,0.9,145.9765625,156.0,mist
06,2024-04-13,2024-04-27,3,0.95,253.34909057617188,156.0,mist
06,2024-04-13,2024-04-27,3,0.975,483.93212890625,156.0,mist
06,2024-04-13,2024-04-27,3,0.99,1006.943603515625,156.0,mist
06,2024-04-13,2024-05-04,4,0.01,0.0,77.0,mist
06,2024-04-13,2024-05-04,4,0.025,0.0,77.0,mist
06,2024-04-13,2024-05-04,4,0.05,0.0,77.0,mist
06,2024-04-13,2024-05-04,4,0.1,0.0,77.0,mist
06,2024-04-13,2024-05-04,4,0.15,0.0,77.0,mist
06,2024-04-13,2024-05-04,4,0.2,0.0,77.0,mist
06,2024-04-13,2024-05-04,4,0.25,0.0,77.0,mist
06,2024-04-13,2024-05-04,4,0.3,0.0,77.0,mist
06,2024-04-13,2024-05-04,4,0.35,0.0,77.0,mist
06,2024-04-13,2024-05-04,4,0.4,0.0,77.0,mist
06,2024-04-13,2024-05-04,4,0.45,0.0,77.0,mist
06,2024-04-13,2024-05-04,4,0.5,6.79168701171875,77.0,mist
06,2024-04-13,2024-05-04,4,0.55,11.3778076171875,77.0,mist
06,2024-04-13,2024-05-04,4,0.6,34.65765380859375,77.0,mist
06,2024-04-13,2024-05-04,4,0.65,36.0087890625,77.0,mist
06,2024-04-13,2024-05-04,4,0.7,50.2818603515625,77.0,mist
06,2024-04-13,2024-05-04,4,0.75,57.8365478515625,77.0,mist
06,2024-04-13,2024-05-04,4,0.8,88.88037109375,77.0,mist
06,2024-04-13,2024-05-04,4,0.85,111.8602294921875,77.0,mist
06,2024-04-13,2024-05-04,4,0.9,130.53131103515625,77.0,mist
06,2024-04-13,2024-05-04,4,0.95,229.13690185546875,77.0,mist
06,2024-04-13,2024-05-04,4,0.975,914.8934326171875,77.0,mist
06,2024-04-13,2024-05-04,4,0.99,1091.528564453125,77.0,mist
06,2024-04-20,2024-04-20,1,0.01,0.0,157.0,mist
06,2024-04-20,2024-04-20,1,0.025,0.0,157.0,mist
06,2024-04-20,2024-04-20,1,0.05,0.0,157.0,mist
06,2024-04-20,2024-04-20,1,0.1,10.02490234375,157.0,mist
06,2024-04-20,2024-04-20,1,0.15,17.7647705078125,157.0,mist
06,2024-04-20,2024-04-20,1,0.2,22.9169921875,157.0,mist
06,2024-04-20,2024-04-20,1,0.25,54.357421875,157.0,mist
06,2024-04-20,2024-04-20,1,0.3,58.168701171875,157.0,mist
06,2024-04-20,2024-04-20,1,0.35,58.86553955078125,157.0,mist
06,2024-04-20,2024-04-20,1,0.4,64.29437255859375,157.0,mist
06,2024-04-20,2024-04-20,1,0.45,66.16558837890625,157.0,mist
06,2024-04-20,2024-04-20,1,0.5,97.39996337890625,157.0,mist
06,2024-04-20,2024-04-20,1,0.55,101.348388671875,157.0,mist
06,2024-04-20,2024-04-20,1,0.6,110.08712768554688,157.0,mist
06,2024-04-20,2024-04-20,1,0.65,138.5828857421875,157.0,mist
06,2024-04-20,2024-04-20,1,0.7,145.3695068359375,157.0,mist
06,2024-04-20,2024-04-20,1,0.75,173.3082275390625,157.0,mist
06,2024-04-20,2024-04-20,1,0.8,181.76547241210938,157.0,mist
06,2024-04-20,2024-04-20,1,0.85,242.59844970703125,157.0,mist
06,2024-04-20,2024-04-20,1,0.9,266.14764404296875,157.0,mist
06,2024-04-20,2024-04-20,1,0.95,372.591796875,157.0,mist
06,2024-04-20,2024-04-20,1,0.975,567.735595703125,157.0,mist
06,2024-04-20,2024-04-20,1,0.99,1010.2091064453125,157.0,mist
06,2024-04-20,2024-04-27,2,0.01,0.0,156.0,mist
06,2024-04-20,2024-04-27,2,0.025,0.0,156.0,mist
06,2024-04-20,2024-04-27,2,0.05,0.0,156.0,mist
06,2024-04-20,2024-04-27,2,0.1,0.0,156.0,mist
06,2024-04-20,2024-04-27,2,0.15,0.0,156.0,mist
06,2024-04-20,2024-04-27,2,0.2,6.82196044921875,156.0,mist
06,2024-04-20,2024-04-27,2,0.25,27.4515380859375,156.0,mist
06,2024-04-20,2024-04-27,2,0.3,38.44903564453125,156.0,mist
06,2024-04-20,2024-04-27,2,0.35,40.25714111328125,156.0,mist
06,2024-04-20,2024-04-27,2,0.4,40.86865234375,156.0,mist
06,2024-04-20,2024-04-27,2,0.45,55.17034912109375,156.0,mist
06,2024-04-20,2024-04-27,2,0.5,78.28524780273438,156.0,mist
06,2024-04-20,2024-04-27,2,0.55,82.67807006835938,156.0,mist
06,2024-04-20,2024-04-27,2,0.6,121.13162231445312,156.0,mist
06,2024-04-20,2024-04-27,2,0.65,123.14797973632812,156.0,mist
06,2024-04-20,2024-04-27,2,0.7,129.95330810546875,156.0,mist
06,2024-04-20,2024-04-27,2,0.75,152.64926147460938,156.0,mist
06,2024-04-20,2024-04-27,2,0.8,159.934814453125,156.0,mist
06,2024-04-20,2024-04-27,2,0.85,178.58712768554688,156.0,mist
06,2024-04-20,2024-04-27,2,0.9,224.94854736328125,156.0,mist
06,2024-04-20,2024-04-27,2,0.95,283.5295104980469,156.0,mist
06,2024-04-20,2024-04-27,2,0.975,419.06536865234375,156.0,mist
06,2024-04-20,2024-04-27,2,0.99,750.5867309570312,156.0,mist
06,2024-04-20,2024-05-04,3,0.01,0.0,77.0,mist
06,2024-04-20,2024-05-04,3,0.025,0.0,77.0,mist
06,2024-04-20,2024-05-04,3,0.05,0.0,77.0,mist
06,2024-04-20,2024-05-04,3,0.1,0.0,77.0,mist
06,2024-04-20,2024-05-04,3,0.15,0.0,77.0,mist
06,2024-04-20,2024-05-04,3,0.2,0.0,77.0,mist
06,2024-04-20,2024-05-04,3,0.25,9.72283935546875,77.0,mist
06,2024-04-20,2024-05-04,3,0.3,20.3944091796875,77.0,mist
06,2024-04-20,2024-05-04,3,0.35,38.5360107421875,77.0,mist
06,2024-04-20,2024-05-04,3,0.4,42.60821533203125,77.0,mist
06,2024-04-20,2024-05-04,3,0.45,54.4537353515625,77.0,mist
06,2024-04-20,2024-05-04,3,0.5,59.4952392578125,77.0,mist
06,2024-04-20,2024-05-04,3,0.55,66.7947998046875,77.0,mist
06,2024-04-20,2024-05-04,3,0.6,69.82858276367188,77.0,mist
06,2024-04-20,2024-05-04,3,0.65,81.41058349609375,77.0,mist
06,2024-04-20,2024-05-04,3,0.7,81.45791625976562,77.0,mist
06,2024-04-20,2024-05-04,3,0.75,84.74276733398438,77.0,mist
06,2024-04-20,2024-05-04,3,0.8,93.17059326171875,77.0,mist
06,2024-04-20,2024-05-04,3,0.85,95.04159545898438,77.0,mist
06,2024-04-20,2024-05-04,3,0.9,117.906982421875,77.0,mist
06,2024-04-20,2024-05-04,3,0.95,201.1842041015625,77.0,mist
06,2024-04-20,2024-05-04,3,0.975,364.54095458984375,77.0,mist
06,2024-04-20,2024-05-04,3,0.99,788.81005859375,77.0,mist
06,2024-04-20,2024-05-11,4,0.01,0.0,49.0,mist
06,2024-04-20,2024-05-11,4,0.025,0.0,49.0,mist
06,2024-04-20,2024-05-11,4,0.05,0.0,49.0,mist
06,2024-04-20,2024-05-11,4,0.1,0.0,49.0,mist
06,2024-04-20,2024-05-11,4,0.15,0.0,49.0,mist
06,2024-04-20,2024-05-11,4,0.2,0.0,49.0,mist
06,2024-04-20,2024-05-11,4,0.25,3.3572998046875,49.0,mist
06,2024-04-20,2024-05-11,4,0.3,3.9786376953125,49.0,mist
06,2024-04-20,2024-05-11,4,0.35,8.4940185546875,49.0,mist
06,2024-04-20,2024-05-11,4,0.4,20.18145751953125,49.0,mist
06,2024-04-20,2024-05-11,4,0.45,21.40960693359375,49.0,mist
06,2024-04-20,2024-05-11,4,0.5,32.01593017578125,49.0,mist
06,2024-04-20,2024-05-11,4,0.55,37.66888427734375,49.0,mist
06,2024-04-20,2024-05-11,4,0.6,37.7061767578125,49.0,mist
06,2024-04-20,2024-05-11,4,0.65,56.4027099609375,49.0,mist
06,2024-04-20,2024-05-11,4,0.7,62.61468505859375,49.0,mist
06,2024-04-20,2024-05-11,4,0.75,71.37258911132812,49.0,mist
06,2024-04-20,2024-05-11,4,0.8,80.84207153320312,49.0,mist
06,2024-04-20,2024-05-11,4,0.85,92.82015991210938,49.0,mist
06,2024-04-20,2024-05-11,4,0.9,111.0767822265625,49.0,mist
06,2024-04-20,2024-05-11,4,0.95,136.00616455078125,49.0,mist
06,2024-04-20,2024-05-11,4,0.975,694.4790649414062,49.0,mist
06,2024-04-20,2024-05-11,4,0.99,816.3975219726562,49.0,mist
06,2024-04-27,2024-04-27,1,0.01,0.0,156.0,mist
06,2024-04-27,2024-04-27,1,0.025,0.0,156.0,mist
06,2024-04-27,2024-04-27,1,0.05,0.0,156.0,mist
06,2024-04-27,2024-04-27,1,0.1,14.767608642578125,156.0,mist
06,2024-04-27,2024-04-27,1,0.15,20.691192626953125,156.0,mist
06,2024-04-27,2024-04-27,1,0.2,25.1339111328125,156.0,mist
06,2024-04-27,2024-04-27,1,0.25,48.94207763671875,156.0,mist
06,2024-04-27,2024-04-27,1,0.3,51.108245849609375,156.0,mist
06,2024-04-27,2024-04-27,1,0.35,54.219207763671875,156.0,mist
06,2024-04-27,2024-04-27,1,0.4,59.008575439453125,156.0,mist
06,2024-04-27,2024-04-27,1,0.45,59.53265380859375,156.0,mist
06,2024-04-27,2024-04-27,1,0.5,84.45281982421875,156.0,mist
06,2024-04-27,2024-04-27,1,0.55,89.06967163085938,156.0,mist
06,2024-04-27,2024-04-27,1,0.6,96.70486450195312,156.0,mist
06,2024-04-27,2024-04-27,1,0.65,121.87646484375,156.0,mist
06,2024-04-27,2024-04-27,1,0.7,121.92578125,156.0,mist
06,2024-04-27,2024-04-27,1,0.75,145.90707397460938,156.0,mist
06,2024-04-27,2024-04-27,1,0.8,154.04263305664062,156.0,mist
06,2024-04-27,2024-04-27,1,0.85,203.38247680664062,156.0,mist
06,2024-04-27,2024-04-27,1,0.9,219.9838409423828,156.0,mist
06,2024-04-27,2024-04-27,1,0.95,311.48272705078125,156.0,mist
06,2024-04-27,2024-04-27,1,0.975,465.5877990722656,156.0,mist
06,2024-04-27,2024-04-27,1,0.99,819.7540283203125,156.0,mist
06,2024-04-27,2024-05-04,2,0.01,0.0,77.0,mist
06,2024-04-27,2024-05-04,2,0.025,0.0,77.0,mist
06,2024-04-27,2024-05-04,2,0.05,0.0,77.0,mist
06,2024-04-27,2024-05-04,2,0.1,0.0,77.0,mist
06,2024-04-27,2024-05-04,2,0.15,0.0,77.0,mist
06,2024-04-27,2024-05-04,2,0.2,10.426422119140625,77.0,mist
06,2024-04-27,2024-05-04,2,0.25,29.01129150390625,77.0,mist
06,2024-04-27,2024-05-04,2,0.3,37.837860107421875,77.0,mist
06,2024-04-27,2024-05-04,2,0.35,40.3382568359375,77.0,mist
06,2024-04-27,2024-05-04,2,0.4,40.381072998046875,77.0,mist
06,2024-04-27,2024-05-04,2,0.45,51.231170654296875,77.0,mist
06,2024-04-27,2024-05-04,2,0.5,70.74990844726562,77.0,mist
06,2024-04-27,2024-05-04,2,0.55,73.6483154296875,77.0,mist
06,2024-04-27,2024-05-04,2,0.6,102.13021850585938,77.0,mist
06,2024-04-27,2024-05-04,2,0.65,107.78579711914062,77.0,mist
06,2024-04-27,2024-05-04,2,0.7,109.54318237304688,77.0,mist
06,2024-04-27,2024-05-04,2,0.75,134.82449340820312,77.0,mist
06,2024-04-27,2024-05-04,2,0.8,141.16778564453125,77.0,mist
06,2024-04-27,2024-05-04,2,0.85,147.9869384765625,77.0,mist
06,2024-04-27,2024-05-04,2,0.9,183.45535278320312,77.0,mist
06,2024-04-27,2024-05-04,2,0.95,237.8720245361328,77.0,mist
06,2024-04-27,2024-05-04,2,0.975,351.6790771484375,77.0,mist
06,2024-04-27,2024-05-04,2,0.99,614.2789306640625,77.0,mist
06,2024-04-27,2024-05-11,3,0.01,0.0,49.0,mist
06,2024-04-27,2024-05-11,3,0.025,0.0,49.0,mist
06,2024-04-27,2024-05-11,3,0.05,0.0,49.0,mist
06,2024-04-27,2024-05-11,3,0.1,0.0,49.0,mist
06,2024-04-27,2024-05-11,3,0.15,0.0,49.0,mist
06,2024-04-27,2024-05-11,3,0.2,5.98712158203125,49.0,mist
06,2024-04-27,2024-05-11,3,0.25,16.668914794921875,49.0,mist
06,2024-04-27,2024-05-11,3,0.3,21.043731689453125,49.0,mist
06,2024-04-27,2024-05-11,3,0.35,39.5347900390625,49.0,mist
06,2024-04-27,2024-05-11,3,0.4,42.111175537109375,49.0,mist
06,2024-04-27,2024-05-11,3,0.45,55.197265625,49.0,mist
06,2024-04-27,2024-05-11,3,0.5,57.144989013671875,49.0,mist
06,2024-04-27,2024-05-11,3,0.55,61.394439697265625,49.0,mist
06,2024-04-27,2024-05-11,3,0.6,63.73944091796875,49.0,mist
06,2024-04-27,2024-05-11,3,0.65,72.9580078125,49.0,mist
06,2024-04-27,2024-05-11,3,0.7,73.59457397460938,49.0,mist
06,2024-04-27,2024-05-11,3,0.75,75.823974609375,49.0,mist
06,2024-04-27,2024-05-11,3,0.8,80.29534912109375,49.0,mist
06,2024-04-27,2024-05-11,3,0.85,83.84307861328125,49.0,mist
06,2024-04-27,2024-05-11,3,0.9,106.17996215820312,49.0,mist
06,2024-04-27,2024-05-11,3,0.95,172.82684326171875,49.0,mist
06,2024-04-27,2024-05-11,3,0.975,304.30157470703125,49.0,mist
06,2024-04-27,2024-05-11,3,0.99,649.7108764648438,49.0,mist
06,2024-04-27,2024-05-18,4,0.01,0.0,57.0,mist
06,2024-04-27,2024-05-18,4,0.025,0.0,57.0,mist
06,2024-04-27,2024-05-18,4,0.05,0.0,57.0,mist
06,2024-04-27,2024-05-18,4,0.1,0.0,57.0,mist
06,2024-04-27,2024-05-18,4,0.15,0.0,57.0,mist
06,2024-04-27,2024-05-18,4,0.2,0.0,57.0,mist
06,2024-04-27,2024-05-18,4,0.25,11.52850341796875,57.0,mist
06,2024-04-27,2024-05-18,4,0.3,13.2802734375,57.0,mist
06,2024-04-27,2024-05-18,4,0.35,14.946685791015625,57.0,mist
06,2024-04-27,2024-05-18,4,0.4,20.41351318359375,57.0,mist
06,2024-04-27,2024-05-18,4,0.45,24.57012939453125,57.0,mist
06,2024-04-27,2024-05-18,4,0.5,32.8636474609375,57.0,mist
06,2024-04-27,2024-05-18,4,0.55,39.066375732421875,57.0,mist
06,2024-04-27,2024-05-18,4,0.6,39.562652587890625,57.0,mist
06,2024-04-27,2024-05-18,4,0.65,51.03033447265625,57.0,mist
06,2024-04-27,2024-05-18,4,0.7,55.2655029296875,57.0,mist
06,2024-04-27,2024-05-18,4,0.75,64.4552001953125,57.0,mist
06,2024-04-27,2024-05-18,4,0.8,75.91241455078125,57.0,mist
06,2024-04-27,2024-05-18,4,0.85,82.91061401367188,57.0,mist
06,2024-04-27,2024-05-18,4,0.9,96.3656005859375,57.0,mist
06,2024-04-27,2024-05-18,4,0.95,124.94921875,57.0,mist
06,2024-04-27,2024-05-18,4,0.975,572.5098266601562,57.0,mist
06,2024-04-27,2024-05-18,4,0.99,673.2432861328125,57.0,mist
36,2023-11-04,2023-11-04,1,0.01,2.104124069213867,56.0,mist
36,2023-11-04,2023-11-04,1,0.025,20.317197799682617,56.0,mist
36,2023-11-04,2023-11-04,1,0.05,28.40100860595703,56.0,mist
36,2023-11-04,2023-11-04,1,0.1,33.59357833862305,56.0,mist
36,2023-11-04,2023-11-04,1,0.15,41.17639923095703,56.0,mist
36,2023-11-04,2023-11-04,1,0.2,41.442569732666016,56.0,mist
36,2023-11-04,2023-11-04,1,0.25,46.880462646484375,56.0,mist
36,2023-11-04,2023-11-04,1,0.3,50.77159881591797,56.0,mist
36,2023-11-04,2023-11-04,1,0.35,52.50079345703125,56.0,mist
36,2023-11-04,2023-11-04,1,0.4,60.47080993652344,56.0,mist
36,2023-11-04,2023-11-04,1,0.45,61.29767990112305,56.0,mist
36,2023-11-04,2023-11-04,1,0.5,64.24259948730469,56.0,mist
36,2023-11-04,2023-11-04,1,0.55,66.43478393554688,56.0,mist
36,2023-11-04,2023-11-04,1,0.6,68.0595932006836,56.0,mist
36,2023-11-04,2023-11-04,1,0.65,76.07406616210938,56.0,mist
36,2023-11-04,2023-11-04,1,0.7,77.61280822753906,56.0,mist
36,2023-11-04,2023-11-04,1,0.75,85.959228515625,56.0,mist
36,2023-11-04,2023-11-04,1,0.8,89.84832763671875,56.0,mist
36,2023-11-04,2023-11-04,1,0.85,100.84207153320312,56.0,mist
36,2023-11-04,2023-11-04,1,0.9,109.43362426757812,56.0,mist
36,2023-11-04,2023-11-04,1,0.95,128.2173309326172,56.0,mist
36,2023-11-04,2023-11-04,1,0.975,147.71823120117188,56.0,mist
36,2023-11-04,2023-11-04,1,0.99,148.16482543945312,56.0,mist
36,2023-11-04,2023-11-11,2,0.01,0.0,88.0,mist
36,2023-11-04,2023-11-11,2,0.025,4.933000564575195,88.0,mist
36,2023-11-04,2023-11-11,2,0.05,33.73697280883789,88.0,mist
36,2023-11-04,2023-11-11,2,0.1,42.75384521484375,88.0,mist
36,2023-11-04,2023-11-11,2,0.15,49.38622283935547,88.0,mist
36,2023-11-04,2023-11-11,2,0.2,56.88726043701172,88.0,mist
36,2023-11-04,2023-11-11,2,0.25,62.56938552856445,88.0,mist
36,2023-11-04,2023-11-11,2,0.3,69.9661865234375,88.0,mist
36,2023-11-04,2023-11-11,2,0.35,70.42080688476562,88.0,mist
36,2023-11-04,2023-11-11,2,0.4,77.06147003173828,88.0,mist
36,2023-11-04,2023-11-11,2,0.45,82.60212707519531,88.0,mist
36,2023-11-04,2023-11-11,2,0.5,87.4289779663086,88.0,mist
36,2023-11-04,2023-11-11,2,0.55,96.28389739990234,88.0,mist
36,2023-11-04,2023-11-11,2,0.6,99.55899047851562,88.0,mist
36,2023-11-04,2023-11-11,2,0.65,107.41352081298828,88.0,mist
36,2023-11-04,2023-11-11,2,0.7,112.07564544677734,88.0,mist
36,2023-11-04,2023-11-11,2,0.75,122.15316009521484,88.0,mist
36,2023-11-04,2023-11-11,2,0.8,131.49195861816406,88.0,mist
36,2023-11-04,2023-11-11,2,0.85,144.78663635253906,88.0,mist
36,2023-11-04,2023-11-11,2,0.9,164.7555389404297,88.0,mist
36,2023-11-04,2023-11-11,2,0.95,189.5431671142578,88.0,mist
36,2023-11-04,2023-11-11,2,0.975,204.82521057128906,88.0,mist
36,2023-11-04,2023-11-11,2,0.99,220.7558135986328,88.0,mist
36,2023-11-04,2023-11-18,3,0.01,0.0,123.0,mist
36,2023-11-04,2023-11-18,3,0.025,17.806968688964844,123.0,mist
36,2023-11-04,2023-11-18,3,0.05,40.83603286743164,123.0,mist
36,2023-11-04,2023-11-18,3,0.1,51.944271087646484,123.0,mist
36,2023-11-04,2023-11-18,3,0.15,61.253028869628906,123.0,mist
36,2023-11-04,2023-11-18,3,0.2,71.38733673095703,123.0,mist
36,2023-11-04,2023-11-18,3,0.25,80.52202606201172,123.0,mist
36,2023-11-04,2023-11-18,3,0.3,84.57632446289062,123.0,mist
36,2023-11-04,2023-11-18,3,0.35,92.08340454101562,123.0,mist
36,2023-11-04,2023-11-18,3,0.4,97.07760620117188,123.0,mist
36,2023-11-04,2023-11-18,3,0.45,106.42647552490234,123.0,mist
36,2023-11-04,2023-11-18,3,0.5,112.80167388916016,123.0,mist
36,2023-11-04,2023-11-18,3,0.55,123.08785247802734,123.0,mist
36,2023-11-04,2023-11-18,3,0.6,130.44224548339844,123.0,mist
36,2023-11-04,2023-11-18,3,0.65,140.04205322265625,123.0,mist
36,2023-11-04,2023-11-18,3,0.7,155.79034423828125,123.0,mist
36,2023-11-04,2023-11-18,3,0.75,166.6697998046875,123.0,mist
36,2023-11-04,2023-11-18,3,0.8,186.67828369140625,123.0,mist
36,2023-11-04,2023-11-18,3,0.85,205.0040740966797,123.0,mist
36,2023-11-04,2023-11-18,3,0.9,229.0113983154297,123.0,mist
36,2023-11-04,2023-11-18,3,0.95,275.84576416015625,123.0,mist
36,2023-11-04,2023-11-18,3,0.975,276.7992858886719,123.0,mist
36,2023-11-04,2023-11-18,3,0.99,299.2384338378906,123.0,mist
36,2023-11-04,2023-11-25,4,0.01,0.0,176.0,mist
36,2023-11-04,2023-11-25,4,0.025,10.927467346191406,176.0,mist
36,2023-11-04,2023-11-25,4,0.05,40.36433410644531,176.0,mist
36,2023-11-04,2023-11-25,4,0.1,53.80476379394531,176.0,mist
36,2023-11-04,2023-11-25,4,0.15,61.14480209350586,176.0,mist
36,2023-11-04,2023-11-25,4,0.2,69.60714721679688,176.0,mist
36,2023-11-04,2023-11-25,4,0.25,85.71157836914062,176.0,mist
36,2023-11-04,2023-11-25,4,0.3,95.60350799560547,176.0,mist
36,2023-11-04,2023-11-25,4,0.35,105.07686614990234,176.0,mist
36,2023-11-04,2023-11-25,4,0.4,118.4424819946289,176.0,mist
36,2023-11-04,2023-11-25,4,0.45,130.21421813964844,176.0,mist
36,2023-11-04,2023-11-25,4,0.5,136.26821899414062,176.0,mist
36,2023-11-04,2023-11-25,4,0.55,154.98004150390625,176.0,mist
36,2023-11-04,2023-11-25,4,0.6,172.74732971191406,176.0,mist
36,2023-11-04,2023-11-25,4,0.65,182.906982421875,176.0,mist
36,2023-11-04,2023-11-25,4,0.7,202.99427795410156,176.0,mist
36,2023-11-04,2023-11-25,4,0.75,216.9795684814453,176.0,mist
36,2023-11-04,2023-11-25,4,0.8,250.2246856689453,176.0,mist
36,2023-11-04,2023-11-25,4,0.85,270.71282958984375,176.0,mist
36,2023-11-04,2023-11-25,4,0.9,291.10174560546875,176.0,mist
36,2023-11-04,2023-11-25,4,0.95,301.7040710449219,176.0,mist
36,2023-11-04,2023-11-25,4,0.975,331.2467346191406,176.0,mist
36,2023-11-04,2023-11-25,4,0.99,365.0106506347656,176.0,mist
36,2023-11-11,2023-11-11,1,0.01,11.74874496459961,88.0,mist
36,2023-11-11,2023-11-11,1,0.025,34.51972579956055,88.0,mist
36,2023-11-11,2023-11-11,1,0.05,42.532283782958984,88.0,mist
36,2023-11-11,2023-11-11,1,0.1,51.53044891357422,88.0,mist
36,2023-11-11,2023-11-11,1,0.15,61.74797821044922,88.0,mist
36,2023-11-11,2023-11-11,1,0.2,63.59162902832031,88.0,mist
36,2023-11-11,2023-11-11,1,0.25,68.00094604492188,88.0,mist
36,2023-11-11,2023-11-11,1,0.3,71.56047058105469,88.0,mist
36,2023-11-11,2023-11-11,1,0.35,76.55441284179688,88.0,mist
36,2023-11-11,2023-11-11,1,0.4,84.337646484375,88.0,mist
36,2023-11-11,2023-11-11,1,0.45,86.60032653808594,88.0,mist
36,2023-11-11,2023-11-11,1,0.5,88.36006164550781,88.0,mist
36,2023-11-11,2023-11-11,1,0.55,92.8077392578125,88.0,mist
36,2023-11-11,2023-11-11,1,0.6,96.88261413574219,88.0,mist
36,2023-11-11,2023-11-11,1,0.65,104.5930404663086,88.0,mist
36,2023-11-11,2023-11-11,1,0.7,110.0377426147461,88.0,mist
36,2023-11-11,2023-11-11,1,0.75,117.93829345703125,88.0,mist
36,2023-11-11,2023-11-11,1,0.8,120.55250549316406,88.0,mist
36,2023-11-11,2023-11-11,1,0.85,135.76602172851562,88.0,mist
36,2023-11-11,2023-11-11,1,0.9,149.6673583984375,88.0,mist
36,2023-11-11,2023-11-11,1,0.95,174.02745056152344,88.0,mist
36,2023-11-11,2023-11-11,1,0.975,196.33123779296875,88.0,mist
36,2023-11-11,2023-11-11,1,0.99,201.95574951171875,88.0,mist
36,2023-11-11,2023-11-18,2,0.01,0.0,123.0,mist
36,2023-11-11,2023-11-18,2,0.025,9.10234260559082,123.0,mist
36,2023-11-11,2023-11-18,2,0.05,52.205657958984375,123.0,mist
36,2023-11-11,2023-11-18,2,0.1,62.96076965332031,123.0,mist
36,2023-11-11,2023-11-18,2,0.15,75.04995727539062,123.0,mist
36,2023-11-11,2023-11-18,2,0.2,83.83211517333984,123.0,mist
36,2023-11-11,2023-11-18,2,0.25,93.059814453125,123.0,mist
36,2023-11-11,2023-11-18,2,0.3,100.08024597167969,123.0,mist
36,2023-11-11,2023-11-18,2,0.35,104.87276458740234,123.0,mist
36,2023-11-11,2023-11-18,2,0.4,112.52094268798828,123.0,mist
36,2023-11-11,2023-11-18,2,0.45,117.9896011352539,123.0,mist
36,2023-11-11,2023-11-18,2,0.5,127.614013671875,123.0,mist
36,2023-11-11,2023-11-18,2,0.55,143.3201904296875,123.0,mist
36,2023-11-11,2023-11-18,2,0.6,144.04144287109375,123.0,mist
36,2023-11-11,2023-11-18,2,0.65,154.30841064453125,123.0,mist
36,2023-11-11,2023-11-18,2,0.7,164.9287109375,123.0,mist
36,2023-11-11,2023-11-18,2,0.75,176.92913818359375,123.0,mist
36,2023-11-11,2023-11-18,2,0.8,189.96661376953125,123.0,mist
36,2023-11-11,2023-11-18,2,0.85,206.96458435058594,123.0,mist
36,2023-11-11,2023-11-18,2,0.9,229.21490478515625,123.0,mist
36,2023-11-11,2023-11-18,2,0.95,267.344482421875,123.0,mist
36,2023-11-11,2023-11-18,2,0.975,285.874755859375,123.0,mist
36,2023-11-11,2023-11-18,2,0.99,309.7405700683594,123.0,mist
36,2023-11-11,2023-11-25,3,0.01,0.0,176.0,mist
36,2023-11-11,2023-11-25,3,0.025,31.767913818359375,176.0,mist
36,2023-11-11,2023-11-25,3,0.05,61.414791107177734,176.0,mist
36,2023-11-11,2023-11-25,3,0.1,81.45872497558594,176.0,mist
36,2023-11-11,2023-11-25,3,0.15,93.22139739990234,176.0,mist
36,2023-11-11,2023-11-25,3,0.2,103.76457214355469,176.0,mist
36,2023-11-11,2023-11-25,3,0.25,120.78092193603516,176.0,mist
36,2023-11-11,2023-11-25,3,0.3,123.60585021972656,176.0,mist
36,2023-11-11,2023-11-25,3,0.35,135.23117065429688,176.0,mist
36,2023-11-11,2023-11-25,3,0.4,145.9861297607422,176.0,mist
36,2023-11-11,2023-11-25,3,0.45,160.8795166015625,176.0,mist
36,2023-11-11,2023-11-25,3,0.5,170.97720336914062,176.0,mist
36,2023-11-11,2023-11-25,3,0.55,183.8858184814453,176.0,mist
36,2023-11-11,2023-11-25,3,0.6,194.8993377685547,176.0,mist
36,2023-11-11,2023-11-25,3,0.65,207.90939331054688,176.0,mist
36,2023-11-11,2023-11-25,3,0.7,231.24212646484375,176.0,mist
36,2023-11-11,2023-11-25,3,0.75,241.31231689453125,176.0,mist
36,2023-11-11,2023-11-25,3,0.8,270.8607177734375,176.0,mist
36,2023-11-11,2023-11-25,3,0.85,294.9308166503906,176.0,mist
36,2023-11-11,2023-11-25,3,0.9,322.3428039550781,176.0,mist
36,2023-11-11,2023-11-25,3,0.95,392.5420837402344,176.0,mist
36,2023-11-11,2023-11-25,3,0.975,397.1064453125,176.0,mist
36,2023-11-11,2023-11-25,3,0.99,419.6536865234375,176.0,mist
36,2023-11-11,2023-12-02,4,0.01,0.0,338.0,mist
36,2023-11-11,2023-12-02,4,0.025,20.720077514648438,338.0,mist
36,2023-11-11,2023-12-02,4,0.05,65.44142150878906,338.0,mist
36,2023-11-11,2023-12-02,4,0.1,79.17072296142578,338.0,mist
36,2023-11-11,2023-12-02,4,0.15,92.40921020507812,338.0,mist
36,2023-11-11,2023-12-02,4,0.2,104.40734100341797,338.0,mist
36,2023-11-11,2023-12-02,4,0.25,126.1108627319336,338.0,mist
36,2023-11-11,2023-12-02,4,0.3,142.9580535888672,338.0,mist
36,2023-11-11,2023-12-02,4,0.35,155.18994140625,338.0,mist
36,2023-11-11,2023-12-02,4,0.4,179.67251586914062,338.0,mist
36,2023-11-11,2023-12-02,4,0.45,190.02488708496094,338.0,mist
36,2023-11-11,2023-12-02,4,0.5,196.8087615966797,338.0,mist
36,2023-11-11,2023-12-02,4,0.55,230.516357421875,338.0,mist
36,2023-11-11,2023-12-02,4,0.6,255.14144897460938,338.0,mist
36,2023-11-11,2023-12-02,4,0.65,271.76007080078125,338.0,mist
36,2023-11-11,2023-12-02,4,0.7,302.38446044921875,338.0,mist
36,2023-11-11,2023-12-02,4,0.75,318.7092590332031,338.0,mist
36,2023-11-11,2023-12-02,4,0.8,364.2008361816406,338.0,mist
36,2023-11-11,2023-12-02,4,0.85,394.49774169921875,338.0,mist
36,2023-11-11,2023-12-02,4,0.9,416.8581848144531,338.0,mist
36,2023-11-11,2023-12-02,4,0.95,423.2359619140625,338.0,mist
36,2023-11-11,2023-12-02,4,0.975,469.3953552246094,338.0,mist
36,2023-11-11,2023-12-02,4,0.99,510.65924072265625,338.0,mist
36,2023-11-18,2023-11-18,1,0.01,6.160661697387695,123.0,mist
36,2023-11-18,2023-11-18,1,0.025,42.37967300415039,123.0,mist
36,2023-11-18,2023-11-18,1,0.05,49.03500747680664,123.0,mist
36,2023-11-18,2023-11-18,1,0.1,62.673118591308594,123.0,mist
36,2023-11-18,2023-11-18,1,0.15,69.24858093261719,123.0,mist
36,2023-11-18,2023-11-18,1,0.2,76.37684631347656,123.0,mist
36,2023-11-18,2023-11-18,1,0.25,84.35465240478516,123.0,mist
36,2023-11-18,2023-11-18,1,0.3,88.66702270507812,123.0,mist
36,2023-11-18,2023-11-18,1,0.35,94.57560729980469,123.0,mist
36,2023-11-18,2023-11-18,1,0.4,101.99005126953125,123.0,mist
36,2023-11-18,2023-11-18,1,0.45,105.73548889160156,123.0,mist
36,2023-11-18,2023-11-18,1,0.5,110.86925506591797,123.0,mist
36,2023-11-18,2023-11-18,1,0.55,117.92781829833984,123.0,mist
36,2023-11-18,2023-11-18,1,0.6,123.29879760742188,123.0,mist
36,2023-11-18,2023-11-18,1,0.65,128.08087158203125,123.0,mist
36,2023-11-18,2023-11-18,1,0.7,133.25872802734375,123.0,mist
36,2023-11-18,2023-11-18,1,0.75,146.2624053955078,123.0,mist
36,2023-11-18,2023-11-18,1,0.8,154.3897247314453,123.0,mist
36,2023-11-18,2023-11-18,1,0.85,172.69314575195312,123.0,mist
36,2023-11-18,2023-11-18,1,0.9,189.44412231445312,123.0,mist
36,2023-11-18,2023-11-18,1,0.95,215.83116149902344,123.0,mist
36,2023-11-18,2023-11-18,1,0.975,247.92843627929688,123.0,mist
36,2023-11-18,2023-11-18,1,0.99,250.5137176513672,123.0,mist
36,2023-11-18,2023-11-25,2,0.01,0.0,176.0,mist
36,2023-11-18,2023-11-25,2,0.025,7.330453872680664,176.0,mist
36,2023-11-18,2023-11-25,2,0.05,61.75859069824219,176.0,mist
36,2023-11-18,2023-11-25,2,0.1,80.28829956054688,176.0,mist
36,2023-11-18,2023-11-25,2,0.15,92.29439544677734,176.0,mist
36,2023-11-18,2023-11-25,2,0.2,105.5364990234375,176.0,mist
36,2023-11-18,2023-11-25,2,0.25,111.08411407470703,176.0,mist
36,2023-11-18,2023-11-25,2,0.3,120.76892852783203,176.0,mist
36,2023-11-18,2023-11-25,2,0.35,129.497314453125,176.0,mist
36,2023-11-18,2023-11-25,2,0.4,137.624267578125,176.0,mist
36,2023-11-18,2023-11-25,2,0.45,146.95578002929688,176.0,mist
36,2023-11-18,2023-11-25,2,0.5,159.9713897705078,176.0,mist
36,2023-11-18,2023-11-25,2,0.55,171.71420288085938,176.0,mist
36,2023-11-18,2023-11-25,2,0.6,176.419189453125,176.0,mist
36,2023-11-18,2023-11-25,2,0.65,190.1552734375,176.0,mist
36,2023-11-18,2023-11-25,2,0.7,201.7296600341797,176.0,mist
36,2023-11-18,2023-11-25,2,0.75,220.58404541015625,176.0,mist
36,2023-11-18,2023-11-25,2,0.8,234.02696228027344,176.0,mist
36,2023-11-18,2023-11-25,2,0.85,256.2393493652344,176.0,mist
36,2023-11-18,2023-11-25,2,0.9,287.8399353027344,176.0,mist
36,2023-11-18,2023-11-25,2,0.95,336.54681396484375,176.0,mist
36,2023-11-18,2023-11-25,2,0.975,358.0177307128906,176.0,mist
36,2023-11-18,2023-11-25,2,0.99,387.6907958984375,176.0,mist
36,2023-11-18,2023-12-02,3,0.01,0.0,338.0,mist
36,2023-11-18,2023-12-02,3,0.025,30.838926315307617,338.0,mist
36,2023-11-18,2023-12-02,3,0.05,72.39913940429688,338.0,mist
36,2023-11-18,2023-12-02,3,0.1,97.73589324951172,338.0,mist
36,2023-11-18,2023-12-02,3,0.15,112.9797592163086,338.0,mist
36,2023-11-18,2023-12-02,3,0.2,126.1672592163086,338.0,mist
36,2023-11-18,2023-12-02,3,0.25,146.75848388671875,338.0,mist
36,2023-11-18,2023-12-02,3,0.3,151.89794921875,338.0,mist
36,2023-11-18,2023-12-02,3,0.35,165.03729248046875,338.0,mist
36,2023-11-18,2023-12-02,3,0.4,178.4603271484375,338.0,mist
36,2023-11-18,2023-12-02,3,0.45,195.430419921875,338.0,mist
36,2023-11-18,2023-12-02,3,0.5,210.1275634765625,338.0,mist
36,2023-11-18,2023-12-02,3,0.55,227.1614532470703,338.0,mist
36,2023-11-18,2023-12-02,3,0.6,242.59146118164062,338.0,mist
36,2023-11-18,2023-12-02,3,0.65,257.25469970703125,338.0,mist
36,2023-11-18,2023-12-02,3,0.7,285.06005859375,338.0,mist
36,2023-11-18,2023-12-02,3,0.75,298.83056640625,338.0,mist
36,2023-11-18,2023-12-02,3,0.8,337.4407043457031,338.0,mist
36,2023-11-18,2023-12-02,3,0.85,370.723876953125,338.0,mist
36,2023-11-18,2023-12-02,3,0.9,406.6221923828125,338.0,mist
36,2023-11-18,2023-12-02,3,0.95,494.6845397949219,338.0,mist
36,2023-11-18,2023-12-02,3,0.975,495.9653625488281,338.0,mist
36,2023-11-18,2023-12-02,3,0.99,521.4013671875,338.0,mist
36,2023-11-18,2023-12-09,4,0.01,0.0,501.0,mist
36,2023-11-18,2023-12-09,4,0.025,20.653331756591797,501.0,mist
36,2023-11-18,2023-12-09,4,0.05,74.54512023925781,501.0,mist
36,2023-11-18,2023-12-09,4,0.1,95.93309020996094,501.0,mist
36,2023-11-18,2023-12-09,4,0.15,113.4928970336914,501.0,mist
36,2023-11-18,2023-12-09,4,0.2,127.78765106201172,501.0,mist
36,2023-11-18,2023-12-09,4,0.25,154.63320922851562,501.0,mist
36,2023-11-18,2023-12-09,4,0.3,174.49050903320312,501.0,mist
36,2023-11-18,2023-12-09,4,0.35,186.9353485107422,501.0,mist
36,2023-11-18,2023-12-09,4,0.4,217.4872283935547,501.0,mist
36,2023-11-18,2023-12-09,4,0.45,233.08004760742188,501.0,mist
36,2023-11-18,2023-12-09,4,0.5,241.67050170898438,501.0,mist
36,2023-11-18,2023-12-09,4,0.55,282.35455322265625,501.0,mist
36,2023-11-18,2023-12-09,4,0.6,314.3465270996094,501.0,mist
36,2023-11-18,2023-12-09,4,0.65,339.3038635253906,501.0,mist
36,2023-11-18,2023-12-09,4,0.7,373.2026062011719,501.0,mist
36,2023-11-18,2023-12-09,4,0.75,395.6417541503906,501.0,mist
36,2023-11-18,2023-12-09,4,0.8,454.29779052734375,501.0,mist
36,2023-11-18,2023-12-09,4,0.85,492.71600341796875,501.0,mist
36,2023-11-18,2023-12-09,4,0.9,522.564208984375,501.0,mist
36,2023-11-18,2023-12-09,4,0.95,534.02001953125,501.0,mist
36,2023-11-18,2023-12-09,4,0.975,590.2018432617188,501.0,mist
36,2023-11-18,2023-12-09,4,0.99,644.6153564453125,501.0,mist
36,2023-11-25,2023-11-25,1,0.01,7.505781173706055,176.0,mist
36,2023-11-25,2023-11-25,1,0.025,61.13892364501953,176.0,mist
36,2023-11-25,2023-11-25,1,0.05,62.072776794433594,176.0,mist
36,2023-11-25,2023-11-25,1,0.1,87.92147827148438,176.0,mist
36,2023-11-25,2023-11-25,1,0.15,91.55076599121094,176.0,mist
36,2023-11-25,2023-11-25,1,0.2,107.53887176513672,176.0,mist
36,2023-11-25,2023-11-25,1,0.25,117.28404998779297,176.0,mist
36,2023-11-25,2023-11-25,1,0.3,121.25505828857422,176.0,mist
36,2023-11-25,2023-11-25,1,0.35,134.12591552734375,176.0,mist
36,2023-11-25,2023-11-25,1,0.4,138.724365234375,176.0,mist
36,2023-11-25,2023-11-25,1,0.45,143.8924560546875,176.0,mist
36,2023-11-25,2023-11-25,1,0.5,153.67388916015625,176.0,mist
36,2023-11-25,2023-11-25,1,0.55,165.306640625,176.0,mist
36,2023-11-25,2023-11-25,1,0.6,176.02061462402344,176.0,mist
36,2023-11-25,2023-11-25,1,0.65,178.07887268066406,176.0,mist
36,2023-11-25,2023-11-25,1,0.7,189.44210815429688,176.0,mist
36,2023-11-25,2023-11-25,1,0.75,201.14707946777344,176.0,mist
36,2023-11-25,2023-11-25,1,0.8,215.5880889892578,176.0,mist
36,2023-11-25,2023-11-25,1,0.85,239.32957458496094,176.0,mist
36,2023-11-25,2023-11-25,1,0.9,264.91839599609375,176.0,mist
36,2023-11-25,2023-11-25,1,0.95,300.690673828125,176.0,mist
36,2023-11-25,2023-11-25,1,0.975,343.072021484375,176.0,mist
36,2023-11-25,2023-11-25,1,0.99,347.2044372558594,176.0,mist
36,2023-11-25,2023-12-02,2,0.01,0.0,338.0,mist
36,2023-11-25,2023-12-02,2,0.025,3.708171844482422,338.0,mist
36,2023-11-25,2023-12-02,2,0.05,85.18607330322266,338.0,mist
36,2023-11-25,2023-12-02,2,0.1,115.1852798461914,338.0,mist
36,2023-11-25,2023-12-02,2,0.15,127.71897888183594,338.0,mist
36,2023-11-25,2023-12-02,2,0.2,147.235595703125,338.0,mist
36,2023-11-25,2023-12-02,2,0.25,158.17848205566406,338.0,mist
36,2023-11-25,2023-12-02,2,0.3,169.20326232910156,338.0,mist
36,2023-11-25,2023-12-02,2,0.35,187.21029663085938,338.0,mist
36,2023-11-25,2023-12-02,2,0.4,194.29388427734375,338.0,mist
36,2023-11-25,2023-12-02,2,0.45,206.28033447265625,338.0,mist
36,2023-11-25,2023-12-02,2,0.5,226.6367645263672,338.0,mist
36,2023-11-25,2023-12-02,2,0.55,239.9982452392578,338.0,mist
36,2023-11-25,2023-12-02,2,0.6,250.30795288085938,338.0,mist
36,2023-11-25,2023-12-02,2,0.65,264.25164794921875,338.0,mist
36,2023-11-25,2023-12-02,2,0.7,286.163818359375,338.0,mist
36,2023-11-25,2023-12-02,2,0.75,313.8172912597656,338.0,mist
36,2023-11-25,2023-12-02,2,0.8,331.7912292480469,338.0,mist
36,2023-11-25,2023-12-02,2,0.85,359.908447265625,338.0,mist
36,2023-11-25,2023-12-02,2,0.9,401.1465759277344,338.0,mist
36,2023-11-25,2023-12-02,2,0.95,470.8913879394531,338.0,mist
36,2023-11-25,2023-12-02,2,0.975,501.5238342285156,338.0,mist
36,2023-11-25,2023-12-02,2,0.99,541.68359375,338.0,mist
36,2023-11-25,2023-12-09,3,0.01,0.0,501.0,mist
36,2023-11-25,2023-12-09,3,0.025,40.379432678222656,501.0,mist
36,2023-11-25,2023-12-09,3,0.05,98.21182250976562,501.0,mist
36,2023-11-25,2023-12-09,3,0.1,139.33108520507812,501.0,mist
36,2023-11-25,2023-12-09,3,0.15,159.89230346679688,501.0,mist
36,2023-11-25,2023-12-09,3,0.2,178.700927734375,501.0,mist
36,2023-11-25,2023-12-09,3,0.25,206.0402069091797,501.0,mist
36,2023-11-25,2023-12-09,3,0.3,211.74337768554688,501.0,mist
36,2023-11-25,2023-12-09,3,0.35,235.72262573242188,501.0,mist
36,2023-11-25,2023-12-09,3,0.4,255.6019744873047,501.0,mist
36,2023-11-25,2023-12-09,3,0.45,278.59326171875,501.0,mist
36,2023-11-25,2023-12-09,3,0.5,300.0905456542969,501.0,mist
36,2023-11-25,2023-12-09,3,0.55,321.4027099609375,501.0,mist
36,2023-11-25,2023-12-09,3,0.6,346.1936950683594,501.0,mist
36,2023-11-25,2023-12-09,3,0.65,364.524658203125,501.0,mist
36,2023-11-25,2023-12-09,3,0.7,402.37786865234375,501.0,mist
36,2023-11-25,2023-12-09,3,0.75,421.831787109375,501.0,mist
36,2023-11-25,2023-12-09,3,0.8,475.0893249511719,501.0,mist
36,2023-11-25,2023-12-09,3,0.85,523.823974609375,501.0,mist
36,2023-11-25,2023-12-09,3,0.9,570.3207397460938,501.0,mist
36,2023-11-25,2023-12-09,3,0.95,698.78857421875,501.0,mist
36,2023-11-25,2023-12-09,3,0.975,698.9519653320312,501.0,mist
36,2023-11-25,2023-12-09,3,0.99,730.5667724609375,501.0,mist
36,2023-11-25,2023-12-16,4,0.01,0.0,743.0,mist
36,2023-11-25,2023-12-16,4,0.025,30.173118591308594,743.0,mist
36,2023-11-25,2023-12-16,4,0.05,102.09571838378906,743.0,mist
36,2023-11-25,2023-12-16,4,0.1,128.68264770507812,743.0,mist
36,2023-11-25,2023-12-16,4,0.15,157.27410888671875,743.0,mist
36,2023-11-25,2023-12-16,4,0.2,184.6333770751953,743.0,mist
36,2023-11-25,2023-12-16,4,0.25,212.63827514648438,743.0,mist
36,2023-11-25,2023-12-16,4,0.3,243.98109436035156,743.0,mist
36,2023-11-25,2023-12-16,4,0.35,262.926025390625,743.0,mist
36,2023-11-25,2023-12-16,4,0.4,309.9754638671875,743.0,mist
36,2023-11-25,2023-12-16,4,0.45,322.68670654296875,743.0,mist
36,2023-11-25,2023-12-16,4,0.5,341.8486633300781,743.0,mist
36,2023-11-25,2023-12-16,4,0.55,399.990234375,743.0,mist
36,2023-11-25,2023-12-16,4,0.6,440.47833251953125,743.0,mist
36,2023-11-25,2023-12-16,4,0.65,480.4683837890625,743.0,mist
36,2023-11-25,2023-12-16,4,0.7,529.075927734375,743.0,mist
36,2023-11-25,2023-12-16,4,0.75,562.2986450195312,743.0,mist
36,2023-11-25,2023-12-16,4,0.8,644.5673217773438,743.0,mist
36,2023-11-25,2023-12-16,4,0.85,699.8700561523438,743.0,mist
36,2023-11-25,2023-12-16,4,0.9,733.9840087890625,743.0,mist
36,2023-11-25,2023-12-16,4,0.95,752.3150024414062,743.0,mist
36,2023-11-25,2023-12-16,4,0.975,831.86376953125,743.0,mist
36,2023-11-25,2023-12-16,4,0.99,908.9627685546875,743.0,mist
36,2023-12-02,2023-12-02,1,0.01,0.065704345703125,338.0,mist
36,2023-12-02,2023-12-02,1,0.025,63.87818145751953,338.0,mist
36,2023-12-02,2023-12-02,1,0.05,65.1896743774414,338.0,mist
36,2023-12-02,2023-12-02,1,0.1,92.87535858154297,338.0,mist
36,2023-12-02,2023-12-02,1,0.15,101.8279037475586,338.0,mist
36,2023-12-02,2023-12-02,1,0.2,115.21342468261719,338.0,mist
36,2023-12-02,2023-12-02,1,0.25,129.23770141601562,338.0,mist
36,2023-12-02,2023-12-02,1,0.3,130.3284454345703,338.0,mist
36,2023-12-02,2023-12-02,1,0.35,145.99600219726562,338.0,mist
36,2023-12-02,2023-12-02,1,0.4,155.12161254882812,338.0,mist
36,2023-12-02,2023-12-02,1,0.45,155.62498474121094,338.0,mist
36,2023-12-02,2023-12-02,1,0.5,171.4078369140625,338.0,mist
36,2023-12-02,2023-12-02,1,0.55,190.56341552734375,338.0,mist
36,2023-12-02,2023-12-02,1,0.6,198.65982055664062,338.0,mist
36,2023-12-02,2023-12-02,1,0.65,201.20730590820312,338.0,mist
36,2023-12-02,2023-12-02,1,0.7,207.72926330566406,338.0,mist
36,2023-12-02,2023-12-02,1,0.75,227.7251739501953,338.0,mist
36,2023-12-02,2023-12-02,1,0.8,249.71734619140625,338.0,mist
36,2023-12-02,2023-12-02,1,0.85,271.3561706542969,338.0,mist
36,2023-12-02,2023-12-02,1,0.9,291.0234375,338.0,mist
36,2023-12-02,2023-12-02,1,0.95,322.7541809082031,338.0,mist
36,2023-12-02,2023-12-02,1,0.975,372.5345458984375,338.0,mist
36,2023-12-02,2023-12-02,1,0.99,379.5216369628906,338.0,mist
36,2023-12-02,2023-12-09,2,0.01,0.0,501.0,mist
36,2023-12-02,2023-12-09,2,0.025,0.0,501.0,mist
36,2023-12-02,2023-12-09,2,0.05,83.38552856445312,501.0,mist
36,2023-12-02,2023-12-09,2,0.1,129.46929931640625,501.0,mist
36,2023-12-02,2023-12-09,2,0.15,131.842041015625,501.0,mist
36,2023-12-02,2023-12-09,2,0.2,157.5471649169922,501.0,mist
36,2023-12-02,2023-12-09,2,0.25,162.14187622070312,501.0,mist
36,2023-12-02,2023-12-09,2,0.3,182.6148681640625,501.0,mist
36,2023-12-02,2023-12-09,2,0.35,205.103515625,501.0,mist
36,2023-12-02,2023-12-09,2,0.4,206.20213317871094,501.0,mist
36,2023-12-02,2023-12-09,2,0.45,222.3299102783203,501.0,mist
36,2023-12-02,2023-12-09,2,0.5,247.7863311767578,501.0,mist
36,2023-12-02,2023-12-09,2,0.55,248.9563446044922,501.0,mist
36,2023-12-02,2023-12-09,2,0.6,270.0487060546875,501.0,mist
36,2023-12-02,2023-12-09,2,0.65,279.6700439453125,501.0,mist
36,2023-12-02,2023-12-09,2,0.7,298.7032470703125,501.0,mist
36,2023-12-02,2023-12-09,2,0.75,331.6437683105469,501.0,mist
36,2023-12-02,2023-12-09,2,0.8,351.9619445800781,501.0,mist
36,2023-12-02,2023-12-09,2,0.85,376.5048522949219,501.0,mist
36,2023-12-02,2023-12-09,2,0.9,427.9447326660156,501.0,mist
36,2023-12-02,2023-12-09,2,0.95,497.734375,501.0,mist
36,2023-12-02,2023-12-09,2,0.975,536.4361572265625,501.0,mist
36,2023-12-02,2023-12-09,2,0.99,572.098388671875,501.0,mist
36,2023-12-02,2023-12-16,3,0.01,0.0,743.0,mist
36,2023-12-02,2023-12-16,3,0.025,34.66338348388672,743.0,mist
36,2023-12-02,2023-12-16,3,0.05,106.01490783691406,743.0,mist
36,2023-12-02,2023-12-16,3,0.1,147.3118438720703,743.0,mist
36,2023-12-02,2023-12-16,3,0.15,167.17123413085938,743.0,mist
36,2023-12-02,2023-12-16,3,0.2,186.63275146484375,743.0,mist
36,2023-12-02,2023-12-16,3,0.25,212.0328369140625,743.0,mist
36,2023-12-02,2023-12-16,3,0.3,221.30862426757812,743.0,mist
36,2023-12-02,2023-12-16,3,0.35,246.5181121826172,743.0,mist
36,2023-12-02,2023-12-16,3,0.4,268.46185302734375,743.0,mist
36,2023-12-02,2023-12-16,3,0.45,290.3316650390625,743.0,mist
36,2023-12-02,2023-12-16,3,0.5,313.8856506347656,743.0,mist
36,2023-12-02,2023-12-16,3,0.55,333.3747253417969,743.0,mist
36,2023-12-02,2023-12-16,3,0.6,363.0592346191406,743.0,mist
36,2023-12-02,2023-12-16,3,0.65,378.86639404296875,743.0,mist
36,2023-12-02,2023-12-16,3,0.7,416.9669494628906,743.0,mist
36,2023-12-02,2023-12-16,3,0.75,444.880126953125,743.0,mist
36,2023-12-02,2023-12-16,3,0.8,493.16119384765625,743.0,mist
36,2023-12-02,2023-12-16,3,0.85,551.21142578125,743.0,mist
36,2023-12-02,2023-12-16,3,0.9,609.917236328125,743.0,mist
36,2023-12-02,2023-12-16,3,0.95,734.8777465820312,743.0,mist
36,2023-12-02,2023-12-16,3,0.975,746.0669555664062,743.0,mist
36,2023-12-02,2023-12-16,3,0.99,767.9697265625,743.0,mist
36,2023-12-02,2023-12-23,4,0.01,0.0,938.0,mist
36,2023-12-02,2023-12-23,4,0.025,32.85154724121094,938.0,mist
36,2023-12-02,2023-12-23,4,0.05,97.72411346435547,938.0,mist
36,2023-12-02,2023-12-23,4,0.1,134.32492065429688,938.0,mist
36,2023-12-02,2023-12-23,4,0.15,160.37867736816406,938.0,mist
36,2023-12-02,2023-12-23,4,0.2,197.77468872070312,938.0,mist
36,2023-12-02,2023-12-23,4,0.25,224.10044860839844,938.0,mist
36,2023-12-02,2023-12-23,4,0.3,250.67166137695312,938.0,mist
36,2023-12-02,2023-12-23,4,0.35,264.81719970703125,938.0,mist
36,2023-12-02,2023-12-23,4,0.4,315.27667236328125,938.0,mist
36,2023-12-02,2023-12-23,4,0.45,332.4136047363281,938.0,mist
36,2023-12-02,2023-12-23,4,0.5,359.0036315917969,938.0,mist
36,2023-12-02,2023-12-23,4,0.55,412.18817138671875,938.0,mist
36,2023-12-02,2023-12-23,4,0.6,450.6752624511719,938.0,mist
36,2023-12-02,2023-12-23,4,0.65,493.1520690917969,938.0,mist
36,2023-12-02,2023-12-23,4,0.7,542.3048095703125,938.0,mist
36,2023-12-02,2023-12-23,4,0.75,580.8844604492188,938.0,mist
36,2023-12-02,2023-12-23,4,0.8,676.0291748046875,938.0,mist
36,2023-12-02,2023-12-23,4,0.85,734.3372192382812,938.0,mist
36,2023-12-02,2023-12-23,4,0.9,765.377685546875,938.0,mist
36,2023-12-02,2023-12-23,4,0.95,802.9033203125,938.0,mist
36,2023-12-02,2023-12-23,4,0.975,880.7684936523438,938.0,mist
36,2023-12-02,2023-12-23,4,0.99,961.6329956054688,938.0,mist
36,2023-12-09,2023-12-09,1,0.01,0.0,501.0,mist
36,2023-12-09,2023-12-09,1,0.025,117.59255981445312,501.0,mist
36,2023-12-09,2023-12-09,1,0.05,134.587890625,501.0,mist
36,2023-12-09,2023-12-09,1,0.1,200.42367553710938,501.0,mist
36,2023-12-09,2023-12-09,1,0.15,205.4176788330078,501.0,mist
36,2023-12-09,2023-12-09,1,0.2,245.35333251953125,501.0,mist
36,2023-12-09,2023-12-09,1,0.25,276.23541259765625,501.0,mist
36,2023-12-09,2023-12-09,1,0.3,281.3981628417969,501.0,mist
36,2023-12-09,2023-12-09,1,0.35,316.2549743652344,501.0,mist
36,2023-12-09,2023-12-09,1,0.4,336.2008972167969,501.0,mist
36,2023-12-09,2023-12-09,1,0.45,341.5437316894531,501.0,mist
36,2023-12-09,2023-12-09,1,0.5,369.0646667480469,501.0,mist
36,2023-12-09,2023-12-09,1,0.55,408.5745849609375,501.0,mist
36,2023-12-09,2023-12-09,1,0.6,428.2016906738281,501.0,mist
36,2023-12-09,2023-12-09,1,0.65,438.6971740722656,501.0,mist
36,2023-12-09,2023-12-09,1,0.7,459.58465576171875,501.0,mist
36,2023-12-09,2023-12-09,1,0.75,504.77386474609375,501.0,mist
36,2023-12-09,2023-12-09,1,0.8,542.2327880859375,501.0,mist
36,2023-12-09,2023-12-09,1,0.85,602.6956176757812,501.0,mist
36,2023-12-09,2023-12-09,1,0.9,651.3594360351562,501.0,mist
36,2023-12-09,2023-12-09,1,0.95,739.7166137695312,501.0,mist
36,2023-12-09,2023-12-09,1,0.975,859.3546752929688,501.0,mist
36,2023-12-09,2023-12-09,1,0.99,859.914794921875,501.0,mist
36,2023-12-09,2023-12-16,2,0.01,0.0,743.0,mist
36,2023-12-09,2023-12-16,2,0.025,0.0,743.0,mist
36,2023-12-09,2023-12-16,2,0.05,182.5779266357422,743.0,mist
36,2023-12-09,2023-12-16,2,0.1,269.694091796875,743.0,mist
36,2023-12-09,2023-12-16,2,0.15,293.930419921875,743.0,mist
36,2023-12-09,2023-12-16,2,0.2,347.7216491699219,743.0,mist
36,2023-12-09,2023-12-16,2,0.25,369.96527099609375,743.0,mist
36,2023-12-09,2023-12-16,2,0.3,410.4340515136719,743.0,mist
36,2023-12-09,2023-12-16,2,0.35,453.9772644042969,743.0,mist
36,2023-12-09,2023-12-16,2,0.4,464.75286865234375,743.0,mist
36,2023-12-09,2023-12-16,2,0.45,502.234375,743.0,mist
36,2023-12-09,2023-12-16,2,0.5,564.8350830078125,743.0,mist
36,2023-12-09,2023-12-16,2,0.55,588.0631103515625,743.0,mist
36,2023-12-09,2023-12-16,2,0.6,622.0885620117188,743.0,mist
36,2023-12-09,2023-12-16,2,0.65,654.111572265625,743.0,mist
36,2023-12-09,2023-12-16,2,0.7,703.8360595703125,743.0,mist
36,2023-12-09,2023-12-16,2,0.75,775.504638671875,743.0,mist
36,2023-12-09,2023-12-16,2,0.8,824.91064453125,743.0,mist
36,2023-12-09,2023-12-16,2,0.85,893.4406127929688,743.0,mist
36,2023-12-09,2023-12-16,2,0.9,1005.4224853515625,743.0,mist
36,2023-12-09,2023-12-16,2,0.95,1180.8565673828125,743.0,mist
36,2023-12-09,2023-12-16,2,0.975,1264.00341796875,743.0,mist
36,2023-12-09,2023-12-16,2,0.99,1371.5616455078125,743.0,mist
36,2023-12-09,2023-12-23,3,0.01,0.0,938.0,mist
36,2023-12-09,2023-12-23,3,0.025,72.65470886230469,938.0,mist
36,2023-12-09,2023-12-23,3,0.05,229.4727020263672,938.0,mist
36,2023-12-09,2023-12-23,3,0.1,330.24603271484375,938.0,mist
36,2023-12-09,2023-12-23,3,0.15,384.6988525390625,938.0,mist
36,2023-12-09,2023-12-23,3,0.2,428.0582580566406,938.0,mist
36,2023-12-09,2023-12-23,3,0.25,498.2065124511719,938.0,mist
36,2023-12-09,2023-12-23,3,0.3,519.2403564453125,938.0,mist
36,2023-12-09,2023-12-23,3,0.35,576.3817749023438,938.0,mist
36,2023-12-09,2023-12-23,3,0.4,631.5093994140625,938.0,mist
36,2023-12-09,2023-12-23,3,0.45,685.1497802734375,938.0,mist
36,2023-12-09,2023-12-23,3,0.5,745.6433715820312,938.0,mist
36,2023-12-09,2023-12-23,3,0.55,797.7789306640625,938.0,mist
36,2023-12-09,2023-12-23,3,0.6,855.625732421875,938.0,mist
36,2023-12-09,2023-12-23,3,0.65,905.52783203125,938.0,mist
36,2023-12-09,2023-12-23,3,0.7,1004.1945190429688,938.0,mist
36,2023-12-09,2023-12-23,3,0.75,1059.7052001953125,938.0,mist
36,2023-12-09,2023-12-23,3,0.8,1192.7965087890625,938.0,mist
36,2023-12-09,2023-12-23,3,0.85,1315.2188720703125,938.0,mist
36,2023-12-09,2023-12-23,3,0.9,1444.238525390625,938.0,mist
36,2023-12-09,2023-12-23,3,0.95,1771.50537109375,938.0,mist
36,2023-12-09,2023-12-23,3,0.975,1773.869873046875,938.0,mist
36,2023-12-09,2023-12-23,3,0.99,1855.7197265625,938.0,mist
36,2023-12-09,2023-12-30,4,0.01,0.0,1333.0,mist
36,2023-12-09,2023-12-30,4,0.025,47.3132438659668,1333.0,mist
36,2023-12-09,2023-12-30,4,0.05,229.92396545410156,1333.0,mist
36,2023-12-09,2023-12-30,4,0.1,303.0077209472656,1333.0,mist
36,2023-12-09,2023-12-30,4,0.15,374.51220703125,1333.0,mist
36,2023-12-09,2023-12-30,4,0.2,445.9925231933594,1333.0,mist
36,2023-12-09,2023-12-30,4,0.25,524.8104858398438,1333.0,mist
36,2023-12-09,2023-12-30,4,0.3,603.0083618164062,1333.0,mist
36,2023-12-09,2023-12-30,4,0.35,634.4312744140625,1333.0,mist
36,2023-12-09,2023-12-30,4,0.4,764.10009765625,1333.0,mist
36,2023-12-09,2023-12-30,4,0.45,800.93115234375,1333.0,mist
36,2023-12-09,2023-12-30,4,0.5,848.20458984375,1333.0,mist
36,2023-12-09,2023-12-30,4,0.55,992.645263671875,1333.0,mist
36,2023-12-09,2023-12-30,4,0.6,1100.098876953125,1333.0,mist
36,2023-12-09,2023-12-30,4,0.65,1205.4515380859375,1333.0,mist
36,2023-12-09,2023-12-30,4,0.7,1319.2386474609375,1333.0,mist
36,2023-12-09,2023-12-30,4,0.75,1413.9517822265625,1333.0,mist
36,2023-12-09,2023-12-30,4,0.8,1635.34521484375,1333.0,mist
36,2023-12-09,2023-12-30,4,0.85,1774.792236328125,1333.0,mist
36,2023-12-09,2023-12-30,4,0.9,1858.612548828125,1333.0,mist
36,2023-12-09,2023-12-30,4,0.95,1904.9378662109375,1333.0,mist
36,2023-12-09,2023-12-30,4,0.975,2117.2880859375,1333.0,mist
36,2023-12-09,2023-12-30,4,0.99,2301.25244140625,1333.0,mist
36,2023-12-16,2023-12-16,1,0.01,0.0,743.0,mist
36,2023-12-16,2023-12-16,1,0.025,132.64720153808594,743.0,mist
36,2023-12-16,2023-12-16,1,0.05,134.80812072753906,743.0,mist
36,2023-12-16,2023-12-16,1,0.1,212.8819122314453,743.0,mist
36,2023-12-16,2023-12-16,1,0.15,237.96226501464844,743.0,mist
36,2023-12-16,2023-12-16,1,0.2,279.66522216796875,743.0,mist
36,2023-12-16,2023-12-16,1,0.25,323.9994812011719,743.0,mist
36,2023-12-16,2023-12-16,1,0.3,328.20416259765625,743.0,mist
36,2023-12-16,2023-12-16,1,0.35,367.29852294921875,743.0,mist
36,2023-12-16,2023-12-16,1,0.4,391.7725524902344,743.0,mist
36,2023-12-16,2023-12-16,1,0.45,396.9910583496094,743.0,mist
36,2023-12-16,2023-12-16,1,0.5,447.0874328613281,743.0,mist
36,2023-12-16,2023-12-16,1,0.55,496.32574462890625,743.0,mist
36,2023-12-16,2023-12-16,1,0.6,519.414306640625,743.0,mist
36,2023-12-16,2023-12-16,1,0.65,533.307861328125,743.0,mist
36,2023-12-16,2023-12-16,1,0.7,546.756591796875,743.0,mist
36,2023-12-16,2023-12-16,1,0.75,611.8434448242188,743.0,mist
36,2023-12-16,2023-12-16,1,0.8,675.0497436523438,743.0,mist
36,2023-12-16,2023-12-16,1,0.85,736.7778930664062,743.0,mist
36,2023-12-16,2023-12-16,1,0.9,793.1756591796875,743.0,mist
36,2023-12-16,2023-12-16,1,0.95,878.7647705078125,743.0,mist
36,2023-12-16,2023-12-16,1,0.975,1018.5458374023438,743.0,mist
36,2023-12-16,2023-12-16,1,0.99,1044.86376953125,743.0,mist
36,2023-12-16,2023-12-23,2,0.01,0.0,938.0,mist
36,2023-12-16,2023-12-23,2,0.025,0.0,938.0,mist
36,2023-12-16,2023-12-23,2,0.05,186.21055603027344,938.0,mist
36,2023-12-16,2023-12-23,2,0.1,320.8187255859375,938.0,mist
36,2023-12-16,2023-12-23,2,0.15,326.3603820800781,938.0,mist
36,2023-12-16,2023-12-23,2,0.2,399.4033203125,938.0,mist
36,2023-12-16,2023-12-23,2,0.25,407.8063049316406,938.0,mist
36,2023-12-16,2023-12-23,2,0.3,471.8776550292969,938.0,mist
36,2023-12-16,2023-12-23,2,0.35,534.345703125,938.0,mist
36,2023-12-16,2023-12-23,2,0.4,536.21435546875,938.0,mist
36,2023-12-16,2023-12-23,2,0.45,581.02294921875,938.0,mist
36,2023-12-16,2023-12-23,2,0.5,655.3637084960938,938.0,mist
36,2023-12-16,2023-12-23,2,0.55,657.2536010742188,938.0,mist
36,2023-12-16,2023-12-23,2,0.6,723.852783203125,938.0,mist
36,2023-12-16,2023-12-23,2,0.65,746.1527099609375,938.0,mist
36,2023-12-16,2023-12-23,2,0.7,797.776123046875,938.0,mist
36,2023-12-16,2023-12-23,2,0.75,893.3578491210938,938.0,mist
36,2023-12-16,2023-12-23,2,0.8,950.5692749023438,938.0,mist
36,2023-12-16,2023-12-23,2,0.85,1020.9092407226562,938.0,mist
36,2023-12-16,2023-12-23,2,0.9,1173.75537109375,938.0,mist
36,2023-12-16,2023-12-23,2,0.95,1367.057861328125,938.0,mist
36,2023-12-16,2023-12-23,2,0.975,1493.4051513671875,938.0,mist
36,2023-12-16,2023-12-23,2,0.99,1584.4658203125,938.0,mist
36,2023-12-16,2023-12-30,3,0.01,0.0,1333.0,mist
36,2023-12-16,2023-12-30,3,0.025,42.089298248291016,1333.0,mist
36,2023-12-16,2023-12-30,3,0.05,250.62098693847656,1333.0,mist
36,2023-12-16,2023-12-30,3,0.1,362.9005126953125,1333.0,mist
36,2023-12-16,2023-12-30,3,0.15,427.94146728515625,1333.0,mist
36,2023-12-16,2023-12-30,3,0.2,482.0049743652344,1333.0,mist
36,2023-12-16,2023-12-30,3,0.25,547.72216796875,1333.0,mist
36,2023-12-16,2023-12-30,3,0.3,581.3064575195312,1333.0,mist
36,2023-12-16,2023-12-30,3,0.35,647.2379760742188,1333.0,mist
36,2023-12-16,2023-12-30,3,0.4,710.4087524414062,1333.0,mist
36,2023-12-16,2023-12-30,3,0.45,765.6206665039062,1333.0,mist
36,2023-12-16,2023-12-30,3,0.5,838.0428466796875,1333.0,mist
36,2023-12-16,2023-12-30,3,0.55,889.3841552734375,1333.0,mist
36,2023-12-16,2023-12-30,3,0.6,977.2281494140625,1333.0,mist
36,2023-12-16,2023-12-30,3,0.65,1023.922119140625,1333.0,mist
36,2023-12-16,2023-12-30,3,0.7,1126.4869384765625,1333.0,mist
36,2023-12-16,2023-12-30,3,0.75,1217.3348388671875,1333.0,mist
36,2023-12-16,2023-12-30,3,0.8,1347.80078125,1333.0,mist
36,2023-12-16,2023-12-30,3,0.85,1518.235107421875,1333.0,mist
36,2023-12-16,2023-12-30,3,0.9,1693.125,1333.0,mist
36,2023-12-16,2023-12-30,3,0.95,2036.9107666015625,1333.0,mist
36,2023-12-16,2023-12-30,3,0.975,2075.2109375,1333.0,mist
36,2023-12-16,2023-12-30,3,0.99,2143.60205078125,1333.0,mist
36,2023-12-16,2024-01-06,4,0.01,0.0,1240.0,mist
36,2023-12-16,2024-01-06,4,0.025,40.706573486328125,1240.0,mist
36,2023-12-16,2024-01-06,4,0.05,218.56253051757812,1240.0,mist
36,2023-12-16,2024-01-06,4,0.1,332.83599853515625,1240.0,mist
36,2023-12-16,2024-01-06,4,0.15,408.7026062011719,1240.0,mist
36,2023-12-16,2024-01-06,4,0.2,509.270751953125,1240.0,mist
36,2023-12-16,2024-01-06,4,0.25,581.7706298828125,1240.0,mist
36,2023-12-16,2024-01-06,4,0.3,659.1234741210938,1240.0,mist
36,2023-12-16,2024-01-06,4,0.35,700.19580078125,1240.0,mist
36,2023-12-16,2024-01-06,4,0.4,838.6400146484375,1240.0,mist
36,2023-12-16,2024-01-06,4,0.45,889.6058959960938,1240.0,mist
36,2023-12-16,2024-01-06,4,0.5,968.30322265625,1240.0,mist
36,2023-12-16,2024-01-06,4,0.55,1117.6165771484375,1240.0,mist
36,2023-12-16,2024-01-06,4,0.6,1224.8455810546875,1240.0,mist
36,2023-12-16,2024-01-06,4,0.65,1348.110595703125,1240.0,mist
36,2023-12-16,2024-01-06,4,0.7,1482.990234375,1240.0,mist
36,2023-12-16,2024-01-06,4,0.75,1591.8751220703125,1240.0,mist
36,2023-12-16,2024-01-06,4,0.8,1868.486328125,1240.0,mist
36,2023-12-16,2024-01-06,4,0.85,2032.2657470703125,1240.0,mist
36,2023-12-16,2024-01-06,4,0.9,2131.965087890625,1240.0,mist
36,2023-12-16,2024-01-06,4,0.95,2252.418701171875,1240.0,mist
36,2023-12-16,2024-01-06,4,0.975,2461.00048828125,1240.0,mist
36,2023-12-16,2024-01-06,4,0.99,2698.344482421875,1240.0,mist
36,2023-12-23,2023-12-23,1,0.01,0.0,938.0,mist
36,2023-12-23,2023-12-23,1,0.025,122.63232421875,938.0,mist
36,2023-12-23,2023-12-23,1,0.05,159.99331665039062,938.0,mist
36,2023-12-23,2023-12-23,1,0.1,209.31842041015625,938.0,mist
36,2023-12-23,2023-12-23,1,0.15,286.21661376953125,938.0,mist
36,2023-12-23,2023-12-23,1,0.2,320.5196838378906,938.0,mist
36,2023-12-23,2023-12-23,1,0.25,373.85968017578125,938.0,mist
36,2023-12-23,2023-12-23,1,0.3,386.5348815917969,938.0,mist
36,2023-12-23,2023-12-23,1,0.35,433.8049011230469,938.0,mist
36,2023-12-23,2023-12-23,1,0.4,443.5066223144531,938.0,mist
36,2023-12-23,2023-12-23,1,0.45,447.4917907714844,938.0,mist
36,2023-12-23,2023-12-23,1,0.5,539.634033203125,938.0,mist
36,2023-12-23,2023-12-23,1,0.55,597.05810546875,938.0,mist
36,2023-12-23,2023-12-23,1,0.6,630.00341796875,938.0,mist
36,2023-12-23,2023-12-23,1,0.65,645.6348876953125,938.0,mist
36,2023-12-23,2023-12-23,1,0.7,646.161865234375,938.0,mist
36,2023-12-23,2023-12-23,1,0.75,731.875,938.0,mist
36,2023-12-23,2023-12-23,1,0.8,841.4451904296875,938.0,mist
36,2023-12-23,2023-12-23,1,0.85,893.1337280273438,938.0,mist
36,2023-12-23,2023-12-23,1,0.9,960.9986572265625,938.0,mist
36,2023-12-23,2023-12-23,1,0.95,1034.85693359375,938.0,mist
36,2023-12-23,2023-12-23,1,0.975,1191.4940185546875,938.0,mist
36,2023-12-23,2023-12-23,1,0.99,1258.84619140625,938.0,mist
36,2023-12-23,2023-12-30,2,0.01,0.0,1333.0,mist
36,2023-12-23,2023-12-30,2,0.025,0.0,1333.0,mist
36,2023-12-23,2023-12-30,2,0.05,181.16140747070312,1333.0,mist
36,2023-12-23,2023-12-30,2,0.1,350.4394226074219,1333.0,mist
36,2023-12-23,2023-12-30,2,0.15,389.32470703125,1333.0,mist
36,2023-12-23,2023-12-30,2,0.2,446.6663818359375,1333.0,mist
36,2023-12-23,2023-12-30,2,0.25,450.75653076171875,1333.0,mist
36,2023-12-23,2023-12-30,2,0.3,537.6986694335938,1333.0,mist
36,2023-12-23,2023-12-30,2,0.35,606.6739501953125,1333.0,mist
36,2023-12-23,2023-12-30,2,0.4,635.7339477539062,1333.0,mist
36,2023-12-23,2023-12-30,2,0.45,667.7954711914062,1333.0,mist
36,2023-12-23,2023-12-30,2,0.5,707.6788940429688,1333.0,mist
36,2023-12-23,2023-12-30,2,0.55,755.6852416992188,1333.0,mist
36,2023-12-23,2023-12-30,2,0.6,831.9192504882812,1333.0,mist
36,2023-12-23,2023-12-30,2,0.65,835.3461303710938,1333.0,mist
36,2023-12-23,2023-12-30,2,0.7,886.6553955078125,1333.0,mist
36,2023-12-23,2023-12-30,2,0.75,1018.4296264648438,1333.0,mist
36,2023-12-23,2023-12-30,2,0.8,1079.4354248046875,1333.0,mist
36,2023-12-23,2023-12-30,2,0.85,1140.3111572265625,1333.0,mist
36,2023-12-23,2023-12-30,2,0.9,1345.9639892578125,1333.0,mist
36,2023-12-23,2023-12-30,2,0.95,1550.1214599609375,1333.0,mist
36,2023-12-23,2023-12-30,2,0.975,1737.4866943359375,1333.0,mist
36,2023-12-23,2023-12-30,2,0.99,1796.7974853515625,1333.0,mist
36,2023-12-23,2024-01-06,3,0.01,0.0,1240.0,mist
36,2023-12-23,2024-01-06,3,0.025,0.0,1240.0,mist
36,2023-12-23,2024-01-06,3,0.05,268.3691711425781,1240.0,mist
36,2023-12-23,2024-01-06,3,0.1,398.1233215332031,1240.0,mist
36,2023-12-23,2024-01-06,3,0.15,464.9543151855469,1240.0,mist
36,2023-12-23,2024-01-06,3,0.2,535.755126953125,1240.0,mist
36,2023-12-23,2024-01-06,3,0.25,586.9183349609375,1240.0,mist
36,2023-12-23,2024-01-06,3,0.3,638.0896606445312,1240.0,mist
36,2023-12-23,2024-01-06,3,0.35,718.6766967773438,1240.0,mist
36,2023-12-23,2024-01-06,3,0.4,783.776123046875,1240.0,mist
36,2023-12-23,2024-01-06,3,0.45,830.489990234375,1240.0,mist
36,2023-12-23,2024-01-06,3,0.5,918.8568115234375,1240.0,mist
36,2023-12-23,2024-01-06,3,0.55,969.6375732421875,1240.0,mist
36,2023-12-23,2024-01-06,3,0.6,1095.2510986328125,1240.0,mist
36,2023-12-23,2024-01-06,3,0.65,1124.9771728515625,1240.0,mist
36,2023-12-23,2024-01-06,3,0.7,1235.4647216796875,1240.0,mist
36,2023-12-23,2024-01-06,3,0.75,1371.066650390625,1240.0,mist
36,2023-12-23,2024-01-06,3,0.8,1489.8291015625,1240.0,mist
36,2023-12-23,2024-01-06,3,0.85,1723.349609375,1240.0,mist
36,2023-12-23,2024-01-06,3,0.9,1949.1771240234375,1240.0,mist
36,2023-12-23,2024-01-06,3,0.95,2291.906982421875,1240.0,mist
36,2023-12-23,2024-01-06,3,0.975,2382.15478515625,1240.0,mist
36,2023-12-23,2024-01-06,3,0.99,2425.781005859375,1240.0,mist
36,2023-12-23,2024-01-13,4,0.01,0.0,1024.0,mist
36,2023-12-23,2024-01-13,4,0.025,30.437652587890625,1024.0,mist
36,2023-12-23,2024-01-13,4,0.05,185.31813049316406,1024.0,mist
36,2023-12-23,2024-01-13,4,0.1,350.3091735839844,1024.0,mist
36,2023-12-23,2024-01-13,4,0.15,431.2666015625,1024.0,mist
36,2023-12-23,2024-01-13,4,0.2,581.3501586914062,1024.0,mist
36,2023-12-23,2024-01-13,4,0.25,617.154541015625,1024.0,mist
36,2023-12-23,2024-01-13,4,0.3,693.77490234375,1024.0,mist
36,2023-12-23,2024-01-13,4,0.35,754.5914306640625,1024.0,mist
36,2023-12-23,2024-01-13,4,0.4,898.2749633789062,1024.0,mist
36,2023-12-23,2024-01-13,4,0.45,961.3156127929688,1024.0,mist
36,2023-12-23,2024-01-13,4,0.5,1082.258544921875,1024.0,mist
36,2023-12-23,2024-01-13,4,0.55,1226.4212646484375,1024.0,mist
36,2023-12-23,2024-01-13,4,0.6,1324.201904296875,1024.0,mist
36,2023-12-23,2024-01-13,4,0.65,1469.83056640625,1024.0,mist
36,2023-12-23,2024-01-13,4,0.7,1625.2626953125,1024.0,mist
36,2023-12-23,2024-01-13,4,0.75,1750.3370361328125,1024.0,mist
36,2023-12-23,2024-01-13,4,0.8,2089.369140625,1024.0,mist
36,2023-12-23,2024-01-13,4,0.85,2271.900390625,1024.0,mist
36,2023-12-23,2024-01-13,4,0.9,2382.631591796875,1024.0,mist
36,2023-12-23,2024-01-13,4,0.95,2620.801513671875,1024.0,mist
36,2023-12-23,2024-01-13,4,0.975,2804.401123046875,1024.0,mist
36,2023-12-23,2024-01-13,4,0.99,3108.6943359375,1024.0,mist
36,2023-12-30,2023-12-30,1,0.01,0.0,1333.0,mist
36,2023-12-30,2023-12-30,1,0.025,20.728134155273438,1333.0,mist
36,2023-12-30,2023-12-30,1,0.05,87.23181915283203,1333.0,mist
36,2023-12-30,2023-12-30,1,0.1,102.6419448852539,1333.0,mist
36,2023-12-30,2023-12-30,1,0.15,209.9305877685547,1333.0,mist
36,2023-12-30,2023-12-30,1,0.2,218.73818969726562,1333.0,mist
36,2023-12-30,2023-12-30,1,0.25,273.31427001953125,1333.0,mist
36,2023-12-30,2023-12-30,1,0.3,290.7535705566406,1333.0,mist
36,2023-12-30,2023-12-30,1,0.35,311.3307800292969,1333.0,mist
36,2023-12-30,2023-12-30,1,0.4,325.2936706542969,1333.0,mist
36,2023-12-30,2023-12-30,1,0.45,330.18231201171875,1333.0,mist
36,2023-12-30,2023-12-30,1,0.5,453.03875732421875,1333.0,mist
36,2023-12-30,2023-12-30,1,0.55,495.51739501953125,1333.0,mist
36,2023-12-30,2023-12-30,1,0.6,525.7933959960938,1333.0,mist
36,2023-12-30,2023-12-30,1,0.65,531.210205078125,1333.0,mist
36,2023-12-30,2023-12-30,1,0.7,554.8718872070312,1333.0,mist
36,2023-12-30,2023-12-30,1,0.75,623.5272216796875,1333.0,mist
36,2023-12-30,2023-12-30,1,0.8,759.9086303710938,1333.0,mist
36,2023-12-30,2023-12-30,1,0.85,765.4395141601562,1333.0,mist
36,2023-12-30,2023-12-30,1,0.9,838.250732421875,1333.0,mist
36,2023-12-30,2023-12-30,1,0.95,876.475341796875,1333.0,mist
36,2023-12-30,2023-12-30,1,0.975,990.768798828125,1333.0,mist
36,2023-12-30,2023-12-30,1,0.99,1082.1080322265625,1333.0,mist
36,2023-12-30,2024-01-06,2,0.01,0.0,1240.0,mist
36,2023-12-30,2024-01-06,2,0.025,0.0,1240.0,mist
36,2023-12-30,2024-01-06,2,0.05,50.02616882324219,1240.0,mist
36,2023-12-30,2024-01-06,2,0.1,195.37557983398438,1240.0,mist
36,2023-12-30,2024-01-06,2,0.15,276.4269714355469,1240.0,mist
36,2023-12-30,2024-01-06,2,0.2,288.73114013671875,1240.0,mist
36,2023-12-30,2024-01-06,2,0.25,292.9849548339844,1240.0,mist
36,2023-12-30,2024-01-06,2,0.3,382.763427734375,1240.0,mist
36,2023-12-30,2024-01-06,2,0.35,427.84063720703125,1240.0,mist
36,2023-12-30,2024-01-06,2,0.4,439.82061767578125,1240.0,mist
36,2023-12-30,2024-01-06,2,0.45,490.3143005371094,1240.0,mist
36,2023-12-30,2024-01-06,2,0.5,496.1543884277344,1240.0,mist
36,2023-12-30,2024-01-06,2,0.55,550.3773193359375,1240.0,mist
36,2023-12-30,2024-01-06,2,0.6,576.537353515625,1240.0,mist
36,2023-12-30,2024-01-06,2,0.65,608.0089111328125,1240.0,mist
36,2023-12-30,2024-01-06,2,0.7,622.4024658203125,1240.0,mist
36,2023-12-30,2024-01-06,2,0.75,740.1459350585938,1240.0,mist
36,2023-12-30,2024-01-06,2,0.8,778.8348388671875,1240.0,mist
36,2023-12-30,2024-01-06,2,0.85,792.8165283203125,1240.0,mist
36,2023-12-30,2024-01-06,2,0.9,1006.0588989257812,1240.0,mist
36,2023-12-30,2024-01-06,2,0.95,1125.6549072265625,1240.0,mist
36,2023-12-30,2024-01-06,2,0.975,1318.525634765625,1240.0,mist
36,2023-12-30,2024-01-06,2,0.99,1399.1285400390625,1240.0,mist
36,2023-12-30,2024-01-13,3,0.01,0.0,1024.0,mist
36,2023-12-30,2024-01-13,3,0.025,0.0,1024.0,mist
36,2023-12-30,2024-01-13,3,0.05,132.39794921875,1024.0,mist
36,2023-12-30,2024-01-13,3,0.1,226.72161865234375,1024.0,mist
36,2023-12-30,2024-01-13,3,0.15,285.9325866699219,1024.0,mist
36,2023-12-30,2024-01-13,3,0.2,343.1158447265625,1024.0,mist
36,2023-12-30,2024-01-13,3,0.25,345.835205078125,1024.0,mist
36,2023-12-30,2024-01-13,3,0.3,409.7294616699219,1024.0,mist
36,2023-12-30,2024-01-13,3,0.35,475.9343566894531,1024.0,mist
36,2023-12-30,2024-01-13,3,0.4,507.72021484375,1024.0,mist
36,2023-12-30,2024-01-13,3,0.45,515.242919921875,1024.0,mist
36,2023-12-30,2024-01-13,3,0.5,593.1239013671875,1024.0,mist
36,2023-12-30,2024-01-13,3,0.55,608.9783935546875,1024.0,mist
36,2023-12-30,2024-01-13,3,0.6,724.7767944335938,1024.0,mist
36,2023-12-30,2024-01-13,3,0.65,746.0048217773438,1024.0,mist
36,2023-12-30,2024-01-13,3,0.7,792.4556274414062,1024.0,mist
36,2023-12-30,2024-01-13,3,0.75,964.64111328125,1024.0,mist
36,2023-12-30,2024-01-13,3,0.8,977.5699462890625,1024.0,mist
36,2023-12-30,2024-01-13,3,0.85,1240.296142578125,1024.0,mist
36,2023-12-30,2024-01-13,3,0.9,1481.0078125,1024.0,mist
36,2023-12-30,2024-01-13,3,0.95,1623.11083984375,1024.0,mist
36,2023-12-30,2024-01-13,3,0.975,1778.6336669921875,1024.0,mist
36,2023-12-30,2024-01-13,3,0.99,1788.12353515625,1024.0,mist
36,2023-12-30,2024-01-20,4,0.01,0.0,851.0,mist
36,2023-12-30,2024-01-20,4,0.025,0.0,851.0,mist
36,2023-12-30,2024-01-20,4,0.05,0.0,851.0,mist
36,2023-12-30,2024-01-20,4,0.1,182.45257568359375,851.0,mist
36,2023-12-30,2024-01-20,4,0.15,243.4056854248047,851.0,mist
36,2023-12-30,2024-01-20,4,0.2,340.3855895996094,851.0,mist
36,2023-12-30,2024-01-20,4,0.25,387.2216796875,851.0,mist
36,2023-12-30,2024-01-20,4,0.3,396.62115478515625,851.0,mist
36,2023-12-30,2024-01-20,4,0.35,457.7666015625,851.0,mist
36,2023-12-30,2024-01-20,4,0.4,528.4363403320312,851.0,mist
36,2023-12-30,2024-01-20,4,0.45,583.5006103515625,851.0,mist
36,2023-12-30,2024-01-20,4,0.5,745.9381713867188,851.0,mist
36,2023-12-30,2024-01-20,4,0.55,782.7798461914062,851.0,mist
36,2023-12-30,2024-01-20,4,0.6,825.13623046875,851.0,mist
36,2023-12-30,2024-01-20,4,0.65,929.0697021484375,851.0,mist
36,2023-12-30,2024-01-20,4,0.7,1041.44873046875,851.0,mist
36,2023-12-30,2024-01-20,4,0.75,1135.477294921875,851.0,mist
36,2023-12-30,2024-01-20,4,0.8,1442.7276611328125,851.0,mist
36,2023-12-30,2024-01-20,4,0.85,1547.433837890625,851.0,mist
36,2023-12-30,2024-01-20,4,0.9,1664.3746337890625,851.0,mist
36,2023-12-30,2024-01-20,4,0.95,2070.28564453125,851.0,mist
36,2023-12-30,2024-01-20,4,0.975,2070.759765625,851.0,mist
36,2023-12-30,2024-01-20,4,0.99,2408.929931640625,851.0,mist
36,2024-01-06,2024-01-06,1,0.01,0.0,1240.0,mist
36,2024-01-06,2024-01-06,1,0.025,2.255523681640625,1240.0,mist
36,2024-01-06,2024-01-06,1,0.05,92.03823852539062,1240.0,mist
36,2024-01-06,2024-01-06,1,0.1,101.30026245117188,1240.0,mist
36,2024-01-06,2024-01-06,1,0.15,240.23306274414062,1240.0,mist
36,2024-01-06,2024-01-06,1,0.2,257.075927734375,1240.0,mist
36,2024-01-06,2024-01-06,1,0.25,337.47540283203125,1240.0,mist
36,2024-01-06,2024-01-06,1,0.3,352.2967224121094,1240.0,mist
36,2024-01-06,2024-01-06,1,0.35,382.71649169921875,1240.0,mist
36,2024-01-06,2024-01-06,1,0.4,404.20086669921875,1240.0,mist
36,2024-01-06,2024-01-06,1,0.45,408.91717529296875,1240.0,mist
36,2024-01-06,2024-01-06,1,0.5,579.8902587890625,1240.0,mist
36,2024-01-06,2024-01-06,1,0.55,628.26318359375,1240.0,mist
36,2024-01-06,2024-01-06,1,0.6,664.7357177734375,1240.0,mist
36,2024-01-06,2024-01-06,1,0.65,676.8297119140625,1240.0,mist
36,2024-01-06,2024-01-06,1,0.7,713.87353515625,1240.0,mist
36,2024-01-06,2024-01-06,1,0.75,809.6707153320312,1240.0,mist
36,2024-01-06,2024-01-06,1,0.8,989.7706909179688,1240.0,mist
36,2024-01-06,2024-01-06,1,0.85,991.5681762695312,1240.0,mist
36,2024-01-06,2024-01-06,1,0.9,1095.2452392578125,1240.0,mist
36,2024-01-06,2024-01-06,1,0.95,1154.770263671875,1240.0,mist
36,2024-01-06,2024-01-06,1,0.975,1308.4395751953125,1240.0,mist
36,2024-01-06,2024-01-06,1,0.99,1419.514892578125,1240.0,mist
36,2024-01-06,2024-01-13,2,0.01,0.0,1024.0,mist
36,2024-01-06,2024-01-13,2,0.025,0.0,1024.0,mist
36,2024-01-06,2024-01-13,2,0.05,28.246139526367188,1024.0,mist
36,2024-01-06,2024-01-13,2,0.1,217.68896484375,1024.0,mist
36,2024-01-06,2024-01-13,2,0.15,325.8780822753906,1024.0,mist
36,2024-01-06,2024-01-13,2,0.2,341.38818359375,1024.0,mist
36,2024-01-06,2024-01-13,2,0.25,341.7376708984375,1024.0,mist
36,2024-01-06,2024-01-13,2,0.3,471.75079345703125,1024.0,mist
36,2024-01-06,2024-01-13,2,0.35,522.9622192382812,1024.0,mist
36,2024-01-06,2024-01-13,2,0.4,530.1762084960938,1024.0,mist
36,2024-01-06,2024-01-13,2,0.45,611.2720947265625,1024.0,mist
36,2024-01-06,2024-01-13,2,0.5,615.814453125,1024.0,mist
36,2024-01-06,2024-01-13,2,0.55,679.55224609375,1024.0,mist
36,2024-01-06,2024-01-13,2,0.6,717.7655029296875,1024.0,mist
36,2024-01-06,2024-01-13,2,0.65,754.7557373046875,1024.0,mist
36,2024-01-06,2024-01-13,2,0.7,781.4451293945312,1024.0,mist
36,2024-01-06,2024-01-13,2,0.75,928.6671752929688,1024.0,mist
36,2024-01-06,2024-01-13,2,0.8,972.4365234375,1024.0,mist
36,2024-01-06,2024-01-13,2,0.85,996.5394897460938,1024.0,mist
36,2024-01-06,2024-01-13,2,0.9,1282.1728515625,1024.0,mist
36,2024-01-06,2024-01-13,2,0.95,1431.0128173828125,1024.0,mist
36,2024-01-06,2024-01-13,2,0.975,1692.043212890625,1024.0,mist
36,2024-01-06,2024-01-13,2,0.99,1827.004638671875,1024.0,mist
36,2024-01-06,2024-01-20,3,0.01,0.0,851.0,mist
36,2024-01-06,2024-01-20,3,0.025,0.0,851.0,mist
36,2024-01-06,2024-01-20,3,0.05,135.7389678955078,851.0,mist
36,2024-01-06,2024-01-20,3,0.1,252.83474731445312,851.0,mist
36,2024-01-06,2024-01-20,3,0.15,336.61126708984375,851.0,mist
36,2024-01-06,2024-01-20,3,0.2,406.9993896484375,851.0,mist
36,2024-01-06,2024-01-20,3,0.25,408.6077575683594,851.0,mist
36,2024-01-06,2024-01-20,3,0.3,500.02764892578125,851.0,mist
36,2024-01-06,2024-01-20,3,0.35,580.145263671875,851.0,mist
36,2024-01-06,2024-01-20,3,0.4,613.5941162109375,851.0,mist
36,2024-01-06,2024-01-20,3,0.45,616.6790771484375,851.0,mist
36,2024-01-06,2024-01-20,3,0.5,719.7945556640625,851.0,mist
36,2024-01-06,2024-01-20,3,0.55,739.962646484375,851.0,mist
36,2024-01-06,2024-01-20,3,0.6,881.364013671875,851.0,mist
36,2024-01-06,2024-01-20,3,0.65,916.9952392578125,851.0,mist
36,2024-01-06,2024-01-20,3,0.7,976.2078857421875,851.0,mist
36,2024-01-06,2024-01-20,3,0.75,1206.939697265625,851.0,mist
36,2024-01-06,2024-01-20,3,0.8,1211.130126953125,851.0,mist
36,2024-01-06,2024-01-20,3,0.85,1564.2418212890625,851.0,mist
36,2024-01-06,2024-01-20,3,0.9,1899.317138671875,851.0,mist
36,2024-01-06,2024-01-20,3,0.95,2047.5289306640625,851.0,mist
36,2024-01-06,2024-01-20,3,0.975,2266.345703125,851.0,mist
36,2024-01-06,2024-01-20,3,0.99,2297.01806640625,851.0,mist
36,2024-01-06,2024-01-27,4,0.01,0.0,884.0,mist
36,2024-01-06,2024-01-27,4,0.025,0.0,884.0,mist
36,2024-01-06,2024-01-27,4,0.05,0.0,884.0,mist
36,2024-01-06,2024-01-27,4,0.1,200.76629638671875,884.0,mist
36,2024-01-06,2024-01-27,4,0.15,284.7066345214844,884.0,mist
36,2024-01-06,2024-01-27,4,0.2,393.4277648925781,884.0,mist
36,2024-01-06,2024-01-27,4,0.25,458.08160400390625,884.0,mist
36,2024-01-06,2024-01-27,4,0.3,472.9403381347656,884.0,mist
36,2024-01-06,2024-01-27,4,0.35,551.84423828125,884.0,mist
36,2024-01-06,2024-01-27,4,0.4,632.626953125,884.0,mist
36,2024-01-06,2024-01-27,4,0.45,712.4774169921875,884.0,mist
36,2024-01-06,2024-01-27,4,0.5,924.2474975585938,884.0,mist
36,2024-01-06,2024-01-27,4,0.55,949.1116333007812,884.0,mist
36,2024-01-06,2024-01-27,4,0.6,1015.9578247070312,884.0,mist
36,2024-01-06,2024-01-27,4,0.65,1138.460693359375,884.0,mist
36,2024-01-06,2024-01-27,4,0.7,1278.543701171875,884.0,mist
36,2024-01-06,2024-01-27,4,0.75,1398.5045166015625,884.0,mist
36,2024-01-06,2024-01-27,4,0.8,1808.5318603515625,884.0,mist
36,2024-01-06,2024-01-27,4,0.85,1921.9112548828125,884.0,mist
36,2024-01-06,2024-01-27,4,0.9,2103.9599609375,884.0,mist
36,2024-01-06,2024-01-27,4,0.95,2643.783935546875,884.0,mist
36,2024-01-06,2024-01-27,4,0.975,2680.481201171875,884.0,mist
36,2024-01-06,2024-01-27,4,0.99,3121.55908203125,884.0,mist
36,2024-01-13,2024-01-13,1,0.01,0.0,1024.0,mist
36,2024-01-13,2024-01-13,1,0.025,83.96844482421875,1024.0,mist
36,2024-01-13,2024-01-13,1,0.05,121.4273681640625,1024.0,mist
36,2024-01-13,2024-01-13,1,0.1,139.23036193847656,1024.0,mist
36,2024-01-13,2024-01-13,1,0.15,190.54498291015625,1024.0,mist
36,2024-01-13,2024-01-13,1,0.2,194.9931640625,1024.0,mist
36,2024-01-13,2024-01-13,1,0.25,211.39671325683594,1024.0,mist
36,2024-01-13,2024-01-13,1,0.3,244.16436767578125,1024.0,mist
36,2024-01-13,2024-01-13,1,0.35,261.5001220703125,1024.0,mist
36,2024-01-13,2024-01-13,1,0.4,292.089599609375,1024.0,mist
36,2024-01-13,2024-01-13,1,0.45,296.2560729980469,1024.0,mist
36,2024-01-13,2024-01-13,1,0.5,376.5158996582031,1024.0,mist
36,2024-01-13,2024-01-13,1,0.55,388.36151123046875,1024.0,mist
36,2024-01-13,2024-01-13,1,0.6,434.9867858886719,1024.0,mist
36,2024-01-13,2024-01-13,1,0.65,454.61279296875,1024.0,mist
36,2024-01-13,2024-01-13,1,0.7,464.1645812988281,1024.0,mist
36,2024-01-13,2024-01-13,1,0.75,521.3341064453125,1024.0,mist
36,2024-01-13,2024-01-13,1,0.8,563.9659423828125,1024.0,mist
36,2024-01-13,2024-01-13,1,0.85,595.1041870117188,1024.0,mist
36,2024-01-13,2024-01-13,1,0.9,674.9081420898438,1024.0,mist
36,2024-01-13,2024-01-13,1,0.95,689.0478515625,1024.0,mist
36,2024-01-13,2024-01-13,1,0.975,749.5057373046875,1024.0,mist
36,2024-01-13,2024-01-13,1,0.99,827.79345703125,1024.0,mist
36,2024-01-13,2024-01-20,2,0.01,0.0,851.0,mist
36,2024-01-13,2024-01-20,2,0.025,0.0,851.0,mist
36,2024-01-13,2024-01-20,2,0.05,22.699462890625,851.0,mist
36,2024-01-13,2024-01-20,2,0.1,148.87278747558594,851.0,mist
36,2024-01-13,2024-01-20,2,0.15,160.3297882080078,851.0,mist
36,2024-01-13,2024-01-20,2,0.2,209.54429626464844,851.0,mist
36,2024-01-13,2024-01-20,2,0.25,227.2466278076172,851.0,mist
36,2024-01-13,2024-01-20,2,0.3,257.9736328125,851.0,mist
36,2024-01-13,2024-01-20,2,0.35,283.0501403808594,851.0,mist
36,2024-01-13,2024-01-20,2,0.4,286.06842041015625,851.0,mist
36,2024-01-13,2024-01-20,2,0.45,328.71087646484375,851.0,mist
36,2024-01-13,2024-01-20,2,0.5,337.2071228027344,851.0,mist
36,2024-01-13,2024-01-20,2,0.55,375.5023193359375,851.0,mist
36,2024-01-13,2024-01-20,2,0.6,382.4284362792969,851.0,mist
36,2024-01-13,2024-01-20,2,0.65,396.5118103027344,851.0,mist
36,2024-01-13,2024-01-20,2,0.7,449.87310791015625,851.0,mist
36,2024-01-13,2024-01-20,2,0.75,449.9207763671875,851.0,mist
36,2024-01-13,2024-01-20,2,0.8,454.3455810546875,851.0,mist
36,2024-01-13,2024-01-20,2,0.85,465.52630615234375,851.0,mist
36,2024-01-13,2024-01-20,2,0.9,539.3181762695312,851.0,mist
36,2024-01-13,2024-01-20,2,0.95,590.20458984375,851.0,mist
36,2024-01-13,2024-01-20,2,0.975,742.0753173828125,851.0,mist
36,2024-01-13,2024-01-20,2,0.99,1043.4891357421875,851.0,mist
36,2024-01-13,2024-01-27,3,0.01,0.0,884.0,mist
36,2024-01-13,2024-01-27,3,0.025,38.469268798828125,884.0,mist
36,2024-01-13,2024-01-27,3,0.05,105.21414184570312,884.0,mist
36,2024-01-13,2024-01-27,3,0.1,162.6225128173828,884.0,mist
36,2024-01-13,2024-01-27,3,0.15,163.86056518554688,884.0,mist
36,2024-01-13,2024-01-27,3,0.2,192.9656524658203,884.0,mist
36,2024-01-13,2024-01-27,3,0.25,213.885498046875,884.0,mist
36,2024-01-13,2024-01-27,3,0.3,243.85067749023438,884.0,mist
36,2024-01-13,2024-01-27,3,0.35,248.3297119140625,884.0,mist
36,2024-01-13,2024-01-27,3,0.4,264.631591796875,884.0,mist
36,2024-01-13,2024-01-27,3,0.45,266.5405578613281,884.0,mist
36,2024-01-13,2024-01-27,3,0.5,316.8369140625,884.0,mist
36,2024-01-13,2024-01-27,3,0.55,320.6524963378906,884.0,mist
36,2024-01-13,2024-01-27,3,0.6,348.985595703125,884.0,mist
36,2024-01-13,2024-01-27,3,0.65,390.33807373046875,884.0,mist
36,2024-01-13,2024-01-27,3,0.7,403.4620056152344,884.0,mist
36,2024-01-13,2024-01-27,3,0.75,409.1983642578125,884.0,mist
36,2024-01-13,2024-01-27,3,0.8,498.4020080566406,884.0,mist
36,2024-01-13,2024-01-27,3,0.85,609.279052734375,884.0,mist
36,2024-01-13,2024-01-27,3,0.9,742.5693359375,884.0,mist
36,2024-01-13,2024-01-27,3,0.95,887.6444091796875,884.0,mist
36,2024-01-13,2024-01-27,3,0.975,912.5899047851562,884.0,mist
36,2024-01-13,2024-01-27,3,0.99,972.8544921875,884.0,mist
36,2024-01-13,2024-02-03,4,0.01,0.0,764.0,mist
36,2024-01-13,2024-02-03,4,0.025,0.0,764.0,mist
36,2024-01-13,2024-02-03,4,0.05,0.0,764.0,mist
36,2024-01-13,2024-02-03,4,0.1,89.1202392578125,764.0,mist
36,2024-01-13,2024-02-03,4,0.15,168.06710815429688,764.0,mist
36,2024-01-13,2024-02-03,4,0.2,169.84335327148438,764.0,mist
36,2024-01-13,2024-02-03,4,0.25,176.9082489013672,764.0,mist
36,2024-01-13,2024-02-03,4,0.3,215.5456085205078,764.0,mist
36,2024-01-13,2024-02-03,4,0.35,216.1800994873047,764.0,mist
36,2024-01-13,2024-02-03,4,0.4,232.62991333007812,764.0,mist
36,2024-01-13,2024-02-03,4,0.45,255.99061584472656,764.0,mist
36,2024-01-13,2024-02-03,4,0.5,303.044921875,764.0,mist
36,2024-01-13,2024-02-03,4,0.55,342.02191162109375,764.0,mist
36,2024-01-13,2024-02-03,4,0.6,364.45965576171875,764.0,mist
36,2024-01-13,2024-02-03,4,0.65,392.19036865234375,764.0,mist
36,2024-01-13,2024-02-03,4,0.7,458.58270263671875,764.0,mist
36,2024-01-13,2024-02-03,4,0.75,469.6989440917969,764.0,mist
36,2024-01-13,2024-02-03,4,0.8,622.426513671875,764.0,mist
36,2024-01-13,2024-02-03,4,0.85,701.1604614257812,764.0,mist
36,2024-01-13,2024-02-03,4,0.9,779.5948486328125,764.0,mist
36,2024-01-13,2024-02-03,4,0.95,1078.336181640625,764.0,mist
36,2024-01-13,2024-02-03,4,0.975,1302.38134765625,764.0,mist
36,2024-01-13,2024-02-03,4,0.99,1443.340576171875,764.0,mist
36,2024-01-20,2024-01-20,1,0.01,0.0,851.0,mist
36,2024-01-20,2024-01-20,1,0.025,161.10882568359375,851.0,mist
36,2024-01-20,2024-01-20,1,0.05,173.4807891845703,851.0,mist
36,2024-01-20,2024-01-20,1,0.1,192.94985961914062,851.0,mist
36,2024-01-20,2024-01-20,1,0.15,220.25692749023438,851.0,mist
36,2024-01-20,2024-01-20,1,0.2,225.9878387451172,851.0,mist
36,2024-01-20,2024-01-20,1,0.25,236.33248901367188,851.0,mist
36,2024-01-20,2024-01-20,1,0.3,247.1377716064453,851.0,mist
36,2024-01-20,2024-01-20,1,0.35,292.4622802734375,851.0,mist
36,2024-01-20,2024-01-20,1,0.4,307.2944030761719,851.0,mist
36,2024-01-20,2024-01-20,1,0.45,326.27691650390625,851.0,mist
36,2024-01-20,2024-01-20,1,0.5,354.3288269042969,851.0,mist
36,2024-01-20,2024-01-20,1,0.55,367.8597717285156,851.0,mist
36,2024-01-20,2024-01-20,1,0.6,423.200927734375,851.0,mist
36,2024-01-20,2024-01-20,1,0.65,433.4254150390625,851.0,mist
36,2024-01-20,2024-01-20,1,0.7,439.03497314453125,851.0,mist
36,2024-01-20,2024-01-20,1,0.75,476.00311279296875,851.0,mist
36,2024-01-20,2024-01-20,1,0.8,490.001708984375,851.0,mist
36,2024-01-20,2024-01-20,1,0.85,545.4239501953125,851.0,mist
36,2024-01-20,2024-01-20,1,0.9,594.06494140625,851.0,mist
36,2024-01-20,2024-01-20,1,0.95,609.42626953125,851.0,mist
36,2024-01-20,2024-01-20,1,0.975,636.1663208007812,851.0,mist
36,2024-01-20,2024-01-20,1,0.99,783.5924682617188,851.0,mist
36,2024-01-20,2024-01-27,2,0.01,8.041656494140625,884.0,mist
36,2024-01-20,2024-01-27,2,0.025,46.06536865234375,884.0,mist
36,2024-01-20,2024-01-27,2,0.05,62.9189453125,884.0,mist
36,2024-01-20,2024-01-27,2,0.1,177.28915405273438,884.0,mist
36,2024-01-20,2024-01-27,2,0.15,204.40420532226562,884.0,mist
36,2024-01-20,2024-01-27,2,0.2,218.75222778320312,884.0,mist
36,2024-01-20,2024-01-27,2,0.25,257.408935546875,884.0,mist
36,2024-01-20,2024-01-27,2,0.3,265.9541015625,884.0,mist
36,2024-01-20,2024-01-27,2,0.35,296.2879638671875,884.0,mist
36,2024-01-20,2024-01-27,2,0.4,303.8336181640625,884.0,mist
36,2024-01-20,2024-01-27,2,0.45,314.3782043457031,884.0,mist
36,2024-01-20,2024-01-27,2,0.5,316.55517578125,884.0,mist
36,2024-01-20,2024-01-27,2,0.55,359.00360107421875,884.0,mist
36,2024-01-20,2024-01-27,2,0.6,369.76220703125,884.0,mist
36,2024-01-20,2024-01-27,2,0.65,384.73486328125,884.0,mist
36,2024-01-20,2024-01-27,2,0.7,386.23583984375,884.0,mist
36,2024-01-20,2024-01-27,2,0.75,401.67547607421875,884.0,mist
36,2024-01-20,2024-01-27,2,0.8,409.45001220703125,884.0,mist
36,2024-01-20,2024-01-27,2,0.85,417.0437927246094,884.0,mist
36,2024-01-20,2024-01-27,2,0.9,423.0093078613281,884.0,mist
36,2024-01-20,2024-01-27,2,0.95,454.4543762207031,884.0,mist
36,2024-01-20,2024-01-27,2,0.975,581.8892822265625,884.0,mist
36,2024-01-20,2024-01-27,2,0.99,889.3724975585938,884.0,mist
36,2024-01-20,2024-02-03,3,0.01,26.059539794921875,764.0,mist
36,2024-01-20,2024-02-03,3,0.025,115.55136108398438,764.0,mist
36,2024-01-20,2024-02-03,3,0.05,150.7872314453125,764.0,mist
36,2024-01-20,2024-02-03,3,0.1,174.89932250976562,764.0,mist
36,2024-01-20,2024-02-03,3,0.15,207.3787841796875,764.0,mist
36,2024-01-20,2024-02-03,3,0.2,223.08335876464844,764.0,mist
36,2024-01-20,2024-02-03,3,0.25,235.6153564453125,764.0,mist
36,2024-01-20,2024-02-03,3,0.3,236.2677001953125,764.0,mist
36,2024-01-20,2024-02-03,3,0.35,240.07801818847656,764.0,mist
36,2024-01-20,2024-02-03,3,0.4,253.60546875,764.0,mist
36,2024-01-20,2024-02-03,3,0.45,263.77691650390625,764.0,mist
36,2024-01-20,2024-02-03,3,0.5,286.48907470703125,764.0,mist
36,2024-01-20,2024-02-03,3,0.55,290.01165771484375,764.0,mist
36,2024-01-20,2024-02-03,3,0.6,293.5185546875,764.0,mist
36,2024-01-20,2024-02-03,3,0.65,303.0308532714844,764.0,mist
36,2024-01-20,2024-02-03,3,0.7,345.2384338378906,764.0,mist
36,2024-01-20,2024-02-03,3,0.75,352.21319580078125,764.0,mist
36,2024-01-20,2024-02-03,3,0.8,386.41375732421875,764.0,mist
36,2024-01-20,2024-02-03,3,0.85,453.3799133300781,764.0,mist
36,2024-01-20,2024-02-03,3,0.9,521.5458374023438,764.0,mist
36,2024-01-20,2024-02-03,3,0.95,676.0162353515625,764.0,mist
36,2024-01-20,2024-02-03,3,0.975,685.9337158203125,764.0,mist
36,2024-01-20,2024-02-03,3,0.99,734.105712890625,764.0,mist
36,2024-01-20,2024-02-10,4,0.01,0.0,765.0,mist
36,2024-01-20,2024-02-10,4,0.025,0.0,765.0,mist
36,2024-01-20,2024-02-10,4,0.05,36.72064208984375,765.0,mist
36,2024-01-20,2024-02-10,4,0.1,112.18118286132812,765.0,mist
36,2024-01-20,2024-02-10,4,0.15,182.1991424560547,765.0,mist
36,2024-01-20,2024-02-10,4,0.2,185.1719512939453,765.0,mist
36,2024-01-20,2024-02-10,4,0.25,191.7066192626953,765.0,mist
36,2024-01-20,2024-02-10,4,0.3,202.05056762695312,765.0,mist
36,2024-01-20,2024-02-10,4,0.35,219.1128387451172,765.0,mist
36,2024-01-20,2024-02-10,4,0.4,222.7561798095703,765.0,mist
36,2024-01-20,2024-02-10,4,0.45,233.88365173339844,765.0,mist
36,2024-01-20,2024-02-10,4,0.5,236.81185913085938,765.0,mist
36,2024-01-20,2024-02-10,4,0.55,275.73651123046875,765.0,mist
36,2024-01-20,2024-02-10,4,0.6,294.7560729980469,765.0,mist
36,2024-01-20,2024-02-10,4,0.65,296.00421142578125,765.0,mist
36,2024-01-20,2024-02-10,4,0.7,355.92144775390625,765.0,mist
36,2024-01-20,2024-02-10,4,0.75,361.78619384765625,765.0,mist
36,2024-01-20,2024-02-10,4,0.8,404.61273193359375,765.0,mist
36,2024-01-20,2024-02-10,4,0.85,518.8688354492188,765.0,mist
36,2024-01-20,2024-02-10,4,0.9,530.702880859375,765.0,mist
36,2024-01-20,2024-02-10,4,0.95,758.061767578125,765.0,mist
36,2024-01-20,2024-02-10,4,0.975,1033.947998046875,765.0,mist
36,2024-01-20,2024-02-10,4,0.99,1117.751708984375,765.0,mist
36,2024-01-27,2024-01-27,1,0.01,0.0,884.0,mist
36,2024-01-27,2024-01-27,1,0.025,75.0887451171875,884.0,mist
36,2024-01-27,2024-01-27,1,0.05,117.12228393554688,884.0,mist
36,2024-01-27,2024-01-27,1,0.1,147.6202392578125,884.0,mist
36,2024-01-27,2024-01-27,1,0.15,152.33563232421875,884.0,mist
36,2024-01-27,2024-01-27,1,0.2,153.26925659179688,884.0,mist
36,2024-01-27,2024-01-27,1,0.25,160.04562377929688,884.0,mist
36,2024-01-27,2024-01-27,1,0.3,161.21054077148438,884.0,mist
36,2024-01-27,2024-01-27,1,0.35,221.98556518554688,884.0,mist
36,2024-01-27,2024-01-27,1,0.4,242.92745971679688,884.0,mist
36,2024-01-27,2024-01-27,1,0.45,244.7510528564453,884.0,mist
36,2024-01-27,2024-01-27,1,0.5,253.3824920654297,884.0,mist
36,2024-01-27,2024-01-27,1,0.55,260.80963134765625,884.0,mist
36,2024-01-27,2024-01-27,1,0.6,307.1237487792969,884.0,mist
36,2024-01-27,2024-01-27,1,0.65,322.3016357421875,884.0,mist
36,2024-01-27,2024-01-27,1,0.7,333.0203552246094,884.0,mist
36,2024-01-27,2024-01-27,1,0.75,363.75286865234375,884.0,mist
36,2024-01-27,2024-01-27,1,0.8,369.6330261230469,884.0,mist
36,2024-01-27,2024-01-27,1,0.85,406.87567138671875,884.0,mist
36,2024-01-27,2024-01-27,1,0.9,461.4052734375,884.0,mist
36,2024-01-27,2024-01-27,1,0.95,526.292236328125,884.0,mist
36,2024-01-27,2024-01-27,1,0.975,585.0633544921875,884.0,mist
36,2024-01-27,2024-01-27,1,0.99,836.6248779296875,884.0,mist
36,2024-01-27,2024-02-03,2,0.01,0.0,764.0,mist
36,2024-01-27,2024-02-03,2,0.025,0.0,764.0,mist
36,2024-01-27,2024-02-03,2,0.05,8.6092529296875,764.0,mist
36,2024-01-27,2024-02-03,2,0.1,109.78179931640625,764.0,mist
36,2024-01-27,2024-02-03,2,0.15,125.239990234375,764.0,mist
36,2024-01-27,2024-02-03,2,0.2,164.86090087890625,764.0,mist
36,2024-01-27,2024-02-03,2,0.25,165.74310302734375,764.0,mist
36,2024-01-27,2024-02-03,2,0.3,188.5040283203125,764.0,mist
36,2024-01-27,2024-02-03,2,0.35,215.53372192382812,764.0,mist
36,2024-01-27,2024-02-03,2,0.4,223.9215087890625,764.0,mist
36,2024-01-27,2024-02-03,2,0.45,238.1129150390625,764.0,mist
36,2024-01-27,2024-02-03,2,0.5,240.1757049560547,764.0,mist
36,2024-01-27,2024-02-03,2,0.55,253.0616912841797,764.0,mist
36,2024-01-27,2024-02-03,2,0.6,256.9171142578125,764.0,mist
36,2024-01-27,2024-02-03,2,0.65,272.54339599609375,764.0,mist
36,2024-01-27,2024-02-03,2,0.7,276.667236328125,764.0,mist
36,2024-01-27,2024-02-03,2,0.75,294.359375,764.0,mist
36,2024-01-27,2024-02-03,2,0.8,304.79736328125,764.0,mist
36,2024-01-27,2024-02-03,2,0.85,323.1336364746094,764.0,mist
36,2024-01-27,2024-02-03,2,0.9,329.02410888671875,764.0,mist
36,2024-01-27,2024-02-03,2,0.95,360.36785888671875,764.0,mist
36,2024-01-27,2024-02-03,2,0.975,487.32086181640625,764.0,mist
36,2024-01-27,2024-02-03,2,0.99,793.312744140625,764.0,mist
36,2024-01-27,2024-02-10,3,0.01,0.0,765.0,mist
36,2024-01-27,2024-02-10,3,0.025,11.14776611328125,765.0,mist
36,2024-01-27,2024-02-10,3,0.05,56.28436279296875,765.0,mist
36,2024-01-27,2024-02-10,3,0.1,120.5206298828125,765.0,mist
36,2024-01-27,2024-02-10,3,0.15,128.59442138671875,765.0,mist
36,2024-01-27,2024-02-10,3,0.2,143.76153564453125,765.0,mist
36,2024-01-27,2024-02-10,3,0.25,157.83193969726562,765.0,mist
36,2024-01-27,2024-02-10,3,0.3,166.39883422851562,765.0,mist
36,2024-01-27,2024-02-10,3,0.35,169.41732788085938,765.0,mist
36,2024-01-27,2024-02-10,3,0.4,177.98626708984375,765.0,mist
36,2024-01-27,2024-02-10,3,0.45,192.65362548828125,765.0,mist
36,2024-01-27,2024-02-10,3,0.5,194.52206420898438,765.0,mist
36,2024-01-27,2024-02-10,3,0.55,196.02679443359375,765.0,mist
36,2024-01-27,2024-02-10,3,0.6,197.797607421875,765.0,mist
36,2024-01-27,2024-02-10,3,0.65,223.54127502441406,765.0,mist
36,2024-01-27,2024-02-10,3,0.7,232.7898712158203,765.0,mist
36,2024-01-27,2024-02-10,3,0.75,237.26568603515625,765.0,mist
36,2024-01-27,2024-02-10,3,0.8,254.0987548828125,765.0,mist
36,2024-01-27,2024-02-10,3,0.85,292.8405456542969,765.0,mist
36,2024-01-27,2024-02-10,3,0.9,370.78662109375,765.0,mist
36,2024-01-27,2024-02-10,3,0.95,460.54949951171875,765.0,mist
36,2024-01-27,2024-02-10,3,0.975,560.7373657226562,765.0,mist
36,2024-01-27,2024-02-10,3,0.99,639.01318359375,765.0,mist
36,2024-01-27,2024-02-17,4,0.01,0.0,780.0,mist
36,2024-01-27,2024-02-17,4,0.025,0.0,780.0,mist
36,2024-01-27,2024-02-17,4,0.05,0.0,780.0,mist
36,2024-01-27,2024-02-17,4,0.1,51.2481689453125,780.0,mist
36,2024-01-27,2024-02-17,4,0.15,103.5645751953125,780.0,mist
36,2024-01-27,2024-02-17,4,0.2,114.45651245117188,780.0,mist
36,2024-01-27,2024-02-17,4,0.25,121.36825561523438,780.0,mist
36,2024-01-27,2024-02-17,4,0.3,126.95492553710938,780.0,mist
36,2024-01-27,2024-02-17,4,0.35,143.34039306640625,780.0,mist
36,2024-01-27,2024-02-17,4,0.4,154.90130615234375,780.0,mist
36,2024-01-27,2024-02-17,4,0.45,161.2984619140625,780.0,mist
36,2024-01-27,2024-02-17,4,0.5,161.91812133789062,780.0,mist
36,2024-01-27,2024-02-17,4,0.55,178.25762939453125,780.0,mist
36,2024-01-27,2024-02-17,4,0.6,185.32174682617188,780.0,mist
36,2024-01-27,2024-02-17,4,0.65,195.67068481445312,780.0,mist
36,2024-01-27,2024-02-17,4,0.7,232.61183166503906,780.0,mist
36,2024-01-27,2024-02-17,4,0.75,241.11834716796875,780.0,mist
36,2024-01-27,2024-02-17,4,0.8,244.01437377929688,780.0,mist
36,2024-01-27,2024-02-17,4,0.85,320.12646484375,780.0,mist
36,2024-01-27,2024-02-17,4,0.9,329.72412109375,780.0,mist
36,2024-01-27,2024-02-17,4,0.95,493.07122802734375,780.0,mist
36,2024-01-27,2024-02-17,4,0.975,862.1173706054688,780.0,mist
36,2024-01-27,2024-02-17,4,0.99,965.055419921875,780.0,mist
36,2024-02-03,2024-02-03,1,0.01,0.0,764.0,mist
36,2024-02-03,2024-02-03,1,0.025,0.0,764.0,mist
36,2024-02-03,2024-02-03,1,0.05,3.22845458984375,764.0,mist
36,2024-02-03,2024-02-03,1,0.1,52.7890625,764.0,mist
36,2024-02-03,2024-02-03,1,0.15,66.99197387695312,764.0,mist
36,2024-02-03,2024-02-03,1,0.2,83.53140258789062,764.0,mist
36,2024-02-03,2024-02-03,1,0.25,114.50967407226562,764.0,mist
36,2024-02-03,2024-02-03,1,0.3,116.57107543945312,764.0,mist
36,2024-02-03,2024-02-03,1,0.35,157.73599243164062,764.0,mist
36,2024-02-03,2024-02-03,1,0.4,176.7178955078125,764.0,mist
36,2024-02-03,2024-02-03,1,0.45,190.21630859375,764.0,mist
36,2024-02-03,2024-02-03,1,0.5,228.62823486328125,764.0,mist
36,2024-02-03,2024-02-03,1,0.55,237.7237548828125,764.0,mist
36,2024-02-03,2024-02-03,1,0.6,281.99188232421875,764.0,mist
36,2024-02-03,2024-02-03,1,0.65,293.0032958984375,764.0,mist
36,2024-02-03,2024-02-03,1,0.7,295.5230712890625,764.0,mist
36,2024-02-03,2024-02-03,1,0.75,358.5244140625,764.0,mist
36,2024-02-03,2024-02-03,1,0.8,386.47900390625,764.0,mist
36,2024-02-03,2024-02-03,1,0.85,408.7532958984375,764.0,mist
36,2024-02-03,2024-02-03,1,0.9,530.9862670898438,764.0,mist
36,2024-02-03,2024-02-03,1,0.95,662.9002075195312,764.0,mist
36,2024-02-03,2024-02-03,1,0.975,767.4415893554688,764.0,mist
36,2024-02-03,2024-02-03,1,0.99,1055.2314453125,764.0,mist
36,2024-02-03,2024-02-10,2,0.01,0.0,765.0,mist
36,2024-02-03,2024-02-10,2,0.025,0.0,765.0,mist
36,2024-02-03,2024-02-10,2,0.05,0.0,765.0,mist
36,2024-02-03,2024-02-10,2,0.1,31.455230712890625,765.0,mist
36,2024-02-03,2024-02-10,2,0.15,37.63739013671875,765.0,mist
36,2024-02-03,2024-02-10,2,0.2,69.24880981445312,765.0,mist
36,2024-02-03,2024-02-10,2,0.25,81.92593383789062,765.0,mist
36,2024-02-03,2024-02-10,2,0.3,115.26358032226562,765.0,mist
36,2024-02-03,2024-02-10,2,0.35,154.58425903320312,765.0,mist
36,2024-02-03,2024-02-10,2,0.4,170.48141479492188,765.0,mist
36,2024-02-03,2024-02-10,2,0.45,187.11798095703125,765.0,mist
36,2024-02-03,2024-02-10,2,0.5,196.9227294921875,765.0,mist
36,2024-02-03,2024-02-10,2,0.55,199.11199951171875,765.0,mist
36,2024-02-03,2024-02-10,2,0.6,217.78076171875,765.0,mist
36,2024-02-03,2024-02-10,2,0.65,230.8380126953125,765.0,mist
36,2024-02-03,2024-02-10,2,0.7,252.25918579101562,765.0,mist
36,2024-02-03,2024-02-10,2,0.75,309.56475830078125,765.0,mist
36,2024-02-03,2024-02-10,2,0.8,323.9355163574219,765.0,mist
36,2024-02-03,2024-02-10,2,0.85,352.0216979980469,765.0,mist
36,2024-02-03,2024-02-10,2,0.9,407.6009521484375,765.0,mist
36,2024-02-03,2024-02-10,2,0.95,525.4330444335938,765.0,mist
36,2024-02-03,2024-02-10,2,0.975,674.5396118164062,765.0,mist
36,2024-02-03,2024-02-10,2,0.99,1031.589111328125,765.0,mist
36,2024-02-03,2024-02-17,3,0.01,0.0,780.0,mist
36,2024-02-03,2024-02-17,3,0.025,0.0,780.0,mist
36,2024-02-03,2024-02-17,3,0.05,0.0,780.0,mist
36,2024-02-03,2024-02-17,3,0.1,0.0,780.0,mist
36,2024-02-03,2024-02-17,3,0.15,23.242034912109375,780.0,mist
36,2024-02-03,2024-02-17,3,0.2,55.346435546875,780.0,mist
36,2024-02-03,2024-02-17,3,0.25,102.38983154296875,780.0,mist
36,2024-02-03,2024-02-17,3,0.3,105.96658325195312,780.0,mist
36,2024-02-03,2024-02-17,3,0.35,108.69656372070312,780.0,mist
36,2024-02-03,2024-02-17,3,0.4,117.20797729492188,780.0,mist
36,2024-02-03,2024-02-17,3,0.45,147.85086059570312,780.0,mist
36,2024-02-03,2024-02-17,3,0.5,157.27145385742188,780.0,mist
36,2024-02-03,2024-02-17,3,0.55,179.15594482421875,780.0,mist
36,2024-02-03,2024-02-17,3,0.6,192.72979736328125,780.0,mist
36,2024-02-03,2024-02-17,3,0.65,233.7781982421875,780.0,mist
36,2024-02-03,2024-02-17,3,0.7,247.26876831054688,780.0,mist
36,2024-02-03,2024-02-17,3,0.75,261.4599914550781,780.0,mist
36,2024-02-03,2024-02-17,3,0.8,308.114990234375,780.0,mist
36,2024-02-03,2024-02-17,3,0.85,386.7794189453125,780.0,mist
36,2024-02-03,2024-02-17,3,0.9,547.762451171875,780.0,mist
36,2024-02-03,2024-02-17,3,0.95,593.7181396484375,780.0,mist
36,2024-02-03,2024-02-17,3,0.975,795.130126953125,780.0,mist
36,2024-02-03,2024-02-17,3,0.99,977.5917358398438,780.0,mist
36,2024-02-03,2024-02-24,4,0.01,0.0,782.0,mist
36,2024-02-03,2024-02-24,4,0.025,0.0,782.0,mist
36,2024-02-03,2024-02-24,4,0.05,0.0,782.0,mist
36,2024-02-03,2024-02-24,4,0.1,0.0,782.0,mist
36,2024-02-03,2024-02-24,4,0.15,18.71783447265625,782.0,mist
36,2024-02-03,2024-02-24,4,0.2,20.22711181640625,782.0,mist
36,2024-02-03,2024-02-24,4,0.25,66.4285888671875,782.0,mist
36,2024-02-03,2024-02-24,4,0.3,85.56793212890625,782.0,mist
36,2024-02-03,2024-02-24,4,0.35,97.05303955078125,782.0,mist
36,2024-02-03,2024-02-24,4,0.4,106.55621337890625,782.0,mist
36,2024-02-03,2024-02-24,4,0.45,139.34909057617188,782.0,mist
36,2024-02-03,2024-02-24,4,0.5,155.31423950195312,782.0,mist
36,2024-02-03,2024-02-24,4,0.55,183.33529663085938,782.0,mist
36,2024-02-03,2024-02-24,4,0.6,198.01290893554688,782.0,mist
36,2024-02-03,2024-02-24,4,0.65,217.18777465820312,782.0,mist
36,2024-02-03,2024-02-24,4,0.7,263.4183044433594,782.0,mist
36,2024-02-03,2024-02-24,4,0.75,265.03485107421875,782.0,mist
36,2024-02-03,2024-02-24,4,0.8,364.66387939453125,782.0,mist
36,2024-02-03,2024-02-24,4,0.85,390.9687805175781,782.0,mist
36,2024-02-03,2024-02-24,4,0.9,516.8729248046875,782.0,mist
36,2024-02-03,2024-02-24,4,0.95,762.9738159179688,782.0,mist
36,2024-02-03,2024-02-24,4,0.975,1179.9388427734375,782.0,mist
36,2024-02-03,2024-02-24,4,0.99,1397.544677734375,782.0,mist
36,2024-02-10,2024-02-10,1,0.01,0.0,765.0,mist
36,2024-02-10,2024-02-10,1,0.025,0.0,765.0,mist
36,2024-02-10,2024-02-10,1,0.05,10.801513671875,765.0,mist
36,2024-02-10,2024-02-10,1,0.1,71.66506958007812,765.0,mist
36,2024-02-10,2024-02-10,1,0.15,84.08224487304688,765.0,mist
36,2024-02-10,2024-02-10,1,0.2,85.85598754882812,765.0,mist
36,2024-02-10,2024-02-10,1,0.25,90.90185546875,765.0,mist
36,2024-02-10,2024-02-10,1,0.3,101.77664184570312,765.0,mist
36,2024-02-10,2024-02-10,1,0.35,129.22872924804688,765.0,mist
36,2024-02-10,2024-02-10,1,0.4,140.87664794921875,765.0,mist
36,2024-02-10,2024-02-10,1,0.45,148.09884643554688,765.0,mist
36,2024-02-10,2024-02-10,1,0.5,161.62124633789062,765.0,mist
36,2024-02-10,2024-02-10,1,0.55,175.30905151367188,765.0,mist
36,2024-02-10,2024-02-10,1,0.6,193.33499145507812,765.0,mist
36,2024-02-10,2024-02-10,1,0.65,204.66143798828125,765.0,mist
36,2024-02-10,2024-02-10,1,0.7,213.63168334960938,765.0,mist
36,2024-02-10,2024-02-10,1,0.75,247.46591186523438,765.0,mist
36,2024-02-10,2024-02-10,1,0.8,249.56427001953125,765.0,mist
36,2024-02-10,2024-02-10,1,0.85,309.1451416015625,765.0,mist
36,2024-02-10,2024-02-10,1,0.9,355.6419982910156,765.0,mist
36,2024-02-10,2024-02-10,1,0.95,480.79742431640625,765.0,mist
36,2024-02-10,2024-02-10,1,0.975,635.0048217773438,765.0,mist
36,2024-02-10,2024-02-10,1,0.99,1002.9597778320312,765.0,mist
36,2024-02-10,2024-02-17,2,0.01,0.0,780.0,mist
36,2024-02-10,2024-02-17,2,0.025,0.0,780.0,mist
36,2024-02-10,2024-02-17,2,0.05,0.0,780.0,mist
36,2024-02-10,2024-02-17,2,0.1,36.51416015625,780.0,mist
36,2024-02-10,2024-02-17,2,0.15,43.029052734375,780.0,mist
36,2024-02-10,2024-02-17,2,0.2,47.58843994140625,780.0,mist
36,2024-02-10,2024-02-17,2,0.25,84.66342163085938,780.0,mist
36,2024-02-10,2024-02-17,2,0.3,90.59817504882812,780.0,mist
36,2024-02-10,2024-02-17,2,0.35,107.21939086914062,780.0,mist
36,2024-02-10,2024-02-17,2,0.4,109.32614135742188,780.0,mist
36,2024-02-10,2024-02-17,2,0.45,137.65069580078125,780.0,mist
36,2024-02-10,2024-02-17,2,0.5,149.0941162109375,780.0,mist
36,2024-02-10,2024-02-17,2,0.55,157.52099609375,780.0,mist
36,2024-02-10,2024-02-17,2,0.6,166.09512329101562,780.0,mist
36,2024-02-10,2024-02-17,2,0.65,166.837890625,780.0,mist
36,2024-02-10,2024-02-17,2,0.7,170.8077392578125,780.0,mist
36,2024-02-10,2024-02-17,2,0.75,235.849365234375,780.0,mist
36,2024-02-10,2024-02-17,2,0.8,245.80096435546875,780.0,mist
36,2024-02-10,2024-02-17,2,0.85,250.58740234375,780.0,mist
36,2024-02-10,2024-02-17,2,0.9,266.1107482910156,780.0,mist
36,2024-02-10,2024-02-17,2,0.95,369.83612060546875,780.0,mist
36,2024-02-10,2024-02-17,2,0.975,511.0837707519531,780.0,mist
36,2024-02-10,2024-02-17,2,0.99,821.6863403320312,780.0,mist
36,2024-02-10,2024-02-24,3,0.01,0.0,782.0,mist
36,2024-02-10,2024-02-24,3,0.025,0.0,782.0,mist
36,2024-02-10,2024-02-24,3,0.05,0.0,782.0,mist
36,2024-02-10,2024-02-24,3,0.1,6.11376953125,782.0,mist
36,2024-02-10,2024-02-24,3,0.15,22.8587646484375,782.0,mist
36,2024-02-10,2024-02-24,3,0.2,59.866912841796875,782.0,mist
36,2024-02-10,2024-02-24,3,0.25,62.400421142578125,782.0,mist
36,2024-02-10,2024-02-24,3,0.3,84.84368896484375,782.0,mist
36,2024-02-10,2024-02-24,3,0.35,90.14541625976562,782.0,mist
36,2024-02-10,2024-02-24,3,0.4,106.58465576171875,782.0,mist
36,2024-02-10,2024-02-24,3,0.45,119.980712890625,782.0,mist
36,2024-02-10,2024-02-24,3,0.5,128.6982421875,782.0,mist
36,2024-02-10,2024-02-24,3,0.55,134.0079345703125,782.0,mist
36,2024-02-10,2024-02-24,3,0.6,138.7906494140625,782.0,mist
36,2024-02-10,2024-02-24,3,0.65,146.83099365234375,782.0,mist
36,2024-02-10,2024-02-24,3,0.7,159.2344970703125,782.0,mist
36,2024-02-10,2024-02-24,3,0.75,161.88320922851562,782.0,mist
36,2024-02-10,2024-02-24,3,0.8,170.17633056640625,782.0,mist
36,2024-02-10,2024-02-24,3,0.85,191.1085205078125,782.0,mist
36,2024-02-10,2024-02-24,3,0.9,253.56539916992188,782.0,mist
36,2024-02-10,2024-02-24,3,0.95,322.67010498046875,782.0,mist
36,2024-02-10,2024-02-24,3,0.975,508.7861022949219,782.0,mist
36,2024-02-10,2024-02-24,3,0.99,820.399658203125,782.0,mist
36,2024-02-10,2024-03-02,4,0.01,0.0,764.0,mist
36,2024-02-10,2024-03-02,4,0.025,0.0,764.0,mist
36,2024-02-10,2024-03-02,4,0.05,0.0,764.0,mist
36,2024-02-10,2024-03-02,4,0.1,0.0,764.0,mist
36,2024-02-10,2024-03-02,4,0.15,0.0,764.0,mist
36,2024-02-10,2024-03-02,4,0.2,45.29254150390625,764.0,mist
36,2024-02-10,2024-03-02,4,0.25,52.59893798828125,764.0,mist
36,2024-02-10,2024-03-02,4,0.3,57.4644775390625,764.0,mist
36,2024-02-10,2024-03-02,4,0.35,71.39212036132812,764.0,mist
36,2024-02-10,2024-03-02,4,0.4,74.22906494140625,764.0,mist
36,2024-02-10,2024-03-02,4,0.45,80.7022705078125,764.0,mist
36,2024-02-10,2024-03-02,4,0.5,96.55145263671875,764.0,mist
36,2024-02-10,2024-03-02,4,0.55,108.40084838867188,764.0,mist
36,2024-02-10,2024-03-02,4,0.6,111.87350463867188,764.0,mist
36,2024-02-10,2024-03-02,4,0.65,114.87826538085938,764.0,mist
36,2024-02-10,2024-03-02,4,0.7,131.83251953125,764.0,mist
36,2024-02-10,2024-03-02,4,0.75,146.97109985351562,764.0,mist
36,2024-02-10,2024-03-02,4,0.8,161.17404174804688,764.0,mist
36,2024-02-10,2024-03-02,4,0.85,203.08984375,764.0,mist
36,2024-02-10,2024-03-02,4,0.9,225.49581909179688,764.0,mist
36,2024-02-10,2024-03-02,4,0.95,346.50177001953125,764.0,mist
36,2024-02-10,2024-03-02,4,0.975,811.6075439453125,764.0,mist
36,2024-02-10,2024-03-02,4,0.99,977.06884765625,764.0,mist
36,2024-02-17,2024-02-17,1,0.01,34.91033935546875,780.0,mist
36,2024-02-17,2024-02-17,1,0.025,47.719970703125,780.0,mist
36,2024-02-17,2024-02-17,1,0.05,125.40884399414062,780.0,mist
36,2024-02-17,2024-02-17,1,0.1,171.075439453125,780.0,mist
36,2024-02-17,2024-02-17,1,0.15,177.79769897460938,780.0,mist
36,2024-02-17,2024-02-17,1,0.2,181.34271240234375,780.0,mist
36,2024-02-17,2024-02-17,1,0.25,184.09786987304688,780.0,mist
36,2024-02-17,2024-02-17,1,0.3,199.76220703125,780.0,mist
36,2024-02-17,2024-02-17,1,0.35,226.43807983398438,780.0,mist
36,2024-02-17,2024-02-17,1,0.4,231.29702758789062,780.0,mist
36,2024-02-17,2024-02-17,1,0.45,235.49176025390625,780.0,mist
36,2024-02-17,2024-02-17,1,0.5,253.17413330078125,780.0,mist
36,2024-02-17,2024-02-17,1,0.55,260.4330749511719,780.0,mist
36,2024-02-17,2024-02-17,1,0.6,276.5984191894531,780.0,mist
36,2024-02-17,2024-02-17,1,0.65,295.0448913574219,780.0,mist
36,2024-02-17,2024-02-17,1,0.7,300.6243896484375,780.0,mist
36,2024-02-17,2024-02-17,1,0.75,333.1072998046875,780.0,mist
36,2024-02-17,2024-02-17,1,0.8,338.403076171875,780.0,mist
36,2024-02-17,2024-02-17,1,0.85,378.53387451171875,780.0,mist
36,2024-02-17,2024-02-17,1,0.9,425.64764404296875,780.0,mist
36,2024-02-17,2024-02-17,1,0.95,534.2855834960938,780.0,mist
36,2024-02-17,2024-02-17,1,0.975,667.764404296875,780.0,mist
36,2024-02-17,2024-02-17,1,0.99,1006.2313232421875,780.0,mist
36,2024-02-17,2024-02-24,2,0.01,0.0,782.0,mist
36,2024-02-17,2024-02-24,2,0.025,21.8388671875,782.0,mist
36,2024-02-17,2024-02-24,2,0.05,66.80517578125,782.0,mist
36,2024-02-17,2024-02-24,2,0.1,133.16275024414062,782.0,mist
36,2024-02-17,2024-02-24,2,0.15,142.730224609375,782.0,mist
36,2024-02-17,2024-02-24,2,0.2,153.25283813476562,782.0,mist
36,2024-02-17,2024-02-24,2,0.25,189.0455322265625,782.0,mist
36,2024-02-17,2024-02-24,2,0.3,190.388427734375,782.0,mist
36,2024-02-17,2024-02-24,2,0.35,203.24319458007812,782.0,mist
36,2024-02-17,2024-02-24,2,0.4,207.87567138671875,782.0,mist
36,2024-02-17,2024-02-24,2,0.45,228.39492797851562,782.0,mist
36,2024-02-17,2024-02-24,2,0.5,245.1348876953125,782.0,mist
36,2024-02-17,2024-02-24,2,0.55,249.54376220703125,782.0,mist
36,2024-02-17,2024-02-24,2,0.6,257.7440490722656,782.0,mist
36,2024-02-17,2024-02-24,2,0.65,262.6343688964844,782.0,mist
36,2024-02-17,2024-02-24,2,0.7,264.5046691894531,782.0,mist
36,2024-02-17,2024-02-24,2,0.75,313.66845703125,782.0,mist
36,2024-02-17,2024-02-24,2,0.8,326.16815185546875,782.0,mist
36,2024-02-17,2024-02-24,2,0.85,326.9414978027344,782.0,mist
36,2024-02-17,2024-02-24,2,0.9,350.57318115234375,782.0,mist
36,2024-02-17,2024-02-24,2,0.95,431.043212890625,782.0,mist
36,2024-02-17,2024-02-24,2,0.975,549.0740966796875,782.0,mist
36,2024-02-17,2024-02-24,2,0.99,836.2990112304688,782.0,mist
36,2024-02-17,2024-03-02,3,0.01,0.0,764.0,mist
36,2024-02-17,2024-03-02,3,0.025,34.56793212890625,764.0,mist
36,2024-02-17,2024-03-02,3,0.05,48.065673828125,764.0,mist
36,2024-02-17,2024-03-02,3,0.1,124.27783203125,764.0,mist
36,2024-02-17,2024-03-02,3,0.15,131.37771606445312,764.0,mist
36,2024-02-17,2024-03-02,3,0.2,158.67724609375,764.0,mist
36,2024-02-17,2024-03-02,3,0.25,164.90304565429688,764.0,mist
36,2024-02-17,2024-03-02,3,0.3,179.96511840820312,764.0,mist
36,2024-02-17,2024-03-02,3,0.35,188.957275390625,764.0,mist
36,2024-02-17,2024-03-02,3,0.4,198.83297729492188,764.0,mist
36,2024-02-17,2024-03-02,3,0.45,213.5732421875,764.0,mist
36,2024-02-17,2024-03-02,3,0.5,221.55731201171875,764.0,mist
36,2024-02-17,2024-03-02,3,0.55,225.09054565429688,764.0,mist
36,2024-02-17,2024-03-02,3,0.6,228.89608764648438,764.0,mist
36,2024-02-17,2024-03-02,3,0.65,239.0377197265625,764.0,mist
36,2024-02-17,2024-03-02,3,0.7,245.37973022460938,764.0,mist
36,2024-02-17,2024-03-02,3,0.75,246.833740234375,764.0,mist
36,2024-02-17,2024-03-02,3,0.8,256.8140563964844,764.0,mist
36,2024-02-17,2024-03-02,3,0.85,277.3707580566406,764.0,mist
36,2024-02-17,2024-03-02,3,0.9,329.51141357421875,764.0,mist
36,2024-02-17,2024-03-02,3,0.95,387.02459716796875,764.0,mist
36,2024-02-17,2024-03-02,3,0.975,551.0594482421875,764.0,mist
36,2024-02-17,2024-03-02,3,0.99,828.4158935546875,764.0,mist
36,2024-02-17,2024-03-09,4,0.01,0.0,593.0,mist
36,2024-02-17,2024-03-09,4,0.025,0.0,593.0,mist
36,2024-02-17,2024-03-09,4,0.05,49.45672607421875,593.0,mist
36,2024-02-17,2024-03-09,4,0.1,92.9915771484375,593.0,mist
36,2024-02-17,2024-03-09,4,0.15,98.70733642578125,593.0,mist
36,2024-02-17,2024-03-09,4,0.2,148.21224975585938,593.0,mist
36,2024-02-17,2024-03-09,4,0.25,154.06234741210938,593.0,mist
36,2024-02-17,2024-03-09,4,0.3,155.33026123046875,593.0,mist
36,2024-02-17,2024-03-09,4,0.35,170.3646240234375,593.0,mist
36,2024-02-17,2024-03-09,4,0.4,181.37191772460938,593.0,mist
36,2024-02-17,2024-03-09,4,0.45,182.23089599609375,593.0,mist
36,2024-02-17,2024-03-09,4,0.5,190.02197265625,593.0,mist
36,2024-02-17,2024-03-09,4,0.55,203.65109252929688,593.0,mist
36,2024-02-17,2024-03-09,4,0.6,208.632080078125,593.0,mist
36,2024-02-17,2024-03-09,4,0.65,211.59893798828125,593.0,mist
36,2024-02-17,2024-03-09,4,0.7,224.45477294921875,593.0,mist
36,2024-02-17,2024-03-09,4,0.75,242.212646484375,593.0,mist
36,2024-02-17,2024-03-09,4,0.8,249.4666748046875,593.0,mist
36,2024-02-17,2024-03-09,4,0.85,277.4517822265625,593.0,mist
36,2024-02-17,2024-03-09,4,0.9,299.9617004394531,593.0,mist
36,2024-02-17,2024-03-09,4,0.95,402.11212158203125,593.0,mist
36,2024-02-17,2024-03-09,4,0.975,829.837890625,593.0,mist
36,2024-02-17,2024-03-09,4,0.99,966.536865234375,593.0,mist
36,2024-02-24,2024-02-24,1,0.01,63.193359375,782.0,mist
36,2024-02-24,2024-02-24,1,0.025,81.35296630859375,782.0,mist
36,2024-02-24,2024-02-24,1,0.05,157.77053833007812,782.0,mist
36,2024-02-24,2024-02-24,1,0.1,197.51437377929688,782.0,mist
36,2024-02-24,2024-02-24,1,0.15,211.82876586914062,782.0,mist
36,2024-02-24,2024-02-24,1,0.2,216.17776489257812,782.0,mist
36,2024-02-24,2024-02-24,1,0.25,217.16098022460938,782.0,mist
36,2024-02-24,2024-02-24,1,0.3,237.69271850585938,782.0,mist
36,2024-02-24,2024-02-24,1,0.35,263.9291687011719,782.0,mist
36,2024-02-24,2024-02-24,1,0.4,268.5660400390625,782.0,mist
36,2024-02-24,2024-02-24,1,0.45,278.3987121582031,782.0,mist
36,2024-02-24,2024-02-24,1,0.5,279.4272766113281,782.0,mist
36,2024-02-24,2024-02-24,1,0.55,297.0292663574219,782.0,mist
36,2024-02-24,2024-02-24,1,0.6,317.2603759765625,782.0,mist
36,2024-02-24,2024-02-24,1,0.65,331.67364501953125,782.0,mist
36,2024-02-24,2024-02-24,1,0.7,341.3417053222656,782.0,mist
36,2024-02-24,2024-02-24,1,0.75,365.58990478515625,782.0,mist
36,2024-02-24,2024-02-24,1,0.8,379.215576171875,782.0,mist
36,2024-02-24,2024-02-24,1,0.85,424.1578369140625,782.0,mist
36,2024-02-24,2024-02-24,1,0.9,479.359130859375,782.0,mist
36,2024-02-24,2024-02-24,1,0.95,602.1227416992188,782.0,mist
36,2024-02-24,2024-02-24,1,0.975,734.088623046875,782.0,mist
36,2024-02-24,2024-02-24,1,0.99,1063.132568359375,782.0,mist
36,2024-02-24,2024-03-02,2,0.01,0.0,764.0,mist
36,2024-02-24,2024-03-02,2,0.025,67.93426513671875,764.0,mist
36,2024-02-24,2024-03-02,2,0.05,108.83233642578125,764.0,mist
36,2024-02-24,2024-03-02,2,0.1,162.08969116210938,764.0,mist
36,2024-02-24,2024-03-02,2,0.15,181.73443603515625,764.0,mist
36,2024-02-24,2024-03-02,2,0.2,190.77679443359375,764.0,mist
36,2024-02-24,2024-03-02,2,0.25,225.75543212890625,764.0,mist
36,2024-02-24,2024-03-02,2,0.3,227.31692504882812,764.0,mist
36,2024-02-24,2024-03-02,2,0.35,238.30880737304688,764.0,mist
36,2024-02-24,2024-03-02,2,0.4,245.51800537109375,764.0,mist
36,2024-02-24,2024-03-02,2,0.45,268.53924560546875,764.0,mist
36,2024-02-24,2024-03-02,2,0.5,277.0049743652344,764.0,mist
36,2024-02-24,2024-03-02,2,0.55,289.7261657714844,764.0,mist
36,2024-02-24,2024-03-02,2,0.6,290.02874755859375,764.0,mist
36,2024-02-24,2024-03-02,2,0.65,305.7079772949219,764.0,mist
36,2024-02-24,2024-03-02,2,0.7,308.9620056152344,764.0,mist
36,2024-02-24,2024-03-02,2,0.75,360.4305419921875,764.0,mist
36,2024-02-24,2024-03-02,2,0.8,375.8326110839844,764.0,mist
36,2024-02-24,2024-03-02,2,0.85,388.3995361328125,764.0,mist
36,2024-02-24,2024-03-02,2,0.9,402.2718811035156,764.0,mist
36,2024-02-24,2024-03-02,2,0.95,505.4220886230469,764.0,mist
36,2024-02-24,2024-03-02,2,0.975,620.8095092773438,764.0,mist
36,2024-02-24,2024-03-02,2,0.99,899.9869384765625,764.0,mist
36,2024-02-24,2024-03-09,3,0.01,0.0,593.0,mist
36,2024-02-24,2024-03-09,3,0.025,70.85980224609375,593.0,mist
36,2024-02-24,2024-03-09,3,0.05,78.0084228515625,593.0,mist
36,2024-02-24,2024-03-09,3,0.1,150.274658203125,593.0,mist
36,2024-02-24,2024-03-09,3,0.15,167.17233276367188,593.0,mist
36,2024-02-24,2024-03-09,3,0.2,200.26416015625,593.0,mist
36,2024-02-24,2024-03-09,3,0.25,205.09609985351562,593.0,mist
36,2024-02-24,2024-03-09,3,0.3,214.80703735351562,593.0,mist
36,2024-02-24,2024-03-09,3,0.35,230.13900756835938,593.0,mist
36,2024-02-24,2024-03-09,3,0.4,239.87808227539062,593.0,mist
36,2024-02-24,2024-03-09,3,0.45,253.71438598632812,593.0,mist
36,2024-02-24,2024-03-09,3,0.5,259.6775817871094,593.0,mist
36,2024-02-24,2024-03-09,3,0.55,268.5036926269531,593.0,mist
36,2024-02-24,2024-03-09,3,0.6,273.4922180175781,593.0,mist
36,2024-02-24,2024-03-09,3,0.65,275.374755859375,593.0,mist
36,2024-02-24,2024-03-09,3,0.7,295.6109619140625,593.0,mist
36,2024-02-24,2024-03-09,3,0.75,303.5468444824219,593.0,mist
36,2024-02-24,2024-03-09,3,0.8,330.6390075683594,593.0,mist
36,2024-02-24,2024-03-09,3,0.85,345.9863586425781,593.0,mist
36,2024-02-24,2024-03-09,3,0.9,390.8902282714844,593.0,mist
36,2024-02-24,2024-03-09,3,0.95,458.78912353515625,593.0,mist
36,2024-02-24,2024-03-09,3,0.975,627.2572021484375,593.0,mist
36,2024-02-24,2024-03-09,3,0.99,919.2838134765625,593.0,mist
36,2024-02-24,2024-03-16,4,0.01,0.0,411.0,mist
36,2024-02-24,2024-03-16,4,0.025,0.0,411.0,mist
36,2024-02-24,2024-03-16,4,0.05,83.552978515625,411.0,mist
36,2024-02-24,2024-03-16,4,0.1,123.6165771484375,411.0,mist
36,2024-02-24,2024-03-16,4,0.15,138.5777587890625,411.0,mist
36,2024-02-24,2024-03-16,4,0.2,185.01116943359375,411.0,mist
36,2024-02-24,2024-03-16,4,0.25,200.41708374023438,411.0,mist
36,2024-02-24,2024-03-16,4,0.3,201.00433349609375,411.0,mist
36,2024-02-24,2024-03-16,4,0.35,206.78903198242188,411.0,mist
36,2024-02-24,2024-03-16,4,0.4,227.07794189453125,411.0,mist
36,2024-02-24,2024-03-16,4,0.45,229.49896240234375,411.0,mist
36,2024-02-24,2024-03-16,4,0.5,238.12277221679688,411.0,mist
36,2024-02-24,2024-03-16,4,0.55,249.38412475585938,411.0,mist
36,2024-02-24,2024-03-16,4,0.6,255.81283569335938,411.0,mist
36,2024-02-24,2024-03-16,4,0.65,270.2906188964844,411.0,mist
36,2024-02-24,2024-03-16,4,0.7,280.4773254394531,411.0,mist
36,2024-02-24,2024-03-16,4,0.75,307.709228515625,411.0,mist
36,2024-02-24,2024-03-16,4,0.8,310.1697692871094,411.0,mist
36,2024-02-24,2024-03-16,4,0.85,339.7750244140625,411.0,mist
36,2024-02-24,2024-03-16,4,0.9,377.62237548828125,411.0,mist
36,2024-02-24,2024-03-16,4,0.95,498.7354736328125,411.0,mist
36,2024-02-24,2024-03-16,4,0.975,914.4420776367188,411.0,mist
36,2024-02-24,2024-03-16,4,0.99,1066.301513671875,411.0,mist
36,2024-03-02,2024-03-02,1,0.01,0.0,764.0,mist
36,2024-03-02,2024-03-02,1,0.025,46.23724365234375,764.0,mist
36,2024-03-02,2024-03-02,1,0.05,121.47039794921875,764.0,mist
36,2024-03-02,2024-03-02,1,0.1,181.2161865234375,764.0,mist
36,2024-03-02,2024-03-02,1,0.15,197.61624145507812,764.0,mist
36,2024-03-02,2024-03-02,1,0.2,218.08038330078125,764.0,mist
36,2024-03-02,2024-03-02,1,0.25,248.53109741210938,764.0,mist
36,2024-03-02,2024-03-02,1,0.3,252.32843017578125,764.0,mist
36,2024-03-02,2024-03-02,1,0.35,260.74749755859375,764.0,mist
36,2024-03-02,2024-03-02,1,0.4,280.8528137207031,764.0,mist
36,2024-03-02,2024-03-02,1,0.45,323.283447265625,764.0,mist
36,2024-03-02,2024-03-02,1,0.5,344.5195007324219,764.0,mist
36,2024-03-02,2024-03-02,1,0.55,351.5075378417969,764.0,mist
36,2024-03-02,2024-03-02,1,0.6,376.5350036621094,764.0,mist
36,2024-03-02,2024-03-02,1,0.65,391.40509033203125,764.0,mist
36,2024-03-02,2024-03-02,1,0.7,411.0504455566406,764.0,mist
36,2024-03-02,2024-03-02,1,0.75,439.46514892578125,764.0,mist
36,2024-03-02,2024-03-02,1,0.8,458.671142578125,764.0,mist
36,2024-03-02,2024-03-02,1,0.85,539.8556518554688,764.0,mist
36,2024-03-02,2024-03-02,1,0.9,629.1400146484375,764.0,mist
36,2024-03-02,2024-03-02,1,0.95,797.4644165039062,764.0,mist
36,2024-03-02,2024-03-02,1,0.975,934.495849609375,764.0,mist
36,2024-03-02,2024-03-02,1,0.99,1222.507080078125,764.0,mist
36,2024-03-02,2024-03-09,2,0.01,0.0,593.0,mist
36,2024-03-02,2024-03-09,2,0.025,49.09210205078125,593.0,mist
36,2024-03-02,2024-03-09,2,0.05,97.4720458984375,593.0,mist
36,2024-03-02,2024-03-09,2,0.1,144.0841064453125,593.0,mist
36,2024-03-02,2024-03-09,2,0.15,178.31634521484375,593.0,mist
36,2024-03-02,2024-03-09,2,0.2,201.0538330078125,593.0,mist
36,2024-03-02,2024-03-09,2,0.25,205.98663330078125,593.0,mist
36,2024-03-02,2024-03-09,2,0.3,228.8447265625,593.0,mist
36,2024-03-02,2024-03-09,2,0.35,255.54904174804688,593.0,mist
36,2024-03-02,2024-03-09,2,0.4,277.1388244628906,593.0,mist
36,2024-03-02,2024-03-09,2,0.45,299.3971252441406,593.0,mist
36,2024-03-02,2024-03-09,2,0.5,306.3934326171875,593.0,mist
36,2024-03-02,2024-03-09,2,0.55,326.212158203125,593.0,mist
36,2024-03-02,2024-03-09,2,0.6,345.6748352050781,593.0,mist
36,2024-03-02,2024-03-09,2,0.65,351.73370361328125,593.0,mist
36,2024-03-02,2024-03-09,2,0.7,358.8924255371094,593.0,mist
36,2024-03-02,2024-03-09,2,0.75,411.3738098144531,593.0,mist
36,2024-03-02,2024-03-09,2,0.8,442.7880859375,593.0,mist
36,2024-03-02,2024-03-09,2,0.85,511.80853271484375,593.0,mist
36,2024-03-02,2024-03-09,2,0.9,589.1421508789062,593.0,mist
36,2024-03-02,2024-03-09,2,0.95,715.1400756835938,593.0,mist
36,2024-03-02,2024-03-09,2,0.975,857.005615234375,593.0,mist
36,2024-03-02,2024-03-09,2,0.99,1161.2791748046875,593.0,mist
36,2024-03-02,2024-03-16,3,0.01,0.0,411.0,mist
36,2024-03-02,2024-03-16,3,0.025,0.727294921875,411.0,mist
36,2024-03-02,2024-03-16,3,0.05,49.4505615234375,411.0,mist
36,2024-03-02,2024-03-16,3,0.1,96.3948974609375,411.0,mist
36,2024-03-02,2024-03-16,3,0.15,148.0928955078125,411.0,mist
36,2024-03-02,2024-03-16,3,0.2,189.64019775390625,411.0,mist
36,2024-03-02,2024-03-16,3,0.25,221.50994873046875,411.0,mist
36,2024-03-02,2024-03-16,3,0.3,235.40676879882812,411.0,mist
36,2024-03-02,2024-03-16,3,0.35,238.63052368164062,411.0,mist
36,2024-03-02,2024-03-16,3,0.4,257.9201354980469,411.0,mist
36,2024-03-02,2024-03-16,3,0.45,285.32183837890625,411.0,mist
36,2024-03-02,2024-03-16,3,0.5,287.3152770996094,411.0,mist
36,2024-03-02,2024-03-16,3,0.55,303.4626770019531,411.0,mist
36,2024-03-02,2024-03-16,3,0.6,349.1489562988281,411.0,mist
36,2024-03-02,2024-03-16,3,0.65,357.26129150390625,411.0,mist
36,2024-03-02,2024-03-16,3,0.7,386.0526123046875,411.0,mist
36,2024-03-02,2024-03-16,3,0.75,442.36505126953125,411.0,mist
36,2024-03-02,2024-03-16,3,0.8,453.4181213378906,411.0,mist
36,2024-03-02,2024-03-16,3,0.85,528.0657958984375,411.0,mist
36,2024-03-02,2024-03-16,3,0.9,652.3040161132812,411.0,mist
36,2024-03-02,2024-03-16,3,0.95,709.8583374023438,411.0,mist
36,2024-03-02,2024-03-16,3,0.975,926.3096923828125,411.0,mist
36,2024-03-02,2024-03-16,3,0.99,1233.8477783203125,411.0,mist
36,2024-03-02,2024-03-23,4,0.01,0.0,355.0,mist
36,2024-03-02,2024-03-23,4,0.025,0.0,355.0,mist
36,2024-03-02,2024-03-23,4,0.05,32.8599853515625,355.0,mist
36,2024-03-02,2024-03-23,4,0.1,122.54510498046875,355.0,mist
36,2024-03-02,2024-03-23,4,0.15,141.35308837890625,355.0,mist
36,2024-03-02,2024-03-23,4,0.2,165.7025146484375,355.0,mist
36,2024-03-02,2024-03-23,4,0.25,218.75820922851562,355.0,mist
36,2024-03-02,2024-03-23,4,0.3,222.85464477539062,355.0,mist
36,2024-03-02,2024-03-23,4,0.35,235.14730834960938,355.0,mist
36,2024-03-02,2024-03-23,4,0.4,246.41195678710938,355.0,mist
36,2024-03-02,2024-03-23,4,0.45,274.6046447753906,355.0,mist
36,2024-03-02,2024-03-23,4,0.5,304.933349609375,355.0,mist
36,2024-03-02,2024-03-23,4,0.55,325.7859191894531,355.0,mist
36,2024-03-02,2024-03-23,4,0.6,348.809326171875,355.0,mist
36,2024-03-02,2024-03-23,4,0.65,349.67840576171875,355.0,mist
36,2024-03-02,2024-03-23,4,0.7,391.208740234375,355.0,mist
36,2024-03-02,2024-03-23,4,0.75,421.3052673339844,355.0,mist
36,2024-03-02,2024-03-23,4,0.8,501.6485595703125,355.0,mist
36,2024-03-02,2024-03-23,4,0.85,527.8303833007812,355.0,mist
36,2024-03-02,2024-03-23,4,0.9,656.4541625976562,355.0,mist
36,2024-03-02,2024-03-23,4,0.95,901.79638671875,355.0,mist
36,2024-03-02,2024-03-23,4,0.975,1285.695556640625,355.0,mist
36,2024-03-02,2024-03-23,4,0.99,1538.9068603515625,355.0,mist
36,2024-03-09,2024-03-09,1,0.01,146.064453125,593.0,mist
36,2024-03-09,2024-03-09,1,0.025,162.18853759765625,593.0,mist
36,2024-03-09,2024-03-09,1,0.05,219.5333251953125,593.0,mist
36,2024-03-09,2024-03-09,1,0.1,293.8448486328125,593.0,mist
36,2024-03-09,2024-03-09,1,0.15,297.464111328125,593.0,mist
36,2024-03-09,2024-03-09,1,0.2,313.7298583984375,593.0,mist
36,2024-03-09,2024-03-09,1,0.25,316.2488708496094,593.0,mist
36,2024-03-09,2024-03-09,1,0.3,323.5534973144531,593.0,mist
36,2024-03-09,2024-03-09,1,0.35,333.5841369628906,593.0,mist
36,2024-03-09,2024-03-09,1,0.4,358.267333984375,593.0,mist
36,2024-03-09,2024-03-09,1,0.45,370.57403564453125,593.0,mist
36,2024-03-09,2024-03-09,1,0.5,374.41070556640625,593.0,mist
36,2024-03-09,2024-03-09,1,0.55,399.41009521484375,593.0,mist
36,2024-03-09,2024-03-09,1,0.6,405.2339782714844,593.0,mist
36,2024-03-09,2024-03-09,1,0.65,419.1311340332031,593.0,mist
36,2024-03-09,2024-03-09,1,0.7,433.48486328125,593.0,mist
36,2024-03-09,2024-03-09,1,0.75,444.7533874511719,593.0,mist
36,2024-03-09,2024-03-09,1,0.8,446.7962646484375,593.0,mist
36,2024-03-09,2024-03-09,1,0.85,537.33154296875,593.0,mist
36,2024-03-09,2024-03-09,1,0.9,568.3365478515625,593.0,mist
36,2024-03-09,2024-03-09,1,0.95,705.4701538085938,593.0,mist
36,2024-03-09,2024-03-09,1,0.975,843.4075317382812,593.0,mist
36,2024-03-09,2024-03-09,1,0.99,1141.273193359375,593.0,mist
36,2024-03-09,2024-03-16,2,0.01,91.69305419921875,411.0,mist
36,2024-03-09,2024-03-16,2,0.025,162.1944580078125,411.0,mist
36,2024-03-09,2024-03-16,2,0.05,219.25042724609375,411.0,mist
36,2024-03-09,2024-03-16,2,0.1,253.68008422851562,411.0,mist
36,2024-03-09,2024-03-16,2,0.15,273.857177734375,411.0,mist
36,2024-03-09,2024-03-16,2,0.2,276.8624267578125,411.0,mist
36,2024-03-09,2024-03-16,2,0.25,288.3283386230469,411.0,mist
36,2024-03-09,2024-03-16,2,0.3,302.9755554199219,411.0,mist
36,2024-03-09,2024-03-16,2,0.35,322.5801696777344,411.0,mist
36,2024-03-09,2024-03-16,2,0.4,333.5648498535156,411.0,mist
36,2024-03-09,2024-03-16,2,0.45,356.7647705078125,411.0,mist
36,2024-03-09,2024-03-16,2,0.5,367.42498779296875,411.0,mist
36,2024-03-09,2024-03-16,2,0.55,371.45672607421875,411.0,mist
36,2024-03-09,2024-03-16,2,0.6,379.93109130859375,411.0,mist
36,2024-03-09,2024-03-16,2,0.65,381.3316650390625,411.0,mist
36,2024-03-09,2024-03-16,2,0.7,390.9222412109375,411.0,mist
36,2024-03-09,2024-03-16,2,0.75,440.2049560546875,411.0,mist
36,2024-03-09,2024-03-16,2,0.8,465.3147277832031,411.0,mist
36,2024-03-09,2024-03-16,2,0.85,488.0068054199219,411.0,mist
36,2024-03-09,2024-03-16,2,0.9,523.5745239257812,411.0,mist
36,2024-03-09,2024-03-16,2,0.95,628.6918334960938,411.0,mist
36,2024-03-09,2024-03-16,2,0.975,762.242431640625,411.0,mist
36,2024-03-09,2024-03-16,2,0.99,1015.125732421875,411.0,mist
36,2024-03-09,2024-03-23,3,0.01,74.4940185546875,355.0,mist
36,2024-03-09,2024-03-23,3,0.025,149.42962646484375,355.0,mist
36,2024-03-09,2024-03-23,3,0.05,161.22955322265625,355.0,mist
36,2024-03-09,2024-03-23,3,0.1,205.925048828125,355.0,mist
36,2024-03-09,2024-03-23,3,0.15,244.05587768554688,355.0,mist
36,2024-03-09,2024-03-23,3,0.2,271.5303039550781,355.0,mist
36,2024-03-09,2024-03-23,3,0.25,292.79180908203125,355.0,mist
36,2024-03-09,2024-03-23,3,0.3,303.99267578125,355.0,mist
36,2024-03-09,2024-03-23,3,0.35,313.8280944824219,355.0,mist
36,2024-03-09,2024-03-23,3,0.4,335.1733703613281,355.0,mist
36,2024-03-09,2024-03-23,3,0.45,347.6275634765625,355.0,mist
36,2024-03-09,2024-03-23,3,0.5,348.2667236328125,355.0,mist
36,2024-03-09,2024-03-23,3,0.55,358.19500732421875,355.0,mist
36,2024-03-09,2024-03-23,3,0.6,374.50457763671875,355.0,mist
36,2024-03-09,2024-03-23,3,0.65,385.8167724609375,355.0,mist
36,2024-03-09,2024-03-23,3,0.7,395.87005615234375,355.0,mist
36,2024-03-09,2024-03-23,3,0.75,415.9277648925781,355.0,mist
36,2024-03-09,2024-03-23,3,0.8,436.1429138183594,355.0,mist
36,2024-03-09,2024-03-23,3,0.85,450.1196594238281,355.0,mist
36,2024-03-09,2024-03-23,3,0.9,500.9635009765625,355.0,mist
36,2024-03-09,2024-03-23,3,0.95,589.4832763671875,355.0,mist
36,2024-03-09,2024-03-23,3,0.975,762.2305297851562,355.0,mist
36,2024-03-09,2024-03-23,3,0.99,1065.493408203125,355.0,mist
36,2024-03-09,2024-03-30,4,0.01,26.88702392578125,391.0,mist
36,2024-03-09,2024-03-30,4,0.025,97.6126708984375,391.0,mist
36,2024-03-09,2024-03-30,4,0.05,185.41387939453125,391.0,mist
36,2024-03-09,2024-03-30,4,0.1,213.33111572265625,391.0,mist
36,2024-03-09,2024-03-30,4,0.15,220.252685546875,391.0,mist
36,2024-03-09,2024-03-30,4,0.2,272.2942810058594,391.0,mist
36,2024-03-09,2024-03-30,4,0.25,289.69989013671875,391.0,mist
36,2024-03-09,2024-03-30,4,0.3,293.4312438964844,391.0,mist
36,2024-03-09,2024-03-30,4,0.35,294.3744812011719,391.0,mist
36,2024-03-09,2024-03-30,4,0.4,298.0230407714844,391.0,mist
36,2024-03-09,2024-03-30,4,0.45,308.33343505859375,391.0,mist
36,2024-03-09,2024-03-30,4,0.5,339.4554748535156,391.0,mist
36,2024-03-09,2024-03-30,4,0.55,343.2025451660156,391.0,mist
36,2024-03-09,2024-03-30,4,0.6,350.6273193359375,391.0,mist
36,2024-03-09,2024-03-30,4,0.65,356.7081298828125,391.0,mist
36,2024-03-09,2024-03-30,4,0.7,367.492919921875,391.0,mist
36,2024-03-09,2024-03-30,4,0.75,397.2689208984375,391.0,mist
36,2024-03-09,2024-03-30,4,0.8,419.2345275878906,391.0,mist
36,2024-03-09,2024-03-30,4,0.85,471.5647277832031,391.0,mist
36,2024-03-09,2024-03-30,4,0.9,512.1250610351562,391.0,mist
36,2024-03-09,2024-03-30,4,0.95,658.5757446289062,391.0,mist
36,2024-03-09,2024-03-30,4,0.975,1028.6842041015625,391.0,mist
36,2024-03-09,2024-03-30,4,0.99,1211.1337890625,391.0,mist
36,2024-03-16,2024-03-16,1,0.01,298.02618408203125,411.0,mist
36,2024-03-16,2024-03-16,1,0.025,320.4529724121094,411.0,mist
36,2024-03-16,2024-03-16,1,0.05,351.2135314941406,411.0,mist
36,2024-03-16,2024-03-16,1,0.1,394.89251708984375,411.0,mist
36,2024-03-16,2024-03-16,1,0.15,406.8350830078125,411.0,mist
36,2024-03-16,2024-03-16,1,0.2,408.95538330078125,411.0,mist
36,2024-03-16,2024-03-16,1,0.25,414.98187255859375,411.0,mist
36,2024-03-16,2024-03-16,1,0.3,422.4792175292969,411.0,mist
36,2024-03-16,2024-03-16,1,0.35,435.3453674316406,411.0,mist
36,2024-03-16,2024-03-16,1,0.4,435.6961669921875,411.0,mist
36,2024-03-16,2024-03-16,1,0.45,436.5635681152344,411.0,mist
36,2024-03-16,2024-03-16,1,0.5,452.4776916503906,411.0,mist
36,2024-03-16,2024-03-16,1,0.55,465.0294189453125,411.0,mist
36,2024-03-16,2024-03-16,1,0.6,466.86328125,411.0,mist
36,2024-03-16,2024-03-16,1,0.65,471.2849426269531,411.0,mist
36,2024-03-16,2024-03-16,1,0.7,491.6292419433594,411.0,mist
36,2024-03-16,2024-03-16,1,0.75,504.2842102050781,411.0,mist
36,2024-03-16,2024-03-16,1,0.8,505.5953674316406,411.0,mist
36,2024-03-16,2024-03-16,1,0.85,562.8657836914062,411.0,mist
36,2024-03-16,2024-03-16,1,0.9,568.9148559570312,411.0,mist
36,2024-03-16,2024-03-16,1,0.95,668.4810180664062,411.0,mist
36,2024-03-16,2024-03-16,1,0.975,794.6348876953125,411.0,mist
36,2024-03-16,2024-03-16,1,0.99,1072.8302001953125,411.0,mist
36,2024-03-16,2024-03-23,2,0.01,227.5294189453125,355.0,mist
36,2024-03-16,2024-03-23,2,0.025,293.2499084472656,355.0,mist
36,2024-03-16,2024-03-23,2,0.05,335.9365539550781,355.0,mist
36,2024-03-16,2024-03-23,2,0.1,364.1095886230469,355.0,mist
36,2024-03-16,2024-03-23,2,0.15,377.44354248046875,355.0,mist
36,2024-03-16,2024-03-23,2,0.2,381.30029296875,355.0,mist
36,2024-03-16,2024-03-23,2,0.25,407.3723449707031,355.0,mist
36,2024-03-16,2024-03-23,2,0.3,409.7016906738281,355.0,mist
36,2024-03-16,2024-03-23,2,0.35,414.0677185058594,355.0,mist
36,2024-03-16,2024-03-23,2,0.4,418.2234191894531,355.0,mist
36,2024-03-16,2024-03-23,2,0.45,427.2893371582031,355.0,mist
36,2024-03-16,2024-03-23,2,0.5,445.91705322265625,355.0,mist
36,2024-03-16,2024-03-23,2,0.55,448.28399658203125,355.0,mist
36,2024-03-16,2024-03-23,2,0.6,461.3045654296875,355.0,mist
36,2024-03-16,2024-03-23,2,0.65,463.9663391113281,355.0,mist
36,2024-03-16,2024-03-23,2,0.7,464.27740478515625,355.0,mist
36,2024-03-16,2024-03-23,2,0.75,502.2821044921875,355.0,mist
36,2024-03-16,2024-03-23,2,0.8,513.9340209960938,355.0,mist
36,2024-03-16,2024-03-23,2,0.85,520.8590087890625,355.0,mist
36,2024-03-16,2024-03-23,2,0.9,529.6051025390625,355.0,mist
36,2024-03-16,2024-03-23,2,0.95,607.8935546875,355.0,mist
36,2024-03-16,2024-03-23,2,0.975,714.160888671875,355.0,mist
36,2024-03-16,2024-03-23,2,0.99,915.8125,355.0,mist
36,2024-03-16,2024-03-30,3,0.01,218.0477294921875,391.0,mist
36,2024-03-16,2024-03-30,3,0.025,287.9520568847656,391.0,mist
36,2024-03-16,2024-03-30,3,0.05,313.3514709472656,391.0,mist
36,2024-03-16,2024-03-30,3,0.1,354.73748779296875,391.0,mist
36,2024-03-16,2024-03-30,3,0.15,368.479248046875,391.0,mist
36,2024-03-16,2024-03-30,3,0.2,391.836669921875,391.0,mist
36,2024-03-16,2024-03-30,3,0.25,392.1884460449219,391.0,mist
36,2024-03-16,2024-03-30,3,0.3,405.40203857421875,391.0,mist
36,2024-03-16,2024-03-30,3,0.35,422.9698486328125,391.0,mist
36,2024-03-16,2024-03-30,3,0.4,424.709228515625,391.0,mist
36,2024-03-16,2024-03-30,3,0.45,433.4229736328125,391.0,mist
36,2024-03-16,2024-03-30,3,0.5,437.7966003417969,391.0,mist
36,2024-03-16,2024-03-30,3,0.55,441.82196044921875,391.0,mist
36,2024-03-16,2024-03-30,3,0.6,445.62060546875,391.0,mist
36,2024-03-16,2024-03-30,3,0.65,447.6051330566406,391.0,mist
36,2024-03-16,2024-03-30,3,0.7,453.0452880859375,391.0,mist
36,2024-03-16,2024-03-30,3,0.75,453.0732727050781,391.0,mist
36,2024-03-16,2024-03-30,3,0.8,461.3908386230469,391.0,mist
36,2024-03-16,2024-03-30,3,0.85,463.6374206542969,391.0,mist
36,2024-03-16,2024-03-30,3,0.9,486.3970642089844,391.0,mist
36,2024-03-16,2024-03-30,3,0.95,560.315185546875,391.0,mist
36,2024-03-16,2024-03-30,3,0.975,680.0333251953125,391.0,mist
36,2024-03-16,2024-03-30,3,0.99,967.0480346679688,391.0,mist
36,2024-03-16,2024-04-06,4,0.01,229.02191162109375,408.0,mist
36,2024-03-16,2024-04-06,4,0.025,247.62548828125,408.0,mist
36,2024-03-16,2024-04-06,4,0.05,332.3515930175781,408.0,mist
36,2024-03-16,2024-04-06,4,0.1,335.7303161621094,408.0,mist
36,2024-03-16,2024-04-06,4,0.15,339.903076171875,408.0,mist
36,2024-03-16,2024-04-06,4,0.2,383.55059814453125,408.0,mist
36,2024-03-16,2024-04-06,4,0.25,393.2626037597656,408.0,mist
36,2024-03-16,2024-04-06,4,0.3,394.0811462402344,408.0,mist
36,2024-03-16,2024-04-06,4,0.35,395.0097351074219,408.0,mist
36,2024-03-16,2024-04-06,4,0.4,403.1344909667969,408.0,mist
36,2024-03-16,2024-04-06,4,0.45,404.9949035644531,408.0,mist
36,2024-03-16,2024-04-06,4,0.5,415.9454040527344,408.0,mist
36,2024-03-16,2024-04-06,4,0.55,417.3656005859375,408.0,mist
36,2024-03-16,2024-04-06,4,0.6,428.4351806640625,408.0,mist
36,2024-03-16,2024-04-06,4,0.65,429.7304382324219,408.0,mist
36,2024-03-16,2024-04-06,4,0.7,430.819580078125,408.0,mist
36,2024-03-16,2024-04-06,4,0.75,435.919921875,408.0,mist
36,2024-03-16,2024-04-06,4,0.8,455.7090148925781,408.0,mist
36,2024-03-16,2024-04-06,4,0.85,478.7815246582031,408.0,mist
36,2024-03-16,2024-04-06,4,0.9,480.9909973144531,408.0,mist
36,2024-03-16,2024-04-06,4,0.95,545.9230346679688,408.0,mist
36,2024-03-16,2024-04-06,4,0.975,894.7330322265625,408.0,mist
36,2024-03-16,2024-04-06,4,0.99,1006.2215576171875,408.0,mist
36,2024-03-23,2024-03-23,1,0.01,336.072021484375,355.0,mist
36,2024-03-23,2024-03-23,1,0.025,353.3089904785156,355.0,mist
36,2024-03-23,2024-03-23,1,0.05,383.6891174316406,355.0,mist
36,2024-03-23,2024-03-23,1,0.1,415.1519470214844,355.0,mist
36,2024-03-23,2024-03-23,1,0.15,431.3919677734375,355.0,mist
36,2024-03-23,2024-03-23,1,0.2,435.7474060058594,355.0,mist
36,2024-03-23,2024-03-23,1,0.25,443.0359802246094,355.0,mist
36,2024-03-23,2024-03-23,1,0.3,449.5655517578125,355.0,mist
36,2024-03-23,2024-03-23,1,0.35,460.3042297363281,355.0,mist
36,2024-03-23,2024-03-23,1,0.4,464.21002197265625,355.0,mist
36,2024-03-23,2024-03-23,1,0.45,468.06689453125,355.0,mist
36,2024-03-23,2024-03-23,1,0.5,472.280517578125,355.0,mist
36,2024-03-23,2024-03-23,1,0.55,491.087890625,355.0,mist
36,2024-03-23,2024-03-23,1,0.6,491.9976806640625,355.0,mist
36,2024-03-23,2024-03-23,1,0.65,499.930908203125,355.0,mist
36,2024-03-23,2024-03-23,1,0.7,518.8441162109375,355.0,mist
36,2024-03-23,2024-03-23,1,0.75,523.2590942382812,355.0,mist
36,2024-03-23,2024-03-23,1,0.8,538.735107421875,355.0,mist
36,2024-03-23,2024-03-23,1,0.85,586.6183471679688,355.0,mist
36,2024-03-23,2024-03-23,1,0.9,595.5303344726562,355.0,mist
36,2024-03-23,2024-03-23,1,0.95,697.7056884765625,355.0,mist
36,2024-03-23,2024-03-23,1,0.975,813.6119384765625,355.0,mist
36,2024-03-23,2024-03-23,1,0.99,1073.0654296875,355.0,mist
36,2024-03-23,2024-03-30,2,0.01,267.54010009765625,391.0,mist
36,2024-03-23,2024-03-30,2,0.025,336.6152648925781,391.0,mist
36,2024-03-23,2024-03-30,2,0.05,369.79583740234375,391.0,mist
36,2024-03-23,2024-03-30,2,0.1,389.16357421875,391.0,mist
36,2024-03-23,2024-03-30,2,0.15,410.3590087890625,391.0,mist
36,2024-03-23,2024-03-30,2,0.2,413.8551330566406,391.0,mist
36,2024-03-23,2024-03-30,2,0.25,437.0853576660156,391.0,mist
36,2024-03-23,2024-03-30,2,0.3,440.11444091796875,391.0,mist
36,2024-03-23,2024-03-30,2,0.35,448.6365661621094,391.0,mist
36,2024-03-23,2024-03-30,2,0.4,450.183349609375,391.0,mist
36,2024-03-23,2024-03-30,2,0.45,451.9027099609375,391.0,mist
36,2024-03-23,2024-03-30,2,0.5,469.23486328125,391.0,mist
36,2024-03-23,2024-03-30,2,0.55,475.3812561035156,391.0,mist
36,2024-03-23,2024-03-30,2,0.6,482.50946044921875,391.0,mist
36,2024-03-23,2024-03-30,2,0.65,492.38238525390625,391.0,mist
36,2024-03-23,2024-03-30,2,0.7,503.2615051269531,391.0,mist
36,2024-03-23,2024-03-30,2,0.75,521.89404296875,391.0,mist
36,2024-03-23,2024-03-30,2,0.8,542.3836669921875,391.0,mist
36,2024-03-23,2024-03-30,2,0.85,550.298583984375,391.0,mist
36,2024-03-23,2024-03-30,2,0.9,573.247802734375,391.0,mist
36,2024-03-23,2024-03-30,2,0.95,638.76513671875,391.0,mist
36,2024-03-23,2024-03-30,2,0.975,740.211669921875,391.0,mist
36,2024-03-23,2024-03-30,2,0.99,923.9409790039062,391.0,mist
36,2024-03-23,2024-04-06,3,0.01,250.4619140625,408.0,mist
36,2024-03-23,2024-04-06,3,0.025,328.6591796875,408.0,mist
36,2024-03-23,2024-04-06,3,0.05,346.1882629394531,408.0,mist
36,2024-03-23,2024-04-06,3,0.1,388.45751953125,408.0,mist
36,2024-03-23,2024-04-06,3,0.15,402.53070068359375,408.0,mist
36,2024-03-23,2024-04-06,3,0.2,422.4469909667969,408.0,mist
36,2024-03-23,2024-04-06,3,0.25,430.46392822265625,408.0,mist
36,2024-03-23,2024-04-06,3,0.3,434.9312744140625,408.0,mist
36,2024-03-23,2024-04-06,3,0.35,451.57672119140625,408.0,mist
36,2024-03-23,2024-04-06,3,0.4,460.332275390625,408.0,mist
36,2024-03-23,2024-04-06,3,0.45,460.52398681640625,408.0,mist
36,2024-03-23,2024-04-06,3,0.5,462.98345947265625,408.0,mist
36,2024-03-23,2024-04-06,3,0.55,469.93670654296875,408.0,mist
36,2024-03-23,2024-04-06,3,0.6,471.76617431640625,408.0,mist
36,2024-03-23,2024-04-06,3,0.65,481.10986328125,408.0,mist
36,2024-03-23,2024-04-06,3,0.7,483.9166259765625,408.0,mist
36,2024-03-23,2024-04-06,3,0.75,486.28106689453125,408.0,mist
36,2024-03-23,2024-04-06,3,0.8,492.4638977050781,408.0,mist
36,2024-03-23,2024-04-06,3,0.85,504.2283020019531,408.0,mist
36,2024-03-23,2024-04-06,3,0.9,533.25244140625,408.0,mist
36,2024-03-23,2024-04-06,3,0.95,590.1881103515625,408.0,mist
36,2024-03-23,2024-04-06,3,0.975,705.3062744140625,408.0,mist
36,2024-03-23,2024-04-06,3,0.99,987.915771484375,408.0,mist
36,2024-03-23,2024-04-13,4,0.01,275.09564208984375,365.0,mist
36,2024-03-23,2024-04-13,4,0.025,285.316650390625,365.0,mist
36,2024-03-23,2024-04-13,4,0.05,356.4811706542969,365.0,mist
36,2024-03-23,2024-04-13,4,0.1,363.3412780761719,365.0,mist
36,2024-03-23,2024-04-13,4,0.15,377.53594970703125,365.0,mist
36,2024-03-23,2024-04-13,4,0.2,415.9994201660156,365.0,mist
36,2024-03-23,2024-04-13,4,0.25,426.884521484375,365.0,mist
36,2024-03-23,2024-04-13,4,0.3,428.3165283203125,365.0,mist
36,2024-03-23,2024-04-13,4,0.35,431.0552978515625,365.0,mist
36,2024-03-23,2024-04-13,4,0.4,433.7318115234375,365.0,mist
36,2024-03-23,2024-04-13,4,0.45,434.9092712402344,365.0,mist
36,2024-03-23,2024-04-13,4,0.5,446.8476867675781,365.0,mist
36,2024-03-23,2024-04-13,4,0.55,456.19586181640625,365.0,mist
36,2024-03-23,2024-04-13,4,0.6,459.5192565917969,365.0,mist
36,2024-03-23,2024-04-13,4,0.65,465.6899108886719,365.0,mist
36,2024-03-23,2024-04-13,4,0.7,468.4504699707031,365.0,mist
36,2024-03-23,2024-04-13,4,0.75,476.6766662597656,365.0,mist
36,2024-03-23,2024-04-13,4,0.8,502.3608093261719,365.0,mist
36,2024-03-23,2024-04-13,4,0.85,508.3155822753906,365.0,mist
36,2024-03-23,2024-04-13,4,0.9,515.459228515625,365.0,mist
36,2024-03-23,2024-04-13,4,0.95,588.6524658203125,365.0,mist
36,2024-03-23,2024-04-13,4,0.975,919.3929443359375,365.0,mist
36,2024-03-23,2024-04-13,4,0.99,1027.08642578125,365.0,mist
36,2024-03-30,2024-03-30,1,0.01,175.978271484375,391.0,mist
36,2024-03-30,2024-03-30,1,0.025,262.70330810546875,391.0,mist
36,2024-03-30,2024-03-30,1,0.05,304.82403564453125,391.0,mist
36,2024-03-30,2024-03-30,1,0.1,352.02435302734375,391.0,mist
36,2024-03-30,2024-03-30,1,0.15,380.2833557128906,391.0,mist
36,2024-03-30,2024-03-30,1,0.2,394.1439208984375,391.0,mist
36,2024-03-30,2024-03-30,1,0.25,426.1602478027344,391.0,mist
36,2024-03-30,2024-03-30,1,0.3,429.4150085449219,391.0,mist
36,2024-03-30,2024-03-30,1,0.35,432.7116394042969,391.0,mist
36,2024-03-30,2024-03-30,1,0.4,451.4687194824219,391.0,mist
36,2024-03-30,2024-03-30,1,0.45,487.3836975097656,391.0,mist
36,2024-03-30,2024-03-30,1,0.5,505.6851501464844,391.0,mist
36,2024-03-30,2024-03-30,1,0.55,519.4479370117188,391.0,mist
36,2024-03-30,2024-03-30,1,0.6,528.0156860351562,391.0,mist
36,2024-03-30,2024-03-30,1,0.65,537.8253173828125,391.0,mist
36,2024-03-30,2024-03-30,1,0.7,567.236083984375,391.0,mist
36,2024-03-30,2024-03-30,1,0.75,584.0494384765625,391.0,mist
36,2024-03-30,2024-03-30,1,0.8,618.8616333007812,391.0,mist
36,2024-03-30,2024-03-30,1,0.85,682.603271484375,391.0,mist
36,2024-03-30,2024-03-30,1,0.9,741.2171020507812,391.0,mist
36,2024-03-30,2024-03-30,1,0.95,882.3538818359375,391.0,mist
36,2024-03-30,2024-03-30,1,0.975,1002.7522583007812,391.0,mist
36,2024-03-30,2024-03-30,1,0.99,1222.0205078125,391.0,mist
36,2024-03-30,2024-04-06,2,0.01,191.961669921875,408.0,mist
36,2024-03-30,2024-04-06,2,0.025,254.41400146484375,408.0,mist
36,2024-03-30,2024-04-06,2,0.05,298.604736328125,408.0,mist
36,2024-03-30,2024-04-06,2,0.1,327.5988464355469,408.0,mist
36,2024-03-30,2024-04-06,2,0.15,365.3983459472656,408.0,mist
36,2024-03-30,2024-04-06,2,0.2,387.4564208984375,408.0,mist
36,2024-03-30,2024-04-06,2,0.25,395.5920715332031,408.0,mist
36,2024-03-30,2024-04-06,2,0.3,410.46148681640625,408.0,mist
36,2024-03-30,2024-04-06,2,0.35,420.04510498046875,408.0,mist
36,2024-03-30,2024-04-06,2,0.4,459.7115173339844,408.0,mist
36,2024-03-30,2024-04-06,2,0.45,465.825439453125,408.0,mist
36,2024-03-30,2024-04-06,2,0.5,477.5975341796875,408.0,mist
36,2024-03-30,2024-04-06,2,0.55,480.0763854980469,408.0,mist
36,2024-03-30,2024-04-06,2,0.6,507.2654724121094,408.0,mist
36,2024-03-30,2024-04-06,2,0.65,509.7680969238281,408.0,mist
36,2024-03-30,2024-04-06,2,0.7,537.5036010742188,408.0,mist
36,2024-03-30,2024-04-06,2,0.75,557.6295776367188,408.0,mist
36,2024-03-30,2024-04-06,2,0.8,584.3582763671875,408.0,mist
36,2024-03-30,2024-04-06,2,0.85,664.1541137695312,408.0,mist
36,2024-03-30,2024-04-06,2,0.9,741.1536865234375,408.0,mist
36,2024-03-30,2024-04-06,2,0.95,829.63330078125,408.0,mist
36,2024-03-30,2024-04-06,2,0.975,965.794677734375,408.0,mist
36,2024-03-30,2024-04-06,2,0.99,1194.8883056640625,408.0,mist
36,2024-03-30,2024-04-13,3,0.01,167.98223876953125,365.0,mist
36,2024-03-30,2024-04-13,3,0.025,206.06781005859375,365.0,mist
36,2024-03-30,2024-04-13,3,0.05,265.79730224609375,365.0,mist
36,2024-03-30,2024-04-13,3,0.1,302.2048034667969,365.0,mist
36,2024-03-30,2024-04-13,3,0.15,343.1504821777344,365.0,mist
36,2024-03-30,2024-04-13,3,0.2,379.8746032714844,365.0,mist
36,2024-03-30,2024-04-13,3,0.25,410.77679443359375,365.0,mist
36,2024-03-30,2024-04-13,3,0.3,423.76434326171875,365.0,mist
36,2024-03-30,2024-04-13,3,0.35,426.9255676269531,365.0,mist
36,2024-03-30,2024-04-13,3,0.4,440.18536376953125,365.0,mist
36,2024-03-30,2024-04-13,3,0.45,468.72186279296875,365.0,mist
36,2024-03-30,2024-04-13,3,0.5,469.4323425292969,365.0,mist
36,2024-03-30,2024-04-13,3,0.55,478.3663330078125,365.0,mist
36,2024-03-30,2024-04-13,3,0.6,530.6051025390625,365.0,mist
36,2024-03-30,2024-04-13,3,0.65,530.638671875,365.0,mist
36,2024-03-30,2024-04-13,3,0.7,551.3892822265625,365.0,mist
36,2024-03-30,2024-04-13,3,0.75,604.9409790039062,365.0,mist
36,2024-03-30,2024-04-13,3,0.8,623.0174560546875,365.0,mist
36,2024-03-30,2024-04-13,3,0.85,684.6367797851562,365.0,mist
36,2024-03-30,2024-04-13,3,0.9,785.1343383789062,365.0,mist
36,2024-03-30,2024-04-13,3,0.95,845.9969482421875,365.0,mist
36,2024-03-30,2024-04-13,3,0.975,1019.7321166992188,365.0,mist
36,2024-03-30,2024-04-13,3,0.99,1297.0859375,365.0,mist
36,2024-03-30,2024-04-20,4,0.01,79.2691650390625,216.0,mist
36,2024-03-30,2024-04-20,4,0.025,178.60870361328125,216.0,mist
36,2024-03-30,2024-04-20,4,0.05,246.40789794921875,216.0,mist
36,2024-03-30,2024-04-20,4,0.1,323.3528137207031,216.0,mist
36,2024-03-30,2024-04-20,4,0.15,347.9246520996094,216.0,mist
36,2024-03-30,2024-04-20,4,0.2,367.6351623535156,216.0,mist
36,2024-03-30,2024-04-20,4,0.25,396.7157897949219,216.0,mist
36,2024-03-30,2024-04-20,4,0.3,417.4809265136719,216.0,mist
36,2024-03-30,2024-04-20,4,0.35,425.7151184082031,216.0,mist
36,2024-03-30,2024-04-20,4,0.4,431.22900390625,216.0,mist
36,2024-03-30,2024-04-20,4,0.45,459.21905517578125,216.0,mist
36,2024-03-30,2024-04-20,4,0.5,493.2445068359375,216.0,mist
36,2024-03-30,2024-04-20,4,0.55,500.40130615234375,216.0,mist
36,2024-03-30,2024-04-20,4,0.6,530.4917602539062,216.0,mist
36,2024-03-30,2024-04-20,4,0.65,530.6033935546875,216.0,mist
36,2024-03-30,2024-04-20,4,0.7,568.0377807617188,216.0,mist
36,2024-03-30,2024-04-20,4,0.75,599.2593383789062,216.0,mist
36,2024-03-30,2024-04-20,4,0.8,670.813232421875,216.0,mist
36,2024-03-30,2024-04-20,4,0.85,690.3011474609375,216.0,mist
36,2024-03-30,2024-04-20,4,0.9,815.9921875,216.0,mist
36,2024-03-30,2024-04-20,4,0.95,1014.9705810546875,216.0,mist
36,2024-03-30,2024-04-20,4,0.975,1333.8072509765625,216.0,mist
36,2024-03-30,2024-04-20,4,0.99,1551.8768310546875,216.0,mist
36,2024-04-06,2024-04-06,1,0.01,218.8568115234375,408.0,mist
36,2024-04-06,2024-04-06,1,0.025,229.6710205078125,408.0,mist
36,2024-04-06,2024-04-06,1,0.05,277.6335754394531,408.0,mist
36,2024-04-06,2024-04-06,1,0.1,342.62689208984375,408.0,mist
36,2024-04-06,2024-04-06,1,0.15,361.1618957519531,408.0,mist
36,2024-04-06,2024-04-06,1,0.2,373.4844055175781,408.0,mist
36,2024-04-06,2024-04-06,1,0.25,387.31427001953125,408.0,mist
36,2024-04-06,2024-04-06,1,0.3,389.3114929199219,408.0,mist
36,2024-04-06,2024-04-06,1,0.35,392.6700744628906,408.0,mist
36,2024-04-06,2024-04-06,1,0.4,405.7654113769531,408.0,mist
36,2024-04-06,2024-04-06,1,0.45,436.17047119140625,408.0,mist
36,2024-04-06,2024-04-06,1,0.5,436.5391845703125,408.0,mist
36,2024-04-06,2024-04-06,1,0.55,456.1164245605469,408.0,mist
36,2024-04-06,2024-04-06,1,0.6,467.9902038574219,408.0,mist
36,2024-04-06,2024-04-06,1,0.65,479.21240234375,408.0,mist
36,2024-04-06,2024-04-06,1,0.7,491.2308044433594,408.0,mist
36,2024-04-06,2024-04-06,1,0.75,501.4001159667969,408.0,mist
36,2024-04-06,2024-04-06,1,0.8,511.72076416015625,408.0,mist
36,2024-04-06,2024-04-06,1,0.85,605.5074462890625,408.0,mist
36,2024-04-06,2024-04-06,1,0.9,627.5948486328125,408.0,mist
36,2024-04-06,2024-04-06,1,0.95,756.943359375,408.0,mist
36,2024-04-06,2024-04-06,1,0.975,895.7288208007812,408.0,mist
36,2024-04-06,2024-04-06,1,0.99,1155.3935546875,408.0,mist
36,2024-04-06,2024-04-13,2,0.01,164.37603759765625,365.0,mist
36,2024-04-06,2024-04-13,2,0.025,246.8470458984375,365.0,mist
36,2024-04-06,2024-04-13,2,0.05,294.16839599609375,365.0,mist
36,2024-04-06,2024-04-13,2,0.1,316.94415283203125,365.0,mist
36,2024-04-06,2024-04-13,2,0.15,343.53466796875,365.0,mist
36,2024-04-06,2024-04-13,2,0.2,347.3258361816406,365.0,mist
36,2024-04-06,2024-04-13,2,0.25,348.9798583984375,365.0,mist
36,2024-04-06,2024-04-13,2,0.3,364.09423828125,365.0,mist
36,2024-04-06,2024-04-13,2,0.35,376.58203125,365.0,mist
36,2024-04-06,2024-04-13,2,0.4,393.9386291503906,365.0,mist
36,2024-04-06,2024-04-13,2,0.45,413.84613037109375,365.0,mist
36,2024-04-06,2024-04-13,2,0.5,421.9524230957031,365.0,mist
36,2024-04-06,2024-04-13,2,0.55,428.5333557128906,365.0,mist
36,2024-04-06,2024-04-13,2,0.6,440.85272216796875,365.0,mist
36,2024-04-06,2024-04-13,2,0.65,451.9314270019531,365.0,mist
36,2024-04-06,2024-04-13,2,0.7,454.3880310058594,365.0,mist
36,2024-04-06,2024-04-13,2,0.75,489.5727844238281,365.0,mist
36,2024-04-06,2024-04-13,2,0.8,519.1442260742188,365.0,mist
36,2024-04-06,2024-04-13,2,0.85,565.1832275390625,365.0,mist
36,2024-04-06,2024-04-13,2,0.9,610.3700561523438,365.0,mist
36,2024-04-06,2024-04-13,2,0.95,703.3280639648438,365.0,mist
36,2024-04-06,2024-04-13,2,0.975,837.5601806640625,365.0,mist
36,2024-04-06,2024-04-13,2,0.99,1060.3875732421875,365.0,mist
36,2024-04-06,2024-04-20,3,0.01,150.3148193359375,216.0,mist
36,2024-04-06,2024-04-20,3,0.025,226.08721923828125,216.0,mist
36,2024-04-06,2024-04-20,3,0.05,229.81719970703125,216.0,mist
36,2024-04-06,2024-04-20,3,0.1,268.24041748046875,216.0,mist
36,2024-04-06,2024-04-20,3,0.15,313.235107421875,216.0,mist
36,2024-04-06,2024-04-20,3,0.2,339.3385009765625,216.0,mist
36,2024-04-06,2024-04-20,3,0.25,364.9295654296875,216.0,mist
36,2024-04-06,2024-04-20,3,0.3,365.2652893066406,216.0,mist
36,2024-04-06,2024-04-20,3,0.35,391.3126525878906,216.0,mist
36,2024-04-06,2024-04-20,3,0.4,392.8888854980469,216.0,mist
36,2024-04-06,2024-04-20,3,0.45,410.9774475097656,216.0,mist
36,2024-04-06,2024-04-20,3,0.5,413.1647644042969,216.0,mist
36,2024-04-06,2024-04-20,3,0.55,423.1768493652344,216.0,mist
36,2024-04-06,2024-04-20,3,0.6,452.25079345703125,216.0,mist
36,2024-04-06,2024-04-20,3,0.65,457.1838073730469,216.0,mist
36,2024-04-06,2024-04-20,3,0.7,469.0830383300781,216.0,mist
36,2024-04-06,2024-04-20,3,0.75,493.2022399902344,216.0,mist
36,2024-04-06,2024-04-20,3,0.8,525.5617065429688,216.0,mist
36,2024-04-06,2024-04-20,3,0.85,534.993408203125,216.0,mist
36,2024-04-06,2024-04-20,3,0.9,574.5579223632812,216.0,mist
36,2024-04-06,2024-04-20,3,0.95,667.657958984375,216.0,mist
36,2024-04-06,2024-04-20,3,0.975,831.0254516601562,216.0,mist
36,2024-04-06,2024-04-20,3,0.99,1143.156494140625,216.0,mist
36,2024-04-06,2024-04-27,4,0.01,101.50347900390625,164.0,mist
36,2024-04-06,2024-04-27,4,0.025,172.2310791015625,164.0,mist
36,2024-04-06,2024-04-27,4,0.05,262.5693359375,164.0,mist
36,2024-04-06,2024-04-27,4,0.1,282.76092529296875,164.0,mist
36,2024-04-06,2024-04-27,4,0.15,295.4036560058594,164.0,mist
36,2024-04-06,2024-04-27,4,0.2,337.5521545410156,164.0,mist
36,2024-04-06,2024-04-27,4,0.25,367.4732360839844,164.0,mist
36,2024-04-06,2024-04-27,4,0.3,367.7965393066406,164.0,mist
36,2024-04-06,2024-04-27,4,0.35,368.3834228515625,164.0,mist
36,2024-04-06,2024-04-27,4,0.4,369.625,164.0,mist
36,2024-04-06,2024-04-27,4,0.45,370.3913879394531,164.0,mist
36,2024-04-06,2024-04-27,4,0.5,407.6220703125,164.0,mist
36,2024-04-06,2024-04-27,4,0.55,412.9519958496094,164.0,mist
36,2024-04-06,2024-04-27,4,0.6,421.833251953125,164.0,mist
36,2024-04-06,2024-04-27,4,0.65,441.002685546875,164.0,mist
36,2024-04-06,2024-04-27,4,0.7,445.44207763671875,164.0,mist
36,2024-04-06,2024-04-27,4,0.75,481.4593200683594,164.0,mist
36,2024-04-06,2024-04-27,4,0.8,506.12744140625,164.0,mist
36,2024-04-06,2024-04-27,4,0.85,556.8790893554688,164.0,mist
36,2024-04-06,2024-04-27,4,0.9,608.8465576171875,164.0,mist
36,2024-04-06,2024-04-27,4,0.95,755.3253173828125,164.0,mist
36,2024-04-06,2024-04-27,4,0.975,1090.3973388671875,164.0,mist
36,2024-04-06,2024-04-27,4,0.99,1272.769287109375,164.0,mist
36,2024-04-13,2024-04-13,1,0.01,224.13336181640625,365.0,mist
36,2024-04-13,2024-04-13,1,0.025,248.3251953125,365.0,mist
36,2024-04-13,2024-04-13,1,0.05,276.97650146484375,365.0,mist
36,2024-04-13,2024-04-13,1,0.1,316.9127502441406,365.0,mist
36,2024-04-13,2024-04-13,1,0.15,344.40667724609375,365.0,mist
36,2024-04-13,2024-04-13,1,0.2,356.5557556152344,365.0,mist
36,2024-04-13,2024-04-13,1,0.25,357.5460205078125,365.0,mist
36,2024-04-13,2024-04-13,1,0.3,369.9858093261719,365.0,mist
36,2024-04-13,2024-04-13,1,0.35,376.7608337402344,365.0,mist
36,2024-04-13,2024-04-13,1,0.4,377.7423095703125,365.0,mist
36,2024-04-13,2024-04-13,1,0.45,384.2208251953125,365.0,mist
36,2024-04-13,2024-04-13,1,0.5,385.5608825683594,365.0,mist
36,2024-04-13,2024-04-13,1,0.55,413.2322082519531,365.0,mist
36,2024-04-13,2024-04-13,1,0.6,414.2663879394531,365.0,mist
36,2024-04-13,2024-04-13,1,0.65,417.71551513671875,365.0,mist
36,2024-04-13,2024-04-13,1,0.7,435.41778564453125,365.0,mist
36,2024-04-13,2024-04-13,1,0.75,446.6060485839844,365.0,mist
36,2024-04-13,2024-04-13,1,0.8,461.4701843261719,365.0,mist
36,2024-04-13,2024-04-13,1,0.85,535.4153442382812,365.0,mist
36,2024-04-13,2024-04-13,1,0.9,545.5200805664062,365.0,mist
36,2024-04-13,2024-04-13,1,0.95,658.8894653320312,365.0,mist
36,2024-04-13,2024-04-13,1,0.975,808.5221557617188,365.0,mist
36,2024-04-13,2024-04-13,1,0.99,1099.2938232421875,365.0,mist
36,2024-04-13,2024-04-20,2,0.01,147.4388427734375,216.0,mist
36,2024-04-13,2024-04-20,2,0.025,243.16156005859375,216.0,mist
36,2024-04-13,2024-04-20,2,0.05,278.2495422363281,216.0,mist
36,2024-04-13,2024-04-20,2,0.1,300.2298583984375,216.0,mist
36,2024-04-13,2024-04-20,2,0.15,320.22418212890625,216.0,mist
36,2024-04-13,2024-04-20,2,0.2,326.9458923339844,216.0,mist
36,2024-04-13,2024-04-20,2,0.25,341.756591796875,216.0,mist
36,2024-04-13,2024-04-20,2,0.3,344.57196044921875,216.0,mist
36,2024-04-13,2024-04-20,2,0.35,350.195556640625,216.0,mist
36,2024-04-13,2024-04-20,2,0.4,355.7796630859375,216.0,mist
36,2024-04-13,2024-04-20,2,0.45,367.36505126953125,216.0,mist
36,2024-04-13,2024-04-20,2,0.5,381.896484375,216.0,mist
36,2024-04-13,2024-04-20,2,0.55,394.26123046875,216.0,mist
36,2024-04-13,2024-04-20,2,0.6,398.40185546875,216.0,mist
36,2024-04-13,2024-04-20,2,0.65,414.21173095703125,216.0,mist
36,2024-04-13,2024-04-20,2,0.7,419.4879150390625,216.0,mist
36,2024-04-13,2024-04-20,2,0.75,446.49395751953125,216.0,mist
36,2024-04-13,2024-04-20,2,0.8,473.73822021484375,216.0,mist
36,2024-04-13,2024-04-20,2,0.85,491.7666931152344,216.0,mist
36,2024-04-13,2024-04-20,2,0.9,527.2208251953125,216.0,mist
36,2024-04-13,2024-04-20,2,0.95,612.27001953125,216.0,mist
36,2024-04-13,2024-04-20,2,0.975,726.470703125,216.0,mist
36,2024-04-13,2024-04-20,2,0.99,938.7819213867188,216.0,mist
36,2024-04-13,2024-04-27,3,0.01,133.9884033203125,164.0,mist
36,2024-04-13,2024-04-27,3,0.025,219.4190673828125,164.0,mist
36,2024-04-13,2024-04-27,3,0.05,237.34381103515625,164.0,mist
36,2024-04-13,2024-04-27,3,0.1,277.495361328125,164.0,mist
36,2024-04-13,2024-04-27,3,0.15,306.590087890625,164.0,mist
36,2024-04-13,2024-04-27,3,0.2,328.93316650390625,164.0,mist
36,2024-04-13,2024-04-27,3,0.25,335.8379821777344,164.0,mist
36,2024-04-13,2024-04-27,3,0.3,337.0960693359375,164.0,mist
36,2024-04-13,2024-04-27,3,0.35,361.36883544921875,164.0,mist
36,2024-04-13,2024-04-27,3,0.4,369.92340087890625,164.0,mist
36,2024-04-13,2024-04-27,3,0.45,373.8450622558594,164.0,mist
36,2024-04-13,2024-04-27,3,0.5,384.5060729980469,164.0,mist
36,2024-04-13,2024-04-27,3,0.55,385.6814880371094,164.0,mist
36,2024-04-13,2024-04-27,3,0.6,388.6258544921875,164.0,mist
36,2024-04-13,2024-04-27,3,0.65,410.83209228515625,164.0,mist
36,2024-04-13,2024-04-27,3,0.7,414.526123046875,164.0,mist
36,2024-04-13,2024-04-27,3,0.75,415.00732421875,164.0,mist
36,2024-04-13,2024-04-27,3,0.8,432.4439392089844,164.0,mist
36,2024-04-13,2024-04-27,3,0.85,447.608642578125,164.0,mist
36,2024-04-13,2024-04-27,3,0.9,478.43280029296875,164.0,mist
36,2024-04-13,2024-04-27,3,0.95,547.41845703125,164.0,mist
36,2024-04-13,2024-04-27,3,0.975,692.1148071289062,164.0,mist
36,2024-04-13,2024-04-27,3,0.99,1027.7158203125,164.0,mist
36,2024-04-13,2024-05-04,4,0.01,146.54449462890625,132.0,mist
36,2024-04-13,2024-05-04,4,0.025,162.291748046875,132.0,mist
36,2024-04-13,2024-05-04,4,0.05,263.3044128417969,132.0,mist
36,2024-04-13,2024-05-04,4,0.1,271.49755859375,132.0,mist
36,2024-04-13,2024-05-04,4,0.15,277.4462585449219,132.0,mist
36,2024-04-13,2024-05-04,4,0.2,329.4932556152344,132.0,mist
36,2024-04-13,2024-05-04,4,0.25,332.42236328125,132.0,mist
36,2024-04-13,2024-05-04,4,0.3,341.1563720703125,132.0,mist
36,2024-04-13,2024-05-04,4,0.35,341.7978210449219,132.0,mist
36,2024-04-13,2024-05-04,4,0.4,345.43072509765625,132.0,mist
36,2024-04-13,2024-05-04,4,0.45,348.4090270996094,132.0,mist
36,2024-04-13,2024-05-04,4,0.5,362.7743225097656,132.0,mist
36,2024-04-13,2024-05-04,4,0.55,367.80328369140625,132.0,mist
36,2024-04-13,2024-05-04,4,0.6,382.141357421875,132.0,mist
36,2024-04-13,2024-05-04,4,0.65,392.1562194824219,132.0,mist
36,2024-04-13,2024-05-04,4,0.7,400.4888610839844,132.0,mist
36,2024-04-13,2024-05-04,4,0.75,407.55810546875,132.0,mist
36,2024-04-13,2024-05-04,4,0.8,429.152099609375,132.0,mist
36,2024-04-13,2024-05-04,4,0.85,459.29278564453125,132.0,mist
36,2024-04-13,2024-05-04,4,0.9,476.1440734863281,132.0,mist
36,2024-04-13,2024-05-04,4,0.95,563.6724853515625,132.0,mist
36,2024-04-13,2024-05-04,4,0.975,934.7650756835938,132.0,mist
36,2024-04-13,2024-05-04,4,0.99,1072.7781982421875,132.0,mist
36,2024-04-20,2024-04-20,1,0.01,233.40414428710938,216.0,mist
36,2024-04-20,2024-04-20,1,0.025,263.1484680175781,216.0,mist
36,2024-04-20,2024-04-20,1,0.05,284.60400390625,216.0,mist
36,2024-04-20,2024-04-20,1,0.1,322.06756591796875,216.0,mist
36,2024-04-20,2024-04-20,1,0.15,337.59039306640625,216.0,mist
36,2024-04-20,2024-04-20,1,0.2,344.5774230957031,216.0,mist
36,2024-04-20,2024-04-20,1,0.25,356.7877197265625,216.0,mist
36,2024-04-20,2024-04-20,1,0.3,360.0690612792969,216.0,mist
36,2024-04-20,2024-04-20,1,0.35,367.52020263671875,216.0,mist
36,2024-04-20,2024-04-20,1,0.4,368.98406982421875,216.0,mist
36,2024-04-20,2024-04-20,1,0.45,370.37347412109375,216.0,mist
36,2024-04-20,2024-04-20,1,0.5,379.2355041503906,216.0,mist
36,2024-04-20,2024-04-20,1,0.55,398.5055236816406,216.0,mist
36,2024-04-20,2024-04-20,1,0.6,402.0894470214844,216.0,mist
36,2024-04-20,2024-04-20,1,0.65,410.0108947753906,216.0,mist
36,2024-04-20,2024-04-20,1,0.7,421.7151794433594,216.0,mist
36,2024-04-20,2024-04-20,1,0.75,433.1341857910156,216.0,mist
36,2024-04-20,2024-04-20,1,0.8,446.5572814941406,216.0,mist
36,2024-04-20,2024-04-20,1,0.85,503.04205322265625,216.0,mist
36,2024-04-20,2024-04-20,1,0.9,512.4339599609375,216.0,mist
36,2024-04-20,2024-04-20,1,0.95,609.072998046875,216.0,mist
36,2024-04-20,2024-04-20,1,0.975,745.0840454101562,216.0,mist
36,2024-04-20,2024-04-20,1,0.99,1034.90869140625,216.0,mist
36,2024-04-20,2024-04-27,2,0.01,151.17950439453125,164.0,mist
36,2024-04-20,2024-04-27,2,0.025,235.25869750976562,164.0,mist
36,2024-04-20,2024-04-27,2,0.05,272.574951171875,164.0,mist
36,2024-04-20,2024-04-27,2,0.1,296.9820556640625,164.0,mist
36,2024-04-20,2024-04-27,2,0.15,313.2685546875,164.0,mist
36,2024-04-20,2024-04-27,2,0.2,325.0980224609375,164.0,mist
36,2024-04-20,2024-04-27,2,0.25,337.86163330078125,164.0,mist
36,2024-04-20,2024-04-27,2,0.3,343.2220764160156,164.0,mist
36,2024-04-20,2024-04-27,2,0.35,351.9615783691406,164.0,mist
36,2024-04-20,2024-04-27,2,0.4,354.0586242675781,164.0,mist
36,2024-04-20,2024-04-27,2,0.45,354.5395812988281,164.0,mist
36,2024-04-20,2024-04-27,2,0.5,374.1404113769531,164.0,mist
36,2024-04-20,2024-04-27,2,0.55,378.872314453125,164.0,mist
36,2024-04-20,2024-04-27,2,0.6,396.02569580078125,164.0,mist
36,2024-04-20,2024-04-27,2,0.65,406.8680114746094,164.0,mist
36,2024-04-20,2024-04-27,2,0.7,412.27239990234375,164.0,mist
36,2024-04-20,2024-04-27,2,0.75,435.42510986328125,164.0,mist
36,2024-04-20,2024-04-27,2,0.8,454.4118957519531,164.0,mist
36,2024-04-20,2024-04-27,2,0.85,465.13531494140625,164.0,mist
36,2024-04-20,2024-04-27,2,0.9,477.277587890625,164.0,mist
36,2024-04-20,2024-04-27,2,0.95,555.8880004882812,164.0,mist
36,2024-04-20,2024-04-27,2,0.975,658.0047607421875,164.0,mist
36,2024-04-20,2024-04-27,2,0.99,865.7071533203125,164.0,mist
36,2024-04-20,2024-05-04,3,0.01,146.72161865234375,132.0,mist
36,2024-04-20,2024-05-04,3,0.025,223.97390747070312,132.0,mist
36,2024-04-20,2024-05-04,3,0.05,252.72686767578125,132.0,mist
36,2024-04-20,2024-05-04,3,0.1,291.25244140625,132.0,mist
36,2024-04-20,2024-05-04,3,0.15,310.4777526855469,132.0,mist
36,2024-04-20,2024-05-04,3,0.2,327.47076416015625,132.0,mist
36,2024-04-20,2024-05-04,3,0.25,329.1851501464844,132.0,mist
36,2024-04-20,2024-05-04,3,0.3,333.11016845703125,132.0,mist
36,2024-04-20,2024-05-04,3,0.35,353.3763122558594,132.0,mist
36,2024-04-20,2024-05-04,3,0.4,364.3890686035156,132.0,mist
36,2024-04-20,2024-05-04,3,0.45,367.84149169921875,132.0,mist
36,2024-04-20,2024-05-04,3,0.5,370.27288818359375,132.0,mist
36,2024-04-20,2024-05-04,3,0.55,380.88885498046875,132.0,mist
36,2024-04-20,2024-05-04,3,0.6,382.2327575683594,132.0,mist
36,2024-04-20,2024-05-04,3,0.65,383.1058044433594,132.0,mist
36,2024-04-20,2024-05-04,3,0.7,387.5588073730469,132.0,mist
36,2024-04-20,2024-05-04,3,0.75,391.1318359375,132.0,mist
36,2024-04-20,2024-05-04,3,0.8,391.98980712890625,132.0,mist
36,2024-04-20,2024-05-04,3,0.85,412.1728820800781,132.0,mist
36,2024-04-20,2024-05-04,3,0.9,440.4554138183594,132.0,mist
36,2024-04-20,2024-05-04,3,0.95,496.1190185546875,132.0,mist
36,2024-04-20,2024-05-04,3,0.975,619.7427368164062,132.0,mist
36,2024-04-20,2024-05-04,3,0.99,931.2099609375,132.0,mist
36,2024-04-20,2024-05-11,4,0.01,172.29498291015625,52.0,mist
36,2024-04-20,2024-05-11,4,0.025,177.91412353515625,52.0,mist
36,2024-04-20,2024-05-11,4,0.05,266.04254150390625,52.0,mist
36,2024-04-20,2024-05-11,4,0.1,272.50048828125,52.0,mist
36,2024-04-20,2024-05-11,4,0.15,277.64837646484375,52.0,mist
36,2024-04-20,2024-05-11,4,0.2,322.213134765625,52.0,mist
36,2024-04-20,2024-05-11,4,0.25,332.2906188964844,52.0,mist
36,2024-04-20,2024-05-11,4,0.3,333.5321350097656,52.0,mist
36,2024-04-20,2024-05-11,4,0.35,334.01031494140625,52.0,mist
36,2024-04-20,2024-05-11,4,0.4,336.6180725097656,52.0,mist
36,2024-04-20,2024-05-11,4,0.45,338.42950439453125,52.0,mist
36,2024-04-20,2024-05-11,4,0.5,353.3636779785156,52.0,mist
36,2024-04-20,2024-05-11,4,0.55,356.2651672363281,52.0,mist
36,2024-04-20,2024-05-11,4,0.6,367.5614929199219,52.0,mist
36,2024-04-20,2024-05-11,4,0.65,371.3153076171875,52.0,mist
36,2024-04-20,2024-05-11,4,0.7,372.4730529785156,52.0,mist
36,2024-04-20,2024-05-11,4,0.75,386.3944091796875,52.0,mist
36,2024-04-20,2024-05-11,4,0.8,401.7536926269531,52.0,mist
36,2024-04-20,2024-05-11,4,0.85,419.96697998046875,52.0,mist
36,2024-04-20,2024-05-11,4,0.9,421.7772216796875,52.0,mist
36,2024-04-20,2024-05-11,4,0.95,479.954833984375,52.0,mist
36,2024-04-20,2024-05-11,4,0.975,846.7271728515625,52.0,mist
36,2024-04-20,2024-05-11,4,0.99,953.713134765625,52.0,mist
36,2024-04-27,2024-04-27,1,0.01,160.5916748046875,164.0,mist
36,2024-04-27,2024-04-27,1,0.025,195.88467407226562,164.0,mist
36,2024-04-27,2024-04-27,1,0.05,212.03427124023438,164.0,mist
36,2024-04-27,2024-04-27,1,0.1,249.05914306640625,164.0,mist
36,2024-04-27,2024-04-27,1,0.15,269.48223876953125,164.0,mist
36,2024-04-27,2024-04-27,1,0.2,271.267578125,164.0,mist
36,2024-04-27,2024-04-27,1,0.25,284.5471496582031,164.0,mist
36,2024-04-27,2024-04-27,1,0.3,284.9246520996094,164.0,mist
36,2024-04-27,2024-04-27,1,0.35,289.3138122558594,164.0,mist
36,2024-04-27,2024-04-27,1,0.4,293.4990234375,164.0,mist
36,2024-04-27,2024-04-27,1,0.45,296.4818420410156,164.0,mist
36,2024-04-27,2024-04-27,1,0.5,306.9906005859375,164.0,mist
36,2024-04-27,2024-04-27,1,0.55,320.2243347167969,164.0,mist
36,2024-04-27,2024-04-27,1,0.6,328.2057189941406,164.0,mist
36,2024-04-27,2024-04-27,1,0.65,329.868896484375,164.0,mist
36,2024-04-27,2024-04-27,1,0.7,345.9003601074219,164.0,mist
36,2024-04-27,2024-04-27,1,0.75,354.8213806152344,164.0,mist
36,2024-04-27,2024-04-27,1,0.8,367.9989929199219,164.0,mist
36,2024-04-27,2024-04-27,1,0.85,424.69097900390625,164.0,mist
36,2024-04-27,2024-04-27,1,0.9,427.82635498046875,164.0,mist
36,2024-04-27,2024-04-27,1,0.95,528.7244262695312,164.0,mist
36,2024-04-27,2024-04-27,1,0.975,667.6002807617188,164.0,mist
36,2024-04-27,2024-04-27,1,0.99,956.59716796875,164.0,mist
36,2024-04-27,2024-05-04,2,0.01,86.442138671875,132.0,mist
36,2024-04-27,2024-05-04,2,0.025,168.58740234375,132.0,mist
36,2024-04-27,2024-05-04,2,0.05,202.04058837890625,132.0,mist
36,2024-04-27,2024-05-04,2,0.1,221.14401245117188,132.0,mist
36,2024-04-27,2024-05-04,2,0.15,236.619384765625,132.0,mist
36,2024-04-27,2024-05-04,2,0.2,248.73056030273438,132.0,mist
36,2024-04-27,2024-05-04,2,0.25,261.50115966796875,132.0,mist
36,2024-04-27,2024-05-04,2,0.3,269.0664978027344,132.0,mist
36,2024-04-27,2024-05-04,2,0.35,276.29052734375,132.0,mist
36,2024-04-27,2024-05-04,2,0.4,277.5018005371094,132.0,mist
36,2024-04-27,2024-05-04,2,0.45,281.37060546875,132.0,mist
36,2024-04-27,2024-05-04,2,0.5,298.4500732421875,132.0,mist
36,2024-04-27,2024-05-04,2,0.55,300.5797424316406,132.0,mist
36,2024-04-27,2024-05-04,2,0.6,323.5433654785156,132.0,mist
36,2024-04-27,2024-05-04,2,0.65,328.0656433105469,132.0,mist
36,2024-04-27,2024-05-04,2,0.7,333.10595703125,132.0,mist
36,2024-04-27,2024-05-04,2,0.75,355.8465881347656,132.0,mist
36,2024-04-27,2024-05-04,2,0.8,376.1152038574219,132.0,mist
36,2024-04-27,2024-05-04,2,0.85,383.2633972167969,132.0,mist
36,2024-04-27,2024-05-04,2,0.9,403.06170654296875,132.0,mist
36,2024-04-27,2024-05-04,2,0.95,476.6156921386719,132.0,mist
36,2024-04-27,2024-05-04,2,0.975,582.0069580078125,132.0,mist
36,2024-04-27,2024-05-04,2,0.99,777.5350952148438,132.0,mist
36,2024-04-27,2024-05-11,3,0.01,70.1224365234375,52.0,mist
36,2024-04-27,2024-05-11,3,0.025,153.43280029296875,52.0,mist
36,2024-04-27,2024-05-11,3,0.05,185.4287109375,52.0,mist
36,2024-04-27,2024-05-11,3,0.1,219.65695190429688,52.0,mist
36,2024-04-27,2024-05-11,3,0.15,235.75875854492188,52.0,mist
36,2024-04-27,2024-05-11,3,0.2,253.30929565429688,52.0,mist
36,2024-04-27,2024-05-11,3,0.25,256.4299621582031,52.0,mist
36,2024-04-27,2024-05-11,3,0.3,262.76153564453125,52.0,mist
36,2024-04-27,2024-05-11,3,0.35,280.03717041015625,52.0,mist
36,2024-04-27,2024-05-11,3,0.4,291.2317199707031,52.0,mist
36,2024-04-27,2024-05-11,3,0.45,295.19903564453125,52.0,mist
36,2024-04-27,2024-05-11,3,0.5,295.50286865234375,52.0,mist
36,2024-04-27,2024-05-11,3,0.55,297.6714782714844,52.0,mist
36,2024-04-27,2024-05-11,3,0.6,305.63653564453125,52.0,mist
36,2024-04-27,2024-05-11,3,0.65,305.6706237792969,52.0,mist
36,2024-04-27,2024-05-11,3,0.7,311.12054443359375,52.0,mist
36,2024-04-27,2024-05-11,3,0.75,315.3026123046875,52.0,mist
36,2024-04-27,2024-05-11,3,0.8,316.10760498046875,52.0,mist
36,2024-04-27,2024-05-11,3,0.85,328.42578125,52.0,mist
36,2024-04-27,2024-05-11,3,0.9,365.30682373046875,52.0,mist
36,2024-04-27,2024-05-11,3,0.95,416.50323486328125,52.0,mist
36,2024-04-27,2024-05-11,3,0.975,536.9624633789062,52.0,mist
36,2024-04-27,2024-05-11,3,0.99,860.19970703125,52.0,mist
36,2024-04-27,2024-05-18,4,0.01,108.5455322265625,28.0,mist
36,2024-04-27,2024-05-18,4,0.025,109.835693359375,28.0,mist
36,2024-04-27,2024-05-18,4,0.05,192.11892700195312,28.0,mist
36,2024-04-27,2024-05-18,4,0.1,202.74606323242188,28.0,mist
36,2024-04-27,2024-05-18,4,0.15,208.71267700195312,28.0,mist
36,2024-04-27,2024-05-18,4,0.2,245.80551147460938,28.0,mist
36,2024-04-27,2024-05-18,4,0.25,256.8532409667969,28.0,mist
36,2024-04-27,2024-05-18,4,0.3,261.0442810058594,28.0,mist
36,2024-04-27,2024-05-18,4,0.35,261.8454284667969,28.0,mist
36,2024-04-27,2024-05-18,4,0.4,263.8144836425781,28.0,mist
36,2024-04-27,2024-05-18,4,0.45,264.38616943359375,28.0,mist
36,2024-04-27,2024-05-18,4,0.5,275.20867919921875,28.0,mist
36,2024-04-27,2024-05-18,4,0.55,282.07562255859375,28.0,mist
36,2024-04-27,2024-05-18,4,0.6,286.0827941894531,28.0,mist
36,2024-04-27,2024-05-18,4,0.65,293.35711669921875,28.0,mist
36,2024-04-27,2024-05-18,4,0.7,298.48822021484375,28.0,mist
36,2024-04-27,2024-05-18,4,0.75,308.5680236816406,28.0,mist
36,2024-04-27,2024-05-18,4,0.8,325.8318786621094,28.0,mist
36,2024-04-27,2024-05-18,4,0.85,332.03887939453125,28.0,mist
36,2024-04-27,2024-05-18,4,0.9,337.74371337890625,28.0,mist
36,2024-04-27,2024-05-18,4,0.95,391.42236328125,28.0,mist
36,2024-04-27,2024-05-18,4,0.975,756.6119384765625,28.0,mist
36,2024-04-27,2024-05-18,4,0.99,864.2794189453125,28.0,mist
